:020000041004E6
:1000000000000120E93F0410C53A0410CD3A041065
:1000100000000000000000000000000000000000E0
:10002000000000000000000000000000D53A0410AD
:100030000000000000000000DF3A0410E93A04105C
:100040004D4004104D4004104D4004104D4004102C
:100050004D4004104D4004104D4004104D4004101C
:10006000F93A04104D4004104D4004104D40041066
:100070004D400410113B0410000000004D400410DE
:10008000293B04104D4004106F3B04100000000099
:10009000613B04100000000000000000453B04101C
:1000A000533B04107D3B04100000000000000000E2
:1000B0000000000000000000000000000000000040
:1000C00010B5904216D98AB2030C090C0C4659435C
:1000D00080B25343444350431B191A041B0C10189D
:1000E000594180225203002312184B41520DD8026D
:1000F000104310BD4843802252031218520D10467F
:1001000010BDC0468B0707D0013A22D30B780131CE
:10011000037001308B07F7D1830730D0DB4219D051
:100120000138043A08D308C943701B0A43801B0CEA
:1001300003710430043AF6D2D20707D30B88437018
:1001400001D08A78C2701B0A8370704701D00B7887
:1001500043707047043A06D308C903801B0C4380E0
:100160000430043AF8D2D20705D30B88038005D0B7
:100170008B788370704701D00B780370704770B430
:10018000103A03D378C978C0103AFBD2530701D391
:1001900018C918C001D508C908C0D20704D30B88F4
:1001A000038002300231002A01D50B78037070BC45
:1001B0007047C046EFF31482EFF30981154880F3CE
:1001C0001488BFF36F8FF0B543464C4655465E46E4
:1001D0006746F8B4104CEFF30883636006B4BFF3CE
:1001E0004F8F30BFC046C0460B4C646884F308880C
:1001F00082B003BCF8BC9846A146AA46B346BC46AA
:10020000F0BC04BC80F3098881F31488BFF36F8FBE
:100210001047C046000000000400002000224308F0
:100220008B4274D303098B425FD3030A8B4244D3BE
:10023000030B8B4228D3030C8B420DD3FF22090200
:1002400012BA030C8B4202D31212090265D0030BBF
:100250008B4219D300E0090AC30B8B4201D3CB03B5
:10026000C01A5241830B8B4201D38B03C01A5241F7
:10027000430B8B4201D34B03C01A5241030B8B42F9
:1002800001D30B03C01A5241C30A8B4201D3CB02E4
:10029000C01A5241830A8B4201D38B02C01A5241C9
:1002A000430A8B4201D34B02C01A5241030A8B42CC
:1002B00001D30B02C01A5241CDD2C3098B4201D3E4
:1002C000CB01C01A524183098B4201D38B01C01A62
:1002D000524143098B4201D34B01C01A52410309D9
:1002E0008B4201D30B01C01A5241C3088B4201D388
:1002F000CB00C01A524183088B4201D38B00C01A35
:10030000524143088B4201D34B00C01A5241411A5B
:1003100000D20146524110467047FFE701B5002068
:1003200000F0F0F802BDC0460029F7D076E770472C
:1003300003460B437FD4002243088B4274D3030946
:100340008B425FD3030A8B4244D3030B8B4228D3E7
:10035000030C8B420DD3FF22090212BA030C8B420D
:1003600002D31212090265D0030B8B4219D300E0AD
:10037000090AC30B8B4201D3CB03C01A5241830B32
:100380008B4201D38B03C01A5241430B8B4201D3E2
:100390004B03C01A5241030B8B4201D30B03C01A0B
:1003A0005241C30A8B4201D3CB02C01A5241830A85
:1003B0008B4201D38B02C01A5241430A8B4201D3B4
:1003C0004B02C01A5241030A8B4201D30B02C01ADE
:1003D0005241CDD2C3098B4201D3CB01C01A524145
:1003E00083098B4201D38B01C01A524143098B42CE
:1003F00001D34B01C01A524103098B4201D30B01B7
:10040000C01A5241C3088B4201D3CB00C01A5241DB
:1004100083088B4201D38B00C01A524143088B42A0
:1004200001D34B00C01A5241411A00D20146524139
:10043000104670475DE0CA0F00D04942031000D358
:100440004042534000229C4603098B422DD3030AAD
:100450008B4212D3FC22890112BA030A8B420CD3BD
:10046000890192118B4208D3890192118B4204D3E6
:1004700089013AD0921100E08909C3098B4201D366
:10048000CB01C01A524183098B4201D38B01C01AA0
:10049000524143098B4201D34B01C01A5241030917
:1004A0008B4201D30B01C01A5241C3088B4201D3C6
:1004B000CB00C01A524183088B4201D38B00C01A73
:1004C0005241D9D243088B4201D34B00C01A52414A
:1004D000411A00D20146634652415B10104601D3D7
:1004E0004042002B00D54942704763465B1000D361
:1004F000404201B5002000F005F802BD0029F8D007
:1005000016E770477047C0469140030090409C46F4
:10051000203A9340194352426346D34019437047EF
:100520001C2101231B04984201D3000C10391B0A23
:10053000984201D3000A08391B09984201D30009E7
:10054000043902A2105C40187047C046040302023E
:10055000010101010000000000000000002B11D18A
:10056000002A0FD1002900D1002802D00021C94360
:10057000080007B4024802A14018029003BDC0461B
:1005800085FFFFFF03B4684601B5029800F034F818
:10059000019B9E4602B00CBC7047C046F0B5CE46EB
:1005A0009946030C9C46130447461B0C1D000E0085
:1005B00061460404240C80B50700100C4B436543CE
:1005C000414360432C0CC01824188C46A34203D925
:1005D00080235B029846C444494679435643230C22
:1005E0002D042D0C8919634424046019C918C0BC5A
:1005F000B946B046F0BDC046F0B557464E464546F2
:10060000DE46E0B504000D009246994683B08B4269
:1006100030D82DD04946504600F0BAF829000600DF
:10062000200000F0B5F8331A9846203B34D49B469E
:1006300053465A46934042461F00534693401E007D
:10064000AF423BD8AF4200D179E05B46A41BBD412D
:10065000002B00DA76E000220023009201930123B0
:100660005A4693400193012342469340009329E068
:100670008242CFD900220023009201930C9B002BD1
:1006800001D01C605D600098019903B0F0BCBB46CE
:10069000B246A946A046F0BD42469B4620239B1A7F
:1006A0005246DA40414613004A468A401700424605
:1006B0001F43534693401E00AF42C3D9002200237C
:1006C000009201934346002BD8D0FB0772081A43CF
:1006D00046467B080EE0AB4201D1A2420CD8A41AD8
:1006E0009D41012024196D410021013E24184D41F6
:1006F000002E06D0AB42EED9013E24196D41002EEA
:10070000F8D1009801995B4600196941002B24DB60
:100710002B005A464446D3402A00E2401C005B4668
:100720001500002B2ADB26009E403300260047469A
:10073000BE403200801A9941009001919EE7A34289
:10074000BCD882E74246202300219B1A0022009158
:1007500001920122DA40019285E7424620239B1A4A
:100760002A0046469A402300F340444613432A0099
:10077000E2401C005B461500002BD4DA42462F00F5
:100780002023260097409B1ADE403B003343CDE7F1
:1007900010B5002903D1FFF7C3FE203002E00800A6
:1007A000FFF7BEFE10BDC04680B582B000AF254B3E
:1007B0003B603B68A8220021180020F059FF3B68ED
:1007C00003221A613B6803225A613B681E4A9A6100
:1007D0003B681E4ADA613B688022D2001A623B689D
:1007E00000229A623B6800225A623B680022DA6269
:1007F0003B68154A1A663B68154A5A663B681022E0
:100800009A663B6800221A673B680022DA663B68FA
:1008100000225A6700237B600CE07B680F22D31A0A
:100820000C4AD15C3A687B68D3180A1C1A707B6842
:1008300001337B607B680F2BEFD9C046C046BD46B5
:1008400002B080BD7C010020AC1F061024020020F5
:10085000240600203023061080B58AB000AFF8606F
:10086000B9607A6000233B62FB68DB68FB61FB6870
:100870001B69BB61BA69FB699A4205D9BA69FB6910
:10088000D31A013B7B6207E0FB689A68B969FB6990
:10089000CB1AD318013B7B62FB689A68FB69D21ABA
:1008A0007B6A934200D913007B627A6A7B68934229
:1008B00000D913007B62FB685A68FB69D3187B611F
:1008C0007A6AB9687B69180020F035FF3A6A7B6A5A
:1008D000D3183B62BA687B6AD318BB607A687B6ABC
:1008E000D31A7B60FA697B6AD318FB61FB689B684B
:1008F000FA699A4201D10023FB61FB68FA69DA6068
:100900007B68002BB3D13B6A1800BD460AB080BD9E
:1009100080B588B000AFF860B9607A60FB68DB68CA
:10092000FB61FB689A68FB69D31ABB61BA697B6893
:100930009A4210D9FB685A68FB69D3183B617A6800
:10094000B9683B69180020F0F6FEFA697B68D21896
:10095000FB68DA601EE0BB697B61FB685A68FB6973
:10096000D3183B617A69B9683B69180020F0E3FE4F
:100970007A68BB69D31A7B61FB685B683B61BA68C4
:10098000BB69D1187A693B69180020F0D4FEFB6876
:100990007A69DA60C046BD4608B080BD80B586B0D1
:1009A00000AF78607B681B693B617B68DB68FB603C
:1009B0003A69FB689A4208D87B689A68FB68D21A41
:1009C0003B69D318013B7B6104E03A69FB68D31AA9
:1009D000013B7B617B691800BD4606B080BD00000D
:1009E00080B588B000AFF860B9607A60BB68BB6161
:1009F000FB685A1C13005B009B18DB00234A9B1802
:100A00007B617B695B69022B2ED036D8002B02D02C
:100A1000012B16D031E07B691800FFF7BFFF030000
:100A20003B613A697B689A4202D20023FB6127E06E
:100A30007B68FB617A68B9697B691800FFF768FF1A
:100A40001EE07B691800FFF7A9FF03003B613A69CC
:100A50007B68934200D91300FB61FA69B9697B692D
:100A60001800FFF755FF0BE07A68B9697B69180039
:100A7000FFF7F2FE0300FB6102E00023FB61C046CA
:100A8000FB691800BD4608B080BDC0467C0100204F
:100A900080B588B000AFF860B9607A600F4BFB6139
:100AA000FB691B78DBB2532B01D0FFF77DFEEFF320
:100AB0001083012181F31088BB617A68B968FB68F3
:100AC0001800FFF78DFF03007B61BB6983F310887B
:100AD0007B691800BD4608B080BDC0467C0100207F
:100AE00080B584B000AF78600A00FB1C1A707B6888
:100AF0009B68FB60FB685A1C7B685B689A420FD856
:100B00007B681A68FB68D318FA1C12781A70FB68A5
:100B10005A1C7B689A607B68DB685A1C7B68DA60C9
:100B20007B689A687B685B689A4215D17B68186914
:100B30007B6819687B689B681A00FFF7A9FF0200B1
:100B40007B689B689A4204D07B6801225242DA603B
:100B500002E07B6800229A60C046BD4604B080BDBA
:100B600080B58AB000AFF860B9607A603B60BB685E
:100B70003B6201237B620123FB6108E07968386AEC
:100B8000FFF74CFB03003B62FB690133FB613A6AF0
:100B90007B689A42F2D23A68FB699A4201D93B6873
:100BA000FB617B6B012213402BD13B6B002B28D0C8
:100BB0007B6B0222134007D03B68002B04D11B2320
:100BC000FB1830221A7003E01B23FB1820221A7036
:100BD0000EE03B6B013B3B631B23FB181A78FB6861
:100BE00011001800FFF77CFFFB68DB68002B07DBB8
:100BF0003B6B002B05D0FA693B6B9A42E9D300E0CE
:100C0000C046FB68DB68002B57DB3B68012B03D930
:100C10003B68013B3B600AE0796AB868FFF7FEFA7F
:100C200003007B617A697B689A4200D204E07B6AA8
:100C30007A6853437B62E8E7796AB868FFF7EEFAAF
:100C400003007B617B697A6A5343BA68D31ABB603D
:100C50001C4A7B69D3181A78FB6811001800FFF74B
:100C60003FFFFB68DB68002B09DB7968786AFFF7D8
:100C7000D5FA03007B627B6A002BDDD100E0C04621
:100C80007B6B0122134018D03B6B002B15D00BE07F
:100C90003B6B013B3B63FB6820211800FFF720FF03
:100CA000FB68DB68002B07DB3B6B002B05D0FA6988
:100CB0003B6B9A42ECD300E0C046C046BD460AB04A
:100CC00080BDC046C823061090B589B002AFF86059
:100CD000B9607A603B60BB68DA179B1853403B6190
:100CE00001237B6109E07B6819003869FFF720FB6D
:100CF00003003B617B6901337B617B683A699A42FF
:100D0000F1DA3A687B699A4201D93B687B61BB6A38
:100D1000002B09D0BB68002B03DBFB6A04221340C5
:100D200002D0BB6A013BBB62FB6A0222134002D0C5
:100D30003B68002B1CD0FB6A0122134018D1BB6A10
:100D4000002B15D00BE0BB6A013BBB62FB68202186
:100D50001800FFF7C5FEFB68DB68002B07DBBB6AEA
:100D6000002B05D07A69BB6A9A42ECD300E0C046FA
:100D7000FB68DB68002B4BDBBB68002B08DABB6829
:100D80005B42BB60FB682D211800FFF7A9FE08E05D
:100D9000FB6A0422134004D0FB682B211800FFF7E4
:100DA0009FFEFB68DB68002B32DBFB6A02221340EC
:100DB0001FD0FB6A012213401BD13B68002B18D1C6
:100DC000BB6A002B15D00BE0BB6A013BBB62FB6822
:100DD00030211800FFF784FEFB68DB68002B07DB7F
:100DE000BB6A002B05D07A69BB6A9A42ECD300E05B
:100DF000C046FB68DB68002B0ADBB9683C687A6890
:100E0000F868FB6A0193BB6A00932300FFF7A8FE12
:100E1000C046BD4607B090BD90B5A5B002AFF86022
:100E2000B9607A6054217B181422BA181A607B18B2
:100E300040225A607B1800229A607B18FA681A6177
:100E40007B180022DA6087217B18BA6812781A7042
:100E5000BB680133BB607B181B78002B00D1A2E17B
:100E60007B181B78252B00D08DE100237B670123A5
:100E70008022BA18136087217B18BA6812781A701A
:100E80007B181B78302B10D027DC2D2B05D024DCD1
:100E9000232B1AD02B2B10D01FE07B6F0122134382
:100EA0007B67BB680133BB601CE07B6F022213438E
:100EB0007B67BB680133BB6014E07B6F0422134384
:100EC0007B67BB680133BB600CE07B6F0822134378
:100ED0007B67BB680133BB6004E000238022BA1843
:100EE0001360C0468023FB181B68002BC3D100236E
:100EF0003B6787217B18BA6812781A707B181B78B9
:100F00002F2B12D97B181B78392B0ED8BB680133D5
:100F1000BB603A6F13009B009B185B001A007B18A4
:100F20001B78D318303B3B67E3E77F217B18002217
:100F30001A700023BB6787203B18BA6812781A70B2
:100F40003B181B782E2B34D1BB680133BB60BB68C8
:100F50001B782A2B0DD1BB680133BB607B180122A3
:100F60001A707B681B68191D7A6811601B68BB6763
:100F70001FE087217B18BA6812781A707B181B78DB
:100F80002F2B16D97B181B78392B12D87F23FB18EF
:100F900001221A70BB680133BB60BA6F13009B005B
:100FA0009B185B001A007B181B78D318303BBB677B
:100FB000DFE78723FB18BA6812781A708722BB18FC
:100FC0001B786C2B03D0BB181B78682B08D1BB682F
:100FD0000133BB608723FB18BA6812781A70EDE7FB
:100FE0008723FB181B78252B00D1C0E000DAC5E071
:100FF000782B00DDC2E0582B00DABFE0583B202BF5
:1010000000D9BBE09A00784BD3181B689F467B68D9
:101010001B68191D7A6811601B688022B9180B6063
:101020006B217B18BA1812681A707B181A7854232F
:10103000FB1811001800FFF753FDA0E07B681B6848
:10104000191D7A6811601B6880217A181360BA6FC5
:101050007B1819685423F8187B6F01933B6F00933A
:1010600013000A22FFF730FE89E07B681B68191D18
:101070007A6811601B688022B9180B60BB18196868
:10108000BA6F5423F8187B6F01933B6F00931300E2
:101090000A22FFF765FD72E07B681B68191D7A68FC
:1010A00011601B688022B9180B60BB181968BA6FF1
:1010B0005423F8187B6F01933B6F009313001022A9
:1010C000FFF74EFD5BE07B681B68191D7A681160B5
:1010D0001B68FB66FB6E002B05D1444BFB667F2330
:1010E000FB1800221A7087217B18FA6E12781A708A
:1010F000FB6E0133FB667B181B78002B1DD07F2312
:10110000FB181B78002B02D0BB6F002B17D0872356
:10111000FB181A7854243B1911001800FFF7E0FC63
:10112000BB6F013BBB673B19DB687F217A187918DD
:1011300009781170002BD6DA21E0C0461FE0C046C6
:101140001DE07B681B68191D7A6811601B6880228E
:10115000B9180B60BB1819685423F81800230193C1
:101160000823009308231022FFF7FAFC07E054231A
:10117000FB1825211800FFF7B3FC00E0C046BB6850
:101180000133BB6008E08723FB181A785423FB184F
:1011900011001800FFF7A4FC5423FB18DB68002B98
:1011A00000DB50E600E0C0465422BB18DB68002B91
:1011B00013DDBB189B68002B07D0BB189A6814235B
:1011C000F918FB681800FFF763FC54217B18DA68F4
:1011D0007B189B68D2187B18DA605423FB18DB68F5
:1011E0001800BD4623B090BD44230610B81F06105A
:1011F0000EB480B585B000AF78602023FB18BB60CB
:101200000823FA18F9697B681800FFF705FE030048
:10121000FB60FB681800BD4605B080BC08BC03B08D
:10122000184780B582B000AF786000200DF0E2FC76
:1012300008F0A0FF031E01D002F06CFA08F084FD54
:1012400008F0D0FE0BF0EEF900200DF0DDFC0023DD
:101250001800BD4602B080BD80B500AF01235B42DF
:1012600018000DF0E1FCC046BD4680BD80B500AF62
:10127000C046BD4680BD80B500AFC046BD4680BDFE
:1012800080B584B000AF7860074B196D064B7A6863
:101290000A431A65044B1B6D7A681340FB60FB68B8
:1012A000C046BD4604B080BD0000404880B586B051
:1012B00000AF3B1D180014231A00002120F0D8F9BC
:1012C0000820FFF7DDFF0420FFF7DAFF2C4B002298
:1012D0000821180003F0C7FB3B1D08221A603B1DC4
:1012E00001225A603B1D00229A603B1D0022DA60F9
:1012F0003B1D234A1900100003F010FA3B1D042285
:101300001A603B1D02225A603B1D01229A603B1D60
:101310000022DA603B1D05221A613A1D9023DB058D
:101320001100180003F0FAF93B1D802292001A60A8
:101330003B1D8222D2035A603B1D00229A603B1D56
:101340000F4A1900100003F0E9F90821012004F008
:10135000A1FB0821012004F0CBFB0421002004F0B4
:101360005FFB0DF05BFC00220121102002F0C4FFA6
:10137000102002F0D6FFC046BD4606B080BDC04674
:101380000000104880B584B000AF7860074B196D3D
:10139000064B7A680A431A65044B1B6D7A68134042
:1013A000FB60FB68C046BD4604B080BD00004048FD
:1013B00080B584B000AF7860074B996D064B7A68B2
:1013C0000A439A65044B9B6D7A681340FB60FB6887
:1013D000C046BD4604B080BD0000404880B500AFA7
:1013E0001C4B8222D2051A601A4B1B4A5A60194BB9
:1013F00000229A60174B0122DA60164B00221A6114
:10140000144B00225A61134B00229A61114B0022A7
:10141000DA61104B00221A620E4B180003F09AFB9F
:10142000031E01D002F076F90A4B0021180004F0E7
:1014300095F9031E01D002F06DF9064B002118004A
:1014400004F0D8F9031E01D002F064F9C046BD468D
:1014500080BDC046340600205B3D300090B589B0A9
:1014600000AF78600C243B19180014231A000021E7
:1014700020F0FEF87B681A688223DB059A422AD1A5
:101480000820FFF77FFF3B19C02212011A602100DC
:101490007B1812225A607B1800229A607B18002267
:1014A000DA607B1802221A617B180D4A19001000BD
:1014B00003F034F9C0231B011900012004F0EAFAFB
:1014C000C0231B011900012004F012FB80239B03A1
:1014D0001800FFF76DFFC046BD4609B090BDC0467D
:1014E0000000104880B584B000AF78602F4B304AC0
:1014F0001A602E4B2F4A5A602C4B2F4A9A602B4B66
:101500007A68DA600F217B1800221A707A18274B4C
:101510001100180000F037FE031E02D001235B42C9
:1015200040E0224B180000F080FD204B9B68142007
:1015300098471E4B0421180000F037FE1B4B00217A
:10154000180000F0FBFF194B0421180000F09BFE6F
:10155000164B0421180000F0C6FE144B032118009E
:1015600000F0BCFF114B0521180000F02CFF0C20EF
:101570003B1800221A703B181A7801210A431A708E
:101580003B181A7802218A431A703B181A78074BC5
:10159000111C180000F047FF031E02D002235B421B
:1015A00000E000231800BD4604B080BD880600207E
:1015B0002517041079170410CD17041090B587B0C3
:1015C00000AF0200FB1D1A70BB1D0A1C1A7010210F
:1015D0007B1800221A607B18FA1D12789A707B180B
:1015E000BA1D1278DA707A181C4B1100180001F03D
:1015F000EDFE03007B617B69002B01D07B6928E055
:101600000C243B19180003231A00002120F030F8A5
:101610003A19124B1100180001F0D8F803007B6151
:101620007B69002B01D07B6913E00C203B189A7872
:1016300001210A439A703A18084B1100180000F073
:10164000ADFF03007B617B69002B01D07B6900E06B
:1016500000231800BD4607B090BDC0468806002094
:1016600090B587B000AF78600C243B1918000823B0
:101670001A0000211FF0FCFF3A19204B110018003E
:1016800001F0ABF903007B617B69002B01D07B6922
:1016900030E07B6800221A700C23FB185B78102264
:1016A0001340DBB2002B06D07B681B78012213436A
:1016B000DAB27B681A700C23FB185B78082213409F
:1016C000DBB2002B06D07B681B7802221343DAB210
:1016D0007B681A700C23FB185B7804221340DBB282
:1016E000002B06D07B681B7804221343DAB27B6898
:1016F0001A7000231800BD4607B090BD8806002070
:1017000080B582B000AF78607A68054B1100180090
:1017100001F007FE03001800BD4602B080BDC046C0
:1017200088060020B0B58AB004AFF86008007A607F
:1017300019000B243B19021C1A7008257B190A1C7E
:101740001A80FB687B613B191B789AB27869642325
:1017500002937B191B8801937B6800930123D4219A
:1017600003F09EFA031E01D1002301E001235B4236
:101770001800BD4606B0B0BDB0B58AB004AFF86081
:1017800008007A6019000B243B19021C1A70082506
:101790007B190A1C1A80FB687B613B191B789AB283
:1017A0007869642302937B191B8801937B680093FB
:1017B0000123D42103F0A2FB031E01D1002301E089
:1017C00001235B421800BD4606B0B0BD80B582B0B3
:1017D00000AF78607B68180002F0BEFCC046BD46D2
:1017E00002B080BD80B500AF034B5B8801339BB274
:1017F0001800BD4680BDC0469C06002080B500AFE5
:10180000034B5B8802339BB21800BD4680BDC046C7
:101810009C06002080B500AF034B9B8801339BB230
:101820001800BD4680BDC0469C06002080B500AFB4
:10183000034B9B8802339BB21800BD4680BDC04657
:101840009C06002080B500AF034BDB8801339BB2C0
:101850001800BD4680BDC0469C06002080B500AF84
:10186000034BDB8802339BB21800BD4680BDC046E7
:101870009C060020B0B596B000AFB84B08220021FE
:1018800018001FF0F5FEB64B012252421A80B54BEC
:1018900000221A70B44B00221A70B44B00221A7046
:1018A000B34B00221A70B34B00221A70B24B0E22B7
:1018B000002118001FF0DCFEB04B28220021180088
:1018C0001FF0D6FEAE4B6C22002118001FF0D0FE98
:1018D000AB4B12221A70AA4B00229A70A84B00221E
:1018E0005A70A74BA74A043313CA13C303CA03C3CE
:1018F000A34BA54A1A62A24B01221A76A04BA34A17
:10190000DA619F4B2422122199549D4B26220021FB
:1019100099549B4B252200219954994B9C4A28337A
:1019200013CA13C303CA03C3954B9A4A5A64944B10
:101930003C2201219954924B974A1A64904B4822B9
:10194000122199548E4B4A22002199548C4B4922E2
:10195000002199548A4B914A4C3313CA13C303CACA
:1019600003C3874B8E4A9A66854B602201219954A6
:10197000834B8C4A5A66814B01221A757F4B8A4AE7
:1019800013CA13C303CA03C37C4B202203219954F7
:101990007A4B7B4A5A62794B00221A76774B0022A7
:1019A000DA61824B19000020FFF722FC744B1B7890
:1019B0001A007F4B19000020FFF71AFC704B2422FD
:1019C0009B5C1A007B4B19000020FFF711FC6C4B4D
:1019D00048229B5C1A00784B19000020FFF708FC96
:1019E000674B1B7E1A00754B19000020FFF700FCA7
:1019F000634B3C229B5C1A00714B19000020FFF7DF
:101A0000F7FB5F4B60229B5C1A006E4B19000020B5
:101A1000FFF7EEFB6C4B19000020FFF7E9FB5725A1
:101A20007C19564B180007F0ECFF030023707B195C
:101A30001B78002B02D07B191B788AE04F4B1800D3
:101A400007F0ECFF03001A00444B1A804C4B1800BF
:101A500008F004F803001A00404B5A805B4B180052
:101A600007F0FCFF03001A003C4B9A80584B18000B
:101A700007F0F4FF03001A00384BDA80554B1900C9
:101A80000020FFF7B5FB354B1B881A00524B19009D
:101A90000020FFF7ADFB514B19000020FFF7A8FB1A
:101AA0002E4B5B881A004E4B19000020FFF7A0FB5D
:101AB000FFF798FE03001A004A4B19000020FFF7B9
:101AC00097FBFFF79BFE03001A00474B190000200D
:101AD000FFF78EFB454B19000020FFF789FB1F4BDA
:101AE0009B881A003E4B19000020FFF781FBFFF78F
:101AF00091FE03001A003B4B19000020FFF778FB12
:101B0000FFF794FE03001A00374B19000020FFF77F
:101B10006FFB374B19000020FFF76AFB0F4BDB8888
:101B20001A002F4B19000020FFF762FBFFF78AFE17
:101B300003001A002B4B19000020FFF759FBFFF799
:101B40008DFE03001A00284B19000020FFF750FB00
:101B500000231800BD4616B0B0BDC0469C0600204C
:101B6000DC0C0020A4060020A5060020A60600200C
:101B7000A7060020A8060020AC06002028070020A9
:101B8000BC0600206C210610E00C0020040D002093
:101B900080210610EC0C0020200D0020942106105E
:101BA000F80C00203C0D0020A8210610C01F0610D4
:101BB000E01F06100020061020200610402006100E
:101BC0005C2006107820061094200610E006002005
:101BD00004070020B8200610D8200610F4200610B4
:101BE000082106101C210610302106104421061081
:101BF0005821061080B582B000AF0200BB1D1A80CC
:101C0000084BBA1D12881A80074B00221A70074B26
:101C100000221A70064B00221A70C046BD4602B060
:101C200080BDC046DC0C0020A4060020A5060020D4
:101C3000A606002080B500AF074B012252421A8051
:101C4000064B00221A70064B00221A70054B002228
:101C50001A70C046BD4680BDDC0C0020A4060020E2
:101C6000A5060020A606002090B585B000AF39601B
:101C70001100BB1D021C1A807B1D0A1C1A70BB1DA3
:101C80001A883D4B19000020FFF7B2FA3B68002B81
:101C900000D16CE07B1D1B78012B68D93B681B7859
:101CA0001AB23B6801331B781BB21B021BB21343F1
:101CB0001AB20E217B181A807B181B88DAB20D2409
:101CC0003B1901210A401A70FFF798FD03001A0022
:101CD000BB1D1B88934210D1284B3A1912781A70F9
:101CE0003B191B78002B01D0254B00E0254B2649E2
:101CF0001A000020FFF77CFA3AE0FFF797FD030097
:101D00001A00BB1D1B88934211D1204B0D217A185C
:101D100012781A707B181B78002B01D0184B00E04A
:101D2000184B1B491A000020FFF762FA20E0FFF76A
:101D300095FD03001A00BB1D1B88934211D1154B62
:101D40000D217A1812781A707B181B78002B01D09D
:101D50000B4B00E00B4B10491A000020FFF748FA2C
:101D600006E00E4B19000020FFF742FA00E0C046E3
:101D7000BD4605B090BDC046BC210610A40600209B
:101D8000D0210610D8210610E4210610A506002057
:101D900004220610A6060020242206104422061063
:101DA00090B585B002AF0200FB1D1A70114BFA1DF1
:101DB00012781A70104B1B88104A934214D0104BA3
:101DC0001B78002B10D00C4B1C88FFF70BFD030079
:101DD0001A00084B019301230093002304212000E3
:101DE00007F049FE030000E000231800BD4603B0E1
:101DF00090BDC046A7060020DC0C0020FFFF0000BD
:101E0000A406002090B585B002AF0200FB1D1A7039
:101E1000114BFA1D12781A70104B1B88104A93420E
:101E200014D0104B1B78002B10D00C4B1C88FFF7E4
:101E3000F1FC03001A00084B0193012300930023D7
:101E40000421200007F017FE030000E00023180023
:101E5000BD4603B090BDC046A8060020DC0C0020A3
:101E6000FFFF0000A5060020F0B589B006AF050011
:101E70000C0010001900BB1D2A1C1A803B1D221CDF
:101E80001A80BB1C021C1A803B000A1C1A802F4BB4
:101E9000BA1D12881A802D4B3A1D12885A802B4B7E
:101EA000BA1C12889A80294B3A001288DA80274A95
:101EB00020203B181B881381244B24243A191288B4
:101EC0005A81224B28257A1912889A81BB1D002637
:101ED0009E5F3B1D00229B5E9C46BB1C00229A5EBF
:101EE0003B000021595E3B1800201B5E381900247E
:101EF000005F7C192488164D04940390029301918D
:101F000000926346320029000020FFF771F9114B5F
:101F10001B88114A934214D0104B1B78002B10D011
:101F20000C4B1C88FFF78EFC03001A00074B019333
:101F30000E23009300230421200007F09CFD0300E2
:101F400000E000231800BD4603B0F0BDAC06002041
:101F500068220610DC0C0020FFFF0000A60600200F
:101F6000B0B586B000AFF86008007A6019000B23A6
:101F7000FB18021C1A700823FB180A1C1A80FB6845
:101F8000002B02D101235B420FE0FB685C68FB6819
:101F9000D8680823FB181D887A680B23FB1819786A
:101FA0002B00A04703007B617B691800BD4606B08B
:101FB000B0BDB0B586B000AFF86008007A60190017
:101FC0000B23FB18021C1A700823FB180A1C1A802A
:101FD000FB68002B02D101235B420FE0FB681C6809
:101FE000FB68D8680823FB181D887A680B23FB1848
:101FF00019782B00A04703007B617B691800BD4660
:1020000006B0B0BD80B582B000AF786039607B6843
:10201000002B06D03B68002B03D03B681A787B6806
:102020001A70C046BD4602B080BD90B587B000AF03
:1020300078600C23FB1800221A701723FB1800226B
:102040001A707B689B68002B03D101235B423B61C4
:1020500051E07B680021180000F0A7F803003B6105
:102060007B680021180000F03EF902003B699B18D4
:102070003B613B69002B3BD10C203B181A780121B6
:102080000A431A703A18786801231221FFF791FF6A
:1020900003003B610C243A19786801231221FFF7F1
:1020A0005FFF02003B699B183B613B69002B21D11C
:1020B0007B689B68012098473B191B7801221340DD
:1020C000DBB2002B07D01722BB181B78BA18591C9B
:1020D0001170022BDED90C23FB181B780122134050
:1020E000DBB2002B01D1002306E001235B4203E0B9
:1020F000C04600E0C0463B691800BD4607B090BD31
:1021000090B585B000AF78600A00FB1C1A700823F8
:10211000FA18786801230121FFF722FF0300FB6012
:10212000FB68002B01D0FB6829E0FB1C1B785B08D7
:102130001A1C01231340DAB208243B1901210A407A
:1021400090011A7840218A43111C021C0A431A701C
:10215000FB1C1B7801221340DAB23B19D0011A781C
:102160007F210A40111C021C0A431A703A19786830
:1021700001230121FFF71DFF0300FB60FB6818002E
:10218000BD4605B090BD80B584B000AF78603960C1
:102190003A68786801230F21FFF7E2FE0300FB6035
:1021A000FB681800BD4604B080BD90B587B000AF95
:1021B00078600A00FB1C1A701023FA187868012353
:1021C0001021FFF7CDFE03007B617B69002B01D05E
:1021D0007B6954E0FB1C1B780F221340DAB21024F9
:1021E0003B190F210A4010001A780F218A43111C55
:1021F000021C0A431A703A19786801231021FFF76C
:10220000D8FE03007B617B69002B01D07B6936E03F
:1022100013217B18FA1C127812091A707B181B788C
:10222000002B2BD00C23FA18786801236221FFF7CA
:1022300097FE02007B699B187B617B69002B01D0B4
:102240007B691CE01323FB181B7803221340DAB2CE
:102250000C243B1903210A4010001A7803218A43F9
:10226000111C021C0A431A703A1978680123622172
:10227000FFF79FFE02007B699B187B617B6918005A
:10228000BD4607B090BD90B585B000AF78600A003C
:10229000FB1C1A7008243A19786801231021FFF7F3
:1022A0005FFE0300FB60FB68002B17D1FB1C1B7853
:1022B00007221340DAB23B1907210A4010011A78AD
:1022C00070218A43111C021C0A431A703A1978685B
:1022D00001231021FFF76DFE0300FB60FB6818006F
:1022E000BD4605B090BD90B587B000AF78600A00DC
:1022F000FB1C1A701023FA18786801231121FFF7CC
:102300002FFE03007B617B69002B01D07B6956E0C7
:10231000FB1C1B780F221340DAB210243B190F214B
:102320000A4010001A780F218A43111C021C0A432C
:102330001A703A19786801231121FFF73AFE02005A
:102340007B699B187B617B69002B01D07B6936E040
:1023500013217B18FA1C127812091A707B181B784B
:10236000002B2BD00C23FA18786801236221FFF789
:10237000F7FD02007B699B187B617B69002B01D014
:102380007B691CE01323FB181B7803221340DAB28D
:102390000C243B1903210A4010001A7803218A43B8
:1023A000111C021C0A431A703A1978680123622131
:1023B000FFF7FFFD02007B699B187B617B691800BA
:1023C000BD4607B090BD90B585B000AF78600A00FB
:1023D000FB1C1A7008243A19786801231121FFF7B1
:1023E000BFFD0300FB60FB68002B17D1FB1C1B78B3
:1023F00007221340DAB23B1907210A4010011A786C
:1024000070218A43111C021C0A431A703A19786819
:1024100001231121FFF7CDFD0300FB60FB681800CD
:10242000BD4605B090BD90B587B000AF78603B0069
:1024300019700C23FA18786801235021FFF790FDDA
:1024400003007B617B69002B01D07B6942E03B008C
:102450001B78DB07DB0FDAB20C243B19D0011A78AA
:102460007F210A40111C021C0A431A703A1978682D
:1024700001235021FFF79DFD03007B611023FA1813
:10248000786801235621FFF76BFD02007B699B18DA
:102490007B617B69002B01D07B691BE03B001B78D3
:1024A0009B07DB0FDAB210243B1901210A40100010
:1024B0001A7801218A43111C021C0A431A703A1926
:1024C000786801235621FFF774FD02007B699B1891
:1024D0007B617B691800BD4607B090BD90B585B0A3
:1024E00000AF78600A00FB1C1A7008243A1978685B
:1024F00001231521FFF734FD0300FB60FB68002B6F
:1025000017D1FB1C1B780F221340DAB23B190F21A5
:102510000A4010001A780F218A43111C021C0A433A
:102520001A703A19786801231521FFF742FD03005C
:10253000FB60FB681800BD4605B090BD90B585B046
:1025400000AF78600A00FB1C1A7008243A197868FA
:1025500001231721FFF704FD0300FB60FB68002B3C
:1025600017D1FB1C1B7803221340DAB23B1903215D
:102570000A4010001A7803218A43111C021C0A43E6
:102580001A703A19786801231721FFF712FD03002A
:10259000FB60FB681800BD4605B090BD90B587B0E4
:1025A00000AF786039601023FA18786801230D2194
:1025B000FFF7D6FC03007B617B69002B01D07B69B0
:1025C00000E13B681B78DB07DB0FDAB210243B1914
:1025D00001210A4010001A7801218A43111C021CB3
:1025E0000A431A703B681B789B07DB0FDAB23B1972
:1025F00001210A4090181A7802218A43111C021CFA
:102600000A431A703B681B789B06DB0FDAB23B1952
:1026100001210A40D0001A7808218A43111C021CAB
:102620000A431A703B681B785B06DB0FDAB23B1972
:1026300001210A4010011A7810218A43111C021C42
:102640000A431A703B681B781B06DB0FDAB23B1992
:1026500001210A4050011A7820218A43111C021CD2
:102660000A431A703B685B78DB07DB0FDAB23B1971
:1026700001210A4090011A7840218A43111C021C52
:102680000A431A703A19786801230D21FFF791FC6B
:1026900003007B610C23FA18786801235E21FFF7A1
:1026A0005FFC02007B699B187B617B69002B01D07A
:1026B0007B6987E03B685B781B07DB0FDAB20C2491
:1026C0003B1901210A4010001A7801218A43111C8C
:1026D000021C0A431A703B685B78DB06DB0FDAB238
:1026E0003B1901210A4090181A7802218A43111CD3
:1026F000021C0A431A703B685B789B06DB0FDAB258
:102700003B1901210A4090001A7804218A43111CC8
:10271000021C0A431A703B685B785B06DB0FDAB277
:102720003B1901210A4090011A7840218A43111C6B
:10273000021C0A431A703B685B781B06DB0FDAB297
:102740003B1901210A40D0001A7808218A43111C44
:10275000021C0A431A703B689B78DB07DB0FDAB276
:102760003B1901210A4050011A7820218A43111C8B
:10277000021C0A431A703B689B789B07DB0FDAB296
:102780003B1901210A4010011A7810218A43111CBB
:10279000021C0A431A703B689B785B07DB0FDAB2B6
:1027A0003B19D0011A787F210A40111C021C0A43F0
:1027B0001A703A19786801235E21FFF7FAFB0300CB
:1027C0007B617B691800BD4607B090BD90B587B0AE
:1027D00000AF786039603B680322002118001EF0CA
:1027E00047FF1023FA18786801230D21FFF7B8FB83
:1027F00003007B610C23FA18786801235E21FFF740
:10280000AFFB02007B699B187B617B69002B01D0C9
:102810007B69DEE010243B191B78DB07DB0FDAB2A3
:102820003B6801210A4010001A7801218A43111CDB
:10283000021C0A431A703B191B789B07DB0FDAB2A4
:102840003B6801210A4090181A7802218A43111C22
:10285000021C0A431A703B191B781B07DB0FDAB204
:102860003B6801210A4050011A7820218A43111C3B
:10287000021C0A431A703B191B78DB06DB0FDAB225
:102880003B6801210A4090011A7840218A43111CBB
:10289000021C0A431A703B191B789B06DB0FDAB245
:1028A0003B68D0011A787F210A40111C021C0A43A0
:1028B0001A703B191B785B06DB0FDAB23B6801210B
:1028C0000A4010005A7801218A43111C021C0A4355
:1028D0005A700C243B191B78DB07DB0FDAB23B681C
:1028E00001210A40D0005A7808218A43111C021C99
:1028F0000A435A703B191B789B07DB0FDAB23B681F
:1029000001210A4010015A7810218A43111C021C2F
:102910000A435A703B191B785B07DB0FDAB23B683E
:1029200001210A4050015A7820218A43111C021CBF
:102930000A435A703B191B785B06DB0FDAB23B681F
:1029400001210A4090015A7840218A43111C021C3F
:102950000A435A703B191B781B07DB0FDAB23B683E
:10296000D0015A787F210A40111C021C0A435A7078
:102970003B191B789B06DB0FDAB23B6801210A404A
:1029800010009A7801218A43111C021C0A439A7094
:102990003B191B78DB06DB0FDAB23B6801210A40EA
:1029A00090189A7802218A43111C021C0A439A70DB
:1029B0003B191B781B06DB0FDAB23B6801210A408A
:1029C00090009A7804218A43111C021C0A439A70D1
:1029D0007B691800BD4607B090BDF0B595B000AF5B
:1029E000786039603823FA18786801235021FFF79E
:1029F000B7FA0300FB64FB6C002B02D0FB6C00F009
:102A00008CFC38257B191A7808210A431A707A1928
:102A1000786801235021FFF7CCFA0300FB640C24F3
:102A20003A19786804231B21FFF79AFA0200FB6C1D
:102A30009B18FB643B195A1C3026BB191100180067
:102A4000FFF7E0FA3B199A1C2C23FB181100180021
:102A5000FFF7D8FA3B19DA1C24243B19110018009F
:102A6000FFF7D0FABB191B785B06DB0FDAB23B68C5
:102A700001210A409018DA7902218A43111C021CB4
:102A80000A43DA71BB191B78DB06DB0FDAB23B684D
:102A9000D0019A797F210A40111C021C0A439A71C5
:102AA000BB191B789B06DB0FDAB23B6801210A4099
:102AB0001000DA7901218A43111C021C0A43DA71E1
:102AC000BB191B781B06DB0FDAB23B6801210A40F9
:102AD0009000DA7904218A43111C021C0A43DA713E
:102AE0002C26BB191B78DB07DB0FDAB23B68012110
:102AF0000A4010005A7801218A43111C021C0A4323
:102B00005A70BB191B789B07DB0FDAB23B680121B7
:102B10000A4090185A7802218A43111C021C0A4369
:102B20005A70BB191B78DB06DB0FDAB23B68012158
:102B30000A40D0009A7808218A43111C021C0A43DB
:102B40009A703B191B78DB07DB0FDAB23B68012177
:102B50000A4010001A7801218A43111C021C0A4302
:102B60001A703B191B789B07DB0FDAB23B68012117
:102B70000A4090181A7802218A43111C021C0A4349
:102B80001A703B191B785B07DB0FDAB23B68012137
:102B90000A4090001A7804218A43111C021C0A433F
:102BA0001A703B191B781B07DB0FDAB23B68012157
:102BB0000A40D0001A7808218A43111C021C0A43DB
:102BC0001A703B191B78DB06DB0FDAB23B68012178
:102BD0000A4010011A7810218A43111C021C0A4372
:102BE0001A703B191B789B06DB0FDAB23B68012198
:102BF0000A4050011A7820218A43111C021C0A4302
:102C00001A703B191B781B06DB0FDAB23B68D00148
:102C10001A787F210A40111C021C0A431A707A1983
:102C2000786801235021FFF79BF90300FB647B19AF
:102C30001A7808218A431A707A197868012350217A
:102C4000FFF7B7F90200FB6C9B18FB64FB6C002BD1
:102C500001D0FB6C61E30C23FA1878680823442147
:102C6000FFF77EF90300FB64FB6C002B01D0FB6CCB
:102C700053E30C257A191823FB1811001800FFF7ED
:102C8000C1F97B195A1C2823FB1811001800FFF703
:102C9000B9F97B199A1C1C26BB1911001800FFF703
:102CA000B1F97B19DA1C2023FB1811001800FFF77B
:102CB000A9F97B195A1D48217B1811001800FFF74C
:102CC000A1F97B199A1D40243B1911001800FFF748
:102CD00099F97B19DA1D3C203B1811001800FFF709
:102CE00091F91822BB181B785B07DB0FDAB23B683F
:102CF00001210A4090011A7840218A43111C021CCC
:102D00000A431A7028221500BB181B785B06DB0FDC
:102D1000DAB23B6801210A409000DA7804218A4344
:102D2000111C021C0A43DA707B191B785B07DB0F4E
:102D3000DAB23B6801210A4010015A7810218A4317
:102D4000111C021C0A435A707B191B789B07DB0F6E
:102D5000DAB23B6801210A40D0005A7808218A4340
:102D6000111C021C0A435A707B191B78DB07DB0F0E
:102D7000DAB23B6801210A4090005A7804218A4364
:102D8000111C021C0A435A702A00BB181B78DB0670
:102D9000DB0FDAB23B6801210A40D000DA78082163
:102DA0008A43111C021C0A43DA70BB191B785B07AB
:102DB000DB0FDAB23B6801210A4090189A780221B1
:102DC0008A43111C021C0A439A70BB191B789B078B
:102DD000DB0FDAB23B6801210A4010009A7801212A
:102DE0008A43111C021C0A439A70BB191B78DB072B
:102DF000DB0FDAB23B68D0015A787F210A40111C00
:102E0000021C0A435A703500BB191B781B07DB0FE5
:102E1000DAB23B6801210A4090009A7804218A4383
:102E2000111C021C0A439A707B191B78DB06DB0F0E
:102E3000DAB23B6801210A4090015A7840218A4366
:102E4000111C021C0A435A707B191B789B06DB0F6E
:102E5000DAB23B6801210A4050015A7820218A43A6
:102E6000111C021C0A435A7020257B191B78DB06B3
:102E7000DB0FDAB23B6801210A401000DA78012149
:102E80008A43111C021C0A43DA707B191B789B06CB
:102E9000DB0FDAB23B6801210A409018DA78022190
:102EA0008A43111C021C0A43DA707B191B785B07EA
:102EB000DB0FDAB23B6801210A4090019A78402189
:102EC0008A43111C021C0A439A707B191B781B074A
:102ED000DB0FDAB23B68D0019A787F210A40111CDF
:102EE000021C0A439A707B191B78DB07DB0FDAB2EE
:102EF0003B6801210A4010019A7810218A43111C75
:102F0000021C0A439A707B191B789B07DB0FDAB20D
:102F10003B6801210A4050019A7820218A43111C04
:102F2000021C0A439A7048257B191B781B07DB0F8C
:102F3000DAB23B6801210A401001DA7810218A4395
:102F4000111C021C0A43DA707B191B78DB06DB0FAD
:102F5000DAB23B6801210A4090001A7904218A43C1
:102F6000111C021C0A431A717B191B789B06DB0F8C
:102F7000DAB23B6801210A40D0001A7908218A435D
:102F8000111C021C0A431A717B191B781B06DB0FEC
:102F9000DAB23B6801210A4010011A7910218A43F4
:102FA000111C021C0A431A713B191B78DB07DB0F4B
:102FB000DAB23B6801210A4050011A7920218A4384
:102FC000111C021C0A431A713B191B789B07DB0F6B
:102FD000DAB23B6801210A4090011A7940218A4304
:102FE000111C021C0A431A713B191B785B07DB0F8B
:102FF000DAB23B68D0011A797F210A40111C021C09
:103000000A431A713B191B781B07DB0FDAB23B68C6
:1030100001210A4010005A7901218A43111C021C27
:103020000A435A713B191B78DB06DB0FDAB23B68A7
:1030300001210A4090185A7902218A43111C021C6E
:103040000A435A713B191B789B06DB0FDAB23B68C7
:1030500001210A4090005A7904218A43111C021C64
:103060000A435A713B191B785B06DB0FDAB23B68E7
:1030700001210A40D0005A7908218A43111C021C00
:103080000A435A713B191B781B06DB0FDAB23B6807
:1030900001210A4010015A7910218A43111C021C97
:1030A0000A435A713C243B191B78DB07DB0FDAB269
:1030B0003B6801210A4050015A7920218A43111CA2
:1030C000021C0A435A713B191B789B07DB0FDAB2CB
:1030D0003B6801210A4090015A7940218A43111C22
:1030E000021C0A435A713B191B785B07DB0FDAB2EB
:1030F0003B68D0015A797F210A40111C021C0A4307
:103100005A713B191B781B07DB0FDAB23B680121B0
:103110000A4010009A7901218A43111C021C0A43BB
:103120009A717B6801211800FEF7EAFF0300FB6437
:10313000FB6C002B13D14423FA1878680123072174
:10314000FEF70EFF0300FB643423FA1878680123AE
:103150006421FEF705FF0200FB6C9B18FB647B6893
:1031600000211800FEF7CCFF0200FB6C9B18FB64EB
:10317000FB6C002B01D0FB6CCFE044243B191B7887
:10318000DB07DB0FDAB23B6801210A4010001A7935
:1031900001218A43111C021C0A431A713B191B7836
:1031A0009B07DB0FDAB23B6801210A4090181A79BD
:1031B00002218A43111C021C0A431A7134243B1950
:1031C0001B785B07DB0FDAB23B6801210A40500134
:1031D000DA7820218A43111C021C0A43DA703B1959
:1031E0001B781B07DB0FDAB23B6801210A40900114
:1031F000DA7840218A43111C021C0A43DA703B1919
:103200001B78DB06DB0FDAB23B68D001DA787F216E
:103210000A40111C021C0A43DA703B191B789B06FA
:10322000DB0FDAB23B6801210A401001DA78102185
:103230008A43111C021C0A43DA701423FA187868B6
:1032400001234821FEF78CFE0300FB64FB6C002B7E
:1032500001D0FB6C61E014243B191B78DB07DB0F0A
:10326000DAB23B6801210A4090189A7902218A4318
:10327000111C021C0A439A713B191B781B06DB0FB9
:10328000DAB23B6801210A4090019A7940218A43D1
:10329000111C021C0A439A713B191B785B06DB0F59
:1032A000DAB23B6801210A4050019A7920218A4311
:1032B000111C021C0A439A713B191B789B06DB0FF9
:1032C000DAB23B6801210A4010019A7910218A4341
:1032D000111C021C0A439A713B191B78DB06DB0F99
:1032E000DAB23B6801210A40D0009A7908218A436A
:1032F000111C021C0A439A713B191B781B07DB0F38
:10330000DAB23B6801210A4090009A7904218A438D
:10331000111C021C0A439A71FB6C1800BD4615B0C3
:10332000F0BD80B586B000AF786039600C23FA1824
:10333000786806232821FEF713FE03007B617B6972
:10334000002B01D07B693DE00C217B185B781AB221
:103350003B681A803B6800229B5E9BB21B029BB2BB
:103360007A1812789B189BB21AB23B681A807B18A5
:10337000DA783B68023312B21A803B6802330022CB
:103380009B5E9BB21B029BB27A1892789B189AB2F2
:103390003B68023312B21A807B185A793B680433B7
:1033A00012B21A803B68043300229B5E9BB21B0260
:1033B0009BB27A1812799B189AB23B68043312B206
:1033C0001A807B691800BD4606B080BDF0B589B093
:1033D00000AF786039601423FA187868012354210B
:1033E000FEF7BEFD0300FB611823FA18786801237D
:1033F0005521FEF7B5FD0200FB699B18FB61102308
:10340000FA18786801235B21FEF7AAFD0200FB6928
:103410009B18FB610C23FA18786801235C21FEF7E6
:103420009FFD0200FB699B18FB61FB69002B01D02B
:10343000FB6990E03B681B785B065B0FDAB21424F3
:103440003B1907210A4010011A7870218A43111C88
:10345000021C0A431A703B681B781B079B0FDAB2E9
:103460003B1903210A4090001A780C218A43111C51
:10347000021C0A431A703B681B789B079B0FDAB249
:103480003B1903210A4010001A7803218A43111CBA
:10349000021C0A431A703B685B781A1C3F231340D6
:1034A000DAB218257B193F210A4010001A783F2113
:1034B0008A43111C021C0A431A703B689B781A1C31
:1034C0003F231340DAB21026BB193F210A401000F7
:1034D0001A783F218A43111C021C0A431A703B6868
:1034E000DB781A1C03231340DAB20C23FB180321E8
:1034F0000A4050011A7860218A43111C021C0A43B9
:103500001A703A19786801235421FEF752FD02001F
:10351000FB699B18FB617A19786801235521FEF736
:1035200048FD0200FB699B18FB61BA19786801230A
:103530005B21FEF73EFD0200FB699B18FB610C233B
:10354000FA18786801235C21FEF733FD0200FB695D
:103550009B18FB61FB691800BD4609B0F0BD000077
:1035600080B500AF024B01221A70C046BD4680BD37
:103570005907002080B582B000AF00F068FD00F070
:1035800075F800F0AAF8FDF791FEFDF727FF00F0AF
:1035900051FA00F057F900F003FA00F0D7F80020D4
:1035A000FDF73FFE204B19000020FDF721FE1F4BC9
:1035B0001800FDF797FF031E09D01D4B08211800C6
:1035C00001F06EFAC82000F0C7FDC046F5E7032100
:1035D0002220FDF7F3FFFDF73FFE164B1B78DBB211
:1035E000002BF8D0134B00221A70FB1D00221A701A
:1035F000FB1D1800FEF734F8FB1D1B78002B0FD0C5
:103600000B4B0821180001F04BFAFB1D1B78190029
:10361000012009F0BFFAFA235B00180000F09CFDBE
:1036200002F0F0F9D7E7C046B422061034060020B5
:10363000000010485907002080B582B000AF7860C4
:103640000A00BB1C1A807B68074A934207D1BB1C47
:103650001A8880239B009A4201D1FFF781FFC04660
:10366000BD4602B080BDC0460000104890B589B08C
:1036700000AF08243B19180018231A0000211DF080
:10368000F7FF3B00180008231A0000211DF0F0FF8F
:103690003B1903221A603B19802252025A603B19DF
:1036A0001022DA603B19180004F0A4FF031E01D0B9
:1036B00000F030F83B0000221A603B0000225A6004
:1036C0003B001021180005F0E5F8031E01D000F0C2
:1036D00021F8C046BD4609B090BD80B586B000AFA8
:1036E0003B00180018231A0000211DF0C1FF3B0009
:1036F00002221A603B00802252015A613B001800EE
:1037000005F0EAF9031E01D000F004F8C046BD46FA
:1037100006B080BD80B500AF72B6C046C046FDE7BA
:1037200080B584B000AF7860074B196D064B7A689E
:103730000A431A65044B1B6D7A681340FB60FB68F3
:10374000C046BD4604B080BD0000404880B500AF13
:10375000064B074A1A60054B180002F097F8031E43
:1037600001D0FFF7D7FFC046BD4680BD5C070020F3
:103770000000304880B582B000AF78607B681B687D
:10378000094A93420CD180235B021800FFF7C8FF5F
:10379000002201210D2000F0AFFD0D2000F0C1FD41
:1037A000C046BD4602B080BD0000304880B584B040
:1037B00000AF7860074B196E064B7A680A431A66A9
:1037C000044B1B6E7A681340FB60FB68C046BD4625
:1037D00004B080BD0000404880B582B000AF786082
:1037E000064B1B6E7A6813407A689A4201D1012316
:1037F00000E000231800BD4602B080BD0000404834
:1038000080B582B000AF7860044B196C034B7A68C6
:103810000A431A64C046BD4602B080BD000040485D
:1038200080B582B000AF7860054B1A6C7B68D943D5
:10383000034B0A401A64C046BD4602B080BDC04674
:103840000000404880B582B000AF00237B600120BB
:10385000FFF7C2FF031E08D10120FFF7D1FF0120AF
:10386000FFF7DEFF0120FFF7A1FFC023DB057B6030
:103870003B1D180002F0FAFAC046BD4602B080BDFA
:1038800090B589B000AF786008243B191800182360
:103890001A0000211DF0ECFE7B681A68C023DB05CE
:1038A0009A4222D13B1901221A603B1902221A6165
:1038B0003B19180005F010F9031E01D0FFF72AFF8D
:1038C0000120FFF773FF0BF0A9F90022002112205D
:1038D00000F012FD122000F024FD0022002119202A
:1038E00000F00AFD192000F01CFDC046BD4609B0DD
:1038F00090BD80B582B000AF78607B681B6918000E
:10390000BD4602B080BD000080B584B000AF7860D5
:10391000074B196E064B7A680A431A66044B1B6EF6
:103920007A681340FB60FB68C046BD4604B080BDAA
:103930000000404880B582B000AF7860064B1B6E37
:103940007A6813407A689A4201D1012300E000238B
:103950001800BD4602B080BD0000404880B582B06E
:1039600000AF7860044B196C034B7A680A431A6401
:10397000C046BD4602B080BD0000404880B582B060
:1039800000AF7860054B1A6C7B68D943034B0A4043
:103990001A64C046BD4602B080BDC0460000404823
:1039A00080B582B000AF3B00180008231A00002148
:1039B0001DF05EFE0120FFF7BDFF031E08D10120B0
:1039C000FFF7CCFF0120FFF7D9FF0120FFF79CFF95
:1039D000C0460C4B1800FFF78CFF03000F2BF8D9E3
:1039E0003B00A02252001A803B0000229A703B004C
:1039F00000225A603B00180002F044FFC046BD465A
:103A000002B080BD0018006080B584B000AF78605F
:103A1000074B196D064B7A680A431A65044B1B6DF8
:103A20007A681340FB60FB68C046BD4604B080BDA9
:103A30000000404880B500AF064B074A1A60054BAE
:103A4000180005F084F8031E01D0FFF763FEC0469E
:103A5000BD4680BD680700200000604880B582B088
:103A600000AF78607B681B68054A934204D18023CD
:103A7000DB021800FFF7C8FFC046BD4602B080BD9C
:103A80000000604880B584B000AF7860074B596D86
:103A9000064B7A680A435A65044B5B6D7A6813409B
:103AA000FB60FB68C046BD4604B080BD00004048D6
:103AB00080B500AF80235B001800FFF7E3FFC0462E
:103AC000BD4680BD80B500AFC046FDE780B500AF04
:103AD000C046FDE780B500AFC046BD4680BD80B59D
:103AE00000AFC046BD4680BD80B500AF00F00EFB04
:103AF000C046BD4680BD000080B500AF034B180036
:103B000005F060F8C046BD4680BDC0468007002075
:103B100080B500AF034B180001F001FFC046BD4661
:103B200080BDC0465C07002080B500AF80239B00AD
:103B3000034A1900100000F0CEFFC046BD4680BD0C
:103B40000000104880B500AF04F056FBC046BD46EB
:103B500080BD80B500AF04F058FBC046BD4680BDB7
:103B600080B500AF04F05AFBC046BD4680BD80B5AD
:103B700000AF02F0ABFCC046BD4680BD80B500AFD3
:103B800002F0C5FCC046BD4680BD80B586B000AF22
:103B9000F860B9607A6000237B610AE000E000BF52
:103BA0000100BB685A1CBA60CAB21A707B69013343
:103BB0007B617A697B689A42F0DB7B681800BD46BE
:103BC00006B080BD80B586B000AFF860B9607A609D
:103BD00000237B6109E0BB685A1CBA601B7818009F
:103BE00000E000BF7B6901337B617A697B689A42A0
:103BF000F1DB7B681800BD4606B080BD80B582B0A1
:103C000000AF786001235B421800BD4602B080BD62
:103C100080B582B000AF786039603B688022920145
:103C20005A6000231800BD4602B080BD80B582B046
:103C300000AF786001231800BD4602B080BD80B59A
:103C400084B000AFF860B9607A6000231800BD4608
:103C500004B080BD80B586B000AF7860144A154BC3
:103C6000D31A7B617B693B61134B1B68002B02D12C
:103C7000114B124A1A60104B1A687B68D3183A69C4
:103C80009A4207D21DF04AFD03000C221A6001235C
:103C90005B4209E0084B1B68FB60074B1A687B68B6
:103CA000D218054B1A60FB681800BD4606B080BDEF
:103CB00000000120000C00007C070020683000207C
:103CC00090B583B000AF02003960FB1D1A70FB1D78
:103CD0001B787F2B28D82F4AFB1D1B785BB29B08D3
:103CE000C0339B009B58FA1D1278110003220A4032
:103CF000D200FF2191400A00D2431A4011003B68D4
:103D00009B01FF221A40FB1D1B7818000323034070
:103D1000DB009A401F48FB1D1B785BB29B080A43DF
:103D2000C0339B001A5031E01B4AFB1D1B78190061
:103D30000F230B40083B9B0806339B00D31804332A
:103D40001B68FA1D1278110003220A40D200FF21DD
:103D500091400A00D2431A4011003B689B01FF22A8
:103D60001A40FB1D1B78180003230340DB009A4018
:103D70000948FB1D1B781C000F232340083B9B08B0
:103D80000A4306339B00C31804331A60C046BD467D
:103D900003B090BD00E100E000ED00E080B500AFB1
:103DA000BFF34F8FC046044B044ADA60BFF34F8F16
:103DB000C046C046FDE7C04600ED00E00400FA053D
:103DC00090B587B000AF644A9423D358002B0ED12E
:103DD000624B1B69002B03D1604B9B6B002B06D001
:103DE0005F4B01229A60FCF7FFF9FFF7D7FF5D4BAD
:103DF0005D4A9A605B4B9A68594B1A61574B5A68F7
:103E0000564B20210A435A60544B5A68534B402169
:103E10000A435A60514B5A68504B80210A435A60FA
:103E2000C0464E4B5B6904221340042BF9D14B4B27
:103E3000DB69302293431A00484B20210A43DA61A0
:103E4000464BDA69454B49490A40DA61434BDA6926
:103E5000424B802149000A43DA61454B1B68454AC1
:103E600093425BD01E233B610823FB600323BB60AE
:103E700008237B60394A9423D3581E2293431A00A7
:103E80007B685B001E210B403449134394228B5006
:103E9000324A9423D35831490122134394228B5040
:103EA0002D4BDB68344A134019003B691A062A4B34
:103EB0000A43DA60284BDA68274B802109040A4359
:103EC000DA60264A9423D3582C4A1A40FB68990199
:103ED000F0239B000B402149134394228B501F4A2F
:103EE0009423D3581D492022134394228B501B4AFC
:103EF0009423D358224A1A40BB68D902E0239B017D
:103F00000B401649134394228B50144A9423D358E0
:103F100012498022D200134394228B501723FB189E
:103F200000221A700DE017243B191B785BB20321A5
:103F30001800FFF7C5FE21007B181A787B180132A4
:103F40001A701723FB181B781F2BECD962B6C046DA
:103F5000C046BD4607B090BD000040480000504834
:103F60000400002000ED00E000000410FFFBFFFF54
:103F7000F81E0010CCECBCFCFFFFFFC03FFCFFFFB5
:103F8000FFC7FFFF80B582B000AF134B9B685B0893
:103F9000DAB2FB1D01210A401A700F4B9B685B09C6
:103FA000DAB2BB1D07210A401A70FB1D1B78002BDB
:103FB00007D0BB1D1B78013B084ADA40084B1A604A
:103FC00005E0BB1D1B78074ADA40054B1A60C04666
:103FD000BD4602B080BDC046000040480048E80130
:103FE000580D00200090D00310488546FFF7E8FEEA
:103FF000002103E00E4B5B58435004310D480E4B3B
:1040000042189A42F6D30D4A02E0002313600432AC
:104010000B4B9A42F9D30B4A02E00023136004329F
:10402000094B9A42F9D3FFF7A5FAFEE700000120F9
:1040300084270610DC0C00202C0F00207C010020BF
:10404000DC0C0020C00000207C010020FEE780B5D1
:1040500082B000AFFB1D00221A70032000F00EF8A2
:10406000031E03D0FB1D01221A7001E0FFF720FDA3
:10407000FB1D1B781800BD4602B080BD90B585B011
:1040800000AF78600F23FB1800221A701D4B1B78BD
:10409000002B2CD004F0AAFC04001A4B1B7819004A
:1040A000FA239800FCF7BAF8030019002000FCF787
:1040B000B5F80300180000F044F9031E12D17B6824
:1040C000032B0AD8796801235B420022180000F014
:1040D00013F90D4B7A681A600DE00F23FB180122CB
:1040E0001A7008E00F23FB1801221A7003E00F2357
:1040F000FB1801221A700F23FB181B781800BD460D
:1041000005B090BD600D00205C0D002080B500AFB3
:10411000054B1B781A00054B1B68D218034B1A601D
:10412000C046BD4680BDC046600D0020140800207A
:1041300080B500AF024B1B681800BD4680BDC0466D
:104140001408002080B500AF024B1B681800BD4664
:1041500080BDC0465C0D002080B584B000AF7860A3
:10416000FFF7E6FF0300BB607B68FB60FB68013381
:1041700005D00A4B1B781A00FB689B18FB60C046F1
:10418000FFF7D6FF0200BB68D31AFA689A42F7D845
:10419000C046C046BD4604B080BDC046600D00208C
:1041A00080B582B000AF0200FB1D1A70FB1D1B78AA
:1041B0007F2B09D8FB1D1B781A001F231A40044BC4
:1041C000012191400A001A60C046BD4602B080BD80
:1041D00000E100E090B583B000AF02003960FB1D44
:1041E0001A70FB1D1B787F2B28D82F4AFB1D1B78CC
:1041F0005BB29B08C0339B009B58FA1D12781100DC
:1042000003220A40D200FF2191400A00D2431A4003
:1042100011003B689B01FF221A40FB1D1B78180010
:1042200003230340DB009A401F48FB1D1B785BB251
:104230009B080A43C0339B001A5031E01B4AFB1D08
:104240001B7819000F230B40083B9B0806339B008B
:10425000D31804331B68FA1D1278110003220A4098
:10426000D200FF2191400A00D2431A4011003B685E
:104270009B01FF221A40FB1D1B78180003230340FB
:10428000DB009A400948FB1D1B781C000F232340CC
:10429000083B9B080A4306339B00C31804331A608B
:1042A000C046BD4603B090BD00E100E000ED00E077
:1042B00080B582B000AF78607B685A1E80235B04B3
:1042C0009A4201D3012310E00A4B7A68013A5A60FE
:1042D00001235B4203211800FFF77CFF054B0022FE
:1042E0009A60044B07221A6000231800BD4602B0F2
:1042F00080BDC04610E000E080B584B000AFB9607A
:104300007A600F217B18021C1A70BA687B181B7820
:104310005BB211001800FFF75DFFC046BD4604B058
:1043200080BD80B582B000AF0200FB1D1A70FB1D7E
:104330001B785BB21800FFF733FFC046BD4602B0E2
:1043400080BD80B582B000AF78607B681800FFF751
:10435000AFFF03001800BD4602B080BD80B582B03B
:1043600000AF78607B68002B01D1012331E07B68CE
:1043700025229B5CDBB2022B08D07B680422DA6327
:104380007B68242200219954012322E07B681B686A
:104390001A687B681B680E218A431A607B681B6859
:1043A0001A687B681B6801218A431A607B685B6C12
:1043B0003C221A407B681B6C012191400A005A6024
:1043C0007B682522012199547B682422002199547D
:1043D00000231800BD4602B080BD80B584B000AF98
:1043E00078600F217B1800221A707B6825229B5C65
:1043F000DBB2022B06D07B680422DA637B18012231
:104400001A702AE07B681B681A687B681B680E219B
:104410008A431A607B681B681A687B681B680121E5
:104420008A431A607B685B6C3C221A407B681B6C79
:10443000012191400A005A607B682522012199548C
:104440007B682422002199547B689B6B002B04D04D
:104450007B689B6B7A68100098470F23FB181B78CA
:104460001800BD4604B080BDB0B586B000AFF8609E
:10447000B9607A601D4B1B78012B01D1022331E01A
:104480001A4B01221A70194B00225A6017257C1909
:10449000FA239B00180000F02BF8030023707B190F
:1044A0001B78002B18D1FB68002B06D17A68BB68FB
:1044B0001100180000F056F805E07A68BB6811009A
:1044C000180000F071F81723FC18FA239B0018005D
:1044D00000F00EF803002370044B00221A7017231B
:1044E000FB181B781800BD4606B0B0BD18080020A8
:1044F00080B584B000AF7860FFF71AFE0300FB6060
:104500000CE07B68013309D0FFF712FE0200FB6864
:10451000D31A7A689A4201D803231BE00F4B1B6918
:1045200001221340012BECD10C4B1B690C221340D0
:104530000C2B0ED1094B9A68094B5B681A43084B48
:104540005A60064B1A69054B0C210A431A61012374
:1045500000E000231800BD4604B080BD00100040FC
:104560001808002080B582B000AF786039600C4B2D
:104570001A690B4B0F210A431A617B68094A94465A
:1045800063449A08064B1204120C9A61044B3A6871
:104590001A64034B33221A60C046BD4602B080BD88
:1045A000001000400000FCEF80B584B000AF7860E0
:1045B00039603B68FB60174B1A69164B0F210A43A1
:1045C0001A617B68144A944663449A08114B12049A
:1045D000120C9A610F4AFB681B681364FB68043372
:1045E000FB600C4AFB681B685364FB680433FB6088
:1045F000084AFB681B689364FB680433FB60054A48
:10460000FB681B68D364034BCC221A60C046BD46CE
:1046100004B080BD001000400000FCEFB0B584B0D5
:1046200000AF78603960274B1B78012B01D1022342
:1046300043E0244B01221A70224B00225A607B680F
:104640001B68FF2B0BD100F03FF80F23FC18FA2357
:104650009B001800FFF74CFF0300237027E03B6826
:10466000012252421A607B685B68BB6017E0BB683E
:10467000180000F039F80F257C19FA239B00180068
:10468000FFF736FF030023707B191B78002B03D044
:104690003B68BA681A600AE0BB680133BB607B689C
:1046A0005A687B689B68D318BA689A42DFD3054B77
:1046B00000221A700F23FB181B781800BD4604B0A7
:1046C000B0BDC0461808002080B500AF054B1A6980
:1046D000044B0F210A431A61024B22221A60C04682
:1046E000BD4680BD0010004080B582B000AF78604C
:1046F000094B1A69084B0F210A431A617B68DB02D8
:104700009A08054B1204120C9A61034B11221A608D
:10471000C046BD4602B080BD0010004080B586B0E6
:1047200000AF7860396000237B6190E13B681B68D3
:1047300001217A6991400A001340FB60FB68002B5D
:1047400000D181E13B685B6803221340012B05D057
:104750003B685B6803221340022B30D17B689B6867
:104760003B617B695B0003229A401300DA433B699B
:1047700013403B613B68DA687B695B009A40130039
:104780003A6913433B617B683A699A607B685B686E
:104790003B6101227B699A401300DA433B69134075
:1047A0003B613B685B681B0901221A407B699A40A8
:1047B00013003A6913433B617B683A695A603B686E
:1047C0005B6803221340032B17D07B68DB683B61D7
:1047D0007B695B0003229A401300DA433B69134074
:1047E0003B613B689A687B695B009A4013003A69B9
:1047F00013433B617B683A69DA603B685B6803227C
:104800001340022B23D17B69DA087B6808329200BF
:10481000D3583B617B69072213409B000F229A40CB
:104820001300DA433B6913403B613B681A697B69BB
:1048300007210B409B009A4013003A6913433B61E8
:104840007B69DA087B68083292003969D1507B684D
:104850001B683B617B695B0003229A401300DA43CB
:104860003B6913403B613B685B6803221A407B69EC
:104870005B009A4013003A6913433B617B683A69D5
:104880001A603B685A68C0239B02134000D1DBE0EA
:104890003B685A688023DB02134030D08023DB055D
:1048A000DB683B617A689023DB059A4211D10122D3
:1048B0007B699A401300DB431A003B6913403B615C
:1048C00001227B699A4013001A003B6913433B6144
:1048D00011E001227B699A4013001B04DB431A009C
:1048E0003B6913403B6101227B699A4013001B0422
:1048F0003A6913433B618023DB053A69DA603B6820
:104900005A6880235B03134030D08023DB051B698A
:104910003B617A689023DB059A4211D101227B69C1
:104920009A401300DB431A003B6913403B610122AC
:104930007B699A4013001A003B6913433B6111E005
:1049400001227B699A4013001B04DB431A003B6978
:1049500013403B6101227B699A4013001B043A69B2
:1049600013433B618023DB053A691A613B685A684F
:104970008023DB03134030D08023DB055B693B6180
:104980007A689023DB059A4211D101227B699A4013
:104990001300DB431A003B6913403B6101227B6932
:1049A0009A4013001A003B6913433B6111E0012256
:1049B0007B699A4013001B04DB431A003B691340D8
:1049C0003B6101227B699A4013001B043A6913433F
:1049D0003B618023DB053A695A613B685A68802352
:1049E0005B02134030D08023DB059B693B617A6812
:1049F0009023DB059A4211D101227B699A40130072
:104A0000DB431A003B6913403B6101227B699A40FA
:104A100013001A003B6913433B6111E001227B69DB
:104A20009A4013001B04DB431A003B6913403B61AF
:104A300001227B699A4013001B043A6913433B61CE
:104A40008023DB053A699A617B6901337B613B68AE
:104A50001A687B69DA40131E00D067E6C046C0467C
:104A6000BD4606B080BD80B582B000AF786008005A
:104A70001100BB1C021C1A807B1C0A1C1A707B1CB8
:104A80001B78002B04D0BB1C1A887B689A6103E05A
:104A9000BB1C1A887B689A62C046BD4602B080BDC6
:104AA00080B584B000AF78600A00BB1C1A807B68B8
:104AB0005B69FB60BB1C1B88FA6813401A04FB6827
:104AC000DB43B91C09880B401A437B689A61C046D6
:104AD000BD4604B080BD80B582B000AF78600A00EA
:104AE000BB1C1A807A689023DB059A4209D1802387
:104AF000DB05DB69BA1C128813405A1E9341DBB2F6
:104B000009E08023DB05DB69BA1C1288120413401C
:104B10005A1E9341DBB2002B17D07A689023DB0535
:104B20009A4205D18023DB05BA1C1288DA6105E0C0
:104B3000BB1C1A888023DB051204DA61BB1C1A88AF
:104B40007B6811001800FEF777FDC046BD4602B035
:104B500080BD000080B582B000AF78607B68002B1C
:104B600001D101238FE07B6841229B5CDBB2002BEB
:104B700007D17B684022002199547B681800FCF71C
:104B80006DFC7B684122242199547B681B681A685C
:104B90007B681B6801218A431A607B685A687B68BE
:104BA0001B683B490A401A617B681B689A687B68EE
:104BB0001B6838490A409A607B68DB68012B08D182
:104BC0007B689A687B681B68802109020A439A60A7
:104BD00007E07B689A687B681B68842109020A43A6
:104BE0009A607B68DB68022B09D17B681B685A6876
:104BF0007B681B68802109010A435A6007E07B68D3
:104C00001B685A687B681B6823490A405A607B68A6
:104C10001B685A687B681B6820490A435A607B6896
:104C20001B68DA687B681B681A490A40DA607B688F
:104C30001A697B685B691A4311007B689B691A02D9
:104C40007B681B680A43DA607B68D9697B681A6AEB
:104C50007B681B680A431A607B681B681A687B685C
:104C60001B6801210A431A607B6800225A647B6832
:104C70004122202199547B6800221A637B684222DA
:104C80000021995400231800BD4602B080BDC046E3
:104C9000FFFFFFF0FF7FFFFFFFF7FFFF0080000235
:104CA00090B589B002AFF8600C00100019000A231B
:104CB000FB18221C1A800823FB18021C1A80BB1D3B
:104CC0000A1C1A80FB6841229B5CDBB2202B00D0BF
:104CD0000CE1BB6A002B04D02C23FB181B88002B93
:104CE00005D1FB68802292005A640123FFE0FB6833
:104CF00040229B5C012B01D10223F8E0FB6840229B
:104D000001219954FFF714FA03007B6180231902F3
:104D1000F8687B6900931923012200F00BFB031E46
:104D200001D00123E3E0FB68412221219954FB6873
:104D3000422240219954FB6800225A64FB68BA6AF7
:104D40005A62FB682C22BA1812885A85FB68002226
:104D50005A63BB1D1C880823FB181A880A23FB18FA
:104D60001988F8687B6901933B6B0093230000F07E
:104D7000F9F9031E05D0FB68402200219954012354
:104D8000B5E0FB685B8D9BB2FF2B11D9FB68FF225E
:104D90001A85FB681B8DDAB280235C040A23FB189A
:104DA0001988F86800230093230000F09DFC12E0AE
:104DB000FB685B8D9AB2FB681A85FB681B8DDAB2C3
:104DC00080239C040A23FB181988F86800230093A9
:104DD000230000F089FC7A69396BFB68180000F049
:104DE00001FB031E01D0012381E0FB685B6A1A7896
:104DF000FB681B689A62FB685B6A5A1CFB685A6214
:104E0000FB685B8D9BB2013B9AB2FB685A85FB68DD
:104E10001B8D013B9AB2FB681A85FB685B8D9BB2C8
:104E2000002B3AD0FB681B8D002B36D13A6BF8680B
:104E30007B69009313000022802100F07BFA031E9F
:104E400001D0012353E0FB685B8D9BB2FF2B11D98E
:104E5000FB68FF221A85FB681B8DDAB280235C0495
:104E60000A23FB181988F86800230093230000F038
:104E70003BFC12E0FB685B8D9AB2FB681A85FB680D
:104E80001B8DDAB280239C040A23FB181988F8686A
:104E900000230093230000F027FCFB685B8D9BB28E
:104EA000002B98D17A69396BFB68180000F0E0FAA2
:104EB000031E01D001231AE0FB681B682022DA617F
:104EC000FB681B685A68FB681B680B490A405A60FC
:104ED000FB68412220219954FB6842220021995409
:104EE000FB68402200219954002300E002231800AF
:104EF000BD4607B090BDC04600E800FE90B589B041
:104F000002AFF8600C00100019000A23FB18221CE5
:104F10001A800823FB18021C1A80BB1D0A1C1A8069
:104F2000FB6841229B5CDBB2202B00D010E1BB6A06
:104F3000002B04D02C23FB181B88002B05D1FB6809
:104F4000802292005A64012303E1FB6840229B5CAB
:104F5000012B01D10223FCE0FB684022012199547E
:104F6000FFF7E6F803007B6180231902F8687B698C
:104F700000931923012200F0DDF9031E01D0012363
:104F8000E7E0FB68412222219954FB68422240213C
:104F90009954FB6800225A64FB68BA6A5A62FB683B
:104FA0002C22BA1812885A85FB6800225A63BB1D4E
:104FB0001C880823FB181A880A23FB181988F8682C
:104FC0007B6901933B6B0093230000F02FF9031ED4
:104FD00005D0FB684022002199540123B9E0FB6809
:104FE0005B8D9BB2FF2B11D9FB68FF221A85FB68F2
:104FF0001B8DDAB280235C040A23FB181988F86839
:10500000564B0093230000F06FFB12E0FB685B8DB2
:105010009AB2FB681A85FB681B8DDAB280239C0468
:105020000A23FB181988F8684C4B0093230000F002
:105030005BFB3A6BF8687B69009313000022042144
:1050400000F078F9031E01D0012382E0FB681B68A1
:105050005A6AFB685B6AD2B21A70FB685B6A5A1CB8
:10506000FB685A62FB681B8D013B9AB2FB681A858C
:10507000FB685B8D9BB2013B9AB2FB685A85FB686B
:105080005B8D9BB2002B3AD0FB681B8D002B36D179
:105090003A6BF8687B69009313000022802100F0CE
:1050A00049F9031E01D0012353E0FB685B8D9BB2DD
:1050B000FF2B11D9FB68FF221A85FB681B8DDAB222
:1050C00080235C040A23FB181988F86800230093E6
:1050D000230000F009FB12E0FB685B8D9AB2FB68CD
:1050E0001A85FB681B8DDAB280239C040A23FB1807
:1050F0001988F86800230093230000F0F5FAFB6894
:105100005B8D9BB2002B94D17A69396BFB681800D8
:1051100000F0AEF9031E01D001231AE0FB681B6802
:105120002022DA61FB681B685A68FB681B680C491F
:105130000A405A60FB68412220219954FB684222B0
:1051400000219954FB68402200219954002300E07B
:1051500002231800BD4607B090BDC0460024008061
:1051600000E800FEB0B586B002AFF8600C00100099
:1051700019000A257B19221C1A800823FB18021C1F
:105180001A80BB1D0A1C1A80BB1D1B88DAB2802343
:105190005C047B191988F868234B0093230000F006
:1051A000A3FA7A6A396AFB68180000F01BF9031E3B
:1051B00001D0012333E0BB1D1B88012B07D108233D
:1051C000FB181B88DAB2FB681B689A6219E0082397
:1051D000FB181B881B0A9BB2DAB2FB681B689A6239
:1051E0007A6A396AFB68180000F0FCF8031E01D0E7
:1051F000012314E00823FB181B88DAB2FB681B6844
:105200009A623A6AF8687B6A009313000022802150
:1052100000F090F8031E01D0012300E000231800E5
:10522000BD4604B0B0BDC04600200080B0B586B019
:1052300002AFF8600C00100019000A257B19221C2F
:105240001A800823FB18021C1A80BB1D0A1C1A8036
:10525000BB1D1B88DAB27B191988F868234B0093B1
:10526000002300F041FA7A6A396AFB68180000F0FE
:10527000B9F8031E01D0012333E0BB1D1B88012BAD
:1052800007D10823FB181B88DAB2FB681B689A62F7
:1052900019E00823FB181B881B0A9BB2DAB2FB68D3
:1052A0001B689A627A6A396AFB68180000F09AF8FB
:1052B000031E01D0012314E00823FB181B88DAB277
:1052C000FB681B689A623A6AF8687B6A009313006D
:1052D0000022402100F02EF8031E01D0012300E03F
:1052E00000231800BD4604B0B0BDC04600200080B9
:1052F00080B582B000AF78607B681B689B69022232
:105300001340022B03D17B681B6800229A627B68E2
:105310001B689B6901221340012B07D07B681B6827
:105320009A697B681B6801210A439A61C046BD46A1
:1053300002B080BD80B584B000AFF860B9603B605A
:10534000FB1D1A703AE0BA693968FB68180000F072
:10535000D3F8031E01D0012340E03B6801332DD078
:10536000FEF7E6FE0200BB69D31A3A689A4202D3FE
:105370003B68002B22D1FB681B689B69BA6813400D
:10538000BA68D31A5A425341DBB21A00FB1D1B788C
:105390009A4213D1FB685B6C20221A43FB685A6463
:1053A000FB68412220219954FB6842220021995434
:1053B000FB6840220021995401230FE0FB681B6821
:1053C0009B69BA681340BA68D31A5A425341DBB298
:1053D0001A00FB1D1B789A42B5D000231800BD4669
:1053E00004B080BD80B584B000AFF860B9607A6069
:1053F00032E07A68B968FB68180000F07DF8031E97
:1054000001D0012330E0BB68013325D0FEF790FEC8
:1054100002007B68D31ABA689A4202D3BB68002B99
:105420001AD1FB681B689B6902221340022B13D020
:10543000FB685B6C20221A43FB685A64FB684122BC
:1054400020219954FB68422200219954FB68402294
:1054500000219954012307E0FB681B689B69022225
:105460001340022BC5D100231800BD4604B080BDF7
:1054700080B584B000AFF860B9607A602FE07A68D8
:10548000B968FB68180000F037F8031E01D001234B
:105490002DE0FEF74DFE02007B68D31ABA689A42EF
:1054A00002D3BB68002B1AD1FB681B689B692022C2
:1054B0001340202B13D0FB685B6C20221A43FB683F
:1054C0005A64FB68412220219954FB684222002142
:1054D0009954FB68402200219954012307E0FB689E
:1054E0001B689B6920221340202BC8D10023180081
:1054F000BD4604B080BD000080B58AB000AFF86042
:10550000B9607A602723FB1800221A70FB681B68B9
:105510009B69BB6100233B627B68FB61BB69102216
:10552000134000D179E0FB681B681022DA6157E074
:105530002722BB18BA1812781A70BB6801334FD0F3
:10554000FEF7F6FD0200FB69D31ABA689A4202D34D
:10555000BB68002B44D1FB681B685A688023DB01C1
:1055600013407B6113203B18FA684221525C1A7089
:10557000FB681B689A6980231B021A4080231B0268
:105580009A4226D17A698023DB019A4221D03B18C6
:105590001B78202B1DD0FB681B685A68FB681B68B2
:1055A0008021C9010A435A60FEF7C2FD0300FB6176
:1055B0000FE0FEF7BDFD0200FB69D31A192B08D9D5
:1055C0003B6A202213433B622723FB1801221A70F7
:1055D00006E0FB681B689B6920221340202BE8D162
:1055E000FB681B689B6920221340202B04D02723D3
:1055F000FB181B78002B9BD02723FB181B78002B54
:1056000003D1FB681B682022DA613B6A0422134342
:105610003B622723FB1801221A70FB681B689B69F9
:10562000BB61BA6980235B0013400CD03B6A012246
:1056300013433B62FB681B6880225200DA61272318
:10564000FB1801221A70BA698023DB0013400CD0CA
:105650003B6A082213433B62FB681B688022D2002E
:10566000DA612723FB1801221A70BA6980239B0094
:1056700013400CD03B6A022213433B62FB681B6859
:1056800080229200DA612723FB1801221A70272357
:10569000FB181B78002B1DD0FB681800FFF728FEB5
:1056A000FB681B685A68FB681B680E490A405A6011
:1056B000FB685A6C3B6A1A43FB685A64FB684122D8
:1056C00020219954FB68422200219954FB68402212
:1056D000002199542723FB181B781800BD460AB0F7
:1056E00080BDC04600E800FE90B587B000AFF8600E
:1056F000080011007B600A243B19021C1A80092053
:105700003B180A1C1A703B191B889B059A0D3B1805
:105710001B781904FF231B040B401A437B681A43B0
:10572000BB6A13435B005B087B61FB681B685B68BB
:10573000BA6A510D8022D2000A4007490A43D24377
:105740001A401100FB681B687A690A435A60C04618
:10575000BD4607B090BDC046FF63FF0380B582B071
:1057600000AF786039607B6841229B5CDBB2202B04
:1057700038D17B6840229B5C012B01D1022332E0AF
:105780007B684022012199547B684122242199544D
:105790007B681B681A687B681B6801218A431A6052
:1057A0007B681B681A687B681B6811490A401A608D
:1057B0007B681B6819687B681B683A680A431A6033
:1057C0007B681B681A687B681B6801210A431A60A2
:1057D0007B684122202199547B6840220021995402
:1057E000002300E002231800BD4602B080BDC04681
:1057F000FFEFFFFF80B584B000AF786039607B6851
:1058000041229B5CDBB2202B39D17B6840229B5C20
:10581000012B01D1022333E07B68402201219954FE
:105820007B684122242199547B681B681A687B6835
:105830001B6801218A431A607B681B681B68FB6038
:10584000FB68114A1340FB603B681B02FA68134374
:10585000FB607B681B68FA681A607B681B681A68C3
:105860007B681B6801210A431A607B684122202162
:1058700099547B68402200219954002300E00223C0
:105880001800BD4604B080BDFFF0FFFF80B584B0B6
:1058900000AF78600F23FB1800221A707B68002B82
:1058A00032D07B681B79DBB2002B03D17B681800F8
:1058B000FDF760FF7B6802221A717B681B681A681B
:1058C0007B681B6880210A431A607B681B681A6822
:1058D0007B681B6880218A431A607B681B685A6852
:1058E0007B681B680D210A435A607B681B685A68F5
:1058F0007B681B680D218A435A607B6800229A608E
:105900007B6801221A7103E00F23FB1801221A7031
:105910000F23FB181B781800BD4604B080BD80B56E
:1059200084B000AF78607B681B689B68FB607B6815
:105930001B685B68BB60FB680822134019D0BB681A
:105940000822134015D07B689B6801221A437B68AC
:105950009A607B681B685A687B681B6808210A4349
:105960005A607B681B685A687B681B6808218A43F9
:105970005A60FB680422134019D0BB68042213400C
:1059800015D07B689B6802221A437B689A607B680B
:105990001B685A687B681B6804210A435A607B684D
:1059A0001B685A687B681B6804218A435A607B68BD
:1059B0009B68002B03D07B68180004F0C3FAFB68D7
:1059C000012213401AD0BB680122134016D07B6815
:1059D0001B685A687B681B6801210A435A607B6810
:1059E0001B685A687B681B6801218A435A607B6880
:1059F00001221A717B68180004F096FAC046BD4671
:105A000004B080BD80B500AF044B1A69034B04217C
:105A10008A431A6130BFC046BD4680BD00ED00E03C
:105A200080B584B000AF786039600F23FB18002286
:105A30001A707B68002B03D07B68012B0ED01BE013
:105A4000134B196A124B3A680A431A62104B5A6A8E
:105A50003B68D9430E4B0A405A6212E00C4B996ADC
:105A60000B4B3A680A439A62094BDA6A3B68D9439E
:105A7000074B0A40DA6204E00F23FB1801221A7078
:105A8000C0460F23FB181B781800BD4604B080BD2C
:105A90000000504880B584B000AF786039600F23B3
:105AA000FB1800221A707B68002B03D07B68012B47
:105AB00008D00FE00D4B1A6A3B68D9430B4B0A40E4
:105AC0001A620CE0094B9A6A3B68D943074B0A40BB
:105AD0009A6204E00F23FB1801221A70C0460F23BC
:105AE000FB181B781800BD4604B080BD000050486C
:105AF00080B584B000AF786039600F23FB180022B6
:105B00001A707B68002B03D07B68012B08D00FE054
:105B10000D4B5A6A3B68D9430B4B0A405A620CE062
:105B2000094BDA6A3B68D943074B0A40DA6204E062
:105B30000F23FB1801221A70C0460F23FB181B7895
:105B40001800BD4604B080BD0000504880B582B04A
:105B500000AF7860044B1B68034B7A681A60C0463C
:105B6000BD4602B080BDC046C000002080B582B0F6
:105B700000AF7860074B5B68074A134019007B68E9
:105B80001B021B041A0C034B0A435A60C046BD4655
:105B900002B080BDC0000020FF00FFFF80B582B0D2
:105BA00000AF7860084B5B68084A134019007B68B7
:105BB0001A04FF231B041A40034B0A435A60C046D1
:105BC000BD4602B080BDC046C0000020FFFF00FF00
:105BD00080B582B000AF7860064B5B681B02190A83
:105BE0007B681A06034B0A435A60C046BD4602B0A2
:105BF00080BDC046C000002080B582B000AF786094
:105C0000074B9B68FF22934319007B68FF221A40D1
:105C1000034B0A439A60C046BD4602B080BDC046F1
:105C2000C000002080B582B000AF7860074B9B6851
:105C3000074A134019007B681B021B041A0C034B14
:105C40000A439A60C046BD4602B080BDC000002035
:105C5000FF00FFFF80B582B000AF7860084B9B6803
:105C6000084A134019007B681A04FF231B041A40DA
:105C7000034B0A439A60C046BD4602B080BDC04691
:105C8000C0000020FFFF00FF80B582B000AF786049
:105C9000064B9B681B02190A7B681A06034B0A43D2
:105CA0009A60C046BD4602B080BDC046C00000201C
:105CB00080B582B000AF7860074BDB68FF2293436A
:105CC00019007B68FF221A40034B0A43DA60C04682
:105CD000BD4602B080BDC046C000002080B582B085
:105CE00000AF7860074BDB68074A134019007B68F8
:105CF0001B021B041A0C034B0A43DA60C046BD4664
:105D000002B080BDC0000020FF00FFFF80B582B060
:105D100000AF7860084BDB68084A134019007B68C5
:105D20001A04FF231B041A40034B0A43DA60C046DF
:105D3000BD4602B080BDC046C0000020FFFF00FF8E
:105D400080B582B000AF7860084BDB68084A13402A
:105D500019007B681A06FC239B051A40034B0A4373
:105D6000DA60C046BD4602B080BDC046C00000201B
:105D7000FFFFFFC080B582B000AF7860074B1B69A2
:105D8000FF22934319007B68FF221A40034B0A430A
:105D90001A61C046BD4602B080BDC046C0000020AA
:105DA00080B500AF044B5A69034B04210A435A6182
:105DB000C046BD4680BDC046C000002080B500AFD3
:105DC000044B5A69034B802109040A435A61C046B7
:105DD000BD4680BDC000002080B500AF044B5A69AD
:105DE000034B802189050A435A61C046BD4680BDE8
:105DF000C000002080B500AF044B5A69034B8021DE
:105E0000C9050A435A61C046BD4680BDC000002096
:105E100080B582B000AF78607B68DB680322934373
:105E20001A007B68DA60C046BD4602B080BD80B50E
:105E300082B000AF78607B68DB68032293431A006E
:105E40007B68DA60C046BD4602B080BD80B582B0D6
:105E500000AF78607B689B6A034A1A407B689A624D
:105E6000C046BD4602B080BDFFFFFFBF90B58DB0FC
:105E700000AF7860144B7B61144B1B68144A93424B
:105E80002AD1144B1B681B0A0F221340FB62114BD3
:105E90001B681B0B0F221340BB620E4B1B681B0CB5
:105EA0000F2213407B620B4B1B681B0D0722134014
:105EB0003B62084B1B681B0E07221340FB611B2330
:105EC000FB1801221A7011E040080020F81E001093
:105ED000CCECBCFCE81E00100823FB620723BB626D
:105EE00008237B621B23FB1800221A70FC4B002244
:105EF0001A717B68002B03D07B681800FDF7C0FC8B
:105F0000C023DB051800FFF783FFC023DB05180063
:105F1000FFF78DFFF34B1800FFF798FFF24A9E231F
:105F20009B00D3580F2293431A007B6A0F210B402A
:105F3000ED491A439E239B00CA50EB4A9D239B00C8
:105F4000D358F02293431A00BB6A1B01FF210B4078
:105F5000E5491A439D239B00CA50E34A9D239B00B9
:105F6000D3580F2293431A00FB6A0F210B40DE49DE
:105F70001A439D239B00CA501B23FB181B78002B40
:105F80001ED0D94A92239B00D358072293431A006C
:105F90003B6A07210B40D4491A4392239B00CA5005
:105FA000D14A92239B00D358382293431A00FB69AD
:105FB000DB0038210B40CC491A4392239B00CA5086
:105FC000C94AA4235B00D358FF229343C6495522F4
:105FD0001A43A4235B00CA50C34AAA235B00D358C8
:105FE000FF229343C04966221A43AA235B00CA508A
:105FF000BD4AB4235B00D358FF229343BA495522CC
:106000001A43B4235B00CA50B74AC4235B00D35879
:10601000FF229343B4491D221A43C4235B00CA5094
:10602000B14AC2235B00D358FF229343AE495922A1
:106030001A43C2235B00CA50AB4AC6235B00D35845
:10604000FF229343A84932221A43C6235B00CA5059
:10605000A54AB6235B00D358A34901221A43B623AD
:106060005B00CA504020FFF781FD3F20FFF796FDFF
:106070000920FFF7ADFD7420FFF7ECFD3820FFF796
:1060800003FE7620FFF7B8FD3A20FFF7CBFD102086
:10609000FFF73CFE1020FFF753FE0520FFF76AFED6
:1060A0001420FFF705FE0520FFF718FEFFF778FE26
:1060B000FFF784FEFFF790FE13203B1800221A70B2
:1060C0003B181B783A18591C11701A007B699B18F1
:1060D00001221A703B181B783A18591C11701A00CB
:1060E0007B699B185E221A707F4A9E239B00D158C1
:1060F0003B181B7804003A18581C10701A007B6972
:106100009B18CAB21A7020003B181B783A18591C09
:1061100011701A007B699B1801221A703B181B78BA
:106120003A18591C11701A007B699B185D221A706D
:106130006D4A9D239B00D1583B181B7804003A18E8
:10614000581C10701A007B699B18CAB21A70200084
:106150003B181B783A18591C11701A007B699B1860
:1061600001221A703B181B783A18591C11701A003A
:106170007B699B1852221A705B4A92239B00D1586C
:106180003B181B7804003A18581C10701A007B69E1
:106190009B18CAB21A7020003B181B783A18591C79
:1061A00011701A007B699B1801221A703B181B782A
:1061B0003A18591C11701A007B699B1812221A7028
:1061C000494AA4235B00D1583B181B7804003A18B5
:1061D000581C10701A007B699B18CAB21A702000F4
:1061E0003B181B783A18591C11701A007B699B18D0
:1061F00001221A703B181B783A18591C11701A00AA
:106200007B699B1815221A70374AAA235B00D15864
:106210003B181B7804003A18581C10701A007B6950
:106220009B18CAB21A7020003B181B783A18591CE8
:1062300011701A007B699B1801221A703B181B7899
:106240003A18591C11701A007B699B181A221A708F
:10625000254AB4235B00D1583B181B7804003A1838
:10626000581C10701A007B699B18CAB21A70200063
:106270003B181B783A18591C11701A007B699B183F
:1062800001221A703B181B783A18591C11701A0019
:106290007B699B1822221A70134AC4235B00D158D1
:1062A0003B181B7804003A18581C10701A007B69C0
:1062B0009B18CAB21A7020003B181B783A18591C58
:1062C00011701A007B699B1801221A703B181B7809
:1062D0003A18591C11701A007B699B1806E0C046D9
:1062E000C0000020001800600014006021221A7015
:1062F000494AC2235B00D1583B181B7804003A1866
:10630000581C10701A007B699B18CAB21A702000C2
:106310003B181B783A18591C11701A007B699B189E
:1063200001221A703B181B783A18591C11701A0078
:106330007B699B1823221A70374AC6235B00D15809
:106340003B181B7804003A18581C10701A007B691F
:106350009B18CAB21A7020003B181B783A18591CB7
:1063600011701A007B699B1801221A703B181B7868
:106370003A18591C11701A007B699B181B221A705D
:10638000254AB6235B00D1583B181B7804003A1805
:10639000581C10701A007B699B18CAB21A703B19FE
:1063A0001B783A19591C11701A007B699B1800223E
:1063B0001A701A4A1A4B1A60184A194B5A60194A2D
:1063C000174B9A60164B0022DA60154B1B681800B9
:1063D000FFF7BCFB104B01221A61FFF70BFDC02336
:1063E000DB055B68FB60C023DB05FA685A600E4B77
:1063F0005A6C0D4B01210A435A640B4B1A6C0A4B21
:1064000001210A431A64C023DB055B68FB60C046B8
:10641000BD460DB090BDC04600140060400800208D
:10642000300800203C0800200018006080B586B0CD
:1064300000AF244AA9239B00D358FB60214AAA231A
:106440009B00D358BB60BB681B021B041A0CFB6883
:10645000FF210B4013433B611A4AAB239B00D358E7
:106460007B603B69002B02D07B680B2B02D97F231A
:106470007B6120E07A6813005B009B185B00773B30
:106480007B6105E07B6906337B613B695B083B61AF
:106490003B691E2BF6D83A6913005B009B189B00E2
:1064A0009B185B019B18084A944663449B0A1A0098
:1064B0007B699B187B617B695BB21800BD4606B0A7
:1064C00080BDC04600140060A046000080B582B0C8
:1064D00000AFC023DB05DB697B60C023DB055B68A5
:1064E0003B60C023DB053A685A6000F015FE7A680D
:1064F0003B681343180006F07DF800F0F7FDC02359
:10650000DB055B683B60C046BD4602B080BD80B520
:1065100000AF05F081FEC046BD4680BD80B582B0AB
:1065200000AF0200FB1D1A70FB1D1B787F2B09D8E2
:10653000FB1D1B781A001F231A40044B01219140B8
:106540000A001A60C046BD4602B080BD00E100E00E
:1065500080B582B000AF78607B68DB68032293432C
:1065600002221A437B68DA60C046BD4602B080BD95
:1065700080B582B000AF78607B68DB68032293430C
:106580001A007B68DA60C046BD4602B080BD80B5A7
:1065900082B000AF78607B68DB6803221340022B77
:1065A00001D1012300E000231800BD4602B080BDE8
:1065B00080B582B000AF78607B68DB6803229343CC
:1065C0001A007B68DA60C046BD4602B080BD80B567
:1065D00082B000AF78607B68DB6803221340032B36
:1065E00001D1012300E000231800BD4602B080BDA8
:1065F00080B582B000AF786039607B683A681A6114
:10660000C046BD4602B080BD80B582B000AF7860A4
:106610007B689B6A8022D2051A437B689A62C046D7
:10662000BD4602B080BD000080B582B000AF78608A
:106630007B689B6A034A1A407B689A62C046BD46E3
:1066400002B080BDFFFFFFBF80B582B000AF7860B1
:106650007B681B6B8022D2051A437B681A63C04695
:10666000BD4602B080BD000080B582B000AF78604A
:106670007B681B6B034A1A407B681A63C046BD46A1
:1066800002B080BDFFFFFFBF80B582B000AF786071
:106690000A00FB1C1A70FB1C1A787B689A60C046C3
:1066A000BD4602B080BD80B582B000AF7860396071
:1066B0007B683A685A62C046BD4602B080BD80B56C
:1066C00082B000AF786039607B683A68DA62C046B1
:1066D000BD4602B080BD80B582B000AF78607B68F7
:1066E0001B691800BD4602B080BD80B582B000AF06
:1066F00078607B689B6A802292051A437B689A6265
:10670000C046BD4602B080BD80B582B000AF7860A3
:106710000A00FB1C1A70084B9B6A0722934319005E
:10672000FB1C1B7807221A40034B0A439A62C0469F
:10673000BD4602B080BDC0460018006080B582B082
:1067400000AF78607B681B6C01221A437B681A6477
:10675000C046BD4602B080BD80B582B000AF786053
:106760007B689B6C01221A437B689A64C046BD46D5
:1067700002B080BD80B582B000AF78607B685B6C92
:1067800001221A437B685A64C046BD4602B080BDF0
:1067900080B582B000AF78607B685B6C01221340EB
:1067A000012B01D1012300E000231800BD4602B0F7
:1067B00080BD80B582B000AF78607B68DB6C012261
:1067C0001A437B68DA64C046BD4602B080BD80B51E
:1067D00082B000AF78607B68DB6C01221340012B34
:1067E00001D1012300E000231800BD4602B080BDA6
:1067F00080B582B000AF786039607B683A685A60D3
:10680000C046BD4602B080BD80B582B000AF7860A2
:106810007B6800229A60C046BD4602B080BD80B54C
:1068200082B000AF78607B689B681800BD4602B0FC
:1068300080BD80B582B000AF78607B68DB681800EF
:10684000BD4602B080BD80B582B000AF78607B6885
:106850001B6901221A437B681A61C046BD4602B01B
:1068600080BD80B582B000AF78607B681B69012273
:106870001340012B01D1012300E000231800BD4685
:1068800002B080BDF0B583B000AF78607C4B1800DB
:10689000FFF78FFF7A4B1800FFF75EFF1720FFF717
:1068A0003DFE1420FFF73AFE754B1800FFF762FF1C
:1068B000734B1800FFF742FF1820FFF72FFE7B688D
:1068C0001B881A1C93B2C82B01D2C8231A1C93B27E
:1068D00019006C4B982299507B685B685A1E934153
:1068E000DBB21A00674B1A70664B1B78002B03D182
:1068F0007B689B78002B02D000F04CFD10E0614BD0
:10690000C82252031A625F4BC8225203DA615D4B00
:106910005D4A9A615B4B5D4A1A615A4B5C4A5A6107
:106920007B685B68002B08D1A023DB05180000F012
:10693000FFFB0200534B5A601DE07B685B681B0342
:106940000A211800F9F76AFC03001A004D4B5A603F
:106950004C4B5E684F4B180000F0EAFB03009E4270
:1069600002D2484B5A6804E04A4B180000F0E0FBA2
:106970000200444B5A60434B00221A727B681B880A
:106980001A00404B9A663F4B9B6E9AB23D4B9B69F7
:106990001900100000F072FE3A4B84220021995435
:1069A0003849002200230A674B67354B1800FFF770
:1069B00092FE0200334B80215A50324900220023BC
:1069C0008A67CB672F49002200238A62CB622D4B56
:1069D0003422002199542B4B58682A4B9B6919008B
:1069E0002D4B1A00F9F76CFB0200264B1A63254B5E
:1069F0001978244B94229954224B8C2200219950CF
:106A0000204B9022012199541E4B9322002199542E
:106A10001C4B9122002199541A4B92220021995427
:106A2000184B612200219954164B6222002199547F
:106A3000144B6322002199541249002200238A65D5
:106A4000CB65104B154A9A640E4B00225A6500F034
:106A500085FB02000B000B4949680C0000210D006A
:106A600012196B410E49080000F05EFE054B012132
:106A7000180000F03FFDC046BD4603B0F0BDC04663
:106A80000018006060080020C2F528008D5B00003F
:106A9000ECEB6501FFEFFFFF26030000D976041041
:106AA000A0080020B0B594B000AF0B2308229B18BB
:106AB000DB1900221A70EFF310833B633B6BBB645E
:106AC00072B6C046C34B61229B5C002B0FD0C14BFA
:106AD0009C6DDD6D00F042FB02000B00AB4202D862
:106AE00005D1A24203D9BB4B612200219954BB6C52
:106AF000FB62FB6A83F31088C04672E0B54B9122BB
:106B0000995CB44B92229A5C372308201B18DB193E
:106B10008A1A1A70AF4B8C229B580C22BA1811009B
:106B2000180001F007F80200AA4B8C215A50FB68AC
:106B3000FB6410E0FB6C1B697B63FB6C00221A7327
:106B4000FB6C9B68002B04D0FB6C9B68FA6C1000FC
:106B500098477B6BFB64FB6C002BEBD19D4B8C222D
:106B60009B580B2408256219D2191100180000F057
:106B7000A3FE0200974B8C215A506319DB191B7836
:106B8000012B21D1EFF31083BB62BB6ABB6372B6EA
:106B9000C046904B91229B5C01338E4A9221525CFD
:106BA000934203D18B4B91229B5C04E0894B912251
:106BB0009B5C0133DBB2874A91215354BB6B7B62F0
:106BC0007B6A83F31088C046824B92229A5C3723FB
:106BD00008215B18DB191B78D318D9B27D4B9222A0
:106BE00099547C4B91229A5C7A4B92215B5C9A423D
:106BF0000AD3784B91229A5C764B92215B5CD31A34
:106C00005A1E9341DBB20CE0724B91229B5C19003F
:106C1000704B92229B5CCB1A0133FF335A1E934177
:106C2000DBB2002B00D069E76A4B1B7A002B00D146
:106C3000B0E0694B1800FFF714FE031E00D1C5E059
:106C4000644B00221A72634B94229B5C002B09D187
:106C5000604B93229B5C002B04D05E4B932200215F
:106C6000995437E000F0B0FF5A4B8C229B580B240C
:106C700008256219D2191100180000F01DFE02004B
:106C8000544B8C215A506319DB191B78012B21D1ED
:106C9000EFF310833B623B6A7B6472B6C0464D4B98
:106CA00091229B5C01334B4A9221525C934203D167
:106CB000484B91229B5C04E0464B91229B5C013344
:106CC000DBB2444A912153547B6CFB61FB6983F333
:106CD0001088C0463F4B9C229B5C002B44D03D4B10
:106CE0009C22002199543B4B6222012199540B2490
:106CF00008256319DA19394B1100180001F018F84A
:106D0000344B8C229B586219D2191100180000F0E4
:106D1000D3FD02002F4B8C215A506319DB191B78CD
:106D2000012B21D1EFF31083BB61BB693B6472B6C9
:106D3000C046284B91229B5C0133264A9221525C2B
:106D4000934203D1234B91229B5C04E0214B91227F
:106D50009B5C0133DBB21F4A912153543B6C7B6136
:106D60007B6983F31088C0461D4B180000F058FA69
:106D700000F0F4F902000B0016494968396000215F
:106D800079603868796812184B411549080000F09D
:106D9000CBFC1BE00F4B1B78002B17D000F0DEF96B
:106DA0000C4B9A6ADB6AFA246403002512196B41C2
:106DB000994203D80AD1904200D807E0084B180046
:106DC00000F02EFA064B180000F086FCC046BD46C7
:106DD00014B0B0BD6008002000100060B8080020AA
:106DE000A008002080B582B000AF7860C023DB052A
:106DF0005B697A681100180001F0CEF902000B00FF
:106E000010001900BD4602B080BD0000F0B589B089
:106E100000AFF860080011000B23FB18021C1A7069
:106E20000A23FB180A1C1A700F260823F318DB1913
:106E300000221A700B23FB181B785A1E9341D9B2FB
:106E4000544B642299540A23FB181B785A1E934111
:106E5000D9B2504B602299544E4B9A6ADB6A4D4925
:106E6000886AC96AF968091A396000217960386846
:106E7000796812184B4147498A65CB65454B6122B9
:106E800000219954434B632200219954414B6222C3
:106E90000121995400F062F902000B00BA61FB6114
:106EA0003C4B8C229B58002B08D10823F318DA198D
:106EB000394B1100180000F03BFF5EE0354B8C228F
:106EC0009B581A685B68F96999422FD8F969994209
:106ED00002D1B969914229D82E4B9A6DDB6D2D49AB
:106EE0008C2009580868496838607960294E9821D3
:106EF0008C4661467658340000263500386879683B
:106F000000196941994202D807D1904205D9214B15
:106F10008C229B581B7B002B08D11E4B8C229B582C
:106F20001B7B01225340DBB2002B20D00F23082211
:106F30009B18DA19184B1100180000F0F9FE154BD8
:106F40009A6DDB6D13498C2009580868496899428D
:106F500012D801D190420FD80E4B8C229B581B7B2C
:106F6000002B09D00B4B95220121995404E000F02D
:106F7000D3FF00F0E7FF00E0C046012000F082FDF3
:106F80000F2308229B18DB191B781800BD4609B097
:106F9000F0BDC04660080020B8080020B0B588B039
:106FA00000AFC023DB051800FFF7E2FAC023DB05C2
:106FB0001800FFF7FDFA354B1800FFF735FB344B8F
:106FC000612200219954324B622200219954304BA6
:106FD000632200219954EFF31083BB60BB68BB614F
:106FE00072B6C0462A4B9C6DDD6D00F0B7F802000A
:106FF0000B00A41A9D4122002B0025498420095C26
:1070000039600021796038687968121A8B413A61D9
:107010007B61BB69FB60FB6883F31088C0461D4B36
:107020005B68DB05DB0D222B01D000F08BFF7B6959
:10703000002B0CDC7B69002B02D13B69002B06D1B5
:10704000172308229B18DB1901221A7015E07B69AF
:10705000002B0CDC7B69002B02D13B690E2B06D880
:10706000172308229B18DB1902221A7005E0172348
:1070700008229B18DB1900221A70172308229B187C
:10708000DB191B781800BD4608B0B0BD00180060C1
:107090006008002000ED00E080B584B000AFEFF3A1
:1070A00010833B603B68FB6072B6C0460E4B180015
:1070B000FFF711FB0300BB60BB681A1DC023DB0593
:1070C00011001800FFF794FAC023DB051800FFF742
:1070D0003FFAFB687B607B6883F31088C046C0463C
:1070E000BD4604B080BDC0460018006080B500AF4A
:1070F000C023DB051800FFF74AFA031E08D1C0239E
:10710000DB051800FFF763FA031E01D100F01AFF38
:10711000C046BD4680BD000080B500AF034B632272
:1071200000219954C046BD4680BDC046600800207D
:1071300080B582B000AF7860064BDB691900064A63
:107140007B681800F8F7BCFF03001800BD4602B0CA
:1071500080BDC046600800203506000080B582B0C2
:1071600000AF3A1D054B1100180000F03DFB020076
:107170000B0010001900BD4602B080BD6008002061
:10718000B0B588B000AFF860B960BB68BB610023E0
:10719000FB61FFF7E3FF38607960BB691B0DFA699B
:1071A00015031D43BB691C030A220023200029008C
:1071B000F9F7D4F902000B00386879688018594152
:1071C00002000B00F968080000F0AEFA02000F247C
:1071D00008256319DB191A70012000F053FC6319AC
:1071E000DB191B781800BD4608B0B0BD90B587B05C
:1071F00000AFF8603A607B603A687B68F968080025
:1072000000F092FA020017243B191A70012000F0D6
:1072100039FC3B191B781800BD4607B090BD000033
:1072200090B589B000AF7860284B8C229B587A6863
:107230001100180000F052FC0300FB610F217B18C5
:1072400000221A707B6800221A73204B8C229B58F4
:10725000FA699A4231D00C007A18FB6911001800C3
:1072600000F02AFB0200194B8C215A503B191B7865
:10727000002B26D0EFF310837B617B69BB6172B674
:10728000C046124B91229B5C0133104A9221525C02
:10729000934203D10D4B91229B5C04E00B4B912256
:1072A0009B5C0133DBB2094A91215354BB693B61BA
:1072B0003B6983F31088C04603E0044B8C21FA69D4
:1072C0005A50C046BD4609B090BDC0466008002077
:1072D00080B582B000AF00237B607B68FA1C0F4B47
:1072E0001100180000F024FD0D4B95229B5C002B33
:1072F00005D00B4B95220021995400F015F8094B4D
:107300001800FFF737FA074B1800FFF741FA0300A0
:107310007B60C046BD4602B080BDC046B8080020B4
:10732000600800200018006080B582B000AF002324
:107330007B607B68154B952200219954144B1800F3
:10734000FFF792F9114B91229B5C01330F4A922176
:10735000525C934203D10D4B91229B5C04E00B4B9A
:1073600091229B5C0133DBB2084A91215354084BB4
:107370001800FFF71EFA064B1800FFF728FA030063
:107380007B60C046BD4602B080BDC046600800209C
:107390000018006080B500AFC0460B4B1800FFF727
:1073A00060FA031EF9D0084B17211800FFF720FAE6
:1073B000064B180000F01EF8054BDA69044B1A6200
:1073C000C046BD4680BDC046001000607008002069
:1073D0006008002080B500AF054B1800FFF733FAB6
:1073E000034B1800FFF710FAC046BD4680BDC046EB
:1073F0000010006080B582B000AF7860FFF7EAFF50
:10740000C046074B1800FFF72CFA031EF9D07B6823
:10741000180000F007F8C046BD4602B080BDC04667
:107420000010006080B58AB000AF78602E4B180065
:10743000FFF7F5F903007B6205E02B4B1800FFF71F
:10744000EEF903007B62284B1800FFF7E8F9020011
:107450007B6A9A42F1D17B6A002BEED0234BFB6111
:107460007B6A1B12BB617B6AFF2213407B61FB6955
:10747000BA695A437B69F9694B431B12D31810331D
:107480005A117B68DA607A6A7B681A60184B3B6134
:10749000154B1800FFF7CDF903003B6205E0124BD6
:1074A0001800FFF7C6F903003B620F4B1800FFF707
:1074B000C0F902003B6A9A42F1D13B6A002BEED040
:1074C0003B6A9B11FB60FB683A695343BB60BB6836
:1074D00080331A127B689A603A6A7B685A60C046A9
:1074E000BD460AB080BDC04600100060F6BC080072
:1074F0005307000090B585B000AF78600A00FB1C10
:107500001A70384B9B7BDBB2002B00DA0733DB10A1
:10751000DAB20F243B1901321A707B689B6919009B
:10752000314B1A001B20F8F7CBFD02002D4BD2B2D5
:107530005A712C4B9B79DBB2180000F06DF80300F8
:10754000D9B27B683D229954264B1B7ADBB21A00D4
:107550003B191B78D318180000F05EF80300D9B26D
:107560007B68382299541F4B5B7ADBB21A003B19B7
:107570001B78D318180000F04FF80300D9B27B68CD
:1075800039229954174B9B7ADBB2180000F044F86B
:107590000300D9B27B683A229954124BDB7ADBB2F2
:1075A000180000F039F80300D9B27B683B229954E7
:1075B000FB1C1B78002B10D00A4B1B7ADBB21A0085
:1075C0003B191B78D318180000F010F80300DBB249
:1075D0001B33D9B27B683C229954C046BD4605B0E6
:1075E00090BDC046C00000202603000080B584B0D6
:1075F00000AF78607B6868225343FB607B68DB22C6
:107600005343BB60FB681A0ABB681B0CD3181800F5
:10761000BD4604B080BD0000B0B588B000AFF860D2
:1076200015494969396000217960F9680A0000212B
:107630000B0038687968F8F7B1FF02000B00100002
:10764000190002000B0092185B4112184B41BA61FD
:10765000FB61BA69FB698020C004002112184B410C
:107660005901D40E0C43DD0E23007B617B691800A9
:10767000BD4608B0B0BDC0466008002080B584B0EB
:1076800000AF02003960BB1D1A80BB1D1B88396822
:107690000E4A1800F8F714FD0300FB60FA68802317
:1076A0005B019A4201DB0A4BFB60FB680F2B01DC9C
:1076B0001023FB60FB681B11DBB2064A19001000A7
:1076C000FEF7E2FFC046BD4604B080BD26030000C1
:1076D000FF0F00000018006080B582B000AF786036
:1076E0000F4B1B7A01225340DBB2002B08D00C4B0E
:1076F0001B78002B01D0FFF76DFE094B01221A7297
:10770000FFF72CFD02000B006420002112184B41F2
:107710000449080000F008F8C046BD4602B080BD2C
:1077200060080020A008002090B589B000AFF86084
:107730003A607B601323FB1800221A70FB681B7BE6
:10774000002B01D0012349E0F9683A687B680A60A0
:107750004B60FB6801221A73224B8C229B58FA68FB
:107760001100180000F05EF90200FB68934230D16E
:1077700013243A19FB681100180000F09DF802006C
:10778000184B8C215A503B191B78002B23D0EFF358
:107790001083BB61BB69FB6172B6C046114B91227D
:1077A0009B5C01330F4A9221525C934203D10D4BF3
:1077B00091229B5C04E00B4B91229B5C0133DBB27A
:1077C000084A91215354FB697B617B6983F31088DC
:1077D00001E000F0B7FB1323FB181B781800BD462F
:1077E00009B090BD60080020B0B58AB000AFF86065
:1077F000B960EFF310837B617B69FB6172B6C046B1
:10780000FB681A6F5B6F3A627B62294B1800FEF7C8
:1078100062FF0200BB681A60BB681A68FB688021BF
:107820005B58D31ABB61FB68DB691900214ABB694D
:107830001800F8F745FC03003B6000237B603A6AC0
:107840007B6A3868796812184B413A627B62FB6840
:107850009A6FDB6F796A994205D3796A994215D19B
:10786000396A914212D2FB68DB691900114A01237F
:107870005B421800F8F724FC03001C0000231D00E5
:107880003A6A7B6A12196B413A627B62F9683A6A1A
:107890007B6A8A67CB67FB693B613B6983F310882E
:1078A000C0463A6A7B6A10001900BD460AB0B0BDF6
:1078B0000018006035060000B0B58EB000AFF8606B
:1078C000B960FB687B63FB683B63BB6800221A708E
:1078D00094E07B6B1B7B002B00D18CE0EFF31083DB
:1078E000FB61FB69FB6272B6C0460E2308215B1880
:1078F000DB1900221A700F235B18DA19474B1100AD
:10790000180000F015FA7B6B1C685D68FFF726FC19
:1079100002000B00A41A9D4122002B003A627B62F8
:107920007B6A002B05DC7B6A002B5AD13B6A002B5B
:1079300057D03B4B9A6DDB6D796B08684968384CC2
:10794000982564593C6000247C603C687D6800197F
:107950006941994202D81BD1904219D9304B61221A
:107960009B5C002B14D02E4B9A6DDB6D796B0868F5
:107970004968994213D801D1904210D8284B61220E
:107980009B5C002B0BD0264B95220121995406E0DD
:107990000E2308229B18DB1901221A7000E0C04652
:1079A0003B6A0E2408256219D2191100180000F054
:1079B00049FA6319DB191B78002B15D0184B62228A
:1079C0009A5C174B61215B5C1343DBB25A1E9341F7
:1079D000D9B2134B62229954114B61220021995460
:1079E00002E0BB6801221A70FB6ABB61BB6983F3CA
:1079F0001088C04606E07B6B1B697B637B6B002BAA
:107A000000D066E7BB681B78002B01D03B6B00E021
:107A10007B6B1800BD460EB0B0BDC046B808002054
:107A20006008002080B586B000AF786039607B6860
:107A30007B6100233B617B68FB6004E07B693B6109
:107A40007B691B697B617B69002B0AD07B691A68A3
:107A50005B683968086849689942EFD801D190425B
:107A6000ECD83B687A691A613B69002B02D13B680C
:107A7000FB6002E03B693A681A61FB681800BD468A
:107A800006B080BD80B582B000AF0200FB1D1A7049
:107A9000FB1D1B78002B10D00E4B90229B5C01220B
:107AA0005340DBB2002B10D00B4B1800FFF714FE35
:107AB000084B90220121995407E0074B1800FFF76B
:107AC000AFFB044B902200219954C046BD4602B042
:107AD00080BDC04660080020A008002080B586B0A8
:107AE00000AF786039607B687B6100233B617B6815
:107AF000FB6004E07B693B617B691B697B617B699F
:107B0000002B03D07A693B689A42F3D17B69002B42
:107B10000BD07A697B689A4203D17B691B69FB6051
:107B200003E07B691A693B691A61FB681800BD466E
:107B300006B080BDB0B588B000AF786039607B68B2
:107B4000FB610023BB617B687B613B687A681A60DC
:107B500000233B6121E0FB691B7B002B15D0FB69F7
:107B60001C685D68FFF7FAFA02000B00A41A9D4139
:107B700022002B00BA60FB60FB68002B11DCFB6865
:107B8000002B02D1BB68052B0BD8FB69BB61FB69DD
:107B90001B69FB613B6901333B61FB69002BDAD157
:107BA00000E0C0463B69002B05D0BB6900221A618A
:107BB000FB697B6102E03B6800221A607B69180068
:107BC000BD4608B0B0BD000080B590B000AF284BF6
:107BD0001B78002B37D03B001800FFF723FC244B09
:107BE0009B6E9AB23B009B6819001000FFF746FDA0
:107BF000EFF310833B633B6BBB6372B6C0461C4B19
:107C00003422012199543B005A68194B5A613B00B8
:107C10009A68174B9A613B001A68154B1A613B0032
:107C2000DA68134BDA61124B180000F023F8BB6BD3
:107C30007B637B6B83F31088C0460D4B00211800DB
:107C4000FFF758FC10E0EFF31083BB62BB6AFB63E5
:107C500072B6C046064B180000F00CF8FB6BFB62D6
:107C6000FB6A83F31088C046C046BD4610B080BD95
:107C700060080020B0B588B000AF78612A4B1800CA
:107C8000FEF729FD0300FB617B691B6ABB617B6911
:107C90009C6ADD6A7B6980229B58FA69D31A234A61
:107CA000B9691800F8F70CFA0300BB600023FB6009
:107CB000BA68FB6812196B4179690A674B677B697F
:107CC0001B78002B1DD17B6980229B58FA69D21A40
:107CD0007B691B6B9A4214D2144AB96901235B4237
:107CE0001800F8F7EDF901007B691A6F5B6F3960D6
:107CF000002179603868796812184B4179690A6700
:107D00004B677B698021FA695A507B691A6F5B6FF8
:107D100079698A62CB627B69DA697B691A62C046DB
:107D2000BD4608B0B0BDC046001800603506000072
:107D3000B0B58AB000AF786039603B6800221A7035
:107D40007B689B7A002B00D175E03D4B9A6ADB6A19
:107D50003B4949680C0000210D0012196B413A6241
:107D60007B62EFF31083FB60FB68FB6172B6C04679
:107D7000FFF7F4F902000B003A617B617B681A6837
:107D80005B68386A796AC824A40200250019694131
:107D9000994212D801D190420FD83A6A7B6AB92031
:107DA0004000002112184B417969994205D8796940
:107DB000994236D13969914233D97B681A685B6838
:107DC0004C204042C117801859413A697B690A2406
:107DD000002512196B41994202D81AD1904218D944
:107DE0007B681A685B6810007B68197B7B681B7A6C
:107DF0001A0000F0D5F803001A003B681A707B687F
:107E000000229A727B6801225A727B680122DA7220
:107E10000BE00B4B6222002199543B6801221A703F
:107E200003E0074B9C2201219954FB69BB60BB68AE
:107E300083F31088C046C046BD460AB0B0BDC046F8
:107E40006008002080B584B000AF786039602F4BA7
:107E50009B6919002E4A7B681800F8F731F9030076
:107E60007B607B68202B00D220237B60294B18008D
:107E7000FEF731FC0300FB607A68FB68D318083317
:107E8000244A19001000FEF71AFC224B1800FEF7D6
:107E90002CFC204B1800FEF7D7FBC023DB05180095
:107EA000FEF775FB031E0DD1C023DB051800FEF79E
:107EB0008EFB031E06D13B681B7801225340DBB2C8
:107EC000002B04D03B6800221A70FB681AE000F017
:107ED00023F8FA687B68D31808330F2293430D4ABE
:107EE00019001000FEF7DFFB0A4B00211800FEF717
:107EF0000BFC084B1800FEF787FB064B1800FEF73B
:107F0000F4FBFB681800BD4604B080BD600800208B
:107F1000260300000018006080B500AF084B1B79F5
:107F2000DBB2074A7F210B40DBB21371044B002206
:107F30009A75034B0022DA75C046BD4680BDC04627
:107F4000C000002080B582B000AF144B8C229B583B
:107F5000FA1D11001800FFF7AFFC02000F4B8C2137
:107F60005A50FB1D1B78012B14D10C4B91229B5CAA
:107F700001330A4A9221525C934203D1074B91226A
:107F80009B5C04E0054B91229B5C0133DBB2034A0E
:107F900091215354C046BD4602B080BD6008002008
:107FA00080B58AB000AF786008001100FB1C021C8D
:107FB0001A70BB1C0A1C1A70FB1C1B78002B15D0F6
:107FC000BB1C1B78002B08D06E4B38229B5C3B629D
:107FD0006C4B3C229B5CFB611DE06A4B39229B5C35
:107FE0003B62684B3C229B5CFB6114E0BB1C1B7832
:107FF000002B08D0634B3A229B5C3B62614B3C22D6
:108000009B5CFB6107E05F4B3B229B5C3B625D4BF3
:108010003C229B5CFB610C23FA185A4B11001800A0
:10802000FFF7E2FB02000B007B689B1A7B61554B5C
:108030009B691900544A7B691800F8F741F803005E
:108040003B61504B9A6EFB69D318C8337A699A42E8
:108050002FD94E4B5B79DBB21A003B699A1A3B6A07
:10806000D31A7B62FA687B6AD318494A1900100058
:10807000FEF719FB464B00211800FEF745FBC02315
:10808000DB051800FEF774FAC023DB051800FEF7C5
:108090008FFA3F4B1800FEF7B7FA3D4B1800FEF77A
:1080A00024FB3A4B5B79DBB21A003B6A9B183B62BC
:1080B00021E0344B3D229B5C1A003B699A1A3B6AD3
:1080C000D31A7B62FA687B6AD218C023DB051100E1
:1080D0001800FEF78DFA2E4B1800FEF7A5FAC02304
:1080E000DB051800FEF734FA264B3D229B5C1A0094
:1080F0003B6A9B183B62FA683B69D218214B882186
:108100005A50224B1B79DBB2204980225242134342
:10811000DBB20B711D4BF0229A751C4BFF22DA75F6
:108120007A6A3B6AD2183B6A05339A4212D2C0235C
:10813000DB051800FEF71CFAC023DB051800FEF76C
:1081400037FA134B1800FEF76FFA1B23FB180122B6
:108150001A7010E00B4BDB6919000E4A3B6A1800DD
:10816000F7F7AEFF0300D9B2064B842299541B23C4
:10817000FB1800221A701B23FB181B781800BD4641
:108180000AB080BD6008002026030000C000002067
:108190000018006035060000B0B584B000AF78600C
:1081A00039600823FA18124B11001800FFF71CFB66
:1081B00002000B0039680A604B60BA687B68D01A0D
:1081C0000B4BDB6919000B4B1A00F7F779FF030023
:1081D000FB603B681A685B68F9680C0000210D00C1
:1081E000121BAB4110001900BD4604B0B0BDC04623
:1081F000600800203506000080B500AFFFF794F856
:1082000004F0F1F9C046BD4680BD80B500AF04F072
:10821000E3F9FFF75DF8C046BD4680BD80B582B08A
:1082200000AF00237B607B68C023DB055A6FC0234F
:10823000DB0501210A435A67C023DB055B6F7B60C6
:10824000C046BD4602B080BD80B582B000AF786048
:10825000084B9A6A7B68D943064B0A409A62054BE1
:10826000DA6A7B68D943034B0A40DA62C046BD46EE
:1082700002B080BD0000504880B500AF044B1A68C2
:10828000034B802149020A431A60C046BD4680BDA7
:108290000000404880B500AF044B1A68034B044906
:1082A0000A401A60C046BD4680BDC0460000404836
:1082B000FFFFFEFF80B500AF074B1A6880239B02CB
:1082C0001A4080239B029A4201D1012300E000233F
:1082D0001800BD4680BDC0460000404880B582B051
:1082E00000AF78600B4A9823D3580B4A1A407B683A
:1082F0001B020849134398228B50064A9823D358EF
:1083000004498022134398228B50C046BD4602B0D8
:1083100080BDC04600004048FFC0FFFF80B582B06E
:1083200000AF7860074A9823D358702293431A000D
:1083300004497B68134398228B50C046BD4602B067
:1083400080BDC0460000404880B500AF074B9A682A
:10835000064B04218A439A60044B9A68034B02211E
:108360008A439A60C046BD4680BDC0460000404872
:1083700080B500AF074B9A68064B02210A439A600A
:10838000044B9A68034B04210A439A60C046BD46D9
:1083900080BDC0460000404880B500AF074B1A685A
:1083A0008023DB001A408023DB009A4201D10123A5
:1083B00000E000231800BD4680BDC04600004048D4
:1083C00080B582B000AFC0460F4B1A6880239B0275
:1083D0001340F9D00C4B9A680B4B02210A439A6068
:1083E00000237B6003E0C0467B6801337B607B68D1
:1083F000052BF8DD044B9A68034B04210A439A606D
:10840000C046BD4602B080BD0000404880B582B085
:1084100000AF7860064B9B68064A13401900044B76
:108420007A680A439A60C046BD4602B080BDC04625
:1084300000004048FF7FFEFF80B500AF044B1A6884
:10844000034B10210A431A60C046BD4680BDC0469A
:108450000000404880B500AF044B1A68034B102160
:108460008A431A60C046BD4680BDC04600004048F1
:1084700080B500AF054B1B6820221340202B01D193
:10848000012300E000231800BD4680BD00004048E5
:1084900080B500AF044B1A68034B40210A431A60B1
:1084A000C046BD4680BDC0460000404880B500AF14
:1084B000044B1A68034B40218A431A60C046BD46EC
:1084C00080BDC0460000404880B500AF054B1B682A
:1084D00040221340402B01D1012300E0002318006B
:1084E000BD4680BD0000404880B582B000AF7860D6
:1084F000064BDB68602293431900044B7A680A43F9
:10850000DA60C046BD4602B080BDC04600004048AB
:1085100080B500AF044B1A68034B04210A431A606C
:10852000C046BD4680BDC0460000404880B500AF93
:10853000044B1A68034B04218A431A60C046BD46A7
:1085400080BDC0460000404880B500AF054B1B68A9
:1085500008221340082B01D1012300E0002318005A
:10856000BD4680BD0000404880B500AF044B1A688E
:10857000034B802189010A431A60C046BD4680BD75
:108580000000404880B500AF044B1A68034B044913
:108590000A401A60C046BD4680BDC0460000404843
:1085A000FFDFFFFF80B500AF074B1A688023DB01B8
:1085B0001A408023DB019A4201D1012300E000230D
:1085C0001800BD4680BDC0460000404880B582B05E
:1085D00000AF7860064B9B68E02293431900044B80
:1085E0007A680A439A60C046BD4602B080BDC04664
:1085F0000000404880B584B000AF78607B68002BF5
:1086000001D1012340E17B681B681022134033D065
:108610007B689B68002B02D1FFF796FE01E0FFF715
:10862000A7FE7B689B68042B13D1FBF781FD030039
:10863000FB6008E0FBF77CFD0200FB68D31A642BAB
:1086400001D9032320E1FFF7A7FE0300012BF1D09E
:1086500012E0FBF76DFD0300FB6008E0FBF768FD2F
:108660000200FB68D31A642B01D903230CE1FFF746
:1086700093FE0300012BF1D17B681B68012213409C
:1086800039D02020FFF72AFE3020FFF747FE7B6815
:108690005A6880235B029A4202D1FFF7EDFD01E0A8
:1086A000FFF7F8FD7B685B68002B12D0FBF740FDFD
:1086B0000300FB6008E0FBF73BFD0200FB68D31AF8
:1086C000642B01D90323DFE0FFF7F4FD031EF2D092
:1086D00011E0FBF72DFD0300FB6008E0FBF728FD30
:1086E0000200FB68D31A642B01D90323CCE0FFF707
:1086F000E1FD031EF2D17B681B68042213403AD0CF
:108700007B681B69002B22D0FFF710FFC046FFF7E4
:108710001BFF031EFBD1FFF79DFE80235B021800A9
:10872000FFF774FEFFF7F4FEFBF702FD0300FB60AA
:1087300008E0FBF7FDFC0200FB68D31A022B01D90D
:108740000323A1E0FFF700FF031EF2D013E0FFF7C1
:10875000EDFEFBF7EDFC0300FB6008E0FBF7E8FC37
:108760000200FB68D31A022B01D903238CE0FFF728
:10877000EBFE031EF2D17B681B680222134049D036
:10878000FFF7D4FEFFF766FEC046FFF771FE031E3B
:10879000FBD1C0239B011800FFF756FD80231B026D
:1087A0001800FFF733FE2020FFF79EFE7B68DB6892
:1087B000102B02D1FFF740FE01E0FFF74BFE7B6874
:1087C000DB68002B13D0FBF7B3FC0300FB6009E070
:1087D000FBF7AEFC0200FB68D31A2D4A934201D985
:1087E000032351E0FFF744FE031EF1D012E0FBF734
:1087F0009FFC0300FB6009E0FBF79AFC0200FB68AA
:10880000D31A234A934201D903233DE0FFF730FEF8
:10881000031EF1D17B681B680822134033D07B68AC
:108820005B69402B02D1FFF733FE01E0FFF73EFE0C
:108830007B685B69002B13D0FBF77AFC0300FB60BD
:1088400009E0FBF775FC0200FB68D31A104A93425B
:1088500001D9032318E0FFF737FE031EF1D012E021
:10886000FBF766FC0300FB6009E0FBF761FC02001C
:10887000FB68D31A064A934201D9032304E0FFF7A9
:1088800023FE031EF1D100231800BD4604B080BDB5
:108890008813000080B584B000AF786039607B68D1
:1088A000002B01D1012398E04E4B5B6830229343AB
:1088B00019004C4B3A680A435A607B681B68022BCC
:1088C0000ED1FFF741FDFFF767FD031E01D1012324
:1088D00083E0FFF757FE7B685B681800FFF776FEC2
:1088E0007B681B68002B24D1FFF756FD031E01D1C6
:1088F000012372E0FFF7DEFC031E01D101236CE0CF
:10890000FFF732FEFBF714FC0300FB6008E0FBF707
:108910000FFC0200FB68D31A022B01D903235CE091
:10892000FFF740FE031EF2D07B685B681800FFF77C
:108930004DFE7B681B68012B17D1FFF741FDFFF748
:108940002BFD031E01D0012347E0FFF7B3FC031EFC
:1089500001D1012341E0244B9B68E022934319009D
:108960007B685A68204B0A439A601E4B5B68302232
:1089700013403A689A421DD01A4B5B6830229343E9
:108980001900184B3A680A435A60FBF7D1FB030001
:10899000FB6008E0FBF7CCFB0200FB68D31A022B5C
:1089A00001D9032319E00F4B5B68302213403A686A
:1089B0009A42EFD10023BB6003E0C046BB6801339D
:1089C000BB60BB68052BF8DDFBF7DCFAFBF7BAFBF5
:1089D00003001800FBF752FB03001800BD4604B06B
:1089E00080BDC046001000400000404880B500AF88
:1089F000024B1B681800BD4680BDC046580D0020C4
:108A000080B582B000AF7860064B9B68064A134081
:108A10001900044B7A680A439A60C046BD4602B00A
:108A200080BDC04600004048FF7FFEFF80B582B099
:108A300000AF7860064B1B6E062293431900044B6F
:108A40007A680A431A66C046BD4602B080BDC04679
:108A50000000404880B582B000AF7860064B9B684C
:108A6000064A13401900044B7A680A439A60C046CC
:108A7000BD4602B080BDC04600004048FFEFFFFF8A
:108A800080B582B000AF7860064B9B68064A134001
:108A90001900044B7A680A439A60C046BD4602B08A
:108AA00080BDC04600004048FFFF7FFF80B582B018
:108AB00000AF7860064B9B68064A13401900044BD0
:108AC0007A680A439A60C046BD4602B080BDC0467F
:108AD00000004048FFFFBFFF80B582B000AF786064
:108AE0007B681B680122134004D07B681B69180057
:108AF000FFF79CFF7B681B680222134004D07B6851
:108B00005B691800FFF7A6FF7B681B68042213400F
:108B100004D07B685B681800FFF7B2FF7B681B68B6
:108B20000822134004D07B689B681800FFF7BEFF43
:108B30007B68DB682022134004D07B68DB68180068
:108B4000FFF75EFF00231800BD4602B080BD80B570
:108B500082B000AF78607B68002B01D101232DE04B
:108B60007B685B7ADBB2002B06D17B6800221A722D
:108B70007B681800FAF772FF7B6802225A727B68E2
:108B80001B6800221A607B681B681B6808229343DD
:108B900019007B685A687B681B680A431A607B6807
:108BA0001B681A687B681B6804218A431A607B680B
:108BB00001225A727B680022DA6000231800BD4649
:108BC00002B080BDB0B5AAB000AF78607B681B680A
:108BD000DB69A422B9180B607B681B681B68A020A6
:108BE00039180B607B681B689B689C2439190B60E3
:108BF0001100BB181B68A24A13409822BD182B60B5
:108C0000BB181B68002B1AD17B181B68202213404D
:108C100015D03B181B682022134005D13B191A6858
:108C200080235B0513400AD07B685B6F002B00D16B
:108C3000E3E27B685B6F7A6810009847DDE2982377
:108C4000FB181B68002B00D122E19C23FB181B683A
:108C50008C4A134006D1A023FB181B688A4A134094
:108C600000D115E1A423FB181B680122134012D088
:108C7000A023FB181A6880235B0013400BD07B688D
:108C80001B6801221A627B6890229B5801221A43BA
:108C90007B6890215A50A423FB181B6802221340C2
:108CA00011D09C23FB181B68012213400BD07B685A
:108CB0001B6802221A627B6890229B5804221A4386
:108CC0007B6890215A50A423FB181B680422134090
:108CD00011D09C23FB181B68012213400BD07B682A
:108CE0001B6804221A627B6890229B5802221A4356
:108CF0007B6890215A50A423FB181B68082213405C
:108D000017D0A023FB181B682022134005D19C23F9
:108D1000FB181B685B4A13400BD07B681B6808225A
:108D20001A627B6890229B5808221A437B68902124
:108D30005A50A423FB181A6880231B01134013D038
:108D4000A023FB181A688023DB0413400CD07B6837
:108D50001B68802212011A627B6890229B58202295
:108D60001A437B6890215A507B6890229B58002BB5
:108D700000D144E2A423FB181B682022134015D025
:108D8000A023FB181B682022134006D19C23FB184C
:108D90001A6880235B05134008D07B685B6F002B4B
:108DA00004D07B685B6F7A68100098477B689022DC
:108DB0009B5894217A1813607B681B689B6840223B
:108DC0001340402B04D07B181B68282213404CD042
:108DD0007B68180000F040FA7B681B689B684022A3
:108DE0001340402B3CD1EFF310833B663B6E902049
:108DF0003A18136001237B667B6E83F31088C046AC
:108E00007B681B689A687B681B6840218A439A606C
:108E10003B181B68BB66BB6E83F31088C0467B683B
:108E200080229B58002B16D07B6880229B58174AC3
:108E30009A637B6880229B581800FBF7CEFA031ECA
:108E40001CD07B6880229B589B6B7A68802152588B
:108E50001000984712E07B68180000F0E9F90DE077
:108E60007B68180000F0E4F908E07B68180000F067
:108E7000DFF97B68902200219950C0E1C046BEE135
:108E80000F080000010000102001000425930410C9
:108E90007B68DB6E012B00D05DE1A423FB181B680F
:108EA0001022134000D156E1A023FB181B681022AA
:108EB000134000D14FE17B681B6810221A627B6867
:108EC0001B689B6840221340402B00D0C3E07B68A6
:108ED00080229B581B685A687E217B181A807B1859
:108EE0001B88002B00D197E07B685C229B5A7A1884
:108EF00012889A4200D38FE07B687A185E2112882C
:108F00005A527B6880229B581B681B6820221340A2
:108F100070D1EFF310833B633B6BBB6701237B6333
:108F20007B6B83F31088C0467B681B681A687B687C
:108F30001B68B8490A401A60BB6FBB63BB6B83F305
:108F40001088C046EFF31083FB63FB6B7B67012344
:108F50003B643B6C83F31088C0467B681B689A684F
:108F60007B681B6801218A439A607B6F7B647B6C02
:108F700083F31088C046EFF31083BB64BB6C3B6780
:108F80000123FB64FB6C83F31088C0467B681B687D
:108F90009A687B681B6840218A439A603B6F3B65F7
:108FA0003B6D83F31088C0467B688C22202199504A
:108FB0007B680022DA66EFF310837B657B6DFB66CE
:108FC0000123BB65BB6D83F31088C0467B681B68BB
:108FD0001A687B681B6810218A431A60FB6EFB6568
:108FE000FB6D83F31088C0467B6880229B58180075
:108FF000FBF7B4F97B6802221A677B685C229A5AF5
:109000007B685E215B5A9BB2D31A9AB27B681100CF
:10901000180000F015F9F4E07B685C229B5A7E2270
:10902000BA1812889A4200D0EBE07B6880229B58E5
:109030001B681B6820221340202B00D0E1E07B68D6
:1090400002221A677B685C229A5A7B68110018001A
:1090500000F0F6F8D5E07B685C22995A7B685E22C6
:109060009B5A9AB28E203B188A1A1A807B685E221D
:109070009B5A9BB2002B00D1C5E03B181B88002BEC
:1090800000D1C0E0EFF31083FB60FB6888243A193D
:10909000136001233B613B6983F31088C0467B6802
:1090A0001B681A687B681B685B490A401A603B1999
:1090B0001B687B617B6983F31088C046EFF31083E4
:1090C000BB61BB6984243A1913600123FB61FB690E
:1090D00083F31088C0467B681B689A687B681B68AE
:1090E0004E490A409A603B191B683B623B6A83F316
:1090F0001088C0467B688C22202199507B68002212
:10910000DA667B6800225A67EFF310837B627B6A22
:1091100080243A1913600123BB62BB6A83F3108871
:10912000C0467B681B681A687B681B6810218A43ED
:109130001A603B191B68FB62FB6A83F31088C04608
:109140007B6802221A673B181A887B681100180096
:1091500000F076F857E0A423FB181B688022134028
:1091600016D0A023FB181B688022134006D19C2335
:10917000FB181A6880231B04134009D07B689B6F7F
:10918000002B42D07B689B6F7A68100098473CE0C8
:10919000A423FB181B68402213400AD0A023FB180D
:1091A0001B684022134004D07B68180000F0CDF803
:1091B0002CE0A423FB181A6880231B0413400BD057
:1091C000A023FB181A688023DB05134004D07B68BA
:1091D000180000F0EEF819E0A423FB181A688023A9
:1091E0005B04134012D0A023FB181B68002B0DDA80
:1091F0007B68180000F0D5F808E0C04606E0C046DD
:1092000004E0C04602E0C04600E0C046BD462AB0C9
:10921000B0BDC046FFFEFFFFDFFEFFFFFEFFFFEF1A
:1092200080B582B000AF7860C046BD4602B080BD58
:1092300080B582B000AF7860C046BD4602B080BD48
:1092400080B582B000AF78600A00BB1C1A80C046AF
:10925000BD4602B080BD000080B58EB000AF786022
:10926000EFF310837B617B697B630123BB61BB6987
:1092700083F31088C0467B681B681A687B681B688C
:1092800026490A401A607B6BFB61FB6983F31088F7
:10929000C046EFF310833B623B6A3B6301237B6272
:1092A0007B6A83F31088C0467B681B689A687B687A
:1092B0001B681B490A409A603B6BBB62BB6A83F325
:1092C0001088C0467B68DB6E012B18D1EFF310834A
:1092D000BB60BB68FB620123FB60FB6883F3108803
:1092E000C0467B681B681A687B681B6810218A432C
:1092F0001A60FB6A3B613B6983F31088C0467B6858
:109300008C22202199507B680022DA667B6800223B
:109310005A67C046BD460EB080BDC046DFFEFFFFA7
:10932000FEFFFFEF80B584B000AF78607B689B6A7A
:10933000FB60FB685E2200219952FB681800FFF772
:1093400077FFC046BD4604B080BD80B586B000AF93
:109350007860EFF31083BB60BB687B610123FB6027
:10936000FB6883F31088C0467B681B681A687B68BB
:109370001B6840218A431A607B693B613B6983F328
:109380001088C0467B688822202199507B68002283
:109390009A677B681800FFF743FFC046BD4606B0DA
:1093A00080BD80B582B000AF7860C046BD4602B0D7
:1093B00080BD80B582B000AF7860C046BD4602B0C7
:1093C00080BD0000F0B589B000AF78600A00BB1C1A
:1093D0001A801F23FB1800221A707B681B78042B4D
:1093E00003D07B681B78822B48D17B6801333B61BB
:1093F0007B681B78042B03D13B690233BB6105E01A
:109400007B680133FB60FB680333BB613B691B78FE
:10941000FF2B33D1BB69BB60BB681A785B781B023A
:1094200013439BB21A00FC231B021A40C0231B01EA
:109430009A4223D11723FB1800221A7015E0172532
:109440007B191A78144B9200D3581F26BC19BA689E
:109450001000984703002370BB191B78012B0CD018
:109460007B191A787B1901321A700B4B1B7A172261
:10947000BA1812789A42E2D300E0C0461F23FB18C4
:109480001B78002B03D17B68180003F007F9C04656
:10949000BD4609B0F0BDC0460009002080B582B0CD
:1094A00000AF0200BB1D1A80BB1D1B88180007F00F
:1094B000C1F8C046BD4602B080BD80B582B000AFE5
:1094C0000200FB1D1A70FB1D1B78180007F0F6FA4E
:1094D000C046BD4602B080BD80B582B000AF7860A6
:1094E00039603A687B681100180006F0ABF8030099
:1094F0001800BD4602B080BD80B582B000AF786074
:1095000039603A687B681100180006F0C5F803005E
:109510001800BD4602B080BD80B582B000AF020029
:10952000BB1D1A80BB1D1B8818000AF0E7FCC04653
:10953000BD4602B080BD80B500AF0AF0ABFD0300B0
:109540001800BD4680BD80B500AF06F0D5F8030019
:109550001800BD4680BD80B582B000AF786039602C
:109560003A687B681100180006F08CFC03001800B4
:10957000BD4602B080BD80B582B000AF7860396072
:109580003A687B681100180006F0ACFC0300180074
:10959000BD4602B080BD80B582B000AF7860396052
:1095A0003A687B681100180006F0B8FC0300180048
:1095B000BD4602B080BD80B582B000AF7860396032
:1095C0003A687B681100180006F0C4FC030018001C
:1095D000BD4602B080BD80B582B000AF7860396012
:1095E0003A687B681100180006F0F4FC03001800CC
:1095F000BD4602B080BD80B582B000AF78603960F2
:109600003A687B681100180006F02AFD0300180074
:10961000BD4602B080BD80B582B000AF78603960D1
:109620003A687B681100180006F04AFD0300180034
:10963000BD4602B080BD80B582B000AF78603960B1
:109640003A687B681100180006F058FD0300180006
:10965000BD4602B080BD80B500AF10F085FF0300AD
:109660001800BD4680BD80B582B000AF78607B68D1
:10967000180011F0FAFF03001800BD4602B080BDCB
:1096800080B582B000AF0200FB1D1A70FB1D1B7875
:10969000180012F0E9FC03001800BD4602B080BDBE
:1096A00080B582B000AF0200FB1D1A70FB1D1B7855
:1096B00018000AF0CFFE03001800BD4602B080BDBE
:1096C000B0B584B002AF05000C0010001900FB1DFE
:1096D0002A1C1A70BB1D221C1A707B1D021C1A70DA
:1096E0003B1D0A1C1A703B1D1C787B1D1A78BB1D84
:1096F0001978FB1D18781C23FB181B78019318237D
:10970000FB181B78009323000BF094FAC046BD466B
:1097100002B0B0BD80B582B000AF0200FB1D1A7070
:10972000FB1D1B7818000BF0CEFE03001800BD4691
:1097300002B080BD80B582B000AF0200BB1D1A80B0
:10974000BB1D1B8818000CF0B3FCC046BD4602B020
:1097500080BD80B582B000AF0200BB1D1A80BB1D6A
:109760001B8818000DF02EF8C046BD4602B080BD23
:1097700080B582B000AF0200BB1D1A80BB1D1B88E4
:1097800018000EF095FDC046BD4602B080BD80B504
:1097900084B000AFF860B9607A607A68B968FB6835
:1097A00018000FF0FBFEC046BD4604B080BD80B57A
:1097B00082B000AF78607B68180010F083F8030077
:1097C0001800BD4602B080BDB0B58AB008AF050034
:1097D0000C0010001900FB1D2A1C1A70BB1D221C56
:1097E0001A707B1D021C1A703B1D0A1C1A703B1D4F
:1097F0001C787B1D1A78BB1D1978FB1D1878302347
:10980000FB181B7806932C23FB181B780593282341
:10981000FB181B7804932423FB181B780393202345
:10982000FB181B7802931C23FB181B780193182349
:10983000FB181B780093230010F0E8FAC046BD46E1
:1098400002B0B0BD80B582B000AF0200BB1D1A806F
:10985000BB1D1B88180011F00BFFC046BD4602B0AF
:1098600080BD80B582B000AF0200BB1D1A80BB1D59
:109870001B88180011F0E0FFC046BD4602B080BD55
:1098800080B500AF12F038F9C046BD4680BD80B546
:1098900000AF07F0D1FCC046BD4680BD80B582B0A8
:1098A00000AF0200BB1D1A80BB1D1B88180007F00B
:1098B0002FFDC046BD4602B080BD80B582B000AF6E
:1098C0000200BB1D1A80BB1D1B88180007F094FD09
:1098D000C046BD4602B080BD80B582B000AF020078
:1098E000BB1D1A80BB1D1B88180008F0B1F8C046CC
:1098F000BD4602B080BD80B582B000AF0200BB1D86
:109900001A80BB1D1B88180009F08CF9C046BD46A3
:1099100002B080BD80B582B000AF0200BB1D1A80CE
:10992000BB1D1B88180009F037FAC046BD4602B0BF
:1099300080BD80B582B000AF0200BB1D1A807B1DC8
:109940000A1C1A707B1D1A78BB1D1B881100180099
:1099500005F084FB03001800BD4602B080BD80B551
:1099600082B000AF0200FB1D1A70FB1D1B781800AF
:1099700005F0FFFB03001800BD4602B080BDB0B586
:1099800086B004AF05000C0010001900FB1D2A1C56
:109990001A70BB1D221C1A707B1D021C1A703B1D05
:1099A0000A1C1A703B1D1C787B1D1A78BB1D197888
:1099B000FB1D18782023FB181B7802931C23FB182F
:1099C0001B7801931823FB181B780093230005F0E4
:1099D000D9FB03001800BD4602B0B0BD80B582B00F
:1099E00000AF02003960BB1D1A803A68BB1D1B889E
:1099F0001100180005F00AFC03001800BD4602B073
:109A000080BD80B582B000AF78607B68180005F03B
:109A100009FC03001800BD4602B080BD80B582B0CD
:109A200000AF78607B68180005F000FC03001800A8
:109A3000BD4602B080BD80B582B000AF78600A003C
:109A4000BB1C1A80BB1C1A887B681100180005F02B
:109A5000F1FB03001800BD4602B080BD80B582B0A6
:109A600000AF78607B68180005F0E8FB0300180081
:109A7000BD4602B080BDB0B584B002AF05000C0099
:109A800010001900BB1D2A1C1A803B1D221C1A80C5
:109A9000BB1C021C1A807B1C0A1C1A707B1C1C78C5
:109AA000BB1C1A883B1D1988BB1D1888FB690193D4
:109AB0001823FB181B880093230005F0C3FB030049
:109AC0001800BD4602B0B0BDB0B584B002AF05000D
:109AD0000C0010001900BB1D2A1C1A803B1D221C03
:109AE0001A80BB1C021C1A807B1C0A1C1A707B1C6F
:109AF0001C78BB1C1A883B1D1988BB1D1888FB6984
:109B000001931823FB181B880093230005F0A9FB81
:109B100003001800BD4602B0B0BDB0B584B002AFBE
:109B200005000C0010001900BB1D2A1C1A803B1DEB
:109B3000221C1A80BB1C021C1A803B000A1C1A80C3
:109B40003B001C88BB1C1A883B1D1988BB1D18884C
:109B50001823FB181B880093230005F0F7FC030073
:109B60001800BD4602B0B0BD80B594B000AFF8603B
:109B7000B9607A603023FB18BB642023FB187B6438
:109B80001023FB183B640023FB640DE0FB6C7A6838
:109B9000D218FB6C0F21CB1A1900BB6C5B18127822
:109BA0001A70FB6C0133FB64FB6C0F2BEEDD0023A2
:109BB000FB643DE0FB6C0322D31A9B00FA68D318C8
:109BC0001A68FB6C9B0019007B6C5B18D2B21A7090
:109BD000FB6C0322D31A9B00FA68D3181B68190A7E
:109BE000FB6C9B0001337A6CD318CAB21A70FB6C01
:109BF0000322D31A9B00FA68D3181B68190CFB6C5C
:109C00009B0002337A6CD318CAB21A70FB6C032221
:109C1000D31A9B00FA68D3181B68190EFB6C9B00C3
:109C200003337A6CD318CAB21A70FB6C0133FB642D
:109C3000FB6C032BBEDD1023FA183023F918202308
:109C4000FB18180000F094F80023FB6428E0FB6C7C
:109C50009B0003333A6CD3181B781A06FB6C9B00ED
:109C60000233396CCB181B781B041A43FB6C9B0026
:109C70000133396CCB181B781B021A43FB6C9B0019
:109C800019003B6C5B181B781800FB6C0321CB1A86
:109C90009B00B968CB1802431A60FB6C0133FB646C
:109CA000FB6C032BD3DDC046C046BD4614B080BD5F
:109CB00080B584B000AF7860074B196E064B7A68A8
:109CC0000A431A66044B1B6E7A681340FB60FB68FC
:109CD000C046BD4604B080BD0000404880B582B09B
:109CE00000AF7860064B1B6E7A6813407A689A4220
:109CF00001D1012300E000231800BD4602B080BD61
:109D00000000404880B582B000AF7860044B196C09
:109D1000034B7A680A431A64C046BD4602B080BD50
:109D20000000404880B582B000AF7860054B1A6CE7
:109D30007B68D943034B0A401A64C046BD4602B053
:109D400080BDC0460000404880B500AF0120FFF74D
:109D5000C5FF031E08D10120FFF7D4FF0120FFF744
:109D6000E1FF0120FFF7A4FF00231800BD4680BDDE
:109D700090B587B000AFF860B9607A60314B1B785E
:109D8000DBB20133DAB22F4B1A7017243B192D4A7C
:109D900012781A70C023DB05BA6812689A62BB6831
:109DA0001A1DC023DB051268DA62BB6808331A008B
:109DB000C023DB0512681A63BB680C331A00C0238A
:109DC000DB0512685A63C023DB05FA6812689A63E0
:109DD000FB681A1DC023DB051268DA63FB680833D1
:109DE0001A00C023DB0512681A64FB680C331A00E2
:109DF000C023DB0512685A6400F026F8C023DB0597
:109E00009A6C7B681A60C023DA057B680433D26CD5
:109E10001A60C023DA057B680833126D1A60C0230C
:109E2000DA057B680C33526D1A60064B1B78DBB287
:109E30003A1912789A42A8D100231800BD4607B0FB
:109E400090BDC0460C09002080B582B000AFFB1D5C
:109E500064221A70C023DB05180000F01CF8FB1DFB
:109E60001B78DBB2013BDAB2FB1D1A70C023DB05A5
:109E7000180000F01EF8031E05D0FB1D1B78DBB296
:109E8000002BECD100E0C046FB1D1B78DBB21800B4
:109E9000BD4602B080BD80B582B000AF78607B68FF
:109EA0009B6D01221A437B689A65C046BD4602B08D
:109EB00080BD80B582B000AF78607B68DB6D012229
:109EC0001340012B01D1012300E000231800BD46FF
:109ED00002B080BD80B582B000AF78607B689B68BF
:109EE00008221A437B689A60C046BD4602B080BD16
:109EF00080B582B000AF78607B689B6804221A430B
:109F00007B689A60C046BD4602B080BD80B582B015
:109F100000AF78607B689B6801221A437B689A6077
:109F2000C046BD4602B080BD80B582B000AF78604B
:109F300001F060FD00F086F801F086FDC046BD46E8
:109F400002B080BD80B582B000AF786001F052FDF4
:109F500001F07AFDC046BD4602B080BD80B584B038
:109F600000AF02003960FB1D1A70FB1D1B78012B2E
:109F700002D1194BFB600FE0FB1D1B78022B02D1B5
:109F8000164BFB6008E0FB1D1B78032B02D1144B22
:109F9000FB6001E001231BE00B23FB1800221A7079
:109FA00010E00B203B181A78FB68D31819003B18F7
:109FB0001B783A68D3180A781A703B181A783B183D
:109FC00001321A700B23FB181B781F2BE9D90023D1
:109FD0001800BD4604B080BD6C0430489004304881
:109FE000B404304880B500AF01F0F8FC074B18000E
:109FF000FFF770FF054B1800FFF77AFF034B1800BF
:10A00000FFF784FFC046BD4680BDC0460000304813
:10A0100080B582B000AF094B1B78002B01D0012323
:10A0200008E0074B1B687B607B68002B01D1002395
:10A0300000E001231800BD4602B080BD7009002079
:10A040000004304880B582B000AFFFF7E1FF0300A5
:10A05000012B0CD101F0CEFC194B03221A60194BD5
:10A060001B681749042252421000984724E000233D
:10A070007B6007E0124B7A6892000021D1507B6828
:10A0800001337B607B68172BF4DD0D4B1900012039
:10A09000FFF764FF0C4B19000220FFF75FFF0B4B2B
:10A0A00019000320FFF75AFF01F0A4FC054B1B68C1
:10A0B000034A110000209847C046BD4602B080BD4B
:10A0C00010090020740900203009002050090020E8
:10A0D00080B584B000AF7860074B196D064B7A6885
:10A0E0000A431A65044B1B6D7A681340FB60FB68DA
:10A0F000C046BD4604B080BD0000404880B582B077
:10A1000000AF78607B681B68042293431A007B6869
:10A110001A60C046BD4602B080BD80B582B000AFB7
:10A1200078607B685B6801221340012B01D1012319
:10A1300000E000231800BD4602B080BD80B582B0AB
:10A1400000AF78607B685B6804221340042B01D168
:10A15000012300E000231800BD4602B080BD80B599
:10A1600082B000AF78607B689B689BB21800BD46E8
:10A1700002B080BD80B500AF8023DB021800FFF77E
:10A18000A7FF0B4B1800FFF7B9FFC046084B18009C
:10A19000FFF7C3FF031EF9D0054B1800FFF7CEFFF2
:10A1A000031E01D0012300E000231800BD4680BD3E
:10A1B0000000604880B582B000AF7860C046094BAF
:10A1C0001800FFF7AAFF031EF9D0064B1800FFF78F
:10A1D000C6FF03001A007B681A8000231800BD46E2
:10A1E00002B080BD0000604890B585B000AF7860D7
:10A1F0007B68FB60C046114B1800FFF78EFF031E03
:10A20000F9D00E4B1800FFF7AAFF03001A00FB68F5
:10A210001A80C046094B1800FFF77FFF031EF9D0D4
:10A22000FB689C1C054B1800FFF799FF0300238077
:10A2300000231800BD4605B090BDC0460000604830
:10A2400080B584B000AF78607B681B68FB607B687A
:10A2500000221A817B6800225A817B6800229A8141
:10A260007B6800229A73FB68BB60BB681B78FF2B7E
:10A270000CD17B685B689AB2FB689BB2D31A9BB225
:10A28000043B9AB27B689A81002328E0BB681B7864
:10A29000FE2B06D17B681B8901339AB27B681A8139
:10A2A0000CE0BB681B78002B06D17B685B8901330F
:10A2B0009AB27B685A8101E0032310E0BB685B8897
:10A2C0000333032213431A00FB68D3180133FB60E6
:10A2D000FB685A1D7B685B689A42C4D30023180050
:10A2E000BD4604B080BD80B586B000AFF8607A602E
:10A2F0003B600B23FB180A1C1A7020203B181B889C
:10A30000002B0AD010217A183B181B8853807B1829
:10A31000FE221A707B187B6102E0FB685B687B6140
:10A32000FB685A68FB689B689A4203D27B691B787A
:10A33000FF2B01D104234BE0FB681B7B002B03D0D8
:10A34000FB6800221A7319E0FB685B687A6952881F
:10A35000033203210A439B185A1CFB685A60FB68AE
:10A360005B687B61FB685A68FB689B689A4203D212
:10A370007B691B78FF2B01D1042329E07B691B78C3
:10A38000002B23D07B691B78FE2B01D003231FE019
:10A390000B22BB181B78FF2B05D07B695B78BA18A2
:10A3A00012789A42C8D1FB685B6804331A007B6854
:10A3B0001A607B695A883B681A807B6A002B03D03D
:10A3C0007B695A787B6A1A70002301E0C046B3E7C4
:10A3D0001800BD4606B080BDF0B58BB002AFF86086
:10A3E000080011007B600B23FB18021C1A70082266
:10A3F0001000BB180A1C1A80FB6B00221A801F2653
:10A40000BC191622BD181822BA180B23FB1819788C
:10A41000FB689C467B6C019338231B18DB191B8857
:10A4200000932B006046FFF75EFF03002370BB190B
:10A430001B78002B02D0BB191B7827E01623FB18D2
:10A440001B880822BA1812889A4201D306231DE0FD
:10A45000BA6908243B191B88D118302308229B189D
:10A46000DB191A881623FB181B8818003B191B8858
:10A47000C31A9A4200DD1A007B68180017F05BF9D6
:10A480001623FB181A88FB6B1A8000231800BD46A0
:10A4900009B0F0BD90B589B000AFF8607A600A20CD
:10A4A0003B180A1C1A807B68BB6101007B181B8863
:10A4B0009B089AB216203B1892001A807B181B88C2
:10A4C000D9B23B181B88DAB21523FB188A1A1A7006
:10A4D0000023FB6113E0FB69BA69D1181023FB1854
:10A4E0000422180017F027F9FA69FB68D3183A69B3
:10A4F00019000020F9F7B8FFFB690433FB6116244B
:10A500003B191B88FA699A42E5DB01235B423B61F8
:10A510003B191B88BA69D1181523FB181A78102328
:10A52000FB18180017F007F93B191A88FB68D318B5
:10A530003A6919000020F9F797FFC046BD4609B0F7
:10A5400090BDF0B587B000AFF860080011007B60E7
:10A550000B257B19021C1A7008243B190A1C1A804F
:10A560001023FB187B613B191B88013B9BB21BB27C
:10A57000032213431BB29AB23B1901321A807B6942
:10A58000FE221A707B697A1912785A703A192025BE
:10A590000826AB1908218C46BC44634412881B88EA
:10A5A000D3189AB27B695A803A69FB681900002077
:10A5B000F9F75AFFFB68181D7A683B191B881900C8
:10A5C000FFF768FF3B191A88FB68D318181D7A6BD0
:10A5D000AB1908218C46BC4463441B881900FFF763
:10A5E00059FF00231800BD4607B0F0BD80B586B006
:10A5F00000AFF86008007A6019000A23FB18021CFB
:10A600001A800823FB180A1C1A80FB685B687B61B0
:10A61000FB685A68FB689B689A4203D27B691B7887
:10A62000FF2B01D104232AE0FB681B7B002B03D105
:10A630007B691B78FE2B01D0052320E07B695B88BA
:10A640000A22BA1812889A4201D3062317E0FB683F
:10A6500000221A730A23FB181A88FB685B68D31858
:10A66000043319000823FB181A887B68180016F0B9
:10A67000F1FF031E01D1002301E001235B4218001A
:10A68000BD4606B080BD90B587B000AFF860080049
:10A690007A6019000A23FB18021C1A80082318008C
:10A6A000FB180A1C1A80BB6A00221A802422131885
:10A6B000DB191B88002B0BD010217B181218D21924
:10A6C00012885A807B18FE221A707B187B6102E088
:10A6D000FB685B687B61FB685A68FB689B689A4211
:10A6E00003D27B691B78FF2B01D1042333E0FB6885
:10A6F0001B7B002B03D17B691B78FE2B01D005232C
:10A7000029E07B695B880A22BA1812889A4201D331
:10A71000062320E0FB6800221A730A243B191A88DA
:10A72000FB685B68D318043318000823FB181A88E9
:10A730007B695B8819003B191B88CB1A9A4200DDA4
:10A740001A007B680100180016F0F5FF7B695A8833
:10A75000BB6A1A8000231800BD4607B090BD0000F8
:10A7600080B584B000AF7860064BFB60FA687B6808
:10A7700019000020F9F778FE00231800BD4604B048
:10A7800080BDC04600FFFFFFB0B584B000AF786069
:10A790007B685B68FB607B685A687B689B689A4251
:10A7A00003D2FB681B78FF2B01D1042341E0FB6837
:10A7B0001B78FE2B3CD1FB680B257C191800FFF79A
:10A7C000CFFF030023707B191B78002B02D07B196D
:10A7D0001B782EE07B681B781A00184913009B0039
:10A7E0009B189B00CB1808331B88013B98B2134978
:10A7F00013009B009B189B00CB180833021C1A8087
:10A800007B681B781A000D4913009B009B189B0066
:10A81000CB180A331B88013398B2084913009B00F8
:10A820009B189B00CB180A33021C1A80002300E0FF
:10A8300005231800BD4604B0B0BDC046780900200D
:10A8400080B588B000AF78600A00FB1C1A707B6886
:10A850000D4A94466344DB0AFB6110217B180022F9
:10A860001A60FA697B185A60FB1C1A787B189A6088
:10A870000C23FA187B1811001800F9F7CFFEC04618
:10A88000BD4608B080BDC0460000FCEF80B586B074
:10A8900000AFF860B9607A607B685B055B0D07D13B
:10A8A000FB687A68B968180016F0D4FE031E26D03B
:10A8B0007B68013B144A13430133DB0ADAB2FB68BD
:10A8C00011001800FFF7BCFF00237B6112E07A69DA
:10A8D000FB68D1187B69002B00DA03339B109B00C7
:10A8E000BA68D3181B681A000020F9F7BDFD7B6910
:10A8F00004337B617B697A689A42E8D800E0C046FD
:10A90000BD4606B080BDC046FF07000080B582B0DE
:10A9100000AF78607B6801221A707B6800225A8041
:10A920007B6800229A80C046BD4602B080BDF0B56B
:10A930008DB004AFF860B9603B60BB1D1A801E2368
:10A94000FB1800221A80BB1D1A88BB68FF21180063
:10A9500016F08EFE1023FB18FE221A70BA1D1E255B
:10A960007B1912881B88D31A9AB21C23FB18043A4D
:10A970001A80BB6B1B78002B4ED07B191B880433CD
:10A98000BA68D118BB6B9B881B26BC19F8681022CB
:10A99000BA180132039202931622BB1801931C23AA
:10A9A000FB181B8800930B000022FF21FFF714FD0A
:10A9B000030023701622BB181A88BB6B9A80BB1940
:10A9C0001B78002B06D03B687A1912881A80BB19B5
:10A9D0001B78A1E01623FB181A8810217B185A80D7
:10A9E0001E257B191B88BA68D3180C00791804221D
:10A9F000180016F0A0FE3B195B8803339BB21BB214
:10AA0000032213431BB29AB27B191B88D3189AB244
:10AA10007B1901321A8031E0BB6B59881E23FB1869
:10AA20001B88BA68D518BB6B9B881B26BC191C22D7
:10AA3000BA181288F86801931623FB1800931300C4
:10AA40002A00FFF720FE03002370BB191B78002BA0
:10AA500002D0BB191B785FE01623FB181A88BB6B6A
:10AA60005B88D31A9BB2013B9BB21BB203221343F8
:10AA70001BB29AB21E23FB1801321A801623FB1850
:10AA80001A88BB6B5B88D31A9BB2013B9BB21BB28B
:10AA9000032213431BB29AB218217B1801321A8089
:10AAA0007A181C217B1812881B889A4210D9BB6B1C
:10AAB00000221A70BB6B5A887B181B88D3189AB275
:10AAC000BB6B5A803B68BA1D12881A80002323E0B2
:10AAD0001823FA181C23FB1812881B889A420BD1E2
:10AAE000BB6B01221A70BB6B00225A803B68BA1DF7
:10AAF00012881A8000230FE01823FA181C23FB1871
:10AB000012881B889A4200D328E7BB6B01221A7077
:10AB1000BB6B00225A8021E71800BD4609B0F0BD8A
:10AB2000F0B5604CA54402AF02005F4B84210901DF
:10AB30005B18DB191A705C4B5B18DB191A785B49E0
:10AB400013009B009B189B00CB180A331B88002B1B
:10AB500001D10023A0E0564BFC18564D7A19524BF8
:10AB6000842109015B18DB191B781100180000F023
:10AB7000D3FC030023707B195B684F4ABA1813603B
:10AB80004E4BFB181800FFF7C1FE494EBC194C4B49
:10AB9000FD1880231A010C23F918464BF818474B6F
:10ABA000FB1800932B00FFF7C2FE03002370BB19B4
:10ABB0001B78042B06D0BB191B78002B02D0BB19C5
:10ABC0001B7869E03E4BFB181A8880231B019A42D0
:10ABD00004D0374BFB181B78002BD6D0384ABB1853
:10ABE0001B88002B19D0BB181B881A000C23F918DE
:10ABF000314C3B191B681800FFF748FE2200BB18B8
:10AC00001B68802109018C466344BA181360284BE5
:10AC1000FB181B78002B02D1B7E7C04600E0C04606
:10AC2000244BFB189B68013B264A1A4322497B1898
:10AC30001B68D31A0133DA0A23483B181A707B18B1
:10AC40001B68224A94466344DA0A214C3B191A7065
:10AC5000812109017B1800221A603B191A787B18A0
:10AC60005A603B181A787B189A601A4BFA187B18AE
:10AC700011001800F9F7D2FC0B4B842212019B182B
:10AC8000DB191A7813009B009B189B00074A9B183E
:10AC90001800FFF7D5FA03001800BD460E4B9D447F
:10ACA000F0BDC046B4F7FFFFC7F7FFFF78090020EB
:10ACB0003B080000240800003C0800001C080000BD
:10ACC00036080000FF0700003A0800000000FCEF13
:10ACD000390800000C08000044080000F0B57A4C68
:10ACE000A54402AF7860794BFB1800221A70784BAC
:10ACF000FB1800221A700023764ABA18136023E06A
:10AD00007B689968734BFB181A6813005B009B18EB
:10AD10009B00CA1870497B1812781A707B181A7831
:10AD20006E4913009B009B189B00CB180A331B88AD
:10AD3000002B03D0664BFB1801221A70654ABB1822
:10AD40001B680133BA1813607B681B791A00614BCA
:10AD5000FB181B689342D3DB5D4BFB181B78002B61
:10AD600001D10023ABE080231A010823FB18FF2147
:10AD7000180016F07DFC0023564ABA18136051E003
:10AD80007B68996853483B181A6813005B009B184E
:10AD90009B00CA18504D7B1912781A707B6899680D
:10ADA0003B181A6813005B009B189B00CB185B686C
:10ADB00082221201BA181360494EBC1981231B016B
:10ADC000FA187B191B781100180000F0A5FB03008E
:10ADD0002370BB191B78002B01D000236FE0414D7D
:10ADE0007B191800FFF792FD0823FA188220000152
:10ADF0003B181B68D1183B181B689BB280221201BC
:10AE0000D31A9AB2384BFC1881231B01F8187B190E
:10AE100000932300FFF78BFD2E4ABB181B680133FC
:10AE2000BA1813607B681B791A002A4C3B191B68FF
:10AE30009342A5DB7B681B688022120108217918E8
:10AE40001800FFF723FD00233A1913602CE07B68FC
:10AE50009968204BFB181A6813005B009B189B0035
:10AE6000CA181D497B1812781A707B181A781300BB
:10AE70009B009B189B00194A9B18194D7C191800C0
:10AE8000FFF7DEF9030023702A00BB181B78002BA4
:10AE900004D00E4BFB18BA1812781A700D4ABB1862
:10AEA0001B680133BA1813607B681B791A00094BC1
:10AEB000FB181B689342CADB044BFB181B78180075
:10AEC000BD460A4B9D44F0BDC4F7FFFF2F080000AC
:10AED0002708000028080000260800007809002044
:10AEE00025080000080800000E08000034080000D3
:10AEF00090B587B000AF02003960FB1D1A700023C7
:10AF00007B6116E00B2439192E487A6913005B0027
:10AF10009B189B00C31806331B780B703A19FB1D56
:10AF200012781B789A4201D1022346E07B690133F3
:10AF30007B617B69012BE5DD00233B6139E0002368
:10AF4000FB6026E020493A6913005B009B189B00D8
:10AF5000CB1808331968FA6813005B009B189B0034
:10AF6000CA180B217B1812781A707A18FB1D1278F8
:10AF70001B789A420AD13A6913005B009B189B0028
:10AF8000114A9A183B681A60012316E0FB680133E6
:10AF9000FB600D493A6913005B009B189B00CB18BE
:10AFA00004331B781A00FB689342CBDB3B69013307
:10AFB0003B613B69002BC2DB00231800BD4607B094
:10AFC00090BDC046FC230610A4090020F0B53D4CFE
:10AFD000A54402AF020039603B4B832109015B1895
:10AFE000DB191A7080231A012423FB18FF21180093
:10AFF00016F03EFB0023354ABA1813604BE03B685D
:10B000009968324C3B191A6813005B009B189B002F
:10B01000CA182F497B1812781A707A182A4B832085
:10B0200000011B18DB1912781B789A422DD01425C9
:10B030007A197B181B781100180000F06DFA3B6834
:10B0400099683B191A6813005B009B189B00CB188A
:10B050005B68204C3A1913600C26BB191800FFF7E7
:10B0600055FC2423FA183B191B68D1183B191B689F
:10B070009BB280221201D31A9AB21223FC187819BB
:10B08000BB1900932300FFF752FC104ABB181B6842
:10B090000133BA1813603B681B791A000B4BFB187D
:10B0A0001B689342ABDB3B681B68802212012421A2
:10B0B00079181800FFF7EAFB00231800BD46064B7D
:10B0C0009D44F0BDC4F7FFFFD7F7FFFF2C08000039
:10B0D0002B0800002408000034080000F0B589B0F7
:10B0E00002AFF860080011007B600B23FB18021C04
:10B0F0001A7008203B180A1C1A8001007B181B8854
:10B10000013B9BB21BB2032213431BB29AB27B18C2
:10B1100001321A80FB685B685A1DFB689B689A4283
:10B1200010D3FB681B7819004A4A0B009B005B1880
:10B130009B00D3180A331B88002B01D00B2384E01B
:10B14000022382E0FB685B687B617B691B78FF2BD5
:10B150001CD1FB689A68FB685B68D31A8022520294
:10B16000934200D33C4B12217A181380C046082327
:10B170001800FB181A8828231B18DB191B88D31802
:10B18000DA1C7B181B889A4227DB15E07B691B7849
:10B19000FE2B05D07B691B78002B01D0032354E0E4
:10B1A000FB685B687A695288033203210A439B1863
:10B1B0005A1CFB685A60ADE7FB681B781900254AEA
:10B1C0000B009B005B189B00D3180A331B88002BD5
:10B1D00001D00B2339E0022337E0FB6858681126C1
:10B1E000BC197D6808231A00FB181B889C460B239A
:10B1F000FB1819787B6B019328239B18DB191B889C
:10B2000000932B006246FFF79CF903002370BB19E3
:10B210001B78002B02D0BB191B7816E0FB681B784B
:10B220001A000C4913009B009B189B00CB18083395
:10B230001B88013398B2074913009B009B189B00A1
:10B24000CB180833021C1A8000231800BD4607B033
:10B25000F0BDC04678090020FFFF0000B0B588B0FF
:10B2600000AF0023FB61CDE0A849FA6913005B0041
:10B270009B189B005B58FB600023BB61B1E0A349B6
:10B28000FA6913005B009B189B00CB180833196800
:10B29000BA6913005B009B189B00CA1813203B1867
:10B2A00012781A709949FA6913005B009B189B0089
:10B2B000CB1808331968BA6913005B009B189B0010
:10B2C000CB185B68BB609149FA6913005B009B185F
:10B2D0009B00CB1808331968BA6913005B009B18F0
:10B2E0009B00CA18BB1D12891A803B181A7888491E
:10B2F00013009B009B189B005B58002B03D13B184D
:10B300001B78012B01D90123FCE013243B191A7887
:10B31000F968BB68C8187E4913009B009B189B0006
:10B3200058507A49FA6913005B009B189B00CB18B0
:10B3300004331B78013BBA699A420ED13B191A7843
:10B34000FB68802109015918714813009B009B1864
:10B350009B00C318043319601DE06C49FA6913009F
:10B360005B009B189B00CB1808331968BB695A1CFB
:10B3700013005B009B189B00CB1859681323FB1824
:10B380001A78FB68C918624813009B009B189B0041
:10B39000C3180433196013203B181A785C49130052
:10B3A0009B009B189B00CB181033BA1D12881A8083
:10B3B0003B181A7813009B009B189B00544A9B185B
:10B3C00012257C191800FEF73BFF030023707B1940
:10B3D0001B78002B02D07B191B7893E0BB690133EB
:10B3E000BB614A49FA6913005B009B189B00CB18AC
:10B3F00004331B781A00BB69934200DA3FE7FB690C
:10B400000133FB61FB69002B00DA2DE700237B6130
:10B4100074E0132439193F487A6913005B009B18C4
:10B420009B00C31806331B780B703B191A783849F8
:10B4300013009B009B189B005B58002B03D13B190A
:10B440001B78012B01D901235CE013243B191A78E6
:10B45000304879690B005B005B189B0018582C4939
:10B4600013009B009B189B0058502A497A691300CF
:10B470005B009B189B00595826487A6913005B00B3
:10B480009B189B00C31804331B8818003B191A78BB
:10B4900009181F4813009B009B189B00C318043316
:10B4A00019603B191A781B4879690B005B005B181F
:10B4B0009B00C31808331888154913009B009B187C
:10B4C0009B00CB181033021C1A803B191A7813000A
:10B4D0009B009B189B000E4A9B1812257C19180094
:10B4E000FEF7AEFE030023707B191B78002B02D001
:10B4F0007B191B7806E07B6901337B617B69012B3B
:10B5000087DD00231800BD4608B0B0BDA4090020A7
:10B5100078090020FC23061080B582B000AF02003D
:10B520003960FB1D1A70FB1D1B78012B01D901230B
:10B5300020E0FB1D1A78114913009B009B189B000B
:10B540005A583B685A60FB1D1A780C4913009B003F
:10B550009B189B00CB1804331A683B689A603B68C1
:10B5600001221A733B68FA1D12781A703B68002298
:10B570005A7300231800BD4602B080BD7809002030
:10B5800090B589B004AFF860080011007B600B2310
:10B59000FB18021C1A700823FB180A1C1A80FB688F
:10B5A0001B781900124A0B009B005B189B00D318F4
:10B5B0000E331B78002B01D00A2315E07C6808238A
:10B5C000FB181A880B23FB181978F86800230393DB
:10B5D000002302937B6A01932023FB181B880093AE
:10B5E0002300FEF7F9FE03001800BD4605B090BD2C
:10B5F0007809002090B587B002AFF86008007A6043
:10B6000019000A23FB18021C1A800823FB180A1CC5
:10B610001A80FB681B7819000F4A0B009B005B180F
:10B620009B00D3180E331B78002B01D00A230FE0A8
:10B630000823FB181C887A680A23FB181988F86805
:10B64000002301933B6A00932300FFF71CF80300DB
:10B650001800BD4605B090BD78090020F0B5C6467B
:10B6600000B588B002AFF860080011007B600B23C2
:10B670001C00FB18021C1A7008203B180A1C1A80B8
:10B680001726B046B8447D683B181A882300FB187B
:10B690001978F8687B6B0193282308241B19DB19A0
:10B6A0001B8800932B00FFF719FD0300424613701F
:10B6B000BB191B78002B02D0BB191B782CE0FB6850
:10B6C0001B781900174A0B009B005B189B00D318CE
:10B6D0000C331A8808231800F91828231B18DB19C3
:10B6E00009881B88CB189BB2013B9BB21BB203217C
:10B6F0000B431BB29BB2D31A9BB2FA6812781100AB
:10B70000053B98B2074A0B009B005B189B00D318BF
:10B710000C33021C1A8000231800BD4606B080BC02
:10B72000B846F0BD7809002080B582B000AF7860DF
:10B730007B681800FFF728F803001800BD4602B028
:10B7400080BD0000B0B58CB000AF0200FB1D1A70C8
:10B750002B257C191823FA18FB1D1B7811001800E3
:10B76000FFF7C6FB030023707B191B78022B46D121
:10B77000FB1D1A78424913009B009B189B005B58E5
:10B780007B62FB1D1A783E4913009B009B189B00AF
:10B79000CB1804331B683B627B6A3A4A9446634485
:10B7A000DA0A1F203B181A703B6A013B364A1A43DB
:10B7B0007B6AD31A0133DA0A1E243B191A700C2152
:10B7C0007B1800221A603B181A787B185A603B19C4
:10B7D0001A787B189A600823FA187B181100180051
:10B7E000F8F71CFFFB1D1A7813009B009B189B00A9
:10B7F000234A9B181800FEF723FD00233BE02B2370
:10B80000FB181B78012B35D1BA692A257C19FB1D41
:10B810001B7811001800FFF7D9FB030023707B1978
:10B820001B78002B22D10023FB6219E0BB699968C9
:10B83000FA6A13005B009B189B00CA1829217B1829
:10B8400012781A707B181A7813009B009B189B00C3
:10B850000B4A9B181800FEF7F3FCFB6A0133FB62EE
:10B86000BB691B791A00FB6A9342DFDB2A23FB18B2
:10B870001B7800E001231800BD460CB0B0BDC046E7
:10B88000780900200000FCEFFF070000B0B584B08D
:10B8900000AF0200FB1D1A700F257C190823FA184F
:10B8A000FB1D1B7811001800FFF722FB030023701B
:10B8B0007B191B78022B06D1FB1D1B781800FFF7A4
:10B8C0002FF903000BE00F23FB181B78012B05D188
:10B8D000BB681800FFF702FA030000E0012318001C
:10B8E000BD4604B0B0BD000090B583B000AFFC1DF4
:10B8F00000F016F803002370FB1D1B787F2B08D87F
:10B90000FB1D1B781800FFF7C1FF044B180015F052
:10B91000ABFD00231800BD4603B090BDD822061031
:10B9200080B582B000AF2B4B00229A56FB1D1A70D7
:10B93000FB1D1A78284913009B009B189B00CB180D
:10B940000A331B88002B28D0FB1D1A7822491300CC
:10B950009B009B189B00CB180C331988FB1D1A7891
:10B960001D4813009B009B189B00C31810331B88B5
:10B97000994212D2FB1D1B780133DBB25AB2154B30
:10B980001A70144B1B785BB2022B02D1114B0022B0
:10B990001A70FB1D1B785BB217E0FB1D1A78FB1DAC
:10B9A00001321A70FB1D1B78022B02D1FB1D0022F5
:10B9B0001A70FB1D1B78074A127852B29342B7D116
:10B9C000044B00221A7001235B421800BD4602B0EE
:10B9D00080BDC046A00900207809002080B500AFD6
:10B9E000034B01221A6000231800BD4680BDC046EB
:10B9F000640D002080B584B000AF0F217B180022B9
:10BA00001A70EFF310837B607B68BB6072B6C04630
:10BA10000C4B1B68032B03D07B18FE221A7002E02C
:10BA2000084B01221A60BB683B603B6883F31088B7
:10BA3000C0460F23FB181B785BB21800BD4604B04C
:10BA400080BDC046640D002080B500AFC046BD4635
:10BA500080BD0000F0B587B000AFBA607B600F24F6
:10BA60003B19021C1A700E23FB180A1C1A70BB68C3
:10BA700000221A807B6800221A803B6B00221A8009
:10BA80003B191B780522134046D017257C19254BFE
:10BA90001800FDF7B6FF030023707B191B78002BFD
:10BAA00002D07B191B7838E01F4B1800FDF7D6FF3A
:10BAB00003001A00BB681A801C4B1800FDF7CEFF6C
:10BAC00003001A007B681A801426BC19154B180055
:10BAD000FDF7A4FF030023803B6B00221A800E2396
:10BAE000FB181B78022B11D117257C19BB191A885A
:10BAF0000F4B11001800FDF79EFF030023707B1908
:10BB00001B78002B02D07B191B7806E0094B1A002A
:10BB10000821002000F010F800231800BD4607B0EF
:10BB2000F0BDC046340E0020800D0020A40D002082
:10BB3000EC0D00201424061090B585B000AF3A60DB
:10BB4000BB1D021C1A803B1D0A1C1A800C4B1800DE
:10BB5000FDF784FF03001A000E203B1801321A8003
:10BB60003C683B1D1A88BB1D19883B1818882300A8
:10BB700000F02EF803001800BD4605B090BDC04689
:10BB8000800D002090B585B000AF3A60BB1D021C4F
:10BB90001A803B1D0A1C1A800C4B1800FDF75EFF33
:10BBA00003001A000E203B1801321A803C683B1D2E
:10BBB0001A88BB1D19883B181888230000F008F864
:10BBC00003001800BD4605B090BDC046A40D00207E
:10BBD000B0B586B000AF0400080011007B600E23F2
:10BBE000FB18221C1A800C23FB18021C1A800A2343
:10BBF000FB180A1C1A801723FB1800221A7021E078
:10BC00001723FB181A781300DB009B189B00434A8C
:10BC10009B1814257C191800FDF720FF03002380D2
:10BC20007B191B88002B07D07B191B885A1C0E23FD
:10BC3000FB181B889A420BD017217B181A787B18A7
:10BC400001321A701723FB181B78042BD8D900E097
:10BC5000C0461723FB181B78052B01D1122359E08E
:10BC60000C23FB181A880A23FB181B88D1181723EA
:10BC7000FB181A7829481300DB009B189B00C31897
:10BC800020331B689B88994201DD122342E0172371
:10BC9000FB181A7821491300DB009B189B00CB1876
:10BCA00020331B68002B01D1122333E017243B19EA
:10BCB0001A781A491300DB009B189B00CB1820331D
:10BCC0001B689A680C23FB181B88D0180A257B195F
:10BCD0001A887B68190015F02EFD3B191A780F4958
:10BCE0001300DB009B189B00CB1820331B681B78CC
:10BCF0001A00022313400CD03B191A78074913008D
:10BD0000DB009B189B00CB1820331B687A19128824
:10BD10005A8000231800BD4606B0B0BD800D00203B
:10BD2000F0B585B000AF02003960FB1D1A703B68AA
:10BD300000221A800F257C19384B1800FDF761FE90
:10BD4000030023707B191B78002B02D07B191B7812
:10BD500060E00C26BC19314B1800FDF75FFE0300B4
:10BD60002380FB1D1B780122134011D00F257C1965
:10BD7000BB191A882A4B11001800FDF75CFE03005E
:10BD800023707B191B78002B02D07B191B7841E0B4
:10BD9000234B1800FDF762FE03001A003B681A806F
:10BDA0000F257C190C23FB181A881E4B1100180054
:10BDB000FDF741FE030023707B191B78002B02D096
:10BDC0007B191B7826E00F257C190C23FB181A8899
:10BDD000154B11001800FDF72EFE030023707B1990
:10BDE0001B78002B02D07B191B7813E00F257C19E0
:10BDF0000C23FB181A880D4B11001800FDF71BFED1
:10BE0000030023707B191B78002B02D07B191B7851
:10BE100000E000231800BD4605B0F0BD780E0020FC
:10BE2000782406109C240610C0240610E424061072
:10BE300080B582B000AF0200FB1D1A70FB1D1B789D
:10BE40007F2B09D8FB1D1B781A001F231A40044BB7
:10BE5000012191400A001A60C046BD4602B080BD73
:10BE600000E100E080B582B000AF0200FB1D1A7057
:10BE7000FB1D1B787F2B10D8FB1D1B781A001F237E
:10BE80001340084901229A40130080228B50BFF3CF
:10BE90004F8FC046BFF36F8FC046C046BD4602B04D
:10BEA00080BDC04600E100E080B500AF054B5B6996
:10BEB00004221340042B01D1012300E000231800C9
:10BEC000BD4680BD0000504880B500AF034BDA6925
:10BED0008023DB0013401800BD4680BD00005048A1
:10BEE00080B582B000AF7860064BDB69064A13402C
:10BEF0001900044B7A680A43DA61C046BD4602B0B5
:10BF000080BDC04600005048FFFDFFFF80B500AF78
:10BF1000074BDA6980239B001A4080239B009A42DA
:10BF200001D1012300E000231800BD4680BDC046BA
:10BF30000000504880B582B000AF7860064BDB69E6
:10BF40000F2293431900044B7A680A43DA61C04612
:10BF5000BD4602B080BDC0460000504880B582B0EA
:10BF600000AF78608023DB05996B8023DB057A685E
:10BF70000A439A63C046BD4602B080BD80B582B018
:10BF800000AF78608023DB059A6B7B68D943802300
:10BF9000DB050A409A63C046BD4602B080BD80B54D
:10BFA00082B000AF02003960FB1D1A70FB1D1B78C8
:10BFB000002B09D18023DB05DA6A3B68D943802353
:10BFC000DB050A40DA6207E08023DB05D96A8023BB
:10BFD000DB053A680A43DA62C046BD4602B080BD5E
:10BFE00080B582B000AF02003960FB1D1A70FB1DE6
:10BFF0001B78042B60D89A00314BD3181B689F46DE
:10C000008023DB05196B8023DB053A680A431A633A
:10C010008023DB055A6B3B68D9438023DB050A404C
:10C020005A6349E08023DB051A6B3B68D9438023C0
:10C03000DB050A401A638023DB05596B8023DB058F
:10C040003A680A435A6337E08023DB051A6B3B6882
:10C05000D9438023DB050A401A638023DB055A6B32
:10C060003B68D9438023DB050A405A6324E08023E0
:10C07000DB051A6B3B68D9438023DB050A401A6352
:10C080008023DB055A6B3B68D9438023DB050A40DC
:10C090005A6311E08023DB051A6B3B68D943802388
:10C0A000DB050A401A638023DB05596B8023DB051F
:10C0B0003A680A435A63FFE7C046BD4602B080BDF6
:10C0C0000825061080B582B000AF78608023DB05BC
:10C0D000DB6B7A6813407A689A4201D1012300E051
:10C0E00000231800BD4602B080BD80B582B000AF0D
:10C0F00078608023DB057A68DA63C046BD4602B00B
:10C1000080BD000080B584B000AF7860074B596DEA
:10C11000064B7A680A435A65044B5B6D7A68134094
:10C12000FB60FB68C046BD4604B080BD00004048CF
:10C1300080B500AF1F231800BD4680BD80B500AF9D
:10C140001F231800BD4680BD80B582B000AF02003D
:10C15000FB1D1A70FB1D1B78002B1DD02D4B1B786F
:10C16000002B29D12B4B01221A7080235B00180071
:10C17000FFF7C8FF01210220FFF732FF0121002055
:10C18000FFF70DFF0120FFF7E9FE0120FFF7ADFFEC
:10C190001920FFF74DFE0FE01E4B1B78012B0BD132
:10C1A0001C4B00221A700120FFF7E8FE1920FFF750
:10C1B00059FE0120FFF799FFFFF7A8FE031E24D1C7
:10C1C000FFF782FE02008023DB009A421DD080230D
:10C1D0009B001800FFF784FEC046FFF765FE031EB4
:10C1E000FBD1FB1D1B78002B03D00E20FFF7A2FE16
:10C1F00002E00420FFF79EFE0020FFF771FEC0461C
:10C20000FFF752FE031EFBD000E0C046BD4602B061
:10C2100080BDC046E509002080B500AF164B1B78F5
:10C22000002B25D00120FFF74DFF031E21D0134A1C
:10C23000A6239B00D358102213400AD00F4A9523FF
:10C240009B00D3580D4902221A4395239B00CA50E4
:10C250000AE00A4A95239B00D358084902229343D7
:10C260001A0095239B00CA500120FFF73EFF00E013
:10C27000C046BD4680BDC046E509002000140060F0
:10C2800080B500AF8023DB051B680F221340180028
:10C29000BD4680BD80B500AF8023DB051B681B0950
:10C2A0000F2213401800BD4680BD80B500AF80232B
:10C2B000DB055B681800BD4680BD000080B500AF9F
:10C2C000034B1B681B041B0C1800BD4680BDC046F9
:10C2D0001410004080B582B000AF084B1B685B0CA7
:10C2E000032213407B607B68002B01D101237B601C
:10C2F0007B681800BD4602B080BDC0469000504823
:10C3000080B584B000AF78607B68FF221A70FFF7B9
:10C31000CCFF0300FB60FB68184A934202D17B68A4
:10C3200003221A70FFF7B6FF0300DAB27B685A7077
:10C33000FFF7A6FF0300DAB27B689A70FFF7B5FF3C
:10C3400002007B685A60FFF7B9FF030001339A00CF
:10C350007B689A60FFF7BEFF031E07D0FFF7BAFFA6
:10C36000030001339A037B68DA6003E07B68C02234
:10C37000D201DA60C046BD4604B080BD41E0010292
:10C3800080B500AFBFF34F8FC046044B044ADA605C
:10C39000BFF34F8FC046C046FDE7C04600ED00E04A
:10C3A0000400FA0580B500AF00F0B6FCFFF716FBFD
:10C3B0000300013301D1F7F7ADF9C046BD4680BD9A
:10C3C000F0B599B004AF4F23FB1800221A703C233C
:10C3D000FB18180006231A00002115F049F94E2316
:10C3E000FB1806221A703A23FB1800221A803A1D05
:10C3F0005B4B1000190034231A0015F09CF94D25F1
:10C400007C193B1D180003F03FFB030023707B19D0
:10C410001B78002B01D0F7F77DF93C217B183422E3
:10C420001A707B1812225A707B182A229A707B1875
:10C43000E122DA707B1808221A717B1800225A71E7
:10C440004D257C197B181A000621002002F0F2FF0E
:10C45000030023707C191821002002F0EFFF030075
:10C4600023707C194A23FB1819000120FFF758FCA0
:10C47000030023704C217B1800221A707B187A1855
:10C48000127801210A431A707C194F22BB181B78BD
:10C490000021180002F0DAFD030023702E007C1941
:10C4A00046257D194823FA184F203B1819784C234C
:10C4B000FB1818784423FB1800932B00FFF7CAFAE7
:10C4C0000300237035007C19264B1A000821002038
:10C4D000FFF732FB030023707C193A23FB181A0084
:10C4E00002210020FFF74EFB030023701E4B0122A8
:10C4F0001A701D4B1B787C191800FDF730FA0300E9
:10C500002370194B01225A70174B0822DA70164B10
:10C5100010221A71144B00229A70134B9878124B08
:10C520005978114BDB78104A12792E007C190025BE
:10C5300002950192009300230122FDF720FA0300E7
:10C540002370094B9B78002B05D0BC19012002F009
:10C55000A7FD03002370C046BD4615B0F0BDC04620
:10C56000FC2206101C250610E809002080B500AF4B
:10C570000121012002F07CFCC046BD4680BD80B593
:10C5800000AF012002F036FB03F099F9012002F020
:10C590003BFBC046BD4680BD80B500AFFAF782FACE
:10C5A000C046BD4680BD80B500AF0021022002F02C
:10C5B0005FFCC046BD4680BD80B500AFFFF794F973
:10C5C000C046BD4680BD80B500AF0121042002F009
:10C5D0004FFCC046BD4680BD80B500AFFFF7E3FF0E
:10C5E000C046BD4680BD80B500AFFFF7DCFFC0464A
:10C5F000BD4680BD80B582B000AF78607B68180012
:10C600000DF0AEF9FFF7CFFFFFF7DDFFC046BD46E7
:10C6100002B080BD80B500AFFFF7A8FFC046BD46A1
:10C6200080BD000090B583B000AF174B1A00002109
:10C63000012002F0F9FB154B1A000021022002F044
:10C64000F3FB134B1A000021042002F0EDFB114B09
:10C650001A000021082002F0E7FBFFF7A3FEFFF716
:10C66000AFFE0D4B00229A730B4B012252429A816E
:10C67000FC1DF5F7FFF803002370002000F0B6F969
:10C68000C046BD4603B090BD7FC5041099C50410D7
:10C69000B9C50410B9CC0410E8090020F0B599B070
:10C6A00004AF78604B23FB1886221A707B681B78D6
:10C6B000042B04D07B681B78822B00D04CE17B6874
:10C6C00001337B647B681B78042B03D17B6C0233C2
:10C6D000FB6405E07B6801333B643B6C0333FB6424
:10C6E0007B6C1B78FF2B00D19AE000DD36E13E2BFE
:10C6F00023D000DD32E1052B03D0102B00D122E145
:10C700002CE17B6C0233BB60BB685A789B781B02C0
:10C7100013439AB2944B9B899A420BD1924B0122BC
:10C7200052429A81904B00229A73F5F783FA0020C7
:10C7300000F05CF900F0E0FA13E17B6C02333B623D
:10C740003B6A1B780C2B0BD068DC0A2B0ED065DC07
:10C75000012B37D0032B61D13B6A01337B615EE053
:10C760003B6A0133FB6100F0C7FA58E03B6A0133D2
:10C77000BB61BB691C78BB695A789B781B02134369
:10C780009DB2BB691E79BB6905339C46BB69DA7DE6
:10C790001B7E1B0213439AB2BB69597E9B7E1B0210
:10C7A0000B4399B2BB69D87E1B7F1B0203439BB22C
:10C7B000029301910092634632002900200000F0AC
:10C7C000E3F82CE03B6A01333B613B691C783B6931
:10C7D0005A789B781B0213439DB23B691E793B69D3
:10C7E00005339C463B69DA7A1B7B1B0213439AB2E2
:10C7F0003B69597B9B7B1B020B4399B23B69D87BFE
:10C800001B7C1B0203439BB202930191009263467F
:10C8100032002900200000F0B7F800E0C046A0E098
:10C82000FB6CFB63FB6B1A785B781B0213439BB2B8
:10C830004E4A934245D04D4A934200DD7DE04C4A3A
:10C84000934263D04A4A934200DD76E0802212018F
:10C8500093421ED080221201934200DD6DE0454AD2
:10C86000934200D16BE0434A934266DC424A9342D2
:10C8700013D08122D20093425FDA404A934210D013
:10C880003E4A934259DC042B5BD03D4A934214D07C
:10C8900053E0FB6B0233FB6254E0FB6B0233BB6281
:10C8A00050E0314B9B894B22BC18364A11001800CE
:10C8B000FDF794F80300237044E0FB6B02337B62C6
:10C8C00040E0FB6B0233BB6337243B1908221A702C
:10C8D0003B1900221A70BB6B1A785B781B0213435A
:10C8E00098B2BB6B9A78DB781B02134399B2BB6B8F
:10C8F0001A795B791B0213439AB23B191B78002407
:10C90000019400240094FDF7DFF81BE0FB6B023379
:10C910003B633B6B1A795B791B02134398B23B6B09
:10C92000083319003B6B9A79DB791B0213439BB2E6
:10C93000DBB21A00F5F798F904E0C04611E0C046F2
:10C940000FE0C0460DE07B6C0233FB60FB681B7898
:10C95000032B05D8FFF714FDC04602E0C04600E0F7
:10C96000C046BD4615B0F0BDE8090020190C000016
:10C97000010C00000A04000007040000020400008B
:10C980000104000007B2010090B583B000AF0400BD
:10C99000080011003B60FB1D221C1A703B1D021C8D
:10C9A0001A80BB1D0A1C1A70FB1D1B78002B03D0BC
:10C9B0000D4B00229A7313E00B4B9B7B012B03D191
:10C9C000094B03229A7302E0074B02229A73064B2B
:10C9D0003A1D12889A813B1D1B881800F5F70AF949
:10C9E000BD4603B090BDC046E8090020B0B594B084
:10C9F0000CAF0200FB1D1A708023FB61A023BB61FA
:10CA0000FB1D1B78052B34D89A005F4BD3181B688D
:10CA10009F468023FB61A023BB6104237B612BE045
:10CA2000C823DB00FB61FA231B01BB6105237B618B
:10CA300022E000237B611FE0C8239B00FB61C82329
:10CA40009B00BB6100237B61FA235B003B6113E029
:10CA50004E4B9B890F257C1913211800FCF769FFA9
:10CA6000030023707B191B78002B04D100F04CF9D4
:10CA700001E0C04600E0C046FB1D1B78062B00D13C
:10CA800078E000DD78E0042B61D000DD74E0012B5C
:10CA900002DC002B03DA6FE0022B46D06CE00823A7
:10CAA000FB18180006231A00002114F0E1FD0F25E1
:10CAB0007C19FA6900230A93002309930123089340
:10CAC0000023079301230693002305930023049377
:10CAD000002303930023029307230193BB69009370
:10CAE000130013220221002002F006FB0300237032
:10CAF0007B191B78002B03D17B69DAB2234B9A7325
:10CB00000F257C19224B1D220321002002F029FB56
:10CB1000030023707C190823FB181A00012101204F
:10CB200002F023FB0300237029E00F257C1900226B
:10CB30000021002002F019FB030023707B191B78F1
:10CB4000002B1BD17B69DAB2104B9A7316E00F4BA6
:10CB50009889FB6999B2BB699AB27B699DB23B69BE
:10CB60009BB20F243C1900932B00FCF7D6FF030067
:10CB7000237004E0C04602E0C04600E0C046C04664
:10CB8000BD4608B0B0BDC04624250610E809002007
:10CB9000A00E0020F0B5CE46474680B58BB004AF5E
:10CBA0000200FB1D1A70BB1D0A1C1A703B4B1B8830
:10CBB00001339AB2394B1A80394BFA1D12789A76A2
:10CBC000364B1B88DAB2364BDA76354BBA1D127803
:10CBD0001A771723FC18324B1D220321002002F084
:10CBE000C0FA030023702D4B1B88DBB21800F5F749
:10CBF000D7F8BB1D1B781800F5F704F910243B1972
:10CC00001800F4F77DFD08221500BB181800F4F792
:10CC100077FD2200BB1800241C5FBB180221595E5F
:10CC20008946BB1804269E5F2A00BB1800215B5E64
:10CC30009C461100BB1802229A5E7B180421595EA3
:10CC4000184B1B88581C80B2804616484546058004
:10CC50000293019100926346320049462000F5F7A5
:10CC600003F9114B1B78002B11D10F4B01221A70C5
:10CC70000220FFF7BBFE0120FFF7B8FE0B4B0C4A6A
:10CC80009A600C4A094B11001800FAF779FAC0466D
:10CC9000BD4607B0C0BCB946B046F0BDF80900209B
:10CCA000A00E00201A0A0020180A0020000A002006
:10CCB000E1CC04101027000080B500AF074B1B78B3
:10CCC000002B08D0054B00221A700220FFF78EFEC1
:10CCD0000020FFF78BFEC046BD4680BD180A00202D
:10CCE00080B582B000AF78600121082002F0C0F862
:10CCF000C046BD4602B080BD80B500AF012002F045
:10CD0000E3F8C046BD4680BD80B500AF012002F00B
:10CD1000F9F8C046BD4680BD80B500AFFEF79EFA6B
:10CD2000074B19000020FEF7F7FB064B1900012006
:10CD3000FEF7F2FB044B024A1A60C046BD4680BDB6
:10CD40001C0A00202C0A00203C0A0020F0B589B003
:10CD500002AFB96011007B600F243B19021C1A70EE
:10CD60000C23FB180A1C1A803B191B78022B03D1D9
:10CD70001A4B1B4A1A6002E0184B1A4A1A60174BEA
:10CD800018681726BC19BD680C23FB181B889C4625
:10CD90000F23FB1819787B680193282308229B181E
:10CDA000DB191B8800932B006246FEF757FC03003B
:10CDB0002370BB191B78002B01D1002309E0172336
:10CDC000FB181B78022B02D101235B4201E00223F6
:10CDD0005B421800BD4607B0F0BDC0463C0A0020CB
:10CDE0002C0A00201C0A0020B0B586B002AF040057
:10CDF000080011003B60FB1D221C1A70BB1D021CA9
:10CE00001A703B1D0A1C1A80BB1D1B78022B07D110
:10CE10002E4B2F4A1A600E23FB1801221A7006E0CF
:10CE20002A4B2C4A1A600E23FB1800221A70FB1D95
:10CE30001B78022B12D1254B18680F23FC182023D6
:10CE4000FB181D883A683B1D19880C23FB180093BA
:10CE50002B00FEF7CFFB0300237021E0FB1D1B78A6
:10CE6000002B08D1194B1A680E23FB181B781100F0
:10CE70001800FEF751FB154B18680F23FC183D688E
:10CE80003B1D1A88BB1D19780C23FB180193202326
:10CE9000FB181B8800932B00FEF772FB0300237026
:10CEA0000F23FB181B78002B01D1002309E00F236F
:10CEB000FB181B78042B02D103235B4201E0022301
:10CEC0005B421800BD4604B0B0BDC0463C0A00201D
:10CED0002C0A00201C0A002090B585B000AF3960F4
:10CEE0001100BB1D021C1A803B1D0A1C1A800E4B30
:10CEF00018683B1D1C883A68BB1D19882300FDF784
:10CF000075FB0300FB60FB68002B01D1002307E0E9
:10CF1000FB68002B02DA3B1D1B8801E003235B4208
:10CF20001800BD4605B090BD3C0A002080B582B017
:10CF300000AF0200FB1D1A70FB1D1B78022B0AD1EB
:10CF40000B4B1A680B4B9A420DD0094B1B6818000B
:10CF5000FEF7EAFB08E0FB1D1B78032B04D1002041
:10CF6000FEF7F0FB00E0C046BD4602B080BDC04603
:10CF70003C0A00202C0A002080B584B000AFF86085
:10CF8000B9607A607A68B968FB681800F3F7BAF894
:10CF9000C046BD4604B080BD80B584B000AFF86027
:10CFA000B9607A607A68B968FB68180014F060FBB1
:10CFB000C046BD4604B080BD80B584B000AFF86007
:10CFC000B9607A607A68B968FB68180014F042FBAF
:10CFD00003001800BD4604B080BD90B589B000AF15
:10CFE000F860B9607A6010243B191800FFF788F9DF
:10CFF00021007B181A78FB681A707B185A78BB6876
:10D000001A707B189A787B681A70C046BD4609B0C2
:10D0100090BD80B584B000AFF860B9607A607A687E
:10D02000B968FB681800FCF7A3FEC046BD4604B013
:10D0300080BD80B582B000AF78607B68180014F0C6
:10D040003DFF03001800BD4602B080BD80B584B02E
:10D0500000AFF860B9607A607A68B968FB68180058
:10D0600014F0C2FD03001800BD4604B080BD80B5B9
:10D0700084B000AFF860B9607A607A68B968FB681C
:10D08000180014F0E5FE03001800BD4604B080BD92
:10D0900080B582B000AF78607B681800FDF78AF831
:10D0A000C046BD4602B080BD80B582B000AF78609A
:10D0B0007B681800FDF798F8C046BD4602B080BDF9
:10D0C00080B500AFFFF734F803001800BD4680BDFF
:10D0D00080B500AFFFF732F803001800BD4680BDF1
:10D0E00080B582B000AF0200FB1D1A70FB1D1B78DB
:10D0F0001800FFF729F8C046BD4602B080BD80B5D4
:10D1000000AFF9F793F903001800BD4680BD80B564
:10D1100000AFFAF723F802000B0010001900BD461B
:10D1200080BD80B584B000AFF8603A607B603A683B
:10D130007B68F9680800FAF759F803001800BD4643
:10D1400004B080BD80B582B000AF78607B68180005
:10D15000FAF766F8C046BD4602B080BD80B582B021
:10D1600000AF786008001100FB1C021C1A70BB1C89
:10D170000A1C1A70BB1C1A78FB1C19787B681800F3
:10D18000F9F744FE0300DBB21800BD4602B080BDD3
:10D1900080B500AFF9F702FF0300DBB21800BD460F
:10D1A00080BD80B582B000AF78607B681800F9F769
:10D1B00019FE02000B0010001900BD4602B080BD30
:10D1C00080B500AFF9F768FFC046BD4680BD0000DE
:10D1D00080B582B000AF7860074B5B687F229343D5
:10D1E00019007B687F221A40034B0A435A60C046ED
:10D1F000BD4602B080BDC046C000002080B500AF73
:10D20000044B5A68034B80210A435A60C046BD460E
:10D2100080BDC046C000002080B500AF044B5A68F6
:10D22000034B80218A435A60C046BD4680BDC0463C
:10D23000C000002080B582B000AF7860074B1B694A
:10D24000074A134019007B681B02064A1A40034B29
:10D250000A431A61C046BD4602B080BDC00000202E
:10D26000FF0000F000FFFF0F80B582B000AF0200AA
:10D270003960FB1D1A70FB1D1A7813009B009B1868
:10D280001B010D4A944663441B683F2293431800D8
:10D290003B683F2213401900FB1D1A7813009B00C6
:10D2A0009B181B01044A9446634402000A431A6017
:10D2B000C046BD4602B080BDDC00002080B582B013
:10D2C00000AF0200FB1D1A70FB1D1A7813009B00B3
:10D2D0009B181B01094A944663441968FB1D1A7880
:10D2E00013009B009B181B01044A94466344402290
:10D2F0000A431A60C046BD4602B080BDDC00002073
:10D3000080B582B000AF0200FB1D1A70FB1D1A78B9
:10D3100013009B009B181B010A4A9446634419683A
:10D32000FB1D1A7813009B009B181B01054A9446AD
:10D330006344402291430A001A60C046BD4602B0D1
:10D3400080BDC046DC00002080B582B000AF020086
:10D35000FB1D1A70FB1D1A7813009B009B181B0104
:10D36000094A944663441968FB1D1A7813009B0010
:10D370009B181B01044A9446634480220A431A60A6
:10D38000C046BD4602B080BDDC00002080B582B042
:10D3900000AF0200FB1D1A70FB1D1A7813009B00E2
:10D3A0009B181B010A4A944663441968FB1D1A78AE
:10D3B00013009B009B181B01054A9446634480227E
:10D3C00091430A001A60C046BD4602B080BDC04607
:10D3D000DC00002080B582B000AF0200FB1D1A7097
:10D3E000FB1D1A7813009B009B181B01074A9446EB
:10D3F00063441B6880221340802B01D1012300E08D
:10D4000000231800BD4602B080BDC046DC000020ED
:10D4100080B582B000AF02003960FB1D1A70FB1DA1
:10D420001A7813009B009B181B010E4A9446634414
:10D430001B680D4A134018003B681A02FC239B012D
:10D440001A401100FB1D1A7813009B009B181B014A
:10D45000044A9446634402000A431A60C046BD462B
:10D4600002B080BDDC000020FFC0FFFF80B582B0AD
:10D4700000AF0200FB1D1A70FB1D1A7813009B0001
:10D480009B181B01054A944663441B681B0A3F22F4
:10D4900013401800BD4602B080BDC046DC0000202D
:10D4A00080B582B000AF0200FB1D1A70FB1D1A7818
:10D4B00013009B009B181B010A4A94466344196899
:10D4C000FB1D1A7813009B009B181B01054A94460C
:10D4D0006344802212024A401A60C046BD4602B030
:10D4E00080BDC046DC00002080B582B000AF0200E5
:10D4F000FB1D1A70FB1D1A7813009B009B181B0163
:10D500000A4A944663441968FB1D1A7813009B006D
:10D510009B181B01054A94466344802292030A43E8
:10D520001A60C046BD4602B080BDC046DC00002087
:10D5300080B582B000AF0200FB1D1A70FB1D1A7887
:10D5400013009B009B181B01094A94466344196809
:10D55000FB1D1A7813009B009B181B01044A94467C
:10D560006344044A0A401A60C046BD4602B080BD0A
:10D57000DC000020FFFFDFFF80B582B000AF0200BB
:10D580003960FB1D1A70FB1D1A7813009B009B1855
:10D590001B010E4A944663441B680D4A1340180051
:10D5A0003B681A06E023DB041A401100FB1D1A78C1
:10D5B00013009B009B181B01044A9446634402001D
:10D5C0000A431A60C046BD4602B080BDDC000020A0
:10D5D000FFFFFFF880B582B000AF0200FB1D1A709C
:10D5E000FB1D1A7813009B009B181B01054A9446EB
:10D5F00063441B681B0E072213401800BD4602B08F
:10D6000080BDC046DC00002080B582B000AF0200C3
:10D610003960FB1D1A70FB1D1A7813009B009B18C4
:10D620001B010E4A944663441B680D4A13401800C0
:10D630003B681A07E023DB051A401100FB1D1A782E
:10D6400013009B009B181B01044A9446634402008C
:10D650000A431A60C046BD4602B080BDDC0000200F
:10D66000FFFFFF8F80B582B000AF0200FB1D1A7074
:10D67000FB1D1A7813009B009B181B01054A94465A
:10D6800063441B681B0F072213401800BD4602B0FD
:10D6900080BDC046DC00002080B582B000AF020033
:10D6A0003960FB1D1A70FB1D1A7813009B009B1834
:10D6B0001B01094A944663445B68FB1D1A781300FA
:10D6C0009B009B181B01044A944663443A685A60C5
:10D6D000C046BD4602B080BDDC00002080B582B0EF
:10D6E00000AF02003960FB1D1A70FB1D1A78130091
:10D6F0009B009B181B01094A944663449B68FB1DD1
:10D700001A7813009B009B181B01044A944663443B
:10D710003A689A60C046BD4602B080BDDC00002079
:10D7200080B582B000AF02003960FB1D1A70FB1D8E
:10D730001A7813009B009B181B01094A9446634406
:10D740009B69FB1D1A7813009B009B181B01044A60
:10D75000944663443A689A61C046BD4602B080BDB3
:10D76000DC00002080B582B000AF02003960FB1DF4
:10D770001A70FB1D1A7813009B009B181B010D4AA1
:10D7800094466344DB69FF22934318003B68FF2201
:10D7900013401900FB1D1A7813009B009B181B01F6
:10D7A000044A9446634402000A43DA61C046BD4617
:10D7B00002B080BDDC00002080B582B000AF020066
:10D7C000FB1D1A70FB1D1A7813009B009B181B0190
:10D7D000044A94466344DB69FF2213401800BD46A7
:10D7E00002B080BDDC00002080B582B000AF020036
:10D7F0003960FB1D1A70FB1D1A7813009B009B18E3
:10D800001B010C4A94466344DB69FF221340180055
:10D810003B681902FB1D1A7813009B009B181B0123
:10D82000044A9446634402000A43DA61C046BD4696
:10D8300002B080BDDC00002080B582B000AF0200E5
:10D84000FB1D1A70FB1D1A7813009B009B181B010F
:10D85000054A94466344DB691B0A1B021B0A180035
:10D86000BD4602B080BDC046DC00002080B582B05D
:10D8700000AF02003960FB1D1A70FB1D1A781300FF
:10D880009B009B181B010C4A944663441B6A1B0CAB
:10D8900018043B681B04190CFB1D1A7813009B002D
:10D8A0009B181B01044A9446634402000A431A620F
:10D8B000C046BD4602B080BDDC00002080B582B00D
:10D8C00000AF0200FB1D1A70FB1D1A7813009B00AD
:10D8D0009B181B01044A944663441B6A1B041B0CDF
:10D8E0001800BD4602B080BDDC00002080B582B0CB
:10D8F00000AF0200FB1D1A70FB1D1A7813009B007D
:10D900009B181B010A4A94466344196AFB1D1A7846
:10D9100013009B009B181B01054A94466344802218
:10D9200092050A431A62C046BD4602B080BDC04699
:10D93000DC00002080B582B000AF0200FB1D1A7031
:10D94000FB1D1A7813009B009B181B01094A944683
:10D950006344196AFB1D1A7813009B009B181B0176
:10D96000044A94466344044A0A401A62C046BD46CB
:10D9700002B080BDDC000020FFFFFFDF80B582B079
:10D9800000AF02003960FB1D1A70FB1D1A781300EE
:10D990009B009B181B01094A944663445B6AFB1D6C
:10D9A0001A7813009B009B181B01044A9446634499
:10D9B0003A685A62C046BD4602B080BDDC00002015
:10D9C00080B582B000AF0200FB1D1A70FB1D1A78F3
:10D9D00013009B009B181B01034A944663445B6A37
:10D9E0001800BD4602B080BDDC00002080B582B0CA
:10D9F00000AF02003960FB1D1A70FB1D1A7813007E
:10DA00009B009B181B010C4A944663449B6A1B0EA7
:10DA100018063B681B02190AFB1D1A7813009B00AD
:10DA20009B181B01044A9446634402000A439A620D
:10DA3000C046BD4602B080BDDC00002080B582B08B
:10DA400000AF02003960FB1D1A70FB1D1A7813002D
:10DA50009B009B181B010C4A944663449B6A1B0263
:10DA6000180A3B681906FB1D1A7813009B009B18C7
:10DA70001B01054A9446634402000A439A62C04669
:10DA8000BD4602B080BDC046DC00002080B582B03B
:10DA900000AF02003960FB1D1A70FB1D1A781300DD
:10DAA0009B009B181B010D4A94466344DB6A1F22AE
:10DAB000934318003B681F2213401900FB1D1A787E
:10DAC00013009B009B181B01044A94466344020008
:10DAD0000A43DA62C046BD4602B080BDDC000020C9
:10DAE00080B582B000AF0200FB1D1A70FB1D1A78D2
:10DAF00013009B009B181B01044A94466344DB6A95
:10DB00001F2213401800BD4602B080BDDC0000207B
:10DB100080B582B000AF02003960FB1D1A70FB1D9A
:10DB20001A7813009B009B181B010E4A944663440D
:10DB3000DB6A0D4A134018003B681A02FC239B0164
:10DB40001A401100FB1D1A7813009B009B181B0143
:10DB5000044A9446634402000A43DA62C046BD4662
:10DB600002B080BDDC000020FFC0FFFF80B582B0A6
:10DB700000AF0200FB1D1A70FB1D1A7813009B00FA
:10DB80009B181B01054A94466344DB6A1B0A3F222B
:10DB900013401800BD4602B080BDC046DC00002026
:10DBA00080B582B000AF02003960FB1D1A70FB1D0A
:10DBB0001A7813009B009B181B010C4A944663447F
:10DBC000DB6A1B04180C3B681904FB1D1A78130050
:10DBD0009B009B181B01054A9446634402000A43BC
:10DBE000DA62C046BD4602B080BDC046DC000020FF
:10DBF00080B582B000AF0200FB1D1A70FB1D1A78C1
:10DC000013009B009B181B01054A94466344DB6A82
:10DC10001B0C1B041B0C1800BD4602B080BDC04687
:10DC2000DC00002080B582B000AF02003960FB1D2F
:10DC30001A70FB1D1A7813009B009B181B010C4ADD
:10DC4000944663441B6B9B0D98053B689B02990AA5
:10DC5000FB1D1A7813009B009B181B01044A944675
:10DC6000634402000A431A63C046BD4602B080BD49
:10DC7000DC00002080B582B000AF0200FB1D1A70EE
:10DC8000FB1D1A7813009B009B181B01044A944645
:10DC900063441B6B9B029B0A1800BD4602B080BD0B
:10DCA000DC00002080B582B000AF786039607B680E
:10DCB0001B687B683A681A60C046BD4602B080BDEA
:10DCC00080B582B000AF786039607B685B68012204
:10DCD00093431A003B6801210B401A437B685A604A
:10DCE000C046BD4602B080BD80B582B000AF78604E
:10DCF00039607B685B68042293431A003B689B0091
:10DD000004210B401A437B685A60C046BD4602B0EE
:10DD100080BD80B582B000AF786039607B685B6899
:10DD2000102293431A003B681B0110210B401A4339
:10DD30007B685A60C046BD4602B080BD80B582B0E7
:10DD400000AF786039607B685B68202293431A00DB
:10DD50003B685B0120210B401A437B685A60C04638
:10DD6000BD4602B080BD80B582B000AF78607B68F0
:10DD70005B6840221A437B685A60C046BD4602B0C9
:10DD800080BD80B582B000AF78607B685B68802220
:10DD90001A437B685A60C046BD4602B080BD80B55C
:10DDA00082B000AF78607B685B68802293431A0082
:10DDB0007B685A60C046BD4602B080BD80B582B067
:10DDC00000AF786039607B685B68074A1A403B683F
:10DDD000190280235B000B401A437B685A60C046DF
:10DDE000BD4602B080BDC046FFFEFFFF80B582B0D9
:10DDF00000AF786039607B685B68074A1A403B680F
:10DE0000590280239B000B401A437B685A60C0462E
:10DE1000BD4602B080BDC046FFFDFFFF80B582B0A9
:10DE200000AF786039607B685B68074A1A403B68DE
:10DE300099028023DB000B401A437B685A60C0467E
:10DE4000BD4602B080BDC046FFFBFFFF80B582B07B
:10DE500000AF786039607B689B687B683A689A603D
:10DE6000C046BD4602B080BD80B582B000AF7860CC
:10DE70007B689B681800BD4602B080BD80B582B04B
:10DE800000AF786039607B68DB681B0D1A053B6862
:10DE90001B031B0B1A437B68DA60C046BD4602B009
:10DEA00080BD80B582B000AF78607B68DB6880227F
:10DEB00052031A437B68DA60C046BD4602B080BD9B
:10DEC00080B582B000AF786039607B68DB68074A54
:10DED0001A403B6899058023DB030B401A437B689B
:10DEE000DA60C046BD4602B080BDC046FFFFBFFF3E
:10DEF00080B582B000AF786039607B68DB68074A24
:10DF00001A403B68D90580231B040B401A437B68E9
:10DF1000DA60C046BD4602B080BDC046FFFF7FFF4D
:10DF200080B582B000AF786039607B68DB68074AF3
:10DF30001A403B68190680235B040B401A437B6838
:10DF4000DA60C046BD4602B080BDC046FFFFFFFE9E
:10DF500080B582B000AF78607B68DB688022920475
:10DF60001A437B68DA60C046BD4602B080BD80B50A
:10DF700082B000AF78607B68DB688022D2041A43ED
:10DF80007B68DA60C046BD4602B080BD80B582B015
:10DF900000AF78607B68DB688022D2051A437B681B
:10DFA000DA60C046BD4602B080BD80B582B000AF29
:10DFB00078607B68DB68802212061A437B68DA602F
:10DFC000C046BD4602B080BD80B582B000AF78606B
:10DFD000C023DB055B684F22134019007B684F228A
:10DFE00093431A00C023DB050A435A60C046BD466E
:10DFF00002B080BD80B582B000AF7860C023DB0581
:10E000009B690822934319007B68DB0008221A40B1
:10E01000C023DB050A439A61C046BD4602B080BDFD
:10E0200080B588B000AF786008001100FB1C021CAE
:10E030001A70BB1C0A1C1A707B687B61FB1C1B7866
:10E04000012B05D10623BB60BB680233FB6115E0E1
:10E05000FB1C1B78002B05D10423FB60FB680233FB
:10E06000FB610BE0FB1C1B78022B05D102233B61FB
:10E070003B690433FB6101E00023FB61FB1C1B785F
:10E08000012B03D0FB1C1B78022B09D1BB1C1B7876
:10E09000012B02D1B523BB6113E04323BB6110E028
:10E0A000FB1C1B78002B03D0FB1C1B78032B08D117
:10E0B000BB1C1B78012B02D1B323BB6101E04123C0
:10E0C000BB61BA69FB69D3187A69D31A7B617B6932
:10E0D0001800BD4608B080BD80B582B000AF786042
:10E0E0007B681800FFF770FFC046BD4602B080BDD8
:10E0F00080B500AF0120FFF77DFFC046BD4680BD63
:10E1000080B500AFFFF788F8C046BD4680BD80B53A
:10E1100000AFFFF773F8C046BD4680BD80B582B042
:10E1200000AF0200FB1D1A70FB1D1B781800FFF7E3
:10E130004FF8C046BD4602B080BD000080B582B039
:10E1400000AF78607B68034A13401800BD4602B0F8
:10E1500080BDC04630DFCB0080B582B000AF7860B4
:10E160007A688023DB0313401800BD4602B080BDEF
:10E1700080B582B000AF786000231800BD4602B0C1
:10E1800080BD80B582B000AF78607A688023DB05FF
:10E1900013401800BD4602B080BD80B582B000AF0C
:10E1A00078607A6880239B0413401800BD4602B053
:10E1B00080BD80B582B000AF78607A6880239B0113
:10E1C00013401800BD4602B080BD80B582B000AFDC
:10E1D00078607A688023DB0213401800BD4602B0E5
:10E1E00080BD80B582B000AF78607A6880235B0222
:10E1F00013401800BD4602B080BD80B582B000AFAC
:10E2000078607A6880239B0313401800BD4602B0F3
:10E2100080BD80B582B000AF78607A6880239B00B3
:10E2200013401800BD4602B080BD80B582B000AF7B
:10E2300078607A6880231B0113401800BD4602B045
:10E2400080BD80B582B000AF78607B68DB0FDB07F4
:10E250001800BD4602B080BD80B582B000AF7860C6
:10E260007A688023DB0413401800BD4602B080BDED
:10E2700080B582B000AF78607B6840221340180000
:10E28000BD4602B080BD80B582B000AF78607A68CC
:10E2900080235B0413401800BD4602B080BD80B5EA
:10E2A00082B000AF7860C046BD4602B080BD80B588
:10E2B00082B000AF78607B681800FFF770FDC04641
:10E2C000BD4602B080BD80B582B000AF78607B688B
:10E2D00000211800FFF7F4FCC046BD4602B080BD27
:10E2E00080B582B000AF78607B681800FFF7BCFD96
:10E2F00003001800BD4602B080BD80B582B000AFFB
:10E3000078607B6814220021180013F0B1F9C04630
:10E31000BD4602B080BD80B582B000AF78607B683A
:10E3200001211800FFF70AFDC046BD4602B080BDBE
:10E3300080B582B000AF78607B6801211800FFF7DC
:10E34000E8FCC046BD4602B080BD80B582B000AFDB
:10E350007860C046BD4602B080BD80B582B000AFD7
:10E36000786039603A687B6811001800FFF76EFD2D
:10E37000C046BD4602B080BD80B582B000AF7860B7
:10E380007B681800FFF7FDFCC046BD4602B080BDAB
:10E3900080B582B000AF78607B681800FFF7F6FDAB
:10E3A000C046BD4602B080BD80B582B000AF786087
:10E3B0007B681800FFF7CCFDC046BD4602B080BDAB
:10E3C00080B582B000AF78607B681800FFF7EDFD84
:10E3D000C046BD4602B080BD80B582B000AF786057
:10E3E0007B681800FFF7C3FDC046BD4602B080BD84
:10E3F00080B582B000AF78607B6801211800FFF71C
:10E400008FFDC046BD4602B080BD80B582B000AF72
:10E4100078607B6801211800FFF766FCC046BD46A6
:10E4200002B080BD80B582B000AF786039603A68D4
:10E430007B6811001800FFF735FCC046BD4602B0EE
:10E4400080BD80B582B000AF78607B680021180085
:10E45000FFF7B4FCC046BD4602B080BD80B582B0B7
:10E4600000AF78600A00FB1C1A70C046BD4602B0BF
:10E4700080BD80B582B000AF78607B680121180054
:10E48000FFF79CFCC046BD4602B080BD80B582B09F
:10E4900000AF78607B681800FFF765FCC046BD469A
:10E4A00002B080BD80B582B000AF78607B6801218A
:10E4B0001800FFF705FCC046BD4602B080BD80B520
:10E4C00082B000AF78607B6801211800FFF78EFCF6
:10E4D000C046BD4602B080BD80B582B000AF786056
:10E4E00039603A687B6811001800FFF7C7FCC04626
:10E4F000BD4602B080BD80B582B000AF78607B6859
:10E500001800FFF7CEFCC046BD4602B080BD80B506
:10E5100082B000AF78607B6801211800FFF7E8FC4B
:10E52000C046BD4602B080BD80B582B000AF786005
:10E530007B6801211800FFF7C3FCC046BD4602B04E
:10E5400080BD80B582B000AF78607B680121180083
:10E55000FFF764FC7B6801211800FFF747FCC04609
:10E56000BD4602B080BD80B582B000AF7860396032
:10E570003B681B031B0B1800FEF75CFEC046BD4644
:10E5800002B080BD80B582B000AF0200FB1D1A70E2
:10E59000C046BD4602B080BD80B582B000AF02006B
:10E5A0003960FB1D1A703B68002B05D0FB1D1B78E2
:10E5B0001800FEF783FE04E0FB1D1B781800FEF731
:10E5C0009FFEC046BD4602B080BD80B582B000AFA0
:10E5D0000200FB1D1A70FB1D1B781800FEF7A8FF38
:10E5E000FB1D1B781800FFF7A5F9C046BD4602B019
:10E5F00080BD80B582B000AF0200FB1D1A70FB1D0C
:10E600001B781800FEF770FFFB1D1B781800FFF742
:10E610006DF9C046BD4602B080BD80B582B000AF86
:10E620000200FB1D1A70FB1D1B781800FFF7C8F9CC
:10E6300003001800BD4602B080BD80B582B000AFB7
:10E6400002003960FB1D1A70FB1D1B781800FFF7D4
:10E65000CFFA0300DAB23B681A70FB1D1B78180072
:10E66000FFF7C6FA03001A0A3B680133D2B21A70E8
:10E67000FB1D1B781800FFF7FDFA02003B68023310
:10E68000D2B21A70FB1D1B781800FFF7F3FA0300D3
:10E690001A0A3B680333D2B21A70FB1D1B781800AC
:10E6A000FFF7E8FA03001A0C3B680433D2B21A7081
:10E6B000C046BD4602B080BD80B582B000AF02004A
:10E6C000FB1D1A70FB1D1A7813009B009B181B0181
:10E6D000034A9446634438331800BD4602B080BDF7
:10E6E000DC00002080B582B000AF0200FB1D1A7074
:10E6F000FB1D1A7813009B009B181B01034A9446CC
:10E70000634440331800BD4602B080BDDC000020E9
:10E7100080B582B000AF0200FB1D1A70FB1D1B7894
:10E720001800FFF723FA0300DBB21800BD4602B061
:10E7300080BD80B582B000AF0200FB1D1A70FB1DCA
:10E740001B781800FEF746FE0300DBB21800BD463A
:10E7500002B080BD80B582B000AF0200FB1D1A7010
:10E76000FB1D1B781800FEF781FE0300DBB21800CA
:10E77000BD4602B080BD90B583B000AF02003960E5
:10E78000FB1D1A70FB1D1B781800FFF755F80200DF
:10E790003B681A603B681C68FB1D1B781800FFF77C
:10E7A0008DF803001B0622001A433B681A60FB1D0C
:10E7B0001B781800FFF782F802003B680433120A46
:10E7C0001A60C046BD4603B090BD80B582B000AFB0
:10E7D0000200FB1D1A70FB1D1B781800FEF742FF9C
:10E7E0000300DBB21800BD4602B080BD80B582B028
:10E7F00000AF0200FB1D1A70FB1D1B781800FEF70E
:10E80000E9FE0300DBB21800BD4602B080BD80B552
:10E8100084B000AF0200FB1D1A70FB1D1B781800AE
:10E82000FFF75EF902000F217B181A707B181B7826
:10E830001800BD4604B080BD80B582B000AF0200B4
:10E84000FB1D1A70FB1D1A7813009B009B181B01FF
:10E85000084A9446634450220021180012F008FF31
:10E86000FB1D1B7801211800FFF796FEC046BD4630
:10E8700002B080BDDC00002080B582B000AF020095
:10E880003960FB1D1A703A68FB1D1B7811001800D7
:10E89000FFF774F8C046BD4602B080BD80B584B0B5
:10E8A00000AF02003960FB1D1A703B681B781A002C
:10E8B0003B6801331B781B021343FB60FA68FB1DA6
:10E8C0001B7811001800FFF76BF93B6802331B78C7
:10E8D0001A003B6803331B781B021A433B6804335E
:10E8E0001B781B041343FB60FA68FB1D1B781100A7
:10E8F0001800FFF797F9C046BD4604B080BD80B54B
:10E9000082B000AF02003960FB1D1A703A68FB1D2F
:10E910001B7811001800FFF769F8C046BD4602B029
:10E9200080BD80B582B000AF0200FB1D1A70BB1D18
:10E930000A1C1A70BB1D1A78FB1D1B7811001800E9
:10E94000FFF77CF8C046BD4602B080BD80B582B0FE
:10E9500000AF0200FB1D1A70BB1D0A1C1A70BB1D04
:10E960001A78FB1D1B7811001800FFF7D1F8C0467C
:10E97000BD4602B080BD80B582B000AF0200FB1D75
:10E980001A70BB1D0A1C1A70BB1D1A78FB1D1B7860
:10E9900011001800FEF73CFDC046BD4602B080BD28
:10E9A00080B584B000AF02003960FB1D1A703B686F
:10E9B0001A68FB1D1B7811001800FEF715FF3B6855
:10E9C00004331B681A023B681B681B0E1343FB6071
:10E9D000FA68FB1D1B7811001800FEF747FFC046C0
:10E9E000BD4604B080BD80B584B000AF0200FB1D01
:10E9F0001A70FB1D1B781800FEF760FF02008023D1
:10EA00001B021343FB60FA68FB1D1B781100180002
:10EA1000FEF72CFFC046BD4604B080BD80B582B075
:10EA200000AF0200FB1D1A70FB1D1B781800FEF7DB
:10EA3000ADFCC046BD4602B080BD80B582B000AF1F
:10EA400002003960FB1D1A703A68FB1D1B7811002B
:10EA50001800FEF743FEC046BD4602B080BD80B53B
:10EA600082B000AF0200FB1D1A70BB1D0A1C1A7099
:10EA7000BB1D1A78FB1D1B7811001800FEF7C4FDA2
:10EA8000C046BD4602B080BD80B582B000AF020076
:10EA90003960FB1D1A703B681A68FB1D1B7811005A
:10EAA0001800FEF73DFE3B6804331A68FB1D1B7817
:10EAB00011001800FEF756FEC046BD4602B080BDEC
:10EAC00080B584B000AF0200FB1D1A70FB1D1B78DF
:10EAD0001800FEF771FE030080221343FB60FA6802
:10EAE000FB1D1B7811001800FEF73CFEC046BD461A
:10EAF00004B080BD80B582B000AF0200FB1D1A706B
:10EB0000FB1D1B781800FEF71FFCC046BD4602B077
:10EB100080BD80B582B000AF02003960FB1D1A7065
:10EB20003A68FB1D1B7811001800FEF7B5FDC046C2
:10EB3000BD4602B080BD80B582B000AF0200FB1DB3
:10EB40001A70BB1D0A1C1A70BB1D1A78FB1D1B789E
:10EB500011001800FEF710FDC046BD4602B080BD92
:10EB600080B582B000AF0200FB1D1A70BB1D0A1CED
:10EB70001A70BB1D1A78FB1D1B7811001800FEF7D8
:10EB800085FFC046BD4602B080BD80B582B000AFF3
:10EB90000200FB1D1A70BB1D0A1C1A70BB1D1A78DF
:10EBA000FB1D1B7811001800FEF75EFBC046BD463A
:10EBB00002B080BD80B582B000AF0200FB1D1A70AC
:10EBC000FB1D1B781800FEF76BFCC046BD4602B06B
:10EBD00080BD80B582B000AF0200FB1D1A70FB1D26
:10EBE0001B78042B01D19D2300E012231800BD46A1
:10EBF00002B080BD80B582B000AF0200FB1D1A706C
:10EC0000C046BD4602B080BD80B582B000AF0200F4
:10EC1000FB1D1A70C046BD4602B080BD80B500AF76
:10EC2000C046BD4680BD000080B590B000AF7860A2
:10EC3000754B1B68BB62744B1B687A681A40724B39
:10EC40001A60724B1B68BB63714B1B687B63714B13
:10EC50001B683B63704B1B68FB6290E00023FB6307
:10EC600002E0FB6B0133FB636C4BFA6BD200D358B1
:10EC70003A6B1A40644B1B681340F2D0674BFA6B37
:10EC8000D200D3583A6B1A405F4B1B6813407B622B
:10EC9000624AFB6BDB00D31804331B687A6A1340AB
:10ECA00007D15E4AFB6BDB00D318043301225242CA
:10ECB0001A605A4AFB6BDB00D31804331B687A6A6C
:10ECC0001340180000F07CF903001A00544B1A603E
:10ECD000524AFB6BDB00D31804331A68504B1B6895
:10ECE000012199400B00DB431A404C49FB6BDB00D0
:10ECF000CB1804331A60EFF31083BB61BB693B622E
:10ED000072B6C046464B1B6801229A401300DA4394
:10ED10003E4B1B681A403D4B1A600223FB6313E015
:10ED2000FB6B5A1E3D4BD200D1583D4B1B68012254
:10ED30009A401300DB43FA6B013A1940374BD2007B
:10ED4000D150FB6B013BFB63FB6B002BE8D13B6AB3
:10ED50007B617B6983F31088C046314B1A68314B65
:10ED60009200D3589847294B1B68BB63284B1B68FC
:10ED70007B63284B1B683B63274B1B68FB62BB6BA9
:10ED80003A6B1A40204B1B68134004D07B6BFA6A25
:10ED9000134000D162E7224B012252421A601E4BFF
:10EDA0001B687A6B134027D1F2F760FAEFF31083F8
:10EDB0003B613B69FB6172B6C046144B1B68BB6389
:10EDC000134B1B687B63134B1B683B63BB6B3A6B3A
:10EDD0001A400D4B1B68134006D10F4B1B687A6B12
:10EDE000134001D1F2F747FAFB69FB60FB6883F33C
:10EDF0001088C04600F0DEF8034BBA6A1A60C046BD
:10EE0000BD4610B080BDC046C40E0020400A0020A0
:10EE1000440A0020C00E0020480A0020D00A00202A
:10EE20004C0A0020500A002080B588B000AFF8607E
:10EE3000B9607A60EFF310837B617B69FB6172B626
:10EE4000C046FB68180000F0BBF803001A00074B2F
:10EE500092007968D150FB69BB61BB6983F310886C
:10EE6000C046C046BD4608B080BDC046500A00201E
:10EE700080B586B000AF78603960EFF31083FB6037
:10EE8000FB687B6172B6C0460D4B1A687B681A43FB
:10EE90000B4B1A600B4B3A68D200D2587B681A436E
:10EEA0001100084B3A68D200D1507B693B613B6945
:10EEB00083F31088C046C046BD4606B080BDC0463C
:10EEC000400A0020D00A002080B586B000AF7860EC
:10EED000EFF31083FB60FB687B6172B6C046084BA2
:10EEE0001A687B681A43064B1A607B693B613B6971
:10EEF00083F31088C046C046BD4606B080BDC046FC
:10EF0000440A002080B588B000AF78601F4B1B68B2
:10EF1000BB611E4B1B68013302D10023FB6105E07E
:10EF20001A4B1B6801229A401300FB61184B1B68A7
:10EF30007B61174B7A681A6005E07A68FB691100FB
:10EF4000180000F029F8134B1B687A681340F4D0BE
:10EF50000E4BBA691A60EFF31083BB60BB683B616C
:10EF600072B6C0467B68DA430A4B1B681A40094BED
:10EF70001A603B69FB60FB6883F31088C046044B52
:10EF80007A691A60C046BD4608B080BD4C0A0020B0
:10EF9000480A0020440A002080B582B000AF7860A3
:10EFA00039607B68DB431800FFF73EFEC046BD4674
:10EFB00002B080BD80B500AFC046BD4680BD000038
:10EFC00080B584B000AF78600F217B1800221A70E2
:10EFD0007B68BB60BA6880235B029A4205D27B18CB
:10EFE00010221A70BB681B04BB60BA6880235B04E4
:10EFF0009A4208D20F22BB18BA18127808321A7037
:10F00000BB681B02BB60BA6880235B059A4208D2CA
:10F010000F22BB18BA18127804321A70BB681B0191
:10F02000BB60BB681B0F084AD15C0F203B183A1825
:10F0300012788A181A703B181B781F22D31ADBB279
:10F040001800BD4604B080BD3C25061080B50228DE
:10F0500001D9122080BD01F047FC80BD80B501F0D0
:10F0600019FE80BDB0B504460078002801D0042800
:10F0700001D3122000E000201225002A2A4600D0E9
:10F080000246012900D81546002D07D108F08BF85B
:10F09000002803D12078FD21014021702846B0BD11
:10F0A000E0B501A90870012208461146FFF7DAFF12
:10F0B000002800D08CBD01A8007801F001FE8CBDB5
:10F0C0001FB51C4608460A990391099902910899AF
:10F0D000019107990091069B1146224601F0D0FE4E
:10F0E00004B010BD80B51946104602F03DF880BD51
:10F0F00080B501F035FF80BDF0B593B01F461546D1
:10F100000E4612901C9C08461146224601F08AFECB
:10F11000002824D122980D901FAB0DCB11901E9882
:10F120000F901D980E901B980C901A991998109793
:10F13000189F089209930D9A0A92009701900291E4
:10F140000C98039004940E9805900F9806901198CF
:10F150000790129831462A46109BFFF7B1FF13B073
:10F16000F0BD80B5FFF7BEFF80BD80B5FFF7C0FFE3
:10F1700080BD80B5042801D9122080BD0CF00CFDA3
:10F1800080BD0000F0B589B005460846284312242A
:10F19000012836D80E9F072F33D3102F31D80F9860
:10F1A00010282ED8B8422CD30E461099022928D800
:10F1B00001910290039304920CF067FF012806D19D
:10F1C000049902291DD8039A012A07D919E0039A44
:10F1D00010460499084301D0112412E005AC0198AF
:10F1E00020730948E080029860712771E270A17075
:10F1F0006670257001F02EFD607320460CF002FD54
:10F200000446204609B0F0BD0707000080B5044A57
:10F21000914201D9122080BD0CF01EFD80BDC04678
:10F220003F420F0080B504F067FA80BD80B504F05E
:10F2300029FD80BD80B504F00FFB80BD80B504F0D2
:10F240002BFD80BDBFB51C4602AB089D5D801A80BA
:10F25000099A039200930123224604F083FC04B030
:10F26000B0BD1CB5059C0194049C009404F002FD03
:10F2700000201CBD00207047F0B587B014460D4635
:10F28000064669480068002E01D1062D17D0062ECB
:10F2900001D1022D13D0082E01D1102D0FD0182E20
:10F2A00001D1102D0BD0282E01D1022D07D02A2EEE
:10F2B00001D1022D03D02C2E09D1012D07D18019A7
:10F2C00021462A46FDF758FE002007B0F0BD2E2E3D
:10F2D00007D1062D05D1617989090329EFD21220C2
:10F2E000F3E7D02E05D1012D03D12078FAF7C8F924
:10F2F000EBE7D22E05D1012D03D12178362281549E
:10F30000E2E7D52E0AD1042D08D102A80422214615
:10F31000FDF732FE0298FAF7A6F9D6E704F0B2FE3E
:10F32000082D23D1D12E21D101281FD102A801906F
:10F3300002263F4D21463246A847A11C06AF38465B
:10F340003246A847211D05AD28463246384B98471E
:10F35000A11D04AC20463246354B984723882A88A5
:10F360003988019800880AF0DDFBAEE7302E05D120
:10F37000012D03D12078FAF7CDF9A6E7D32E05D1D8
:10F38000012D03D120780AF0DBFA9EE7FF2E0AD187
:10F39000042D08D102A804222146FDF7EDFD0298B4
:10F3A000FFF768FF0CE0FE2E0DD1052D0BD102AD4D
:10F3B000052228462146FDF7DFFD284600F09AFB8E
:10F3C000002881D18BE72F2E05D1012D03D1207884
:10F3D00007F028FF79E7322E12D1022D10D102ADAD
:10F3E000022228462146FDF7C7FD2888411EC9088C
:10F3F000E02900D973E70D4909685A22885263E76A
:10F400001220332E00D060E7012D00D05DE702AD61
:10F41000012228462146FDF7AFFD287801F0FAFCCD
:10F42000287807F0C7FE4FE7E40A0020EC0A002026
:10F4300079CF041080B5FFF71FFF80BD80B500F0C5
:10F4400001F880BDF8B50E4605461224FDF738FEDA
:10F45000B04217D3012D15D80B480068817A00916E
:10F460008572477A46722846FDF73AFE0024B74275
:10F4700002D10098A84205D0FF207F2201210B462F
:10F4800009F094F82046F8BD380B002080B50448F8
:10F490000068603000210422FDF77EFD80BDC0467B
:10F4A000380B002070B503460A480468EFF310805B
:10F4B00072B6207D00252575257C0F262E401E70F6
:10F4C000237C1B090B70E1681160411E884162B604
:10F4D00070BDC046380B002003480068002101754C
:10F4E000418201747047C046380B002010B586B0C9
:10F4F0001548046802A801A96A46FFF7D3FF00284F
:10F500001FD002A80178608AC840C00719D0019AAC
:10F51000009B03A8082484701C0EC4721C0C847207
:10F520001C0A44720372C2718171FF2141708221F1
:10F5300001700021417104220271C1700C21F9F7A0
:10F5400041FF06B010BDC046380B0020BFB501AC6E
:10F55000089D2581E380A28061802080204604F000
:10F560009DFD04B0B0BD0000034800688821034A37
:10F57000425000207047C046380B002000000303B3
:10F58000054800688821415C88308078814201D834
:10F590000020704701207047380B002005480068A4
:10F5A0008921415C89308078814201D800207047F0
:10F5B00001207047380B002010B504460A48006847
:10F5C000006990210122134600F09CFA002804D023
:10F5D00001464460902000F032FB04480068882116
:10F5E000425C521C425410BDE80A0020380B002037
:10F5F00010B50446007AF721014021720A480068DC
:10F60000006990210022012300F07CFA002804D038
:10F6100001464460902000F012FB044800688921F4
:10F62000425C521C425410BDE80A0020380B0020F6
:10F6300010B50024C46106F027FC842800D0812482
:10F64000204610BDB0B5096883240022002912D0DD
:10F65000CD690024CC61087AC00603D4002005F0EF
:10F6600019F802E0084604F055FB0122002829465B
:10F67000ECD083240CE0D0070AD0EFF3108072B6F0
:10F68000044800688921425C521E425462B600243C
:10F69000E0B2B0BD380B002010B50C68207BC0076D
:10F6A00008D000210122204600F0F6F8207BFE2140
:10F6B000014021730E4800682C21405CC00703D133
:10F6C000204604F059FF02E0204604F0EFFA00283B
:10F6D00001D0832010BDEFF3108072B6054800689A
:10F6E0008821425C521E425462B6002010BDC046C2
:10F6F000E40A0020380B002070B50B4C01250422D1
:10F70000204629460BF08CF8084E30600622204631
:10F7100029460BF085F831680860306801680020E0
:10F7200088804880087070BD480B0020E00A0020E7
:10F73000B0B50D460446411E8841511E1F220A43A2
:10F74000213291B20AF04AFF002806D08580016874
:10F750008160002C03D1402103E00020B0BD7F2157
:10F76000C9430173001DB0BD80B5411E88410AF038
:10F770009DFF80BD80B5017A8A0901219143001F58
:10F780000AF066FF80BD80B50A46017A8B09012127
:10F79000994340680AF09EFF80BD10B514460A46A2
:10F7A0004068194623460BF06FF910BD10B514469A
:10F7B0000A464068194623460BF02DF910BDE0B506
:10F7C000022201ABFFF7F2FF002801D0002004E085
:10F7D00001A8017840780002401880B28CBDE0B5E5
:10F7E00001AB1A70120A5A70022200F001F88CBDA7
:10F7F00010B514460A464068194623460BF0D1F866
:10F8000010BD011F00220A6040687047F8B50F481C
:10F81000006805682878411C29700D4F398A253108
:10F820004E09741C002809D1002021460AF08EFFE1
:10F83000388A25304009401C6880B41C01202146CC
:10F840000AF084FFA8880019A880F8BDE00A00200B
:10F850004C0B0020F8B50E48006806683078401E52
:10F8600030700C49098A25314F097C1C000606D1ED
:10F870000025284621460AF0BDFF7580BC1C0120EA
:10F8800021460AF0B7FFB088001BB080F8BDC04623
:10F89000E00A00204C0B002070B591420ED21546B4
:10F8A0000E46044640680BF066F9751B60680BF065
:10F8B00037F8281881B22046FFF765FF70BD80B584
:10F8C00000200CF0EBFD80BDF0B58FB009930B92DA
:10F8D0000A9108900AF09EFF0124382120460AF080
:10F8E000B1FF3349C97A34228154324E3060002747
:10F8F000077030684770306887703068E121C170E8
:10F900000520C00131688880302008850EAD0DA922
:10F910000CAA2846FDF761FB0C9800022978090122
:10F9200001430D9800030843001D316848851821E4
:10F9300020460AF087FF2049086007750CF0A4FDF7
:10F940001C9806901B9C05941A9804901998039093
:10F950001898029017980190159D009508980A999B
:10F960000B9A099BF9F730FFF9F775FE1D9F012CE3
:10F9700001D1F9F7E8FD00F08BF9012F01D100F07A
:10F98000BBF830682C21405CC0070ED1012C06D199
:10F990001698F9F785FEF9F773FFF9F778FF0A98DB
:10F9A0000B992A46234600F003FF0FB0F0BDC04676
:10F9B0004C0B0020E40A00208C0B0020F0B595B021
:10F9C0000120810414912E480160BFF34F8FBFF3D3
:10F9D0006F8FFEF795FBFDF7DBFB00201290C04315
:10F9E000FEF77AFB04F04EFB139004F04FFB1190EE
:10F9F00009F0B2FF109007F0D6FB0F900CF045FB1A
:10FA000004F046FB0E9004F009FD0D9007F0BCFBDE
:10FA10000C9007F0BBFB0B9004F0D8FA044604F0FE
:10FA200033FB0546F9F787FD064607F020FD07463C
:10FA300000F065F8C0B2F9B208910990F0B2E9B2ED
:10FA4000E2B20B9BDBB20C9CE4B20D9DEDB20E9EBC
:10FA5000F6B2129F009701960295039404930592C3
:10FA6000069107901398C0B21199C9B20F9AD3B2F8
:10FA7000109AFFF729FF03481499016015B0F0BDF3
:10FA800080E100E000E100E0B0B50546C07A122454
:10FA9000802829D8298C172926D31448821D914201
:10FAA00022D8298A17291FD381421DD8A87E002871
:10FAB0001AD007F06BFB002808D0E87E002813D08E
:10FAC000802811D8287F401E0E280DD808483422DF
:10FAD0002946FDF751FA0BF0D9F8002803D4FFF7B7
:10FAE0006DFF002400E087242046B0BDFA0300002B
:10FAF0004C0B002000207047704770477047002073
:10FB000070470000FEB515460C460646080614D49C
:10FB100002AA01AF304619463B4600F053F80028D0
:10FB200021D0600638D402988178FC220A40827085
:10FB300001990180718001272FE0EFF3108072B6E8
:10FB400002AA01AF304619463B4600F03BF80028B8
:10FB50000BD002998A78FC2313408B70019A0A809B
:10FB60007280012702E0002703E0002762B6002828
:10FB700013D1EFF3108072B6A0060AD410480068C3
:10FB8000016808220A43026000200CF0CDFCFCF75B
:10FB900041FD62B600260AE00027029EF570A00033
:10FBA00060210140B078032202405018B070002F4D
:10FBB00004D000200CF0B8FCFCF72CFD3046FEBD54
:10FBC000E80A0020F8B500924588AC081C80491C62
:10FBD0008AB2A6188788BE4200D9091B0A1992006A
:10FBE000BE4200D96D1C0326354052191A80A3006D
:10FBF0001B180833009C236092B20588521B1746DD
:10FC0000374084886743354052199208D21995B21B
:10FC1000C688B54200D9C280A5420AD809B20029D7
:10FC200007D59978FC220A40511C99700830009938
:10FC30000860A54201D90020F8BD0120F8BD80B5BB
:10FC4000400605D48878FC220240901C887080BD54
:10FC5000084600F001F880BD80B5011DC278142A65
:10FC600004D8426880788008904780BD3D2A03D838
:10FC7000002000F0E9F880BD3F2A03D8002000F002
:10FC8000F5F880BD602A02D8002000F0E4F880BDBD
:10FC9000F8B501201C21294A9047294F3860294D89
:10FCA000A88D401E03263043401C8008C01C04243D
:10FCB0002146224A904739684860E88D401E30430B
:10FCC000401C8008C01C21461C4DA8472A463968A4
:10FCD00088601C4D288E401E3043401C8008C01C8C
:10FCE000214690473968C860FFF7F6FB38684268DC
:10FCF00000211180518083681980D180AF8D7F1ED3
:10FD000037437F1CBF0897805980D980EF8D7F1EB5
:10FD100037437F1CBF089F80C768398002614361F9
:10FD2000F9802A8E521E3243521C9208BA80798082
:10FD300087612246FDF730F9F8BDC04645A8051099
:10FD4000E80A00204C0B0020FEB53D4D286810301D
:10FD50000021062905D004C8528801AB5A52891CDB
:10FD6000F7E7EFF3108072B6286804680027076091
:10FD700062B6E00702D0002000F04AFCA00702D5DE
:10FD8000012000F045FC600702D5022000F040FC95
:10FD9000200702D5032000F03BFCE0064AD50420F2
:10FDA00000F036FC46E0780001A90E5A0097BF002B
:10FDB0002868C019006901880288B2422AD08908DF
:10FDC000891C89004418A17803220A40012A02D024
:10FDD000002A03D11EE0817A08300446480603D485
:10FDE0002046FFF739FF0AE0E078132807D28000A9
:10FDF00014490A58211D20469047002805D128683B
:10FE0000C019006921880180D5E700200CF08CFB27
:10FE1000FCF700FCEFF3108072B62868C019006987
:10FE200041880288914202D100210180418062B65E
:10FE3000009F7F1C032FB6D1FFF758FBFEBDC046C5
:10FE4000E80A00204C25061080B508468978C91CB0
:10FE5000F9F7B8FA80BD80B508468978C2781202F1
:10FE60005118091D89B2F9F7ADFA80BD80B5084671
:10FE7000C978027912025118491D89B2F9F7A2FA1C
:10FE800080BD0000B0B50D460446087949790902E5
:10FE9000081801F03FFB28796979090208180CF06D
:10FEA000B5F8287969790902081804F08BFD00F08B
:10FEB000BAFE2879697909020818FFF7CBFC0848CF
:10FEC00000683621405CC00601D40020B0BD15207A
:10FED000E070A078BF210140A1708420B0BDC04671
:10FEE000380B002010B5044608794A79120212181E
:10FEF000C97806200CF010F80748006836214056F3
:10FF0000002801D4002010BD1620E070A078BF2189
:10FF10000140A170842010BD380B002010B50446AC
:10FF200008794A7912021218C97807200BF0F4FFF9
:10FF3000074800683B214056002801D4002010BD2E
:10FF40001720E070A078BF210140A170842010BD6F
:10FF5000380B0020B0B50D460446087900281DD1A5
:10FF60006879A97909020818FFF750FC6879A9791E
:10FF7000090208182A7AE9792B4609330BF08AFE20
:10FF80006879A9790902081801F0A4FA6879A979B1
:10FF900009020818E97904F005FD28796979AA7938
:10FFA00012025118EA7900F03FFE094801683D202D
:10FFB0000A5C002092060AD53D31497AC90706D06D
:10FFC0001820E070A078BF210140A1708420B0BD4E
:10FFD000380B0020FEB50D4604460879002823D1D1
:10FFE0006879A97909020818FFF710FC2A7AE979DB
:10FFF0006879AB792E4615362F460F370097019654
:020000041005E5
:100000001B0218182B4609330BF0DEFE6879A9791C
:100010000902081801F05EFA6879A979090208183E
:10002000E97904F0BFFC28796979AA79120251189C
:10003000EA7900F0F9FD094801683D200A5C0020DA
:1000400092060AD53D31897A890706D51C20E070D1
:10005000A078BF210140A1708420FEBD380B002094
:1000600070B50446144D28683626805D00280ED1F0
:1000700008794A79120210188A7BCB7B1B029A18E6
:10008000891D0BF0C9FE2868805D002812D00B483E
:1000900001683D200A5C002092060AD53D31497A6C
:1000A000C90606D51920E070A078BF210140A170D3
:1000B000842070BD002070BDE40A0020380B0020B1
:1000C00010B504460879491D0BF0E1FF0A480168A4
:1000D0003D200A5C0020920604D53D310922895654
:1000E000002900D410BD1A20E070A078BF21014083
:1000F000A170842010BDC046380B002010B5044606
:100100000879491D0BF0C4FF094801683D200A5CCD
:10011000002092060AD53D31897AC90706D01B20F6
:10012000E070A078BF210140A170842010BDC046BE
:10013000380B0020002070470020704700207047D7
:10014000002070470020704701710023C370090A26
:10015000417111788171517893780372C171D178AE
:100160001279827241727047002202710122C270BC
:1001700041700270090A8170704710B5137883715D
:1001800053788C1E0472C3710930911CE2B2FCF7E3
:10019000F3FE10BDF0B585B01746039104465068D4
:1001A000407A04900621164D1046A8470290082177
:1001B0003846A84701900A213846A84706460C2130
:1001C0003846A8472A4605460E21384690476074AF
:1001D000290A2174E573310AA1736673019A110A21
:1001E0002173E272029A110AA1726272039A110AD1
:1001F000E171A27104992172000AA07405B0F0BDEA
:10020000BFF704101CB51F2903D801AA118040684C
:1002100005E0406801AC22460AF0B3FB2188401893
:1002200000791CBDF8B515460E4604465068407A64
:10023000009006211046FFF7C2FA0746082128461B
:10024000FFF7BDFAB91EE1726072009A2272320A9B
:10025000E271A671000AA072CAB2A8890C34801D8E
:1002600081B228462346FFF7A1FAF8BD70B51C46B7
:1002700005465E88100AE870AA70080A687029703E
:100280009889401C81B21846FFF7BCFFB11E0A0ACC
:10029000AA7169712871A089EB1D8AB2801C81B294
:1002A0002046FFF783FA70BDB0B51C465B88150A7F
:1002B000C57082700A0A42700170591E8A08027164
:1002C000A589431D8AB2681C81B22046FFF76EFAE9
:1002D000B0BD70B51C4605465E88100AE870AA706D
:1002E000080A687029709889401C81B21846FFF787
:1002F00089FFB11E0A0AAA7169712871A089EB1DD4
:100300008AB2801C81B22046FFF750FA70BDB0B5AA
:100310001C465B88150AC57082700A0A427001701B
:10032000591E01710A0A4271A589831D8AB2681C8F
:1003300081B22046FFF73AFAB0BDB0B51C465B88E3
:10034000150AC57082700A0A42700170591E017147
:100350000A0A4271A589831D8AB2681C81B22046AF
:10036000FFF724FAB0BDB0B51C465B88150AC5700E
:1003700082700A0A42700170591E01710A0A4271A4
:10038000A589831D8AB2681C81B22046FFF70EFA48
:10039000B0BD70B51C4605465E88100AE870AA70AC
:1003A000080A687029709889401C81B21846FFF7C6
:1003B00029FFB11E0A0AAA7169712871A089EB1D73
:1003C0008AB2801C81B22046FFF7F0F970BDFEB5FD
:1003D0001C46174602910546588801909889401C92
:1003E00081B21846FFF7EBF90646A089C01C81B21E
:1003F0002046FFF7E4F90199491F0A0A6A72297237
:10040000A871320A6A712E713A0AEA70AF70029BC3
:100410001A0A6A702B70000AE871A0890A358AB23C
:10042000401D81B220462B46FFF7C0F9FEBDF8B54E
:100430001C4617460E460546588800909889401C71
:1004400081B21846FFF7BBF90099C91E0A0AEA7182
:10045000A97128713A0AEA70AF70320A6A702E7078
:10046000000A6871A08908358AB2C01C81B2204692
:100470002B46FFF79BF9F8BDF8B51C4617460E460C
:100480000546588800909889401C81B21846FFF7AD
:1004900096F90099C91E0A0AEA71A97128713A0AE7
:1004A000EA70AF70320A6A702E70000A6871A08913
:1004B00008358AB2C01C81B220462B46FFF776F978
:1004C000F8BD7CB51D46044602728171100A607247
:1004D000080AE071079EB089C01881B2022201AB00
:1004E0003046FFF763F90698801E20730199A172C8
:1004F000090AE172B1896918891C89B20D34C2B246
:1005000030462346FFF752F97CBDB0B51546044688
:10051000059AC271049860712371A5702170130A45
:100520002372000AA071280AE070080A6070069819
:1005300081890934C91C89B22346FFF737F9B0BD58
:1005400070B515460446059A02720498A07123718D
:10055000A5702170160A6672000AE071180A6071AF
:10056000280AE070080A6070069881890A34491DDB
:1005700089B22346FFF71AF970BDB0B51C465B88F7
:10058000150AC57082700A0A42700170591E017105
:100590000A0A4271A589831D8AB2681C81B220466D
:1005A000FFF704F9B0BDB0B51C465B88150AC570ED
:1005B00082700A0A42700170591E01710A0A427162
:1005C000A589831D8AB2681C81B22046FFF7EEF828
:1005D000B0BDB0B51446049AC2704170150A0571D9
:1005E0000F252D020D40A107890C49199B03C9183D
:1005F000090A8170431D05980021FFF7D7F8B0BDA7
:10060000017000228270090A417070470020704713
:10061000E0B501AAD0700120907010205070042124
:1006200011701046F8F7CEFE8CBD002070470020F8
:10063000704700001CB511480468FFF7F8FF8828D0
:1006400007D00C2805D05D34002808D10220607046
:100650001CBD05200BF068FFFBF7DCFF1CBD002074
:10066000607020787F210140217001A986204870A8
:1006700080200870022000F0BFF91CBDEC0A0020A9
:1006800070477047074909685D228A5C88231A42CF
:1006900004D0723109884140080501D0002070471C
:1006A00001207047EC0A002080B5406901490CF038
:1006B00072F880BDB906051080B5022807D0012860
:1006C00009D0002806D10020F8F7F7FE80BD0020F1
:1006D000FFF7D7FF80BD002000F002F880BD0000CA
:1006E000F0B587B03148046806A904910020019054
:1006F000087005AE0120307000F050F95D200394C1
:10070000275C781E3D4685412020384044420290B7
:1007100044410498314600F051FD002F01D10128D9
:100720003ED12C4038D105A80078002834D0039C55
:1007300020465D30C07B002834D02834029D002D37
:1007400003D021780020FFF770FF06A80078012869
:1007500002D1002000F0F6FC00F0FCFA002804D1E1
:100760000020012100F0CEFA0190002D0AD021785E
:100770000120FFF75AFF002804D00198002801D07B
:1007800000F02CFA06A80078012809D106200BF009
:10079000CBFEFBF73FFF03E00120014600F0B2FA79
:1007A00007B0F0BD00200121F8E7C046EC0A0020A8
:1007B000FEB51F460192029105460124782120468C
:1007C0000AF040F8E12189005A228152244E30601B
:1007D000012D17D1012006210AF034F801463068B6
:1007E0008163012F0ED101250E27284639460AF0D4
:1007F00029F83168C864284639460AF023F80146CA
:1008000030680165029901290BD10198012805D1B1
:100810001C2001210AF016F83168C8621148847E54
:1008200001E00021C162142120460AF00BF8316872
:1008300048650D4C04210122204609F0F1FF316882
:100840000862032502222046294609F0E9FF3168A3
:100850004862064A0723084629460BF0C3FEFEBD40
:10086000EC0A00204C0B0020480B0020A9060510C4
:10087000B0B50446002108252A46FCF78DFB2078F8
:10088000DF21014321706078092101436170A17863
:100890002943A170114909685C22895C890602D547
:1008A0000F210843607009F057F8012807D16078DC
:1008B000122101436170A07807210143A17006F065
:1008C00063FCC0B2012807D16078E0210143617068
:1008D000A07880210143A170B0BDC046EC0A002081
:1008E00080B509F039F880BDF0B585B0054604A89B
:1008F000002707701224012901D9204648E00E463E
:100900002448006800900CF04DF9002840D100996F
:100910005C310878C00711D1C87830430E46C870E2
:1009200003A807210170002D12D0022D08D0012D3F
:1009300020462DD104A81021017009E00C2027E0E9
:1009400004A82021017003A900F0A2F900281FD1FA
:1009500000F0D6F900281BD10098603000F0CCF9E7
:10096000002815D10498012131740843307000F03B
:1009700015F801AC2046FFF77BFF204603F096FAFE
:10098000F843019004480290204603F07FFA38466D
:1009900005B0F0BDEC0A0020FF9F0020064800686B
:1009A0005C21415C8906890F04D05C30C178022249
:1009B0000A43C2707047C046EC0A0020B0B55C28FC
:1009C00006D10C4804685D3400256057002800D427
:1009D000B0BD60780228FBD1557080201070C8B27D
:1009E000114600F009F8657020787F2101402170E0
:1009F000B0BDC046EC0A0020F8B5002916D00E465E
:100A0000054609780024C80720461FD188070FD45F
:100A100048070FD408070FD4C8060FD488060FD490
:100A200048060FD408060FD507200FE012243CE03B
:100A300001200BE0022009E0032007E0042005E08C
:100A4000052003E0062001E00020C0433070184874
:100A500000684E214056002827D516482818032143
:100A600001430D31880883B2134800688069022170
:100A70004722FFF747F8002816D00746001D2946F1
:100A80003246FFF77AFB0420787207203872E81CA0
:100A9000010AF971B871FF20787182203871022043
:100AA0003946FFF7CCF800E007242046F8BDC046E1
:100AB000380B0020FDFF0300E80A0020BCB51148F8
:100AC0000068446D08F048FF002802D00E48807E80
:100AD00000E00120C5B21134002D11D0207800288B
:100AE0000BD020460F380078800706D560786A461C
:100AF000107000200121FEF7FBFA14346D1EEBE7A5
:100B0000BCBDC046EC0A00204C0B0020F8B50446E2
:100B100068460025057008F01FFF002805D06D46C7
:100B20002046294600F0FEF92D7808F015FF002830
:100B300002D02648837E00E0012314267543244F0B
:100B40003868416D4C19A57802222A4002D0A41CB5
:100B5000002525701131DBB2002B0AD00C78002C57
:100B600004D00C460F3C2478A40726D45B1E143115
:100B7000F2E7002A21D0002421460BF048FD154859
:100B800000684E21405CC00717D013480068806998
:100B90004422022529462B46FEF7B4FF00280CD03C
:100BA00001468571C4710472FF204871822008716A
:100BB000042048722846FFF742F86846007846430A
:100BC0003868406D801900214174F8BD4C0B00203D
:100BD000EC0A0020380B0020E80A00207CB50D4C00
:100BE00025685C20285C8006800F12D05C35E87890
:100BF000022630400DD101A8694600F0DFFA69787D
:100C0000014306D1E8783043E870206801210BF0F9
:100C1000FEFC7CBDEC0A002080B50020FFF776FFCB
:100C2000FFF7DCFF80BD704780B5002A03D008467F
:100C3000FFF7F2FF80BDFFF723FD80BD0448006889
:100C40005C21415C30200840411E88417047C0460D
:100C5000EC0A0020034800685F21415C0120084045
:100C60007047C046EC0A0020084800685C21415CDF
:100C7000CA0606D4890606D45C30C1780120084033
:100C800070470120704703207047C046EC0A0020DF
:100C90001220704780B504F029FD80BD80B5C007E3
:100CA00001D1002080BD0846114603F0D6F980BD71
:100CB00080B5C00701D1002080BD03F0CAF980BD16
:100CC00070B594B00446FFF7F3FF06466D463E3517
:100CD00068460AF089FA00280BD1002E09D168462F
:100CE00040780121014020462A46FFF7D7FF0646FB
:100CF000EEE7F0B214B070BD80B503F0C3F880BD6C
:100D000000207047B0B502461048006805465A35C5
:100D1000002908D1A97889060024890F14D069799F
:100D200002230B4010D0002A01D0094B03E07D21A3
:100D3000C9002B884B430124214622460BF09DFC21
:100D40006879FD21014069712046B0BDEC0A0020A0
:100D500030750000BCB50D4D28685F21405C8007F0
:100D600001D40C240FE06C4620460AF04DFB2046CF
:100D7000FFF7C2FF0446002805D12868663069469F
:100D80000622FCF7F9F82046BCBDC046EC0A00205C
:100D9000B0B50D4604460F4800685C21405C8006F3
:100DA000800F05D001202870204600F015F80EE0D5
:100DB000FFF75AFF002805D001202870204600F0D8
:100DC0001FF804E000202870204600F00FF80020F3
:100DD000B0BDC046EC0A002080B503490968663101
:100DE0000622FCF7C9F880BDEC0A002080B5034953
:100DF00009680622FCF7C0F880BDC046E40A00205E
:100E000080B50349096860310622FCF7B5F880BD5A
:100E1000EC0A0020024909686C2288547047C046D9
:100E2000EC0A0020431E022B09D300280CD0032813
:100E300009D1012001404942122008407047002A90
:100E400001D110467047122070470000014610394A
:100E500005290AD80020C0467944097949008F4401
:100E600002080A09080C032070471D2801D101203F
:100E7000704705207047022070470420704700002B
:100E8000F0B58BB015460F460146FA061220002A2F
:100E90003FD51C4601239A0395423AD8944238D84C
:100EA0000A93139809901298089011980690109838
:100EB000079019480068466D0020049070703170EA
:100EC000FFF7D2FE05903846FFF7C0FF0246707864
:100ED000202101437170042A08D81721D140C90785
:100EE00004D051B20DA3595C08437070069800906D
:100EF000089801900798029009980390A8B2A1B2AF
:100F0000059B02F015FF00280A9902D10498B074DD
:100F100031740BB0F0BDC046EC0A00202870287078
:100F20003000000070B502460B48847E0B48006814
:100F3000456D1035002003469C4208D02E78002EC7
:100F400008D0AE78964204D014355B1CF4E72346F3
:100F500000E001200B7070BD4C0B0020EC0A00205B
:100F6000F8B5044619480068476D002C0DD0387C50
:100F7000002823D00020014600F02AF8054600286A
:100F800022D1FFF7E7FE064600E00C26204602F0DD
:100F90002FFF0546002817D10025204629462A465E
:100FA00000F070F8002C0BD001207874002E0BD1CB
:100FB000002528462946FFF7A5FE05E0D32503E0D6
:100FC00000257D74FFF70AFE2846F8BDEC0A0020D4
:100FD000F8B5284A927E12258A4225D9002800D1E8
:100FE000014614224A4324480068436D99184C78FE
:100FF000A006C60F0020002E02D01027274014D1D3
:10100000002E02D1082634400FD19E5C4C6888899E
:10101000214600F0BBF81949884208D000198178B0
:1010200048070BD4D42000E02846C0B2F8BD032EF8
:101030002846FAD8F1001248C840F6E7032E2846A1
:10104000F3D8C0467E4436797600B74401060D01D8
:101050000320014005D10846E7E7032001400129AC
:1010600006D02B20C043E0E7032001400229F8D13D
:101070000020DAE74C0B0020EC0A0020FFFF000004
:1010800000D4D40070B50346002900D10A4629488F
:101090000068416D012B0CD114235343CA5C012A13
:1010A00033D0022A3ED1CA1894780420204390708D
:1010B0003AE014235343C9188E1C8978890721D537
:1010C000002421460BF0A3FA1B4800684E21405C27
:1010D000C00717D0194800688069442202252946B4
:1010E0002B46FEF70FFD00280CD001468571C47118
:1010F0000472FF204871822008710420487228463B
:10110000FEF79DFD0020307070BDC9184A788B78BD
:10111000134302221A438A7000210122084B0BF06C
:10112000ACFA70BDC8188078C9184A7802438A7032
:1011300070BDC046EC0A0020380B0020E80A0020F1
:1011400020BF020080B500F001F880BD80B50549E0
:101150000968496D497C012902D102F049FE80BD30
:10116000002080BDEC0A0020B0B50C460546C0B298
:1011700007F0E4FF002800D0B0BD03490968496DBD
:101180008D814C60B0BDC046EC0A0020B0B50A4A63
:1011900003280FD300239DB24C5D022C03D16D18A0
:1011A0006D78012D05D01B195B1C9CB28442F2D3D3
:1011B00000E01A4690B2B0BDFFFF0000F8B505464A
:1011C00000260670012400910C7016480068476DD7
:1011D000FFF786FB002801D01348847EE1B2113767
:1011E0003046324600290FD03B78002B09D0022B25
:1011F00000D101203A460F3A137801229B0700D50F
:1012000016461437491EEDE7012A01D10121297044
:10121000012802D0F0B2012802D100200099087004
:10122000D0B2F8BDEC0A00204C0B002080B50120A4
:10123000FFF78CFF80BD0000F8B50120982109F070
:1012400001FB2B4E30602B4FF87A397B08181424A1
:10125000214609F0F7FA326800255563D562F97A1C
:1012600003462F46B9420AD01D615F701F70326875
:10127000D36225467D43451914337F1CF2E70023D2
:1012800013631C4A127B5218CDB2AA420AD9654395
:10129000FF27475545192B61697033681D63491C49
:1012A0002B46F1E79006000E411C134C012220460C
:1012B00009F0B6FA316808620E4DE87A297B081801
:1012C0008006010E0222204609F0AAFA3468606204
:1012D000E87A297B08188006010E084A0723204671
:1012E0000BF080F900F0F2F90CF0C4FDF8BDC04637
:1012F000F00A00204C0B0020480B002001130510C1
:1013000080B5406901490BF046FA80BD7916051099
:10131000E0B500200090064B0146024600F00AF8B6
:10132000002804D007200BF0FFF8FBF773F98CBD01
:1013300091130510F0B585B0049301920291074610
:1013400002203840039001243C40104805683435A1
:101350000A9E2D68002D16D0002F0CD0002C03D033
:101360002889029988420CD10398002803D0688903
:101370000199884205D128463146049A90470028B1
:1013800002D11035E5E7002005B0F0BDF00A0020DD
:10139000B0B5044680880025C00501D4284606E083
:1013A0006289218902200BF04BFF002800D0B0BDDC
:1013B00020896189042902D100F0ACF8EEE700F041
:1013C00017FB618920890CF046FE00202081094925
:1013D00009684B6BA34205D01A461B69A342FBD197
:1013E000103201E00A463432236913600A6B22612D
:1013F0000C63B0BDF00A002080B50020FEF7B4F900
:101400000D49098A2531490988420FD9491CEEF74F
:1014100005FF0246422000210CF04EF8002804D0BF
:1014200008200BF081F8FBF7F5F880BD08200021BB
:101430000BF08CF880BDC0464C0B0020BCB50C46B0
:10144000002813D02588204602F02FFF01462846A9
:1014500000F02EF8002809D06088002806D0A18965
:101460001F2908D801A8018060680AE02046FEF71D
:1014700081F90020BCBD606801AD2A4609F081FAFF
:10148000298840180079C10704D11B2808D01D28DD
:1014900006D009E01E2803D302210843232803D1E4
:1014A00020460CF0EBFCBCBD204600F027F9BCBD8B
:1014B000074A126834321268002A07D0138983421F
:1014C00002D153898B4201D01032F4E710467047A5
:1014D000F00A0020F8B504460D4E3068C56A296947
:1014E000C1622F88002114222846FBF755FD0420F5
:1014F00068811720E8802C812F803068416B45631C
:101500002961204600F070FA20460CF0A0FDF8BDDD
:10151000F00A0020F8B504460AF0A1FE1C48006855
:10152000466B002E32D0374636693889A042F8D152
:1015300000257A89E8B2032804D8214600F02AF869
:101540006D1CF6E72046114600F052FA79892046D4
:101550000CF081FD002038810D480068426BBA42D2
:1015600005D011461269BA42FBD1103101E00146A3
:1015700034313A690A607989042903D1C16A396131
:10158000C762CEE7016B39610763CAE7F8BDC046A1
:10159000F00A002010B504460846114600F058F83D
:1015A00080000019C1B2024800680BF030F810BD8D
:1015B000F00A0020B0B50C4605464888001D81B2EF
:1015C0002046FEF7E0F82846214602F099FF002861
:1015D00004D02046FEF7CEF88120B0BD0020B0BD7B
:1015E00009888088084000D0862070470988828852
:1015F0000A43828000207047098882888A4382805B
:10160000002070470749096834310968002904D06F
:101610000A89824203D01031F7E7FF20704708782B
:101620007047C046F00A002010B50446084611462F
:1016300000F00EF880000019C1B2034800680022D3
:10164000024B0BF01AF810BDF00A002030750000B4
:10165000084A126834321268002A07D0138983427C
:1016600002D153898B4203D01032F4E7FF20704738
:1016700050787047F00A002080B581080A48006859
:101680003430006800280ED042788A4201D01030F1
:10169000F7E70121090282880A43828007200AF0C5
:1016A00043FFFAF7B7FF80BDF00A002010B5448968
:1016B000042C00D0062461188AB201890020FEF7AC
:1016C00037F8002800D0848110BD000010B5084C08
:1016D000206840300BF01AF9206838300BF016F90A
:1016E000044805493C22FBF747FC01F0EFF810BD28
:1016F000F00A0020F40A002098250610F0B587B003
:101700000446058802F0D1FD01462846FFF7D0FEC9
:101710000546204600F058F8064600F05BF80F2812
:1017200019D11E2E47D04020304044D105212846F3
:10173000FFF7BCFF002845D00746002106223046AF
:101740003B4600F0FDFA68893946FFF733FF07464C
:10175000002834D12FE0019500251E2E2F4616D0EB
:10176000402006402F4612D1019B9888C00718D10F
:101770005A89198900263046FFF756FF0746002888
:1017800005D1019A9088012101439180374602A832
:1017900005800695059501990491039400F054F88D
:1017A0000DE008334220032102220CF0B3FA002896
:1017B00001D0842703E02046FDF7DCFF00273846F0
:1017C00007B0F0BD8827FAE780B5818901F04DF8B0
:1017D00080BD0000811E1E2916D800207944097999
:1017E00049008F4418170F1719171B171D171F17BC
:1017F0002117231725171717271729171717171733
:101800002B172D000120704752281BD0D22801D160
:101810000A2070470F20704702207047032070474E
:101820000420704705207047062070470720704746
:10183000082070470B2070470C2070470D20704720
:101840000E20704709207047F0B585B00446007837
:10185000002807D16068FFF7B7FF6070A568E868E7
:1018600000283CD065782846FFF7B4FF0E2808D83A
:1018700080005B490958002903D020468847074665
:1018800007E0A068C36800210622284600F058FA45
:1018900086276168002919D0882F03D0842F0CD0A7
:1018A000072F10D14F48006840300BF033F8092063
:1018B0000AF03AFEFAF7AEFE08E04A48006838300F
:1018C0000BF028F809E00846FDF754FF862F01D0F9
:1018D000002F02D1A06800F047FA05B0F0BD67689C
:1018E0003846FFF771FF0646FFF774FF7988EA88EC
:1018F00004230293002391423ED80E283CD8019342
:101900004200344B9A5A344BC340DB0705D1802345
:101910009A439142019B03D02EE09142019B2BD32D
:10192000411E032901D307280DD104A903AA02925D
:1019300038460F4600F049FF3B88029800888342F2
:1019400018D8002B16D066683046FFF73DFF0746D3
:101950003588304602F0A9FC01462846FFF7A8FD6D
:1019600005461E2F1DD0402038401AD1162F1BD1FE
:10197000718826E00120029086271E2E89D0402003
:10198000304086D1019305212846FFF78FFEE8609D
:1019900000281DD0034630460199029A00F0D0F984
:1019A00077E70020E8605DE73846FFF713FF0E2871
:1019B00000D96DE740000949095AE888814200D3FF
:1019C00001462846FFF772FEE860002800D049E78C
:1019D00088275EE7D4250610CC4F0000F2250610BC
:1019E000F40A0020F00A002080B500F081FF80BDDD
:1019F00070B50C46054601F021F8074E32684032BA
:101A00002846214600F00AF8326838322846214636
:101A100000F004F870BDC046F00A0020F8B50D468D
:101A2000064600921468002C11D02746E4693888D5
:101A3000B042F8D1384602F038FCA842F3D1009801
:101A400039460AF077FF3846FDF794FEEBE7F8BD1C
:101A5000F0B585B00F4F386840300AF08BFF044670
:101A6000200414D06D4600202870386840300AF0F9
:101A700077FF0190068802F018FC01463046FFF718
:101A800017FD02902846FFF7DFFE641EE8E705B069
:101A9000F0BDC046F00A0020F0B58BB00A931446A2
:101AA0000D460746FFF704FD002811D006460497AF
:101AB00080880C2741077FD4022C01D180077BD47A
:101AC00002950394109C0A9B012B03D8032503E085
:101AD000122771E09800451CA01C1946002904D06B
:101AE000028855190830491EF8E7F088022B02D306
:101AF000A9B2814260D8A9B2814200D30546A9B2F9
:101B000030460691FFF7D2FD00280ED00746039815
:101B10000228079701960FD1B9891D22384600F097
:101B200089F80A9801280FD04EE008200AF0FCFC42
:101B3000FAF770FD88273FE0B9890A9801283ED15D
:101B40001B22384600F076F82288B889401C81B202
:101B50003846FDF744FE6368B889E91E8AB2C01CA6
:101B600081B23846FDF744FE07984580039D022D5B
:101B70000CD101200499029AFFF756FD0028019C20
:101B80000CD007460798FDF7F5FD15E0E807019C26
:101B900004D0079A107A082101431172029807991C
:101BA000FFF708FD0746022D06D1002F04D1A088BB
:101BB00002210143A180002738460BB0F0BD23224B
:101BC000384600F037F80A98A71C0121059500282F
:101BD000CAD00A90079DA8894018089181B2BB1EFF
:101BE000022428462246124EB047A889089E301883
:101BF000801C81B22846099422463B460C4CA047E3
:101C0000311DA88940188EB206998A1B39888A42EC
:101C100000DB0A4609997B5881B294B228462246D5
:101C2000034DA847A11908370A98401E059DCEE725
:101C3000F1F70410BCB514464068202904D301AD67
:101C40002A4608F09EFE298840180471BCBDF8B5EC
:101C50001D4614460F460646FFF7B6FD0E21C94342
:101C6000D22800D00C317088081882B20699BA4286
:101C700005D90D20087000202880862709E000275C
:101C80000F702880B089C01C81B230462346FDF712
:101C90008DFD3846F8BD0000F0B589B01F460392AF
:101CA0000E460546FFF704FC002845D00446C068F0
:101CB000002841D002970F9801900E9800901F487D
:101CC000076838373F68002F0FD03888A84204D102
:101CD000384602F0EAFAB04201D01C37F2E7174862
:101CE0000068383039460AF025FEE068FFF76CFDE1
:101CF000411E0298002813D0C8B21E2807D04022E7
:101D0000114004D1E3680399029A00F019F82046C3
:101D100000F02AF8002F0FD03846FDF72BFD0BE01E
:101D200004A8009A828141700121017001990891F3
:101D300006940597FFF788FD09B0F0BDF00A002072
:101D4000BCB5002B0FD01C466B4699705870012013
:101D500018701A71080AD870A189052520462A46EC
:101D6000FDF746FD6580BCBD10B50446C06800287F
:101D700015D04188091D89B2FDF705FDE16860892C
:101D8000FFF718FC002808D1628921890020FFF79D
:101D900001FCA08801218843A0800020E06010BDE4
:101DA000E0B501A80221018000900020044B01460B
:101DB0000246FFF7BFFA8638414248418CBDC04613
:101DC000E115051010B50A48046838342468002C61
:101DD00009D02046FFF7F8FC1E2802D04021084019
:101DE00003D01C34F2E7002010BD012010BDC04616
:101DF000F00A002070B5084D2868846B002C0AD0CA
:101E0000E6692868383021460AF094FD2046FDF73F
:101E1000B1FC3446F2E770BDF00A00207CB5044600
:101E20008068418904291AD160688189491C89B276
:101E3000FDF7C5FC0546172800D817251D4E308A2A
:101E4000854200D30546A368988800070FD41989F6
:101E500002202A460BF02EFC002814D07CBDC3685B
:101E6000022000210622FFF76BFF86207CBDD88868
:101E7000A8420ED008334220032102220BF04AFF71
:101E80000028EBD105E0A068C580818808220A43BC
:101E90008280308A01AB587003251D70000A98704B
:101EA000A068C468A18920462A46FDF7A1FC658088
:101EB00000207CBD4C0B0020F0B58FB0014640687F
:101EC00001918968CF680DAD0EAC2946224600F01D
:101ED0007CFC288807900CF0DFFB024620880290EB
:101EE00000252B4600950395002A069550D0508872
:101EF0000790029988424BD8A8B2C0180199896806
:101F0000C988884244D81C4608AD05921046294627
:101F100000F0BAFF2E7C0398000606D00098864297
:101F200039D1C0080490069D16E0B98905223846CB
:101F3000FFF780FE102E01D0022200E00122069D54
:101F4000B889401C81B238460392FFF773FEAD1C7E
:101F5000F0080490841C0096B889401981B2384674
:101F6000079AFDF73CFCB8892818861C08A80AF0D7
:101F7000C8FC0346B1B20498C2B23846FDF738FC3B
:101F8000E0B22D1805980CF0E9FB02462346ABE7BA
:101F90000398000603D006987880002007E0079891
:101FA00081B204200A223B46FFF7CAFE86200FB00A
:101FB000F0BDF0B591B0074609AC102020747868E8
:101FC0008189491D89B2FDF7FAFBA08178680FAEBF
:101FD0000EAD31462A4600F0F8FB36887868069741
:101FE000B9684488C868818907220290FFF722FEF9
:101FF000E01F298804910121059180B20390019688
:10200000059887B23C1D06988068C08884423CD8F9
:10201000B0B209AA049901F0A7FA002835D0054604
:1020200010A80090002208AB0698294600F0E0FBBB
:10203000862828D0002836D16E88089843680698EC
:1020400040688189C91D89B2039F3A46FDF7A5FB07
:1020500008990988B94216D1002814D107AF3E70FB
:10206000300A7870284600F037FF0646B870000A3C
:10207000F87002988189059A891889B204223B4632
:10208000FDF7B6FB0594761CBAE7012F07D10620B1
:102090000A220199029BFFF753FE862003E0029873
:1020A00005994180002011B0F0BDF0B597B004460D
:1020B000406815A914AA00F088FB0A946068818919
:1020C000491D428889B2072A05D1FDF778FB0FA97F
:1020D0008881102004E010220FABFDF767FB802001
:1020E0000FA908740A984078102801D0022100E056
:1020F000042107910A9A9168CC68CB8805931278DD
:10210000002A04940AD06588022D15D3A089401CAA
:1021100081B2204600F0A9FB06460EE015AA1588FC
:10212000102812D10FA801F081F9002800D1B8E0E1
:102130000895A18911221BE00026A089401981B2CF
:102140002046FDF73CFB089018E00BA80581022211
:102150000271149A42810B910FA90E9101F0A8F916
:10216000862802D116A812229DE00895A18909228D
:102170002046FFF75FFD0125658000260598801E3B
:10218000019014A8008803900996F6B20695AFB2A4
:10219000B8190599884274D8089885B20FAA2846BC
:1021A000039901F0E1F900286BD00446029516A8C6
:1021B000009000250BAB0A9821462A4600F018FB38
:1021C00000284FD10B98008807990918012F11D1C9
:1021D000FF2900D3FF210198814200D30199099181
:1021E000CAB2049EB089401C81B23046FFF722FD7E
:1021F000022703E0B142049E069F5CD16588204619
:1022000000F06AFE0890B089C01981B230462A46B3
:10221000FDF7E5FA079809990A1A3C46BF1C0A9887
:10222000407810280AD1B089C01981B23046089D83
:1022300017462A46FDF7D3FA3A46271D2C46B089A1
:10224000C01981B20B984368D5B230462A46FDF7D3
:10225000CFFA7D19758002200A990870601C0890D9
:10226000099E91E78628069A16D084280546049888
:1022700021D18189891889B2029AFDF7B0FA8425A3
:1022800019E0012F06D116A80A22027015A80588A8
:10229000049C09E000250EE016A80278049C089D25
:1022A00002E016A8102202700A984078A9B22346CC
:1022B000FFF746FD8625284617B0F0BDF0B58BB078
:1022C00005468068C468C7882878002824D02E4630
:1022D0000C36059668688089401C81B2042204ABE4
:1022E0002046FDF763FA308869787F1E0C2903D1F8
:1022F000874253D20499401A80B2874200D30746DE
:10230000BAB27368A089401C81B22046FDF770FA0A
:10231000781C608000204DE068780C28029707D177
:1023200068688189C91C89B2FDF749FA0D2201E06C
:102330000B22002004AF03903880A1892046FFF7CC
:1023400079FC68688189491C89B2FDF738FA06462C
:10235000788007A8068101270771A968079101F015
:10236000A7F8862801D1122715E030460CF06CF949
:10237000002810D0014606A8009005AB2846039A15
:1023800000F036FA002817D0842818D0862811D1FA
:1023900006A8077807E006A8077004E006A80B2740
:1023A000077004A84688687831463A462346FFF706
:1023B000C7FC86200BB0F0BD059E029F93E7A08965
:1023C000401C81B2042204AB2046FDF711FA8420A0
:1023D000F0E7F0B58DB08168CE68C98806910178C4
:1023E0000029079009D07788B089C01981B230469A
:1023F000FDF7E5F9079902460CE040780E2801D078
:10240000212200E00F22B1893046FFF713FC0122A0
:102410001746079948688078801AC0B2450808783E
:102420000028029666D0079908460C300190EDB25C
:10243000FF35E8B200230393A84200D1B3E0BCB259
:102440000698A04200D8AEE04868818905928918B4
:1024500089B202220CAB0492FDF7A8F9079908781B
:10246000012802D1019808900DE00CA800880CF01A
:10247000EBF8014607988068008908AA00F0C6FDBD
:102480000799842865D00698041B48780E2809D13E
:10249000B089C11908980288944200DB144689B2B9
:1024A000A2B213E0B089C01981B2089A30461688EA
:1024B0003246FDF794F9A41EB44200D33446A2B2CA
:1024C000BF1C029EB089C01981B20898436830468B
:1024D000FDF78EF93F197780079948782028059AEB
:1024E00004D10698C01B80B202285CD304980870FF
:1024F000921C9CE700210592079C88B2A84292D2C8
:1025000004914900606882895118491C89B20222ED
:102510000CABFDF74BF908A8012606710C99018157
:10252000A168089100F0C4FF86282AD00CA8008872
:102530000CF08AF8002827D00799896809890122B8
:1025400000F0EEFC00281ED10499491C029E059A59
:10255000D3E70CA80388886842890189002000908D
:1025600002200BF00DF803900028059A1BD177800C
:10257000B089C01981B292B23046FDF730F984209B
:1025800010E0122600E006460CA801880798407863
:102590000E2801D10E2000E020203246029BFFF7DA
:1025A000CFFB8620039003980DB0F0BDF0B589B045
:1025B00004460078002801D000203BE06068A16854
:1025C000C968069146888189491C89B2FDF7F7F8E8
:1025D0000546F11E6078002752280CD0D2280ED173
:1025E000A0684089042824D10F3E0522012700203D
:1025F000049005960EE00591042204970AE00591E7
:10260000069EB18913223046FFF714FB0120049087
:102610007080032207AB2046294600F036F90246B7
:1026200008A80270002A07D060782946069BFFF7A9
:1026300087FB862009B0F0BD002F08D06168A06834
:10264000008909F04AFE002801D00022ECE7616809
:10265000079808AA00F0DAFD0028EBD0842812D1F0
:102660006068A1684A890989059B9BB2009501931E
:1026700002900A20049B0AF0BDFF0028DAD1002056
:1026800060608420D6E708A80278CDE770B586B0F0
:1026900004460078002814D0A589A068C188491F85
:1026A000A94200D80D46AAB22369C0688189491D94
:1026B00089B2FDF79DF8681DA168C96848800020AF
:1026C00040E060688189491C89B2FDF778F80546C9
:1026D000032205AB2046294600F0D7F8002808D091
:1026E0000246A068C36816202946FFF729FB86200A
:1026F00028E060688189C91C89B2FDF760F8064648
:102700006068A1684A89098943885B1F9BB200966B
:10271000019302900A202B460BF0D4F9002811D126
:1027200003AB5D70280A9870DE7017201870300AAD
:102730001871A068C06881890522FDF759F800204A
:102740006060842006B070BD10B504460078002893
:1027500001D0002010BD60688189491C89B200F059
:1027600084F80346A0684289018902200BF0D8F959
:10277000002800D010BDA068C06881891922FFF729
:1027800059FAA068C06801214180842010BDB0B50D
:10279000054680684289018942200AF0BFFE04464E
:1027A000002810D1A868428901890120FEF7F2FEB5
:1027B000A86881884A0603D500F06CFEA868818865
:1027C0000222914381802046B0BD70B514460D466B
:1027D00006468089401C81B23046FCF7F0FF288015
:1027E000B089C01C81B23046FCF7E9FF208070BD83
:1027F000FEB51F460646089D00242C70007801286F
:1028000007D1306900281FD00C363E6000202870A8
:1028100029E00292B068008901913A462B4600F007
:1028200066FB002812D084281DD101984388B06827
:10283000428901890298009002200AF0A1FE002836
:1028400011D17B20C0430EE00E2005E038680188DE
:10285000029A914203D207202870862003E0416843
:10286000891841602046C0B2FEBD1CB51F2903D89F
:1028700001AA1180406805E0406801AC224608F0DA
:1028800080F82188401800791CBDF0B585B01E463F
:1028900014460F46054601A801810271A9680191FD
:1028A00000F006FE862801D112200CE038460BF01D
:1028B000CBFE3060002805D0A9680989224600F0C7
:1028C0002FFB00E0012005B0F0BD000080B50648F8
:1028D0000089163080B20BF053FE044800685C217A
:1028E0000122425480BDC0464C0B0020F00A00205B
:1028F000F0B5A1B0044600F09BF8012814D107A858
:10290000454914252A460EF012FF02A843492A46DB
:102910000EF00DFF44200F9001210DAA0CAB2046B4
:1029200009F03DFC002801D021B0F0BD0CA80178D1
:102930000DA80FAA10AB08F0D0FC0028F4D10F9816
:102940004428F1D80120364D02AA294600F00CFE99
:10295000002810D006462046FEF754FE10A90A7C37
:102960003049C97A73681B6A9B68009349084B1CFD
:10297000042100F008FD2C480168833110A81022C2
:10298000FAF71AFB00281FD0012007AA294600F0F9
:10299000EBFD0028C8D000F03FFE0028C4D005465B
:1029A00004212046FEF784FD818840220A4382806C
:1029B00010A8427C2046294600F026FD0B2009F095
:1029C000B3FDF9F727FEAFE701200BF065FE0646E1
:1029D00010AD12350027002EA6D0B8B26328A3D8B8
:1029E0003178042912D171680A7D102A0ED1098A22
:1029F0000E4A91420AD1022132222B4600F0B0FC4D
:102A000002462046314600F0FFFC7F1C30460BF0AA
:102A1000A5FE0646DFE7C04610260610242606104F
:102A2000FFFF00004C0B0020F00A002002290000EC
:102A300080B509F0EAFB4142484180BDF0B5A1B044
:102A4000042900D0DEE00746FFF7F2FF6E4C6F4E20
:102A5000012800D0A0E00BAD6D49142228460EF0ED
:102A600066FE10A83446002644223146FAF794FA4E
:102A7000012021462A4600F077FD00280FD00446A9
:102A80003846FEF7BFFD6168096A8B686149C97AFB
:102A900049084A1C042100F063FC10A908740421B1
:102AA00004973846FEF704FD10A9097C012903D1DB
:102AB00080880006800F06D157480168833110A82E
:102AC0001022FAF759FA012003900BF0E5FD0546B4
:102AD00010A81230029005964B4C002D34D0B7B29E
:102AE000632F31D8287804280BD0022827D16868B2
:102AF000017D102921D1008A494988421DD10398BE
:102B00001CE06868017D102919D1008AA04216D105
:102B10000498294600F0B0FD044602980090E2B205
:102B200002213223384600F02EFC0598012801D1FD
:102B300010A84474761C344C01E00020059028460F
:102B40000BF00CFE0546C8E7012109AA08AB049F5B
:102B5000384609F024FB00281CD1B0B240002F49B0
:102B600040188008133082B208A8017809A810AB79
:102B700008F081FB00280DD0044606AD09A9062205
:102B80002846FAF7F9F9AC714220042107222B46B6
:102B90000BF0C0F81D4E1C4C01200BF07DFD0546CE
:102BA000002812D0287804280BD16868017D1029EC
:102BB00007D1008AA04204D100223846294600F0FD
:102BC00023FC28460BF0CAFDE9E710AC104914229B
:102BD00020460EF0ACFD01203146224600F0C4FC38
:102BE00000280FD004463846FEF70CFD0949C97A83
:102BF0006268126A9268009249084B1C0421002204
:102C000000F0C1FB21B0F0BD02290000FFFF000071
:102C1000242606104C0B0020F00A0020FEFF0300C3
:102C2000052A0000F0B5D3B000250C950B950A9548
:102C30000995412082000DAC20462946FAF7ACF9EF
:102C4000257110204490169009A80F902046FAF79D
:102C5000F0F9DC34019401200BF01EFD06464EA86D
:102C60000C300290484D002E41D03078032839D0E6
:102C70004EAF3046394600F007F9387C102831D184
:102C8000708804A908804EA880893D49411805290B
:102C90001CD33C494118042903D329210902884245
:102CA00020D10DAF022404AA38462146A847384651
:102CB0002146029AA847002005AA314600F0A6F94D
:102CC0000598426801883846A8470BE00DAC0227FA
:102CD00004AA2046394600F0DBFC20463946029A19
:102CE00000F0D6FC30460BF039FD0646BBE70198F4
:102CF000828C002A06D00DA8202101710146E03106
:102D0000FAF7A4F90DA84EAC04AA2146FAF7AFF9D8
:102D100005AD1026012328462146324609F06AFDFA
:102D20001A4F3968833128463246FAF745F90028A8
:102D300019D03868833005A91022FAF71DF903ADC0
:102D40008220288000950024114B204621462246EF
:102D5000FEF7F0FA4020288000950E4B20462146D1
:102D60002246FEF7E7FA38685C21425CFD231340F7
:102D700043540B2009F0D8FBF9F74CFC53B0F0BDDD
:102D8000FFD6FFFF00D8FFFF91360510F00A0020A4
:102D9000F9150510ED150510E0B500210091022090
:102DA0000422074BFEF7C6FA002801D0812800D183
:102DB0008CBD0B2009F0B8FBF9F72CFC8CBDC0468C
:102DC000C52D0510B0B58AB004468088400601D4F0
:102DD00000254BE009A88021018021890090012075
:102DE0000025244B2A46FEF7A5FAA18889073DD481
:102DF00000283BD104AD2049142228460EF097FC50
:102E000001201E492A4600F0AFFB002812D00546DB
:102E100000F002FC00280DD00146208900F02CFCB7
:102E2000800712D420890021012200F0BDFB054655
:102E300081281BD109A8402101802189009001200F
:102E40000022104BFEF776FA0FE00D48039001AA1E
:102E5000042050806888108003A80290618920892E
:102E6000009202220123FEF717FE054628460AB00B
:102E7000B0BDC046E115051010260610FFFF00008A
:102E80000100FFFFF915051080B510220A740278C1
:102E9000042A0DD87A441279520097440A16120275
:102EA00002004068031D142208461946FAF764F828
:102EB00080BD0522D2024068007D012809D18A81A7
:102EC00080BD0520C002C01C04E00520C002801C9B
:102ED00000E0501C888180BD80B5017802220A4341
:102EE000022A02D10BF04EFC80BD408880BDF8B5AF
:102EF0001C4600920E46074601220846394600F05D
:102F00000FF820708625002808D138463146009AEF
:102F100000F07CF8862802D10E2020702846F8BDEB
:102F2000F0B585B0154601910146047800270223CB
:102F30000E20032C1A463E4612D30BD0042C58D137
:102F4000486801788C07C9078A0F002C00D54C32DD
:102F5000411C02E04868411C0278801C0E7807780A
:102F6000012D03D110461840184642D00320032DEE
:102F700002D1082111403CD0042D02D1042111407E
:102F800037D0052D02D140210A4032D004A903AA2E
:102F900002AB019C204609F0DCF8022802D1002F88
:102FA0000FD125E0012D00D0FF08052D0BD104A87D
:102FB0000078022805D102A80078022814D1002048
:102FC00013E00E2015E00020002F12D003A909788D
:102FD000FA0703D0032901D205200AE07A0708D5B1
:102FE000022908D20F2004E0052001210F4000D162
:102FF000384605B0F0BD2046314609F020F9B62824
:1030000001D00020F5E70C20F3E70000F0B585B013
:103010000D460978042911D81446C0467944097927
:1030200049008F44020D4A697E00734E30680146A4
:103030007031C166686809F04FFC57E08626D3E01E
:103040006D4F386801467031C1666B6801206E496A
:103050000026324600F0D6FA01A90880002800D1E7
:10306000ADE00BF0F1FAFFF737FF02A900910880FD
:103070003868C06E01A902273A46F9F77DFF5E481D
:103080000068C06E801C00993A46F9F775FF5A48EF
:10309000006868270421C15369680A7C102A00D09F
:1030A00091E0C06E0C31001D0222F9F765FF524815
:1030B0000068C15B891CC15385E04F4E30680146F2
:1030C0007031C166696809787022815469884A1C28
:1030D00003A90A8071300222F9F74EFF3068C16EF1
:1030E0006868001DC91C09F0F7FBC01C3168682224
:1030F00088526831216076E069680A7D102A32D1F1
:103100003F4A521C0B8A93422DD13B4801686831DB
:103110002160006868211022425201468331C16655
:1031200061E069688969002945D0334E31686831AA
:10313000216069680A7D102A3FD10A8A2F4B9A4282
:103140003BD13168682202248C520A467032CA662A
:10315000294600F091FA04A908803068C06E224622
:10316000F9F70AFF3FE0096A002924D0224E3168AE
:103170006831216069680A7D102A27D10A8A204BAC
:103180009A4223D13168682201238B520A46703259
:10319000CA66FEF737FAFF2829D06968096A8B6882
:1031A0001849C97A49084A1C042100F0D9F8316845
:1031B0007022885417E0842616E0886907E0386892
:1031C000682100224252683020600DE0086A0178D0
:1031D000890701D5022100E00421415A8068326844
:1031E0006823D152D0660026304605B0F0BD306865
:1031F000702100264654F7E7F00A0020022900005B
:10320000292B00004C0B0020FFFF0000F0B589B017
:1032100017460D46064600787488042845D00328D2
:1032200077D17168086A00287DD00A7D102A74D190
:10323000098A494A914270D10097012107AA08AB37
:103240002846FEF704FD00286ED12888FEF7DAF93B
:1032500007AA117807230B40059313707168096A58
:103260008B683E49C97A49084A1C0421049003929C
:10327000029300F075F8059A01461140814257D13A
:103280000298009004210498039B00F07CF8706879
:10329000006A0078C0073AD02E88284601F005F869
:1032A000024608A8008807A94CE0716888690028D0
:1032B00039D00A7D102A30D1098A264A91422CD170
:1032C0000097022106AA08AB2846FEF7C0FC00289A
:1032D0002AD106A8008805907088801E81B202203D
:1032E0000BF0E8FA002821D005998907890E40687B
:1032F00000780840884219D106A8028828883146FB
:1033000000F082F8706880690078C00712D1002050
:103310000AE003203870862006E021462A463B4614
:1033200000F047F800E0842009B0F0BDFD20F1E78F
:103330001320EFE72E88284600F0B7FF024608A8C2
:10334000008806A90090019102203146234609F029
:1033500021FFE9E702290000292B00004C0B002087
:1033600010B54843C408A4B2944201D9002010BD4E
:10337000072210401A5DC2402020411A0020C0439D
:10338000C840104010BDB0B54843C408A4B29C4228
:103390000ED8049B072528402025691A0025ED43F7
:1033A000CD402A4082408540185DA84310431855FF
:1033B000B0BDFEB516460C4605468268818800936E
:1033C00002AB3046FEF743FC002800D0FEBD287853
:1033D000810703D4A98802AA118001E002996980BB
:1033E000C00701D10020FEBD3788304600F05DFFE8
:1033F000024602A80088A96800900191022039467F
:10340000234609F0C7FEFEBDBCB514460D46FEF7C7
:10341000F9F8696889698B888968009103210C40F3
:1034200002212246FFF7AFFFBCBD000070B58AB095
:10343000044605AD0DA11426284632460EF077F954
:1034400068460FA132460EF072F92046294609F06F
:1034500013FA002807D06946204609F00DFA014604
:103460004042484100E001200AB070BDFB349B5F40
:103470008000008000100000002800001000000004
:10348000FB349B5F800000800010000001280000DA
:1034900010000000E0B501AAC2211180018900924C
:1034A00001200022014BFDF745FF8CBDF9150510E9
:1034B000F0B587B0054602AC2749142220460EF02D
:1034C00036F90120254E3146224600F04DF80027FE
:1034D00000283CD0014628688288520637D52A79D0
:1034E000FE2313408624042B32D00089012200F0F1
:1034F0005BF881282BD0286881880A0625D480278C
:10350000394381802879022822D1288901281FD1B6
:103510006889B0421CD1EA68107C102818D19089C3
:103520000F49884214D10120314600F01DF80028CF
:103530000ED001A807802968098900900120002485
:10354000084B2246FDF7F6FE02E0FFF7A3FF3C46DC
:10355000204607B0F0BDC04624260610FFFF00003D
:103560002A2B0000ED150510F0B585B014460D4668
:103570000BF092F806460020002E12D07188A94266
:103580000FD86F4630463946FFF77EFC2046394655
:1035900009F05BF9002803D030460BF0DFF8E9E7CB
:1035A000304605B0F0BD000070B586B014460E463A
:1035B000054601A8104914220EF0B9F8002E07D1D3
:1035C00001200E4901AAFFF7CFFF0646002810D0C0
:1035D0002846FEF717F87168096A8B680849C97AA6
:1035E00049084A1C0421FFF7BBFE204201D00020FD
:1035F00000E0812006B070BD24260610FFFF000009
:103600004C0B002080B50BF071F8002801D04088E9
:1036100080BD002080BD000070B58AB0054605A8B9
:1036200010A114220EF083F82878FE210140002416
:10363000022914D128460BF091F8054600280ED037
:10364000287802280BD06E4628463146FFF71CFC2E
:1036500005A8314609F0F9F80028EBD12C462046A0
:103660000AB070BDFB349B5F80000080001000003A
:10367000022900001000000010B50C46FDF7C2FF43
:10368000616889698B688A880221FFF769FE10BD2D
:10369000F0B585B003920C4601210902411804914E
:1036A0000290E0300190200423D004980088102874
:1036B00007D1102202980199F9F7C8FC002004995B
:1036C000088010210D1AA9B2A2B2914200D325465A
:1036D000AFB202990818E030039E31463A46F9F736
:1036E0004BFC0499088828180880641BF619039677
:1036F000D9E705B0F0BD0000FEB5044600F09CF827
:103700000C25002825D01226002C23D0207D401E19
:1037100001281FD8207C80281ED010281AD1A0890B
:10372000012188430321C902884215D101200AF0F2
:10373000B3FF002810D00178002907D141680A7C26
:10374000102A03D18989A2898A4202D00BF006F897
:10375000EFE72E463046FEBD00200BF095F800281E
:1037600006D04168C98A002904D04088401804E086
:10377000012002E00BF036F8401C82B200263046F1
:10378000314623460AF00CFF002820D0F743E18A97
:10379000491E0291009001947F1C217E8F4218D215
:1037A000E18A002904D0029A11043AD0521E0292F2
:1037B000351D401C019CE1698B5982B2012000211A
:1037C0000AF0EEFE00282E46E6D187262EE0872658
:1037D000C0E7184800685C21425C0223134343544D
:1037E0000A2008F0A1FEF8F715FF606A00260028FD
:1037F000B0D02020205C0028ACD02146203102919E
:1038000000252F460195854200990CD2606AC019A7
:1038100000F022F8002808D12437029800786D1CA7
:10382000F1E7122602E0019E94E70646009800F0B8
:10383000A3F88FE7F00A002010B5FEF7C3FA0024C2
:10384000002806D1FEF7ACFA002802D1FEF7D2FA22
:103850000124204610BD0000FEB50E460446FFF7C9
:10386000EBFF002866D01225002C64D0207D802834
:1038700013D010285FD1208A3C4988420DD1206A9C
:10388000002858D082883A49C97A4908491C8A4296
:1038900051D380680021F9F77FFBA07824210842EA
:1038A00003D06078C01F092845D830460AF0CCFE06
:1038B000002840D00646007800283CD1207E811C9C
:1038C000304600F083F80546002834D13046FFF733
:1038D00003FB05460AF0B8FE0146681C86B20227C3
:1038E0003846324623460AF05BFEB04225D13046C8
:1038F0000AF0AAFE0146A81C82B2032023460AF061
:103900004FFE002829D001970296E069002816D0C2
:10391000207E002813D00026374687420FD2E06968
:103920008019029900F06CF8002818D11C36207E0E
:103930007F1CF2E70C252846FEBD8725FBE70D48D6
:1039400000685C21425C019B1A4342540A2008F043
:10395000EBFDF8F75FFE0025EDE7872501E0054662
:10396000029E304600F0D4F8E5E7C046292B00005F
:103970004C0B0020F00A002010B50446FFF75CFF56
:1039800000280AD020460AF05FFE014612200029D6
:1039900002D00A78002A02D010BD0C2010BD0846C3
:1039A0000AF0F0FE014620460AF02CFF06480068A7
:1039B0005C21425C0223134343540A2008F0B4FD07
:1039C000F8F728FE002010BDF00A0020B0B50D4623
:1039D0000446FFF781FA6168C98A002908D0C0430C
:1039E00008186188401880B2A84206D30020B0BDF4
:1039F00000200AF049FFA042F8D00C20B0BD000022
:103A0000F8B50E460446FFF717FF002875D01225BB
:103A1000002C73D0207D802801D010286ED1102872
:103A200008D1218A29221202921C914202D1A16955
:103A3000002963D0A1782422114203D06278D21FDA
:103A4000092A5BD8102815D1208A2F4A8218052A06
:103A500010D801239340312213420BD02278012A3F
:103A60004CD100294AD129210902884202D1A069FA
:103A7000002843D030460AF0E7FD00283ED0074634
:103A8000007802283AD10025284631460AF012FF74
:103A9000002835D02E460121FFF798FF0546002863
:103AA0002CD13846FFF718FA05460AF0CDFD01463D
:103AB0006D1CAAB2042023460AF072FD854221D172
:103AC000207D10280BD1208A29210902891C8842D7
:103AD00005D1A069828880680021F9F75DFA0B485A
:103AE00000685C21425C0223134343540A2008F01F
:103AF0001BFDF8F78FFD354600E00C252846F8BD84
:103B00008625FBE78725F9E700D7FFFFF00A0020AD
:103B100010B50446FFF790FE00281ED020460AF09C
:103B200093FD01461220002916D00A78022A13D1EB
:103B300008460AF027FE014620460AF063FE0848C0
:103B400000685C21425C0223134343540A2008F0BE
:103B5000EBFCF8F75FFD002010BD0C2010BDC04647
:103B6000F00A0020F0B585B004911224002839D065
:103B70001D4616460746022B0AD3022E32D00021DC
:103B800004223846FFF710FD812801D10C2429E0DA
:103B90000A98022E0390029501960FD26D1C0646DC
:103BA0006D1E17D03288083610233846049900F06D
:103BB0001DF804460398002CF2D013E0022E11D118
:103BC000028820233846049900F010F80446039830
:103BD000002C07D1009038460499019A029BFDF70A
:103BE0005BFF0446204605B0F0BD0000F8B51D4659
:103BF00016460446FDF75CFC1227002824D0014637
:103C00001B4800685C22825C812092072CD4898842
:103C1000490629D4701E80B20AF016FD014600281C
:103C2000384621D04868007828421ED00846FFF761
:103C3000F3FC00280AD0064603222146FFF770F95C
:103C4000002805D0C020F8BD3846F8BD8620F8BD54
:103C5000102D01D0022500E0012520463146FFF756
:103C60000BFD054201D00020F8BD0C20F8BDC04678
:103C7000F00A00201CB5059C0194049C0094FEF7FA
:103C80000BF81CBD80B50346012002490022FFF756
:103C9000B9FC80BDFFFF000080B50346012002494A
:103CA0000222FFF7AFFC80BDFFFF0000F0B585B03A
:103CB00004468778781E0321049108430930800860
:103CC00083B2207A039020880290114800688069AE
:103CD00002253E222946FBF715FF002814D0064690
:103CE000009701940498039A0240301D002702991E
:103CF0003B46FCF76EFC357128463146FBF79FFFCB
:103D00002046FBF737FD00E00727384605B0F0BD39
:103D1000E80A0020B0B504460188022009F078FFC7
:103D20000546002802D12046FBF724FD2846B0BDF9
:103D3000F0B589B01D4616460F46049002200124B6
:103D4000214600F0C3F8002850D103971220042E1A
:103D50004CD80290F5F7EFFB012E03D8002801D1D3
:103D6000112043E011980090109801900F990E983F
:103D700005AF3872FD713E710398788004983880E1
:103D8000384609300622F9F7F7F80099B971019819
:103D900078713879042801D0012804D105A9097A5D
:103DA000022902D321E003291FD801280ED100F0F7
:103DB0004EF905A9C979814217D805A8407940076D
:103DC000029813D005A804F09FFE0FE005A8008814
:103DD00020280AD3A103884207D805AA5288202A9E
:103DE00003D38A4201D89042E1D9029809B0F0BDCC
:103DF00010B504460220012100F068F8002800D028
:103E000010BD012C03D8204604F002FF10BD122083
:103E100010BD0000F8B5174908680D46242100249C
:103E2000445425301122144F2146B84728683630B3
:103E3000FF2605223146B84729683B201F230B5433
:103E40000122550308463B308552C3724731072291
:103E500008462146B847074D28684E3008223146AB
:103E6000B84706480068352144542868044901626F
:103E7000C465F8BD380B002099CF0410E40A002077
:103E8000BEFDFFFF80B505F0D3F880BD10B536212B
:103E9000054A3E2906D04318363B1B781468635404
:103EA000491CF6E7002010BD380B002010B5462154
:103EB000054A4E2906D04318463B1B7814686354C4
:103EC000491CF6E7002010BD380B0020054A126897
:103ED0003523D35C034201D00C207047353211707A
:103EE00000207047E40A0020034909683522895CF4
:103EF0000840411E88417047E40A0020F8B50024BC
:103F0000204600F095FD054601222F4B27460092E2
:103F100018683421405C84424FD22C20285CFE215A
:103F2000014002293DD119200601A85B80060CD56D
:103F3000698F002004F034F93A28009A10462ED0F8
:103F4000A8190188202291430180284603F0BBF97B
:103F50000028009A104622D1284605F0E1FD009A7B
:103F6000002810461BD1E6B2304603F07AFA009AD8
:103F70000028104613D1304603F077FA009A002843
:103F800010460CD1284603F0F9FB009A0028104691
:103F900005D1304604F00BFB009A411E88410A4BC4
:103FA00000E00020411E88413906174600D107462F
:103FB0003320C0002D18641CAAE7380603D0122055
:103FC000012108F0C3FAF8BDE40A00200020704780
:103FD000F0B58FB00292074607A8019010250C4E4D
:103FE0002A46B0470BAC204639462A46B04703AFB5
:103FF0000026019821463A46334608F0ABFD029868
:1040000039462A46024B984730460FB0F0BDC046AD
:1040100079CF0410B0B50C46054600F061FFFF28CB
:1040200005D000202946224603F061FFB0BD0220E2
:10403000B0BD10B5044600F053FFFF2805D0812025
:104040000022214603F053FF10BD022010BD0120C5
:10405000704780B503F036F880BDE0B5022801D383
:10406000FF280DD1002200926B4618700192581C57
:104070000622F8F781FF0199009803F03DF88CBD06
:1040800012208CBD00207047002070470020704730
:10409000002070470120704700207047F0B587B0BE
:1040A00001890491C1880591848846880788002089
:1040B000069006A9384600F09FF8054600285AD118
:1040C0000396029406988078C00751D100241022EC
:1040D00020463946FBF72CFB00284BD007462A48E0
:1040E000039A911F89B2122581423DD2029E062E6B
:1040F0003AD3801D864237D2B24235D8059A91080C
:104100007C2931D8511C7143049B9A0091422BD8D1
:104110000A2B29D3834227D2019478681221017295
:10412000786806990979417206210825174C3846A6
:104130002A46A04738462946039AA0470A2138460E
:1041400032462546A0470C2438462146059AA84702
:104150000E213846049AA8477C800520394600F095
:10416000CFF900280AD081253846FBF703FB02E08F
:104170000C2500E08825284607B0F0BD06991220DE
:1041800000F04FF8019DF6E77B0C0000DFF704100C
:1041900070B50B49C97A14224A43143209490B6895
:1041A00000210D460C461434A24206D0DE6A755B2F
:1041B00085422546F7D131191439084670BDC046ED
:1041C0004C0B0020300B0020B0B50949CA7A0949D0
:1041D0000B68002421468A4206D0DD6A2D5B8542A9
:1041E00003D01434491CF6E71146C8B2B0BDC0462E
:1041F0004C0B0020300B0020B0B50C460546FFF7F5
:10420000C7FF014620600220002D09D0002907D0F9
:104210000879002803D089780620084000D00C20B7
:10422000B0BD88710879C8718878062202438A7007
:1042300070479071517190780421014391707047DB
:10424000F8B5044614206043144B1B68DD6A2D1832
:10425000A87846078120002E1FD5AE79761C8E42A5
:1042600001D0012919D1E979914216D1AE1CAF1DB7
:10427000E81D00901846214608F0C9F90020387062
:10428000009908703178FB220A40327029794A1C63
:10429000D1B2914200D001212971F8BD300B00202C
:1042A00080B50846FBF766FA80BD80B50221FBF7B2
:1042B00086FA80BDF0B585B01E4604920D460746CD
:1042C000FFF766FF00280FD00446039640791226B8
:1042D000A8420AD10499022907D8A078800707D4F8
:1042E000012907D0042006E00226304605B0F0BDC3
:1042F0000C26FAE70220002900D108460290821D10
:104300000026304639460192FBF712FA002827D0E2
:104310000746406801210172786845720298801C46
:1043200082B206213846FBF75AFA08213846049D26
:104330002A46FBF754FA002D05D00A213846029A86
:10434000039BFBF755FA019878800520394600F069
:10435000D7F8002806D03846FBF70CFA8126C4E7C8
:104360008826C2E7A671A078FB210140A170BCE7B6
:1043700070B5044622201049085CA0421BD90F4D9D
:10438000296830200A5C521C0A54342254433031CC
:104390004868001983781B0705D5C378112B02D311
:1043A0004B785B1E4B7046890021F8F7F5FD2868B5
:1043B000406B0019468170BD4C0B0020300B002073
:1043C000FEB50C460546222012490290085C0027E3
:1043D0000326114B0195C1B28F4219D21968496B5E
:1043E0008A19D21E1288AA420FD1FF2C02D0895DF1
:1043F000A1420AD1F8B225461C46FFF7B9FF234671
:104400002C46019D02980349085C34367F1CE2E784
:10441000FEBDC0464C0B0020300B00200020704732
:104420000020704770477047002070477047704702
:1044300080B54069014908F0AEF980BD41440510DE
:1044400080B50349C97A814201D300F077FA80BD73
:104450004C0B0020F8B505460120682106F0F2F962
:10446000234F3860234EF07A1424214606F0EAF9EF
:1044700001463868C162012D10D15C3008F046FA5F
:104480002225705D342106F0DDF939684863705DDE
:104490004000102106F0D6F939688864F07A411C92
:1044A000154D0122284606F0BBF939680862F17AF9
:1044B0000222284606F0B4F93D686862F17A0F4A94
:1044C0000723284608F08EF8386817210185318CBB
:1044D000172901D28620F8BD4185F17A4C43C06A84
:1044E00000212246F8F758FDFFF79AFFF8BDC046B5
:1044F000300B00204C0B0020480B002031440510ED
:10450000FEB50C46011F0646022921D86288002507
:1045100020462946FBF763F90227204639463246F2
:10452000FBF75DF92582E581257360686061A06114
:104530006088001D6080207A384320722046FBF797
:1045400077F8002814D06088001F608081250FE074
:10455000A0253F280CD020385F2809D801A88680E4
:104560002221044A515C81710194FFF75DFF0546E9
:104570002846FEBD4C0B0020F0B5C3B004460088B1
:10458000FFF706FE00287CD00546207A0327074067
:1045900028692A460C32022F039208D100282FD016
:1045A00011888426042954D30121029131E0002886
:1045B0004AD06688002E26D00021019104A80290DE
:1045C00020463246029BFBF7F1F8286940680090CC
:1045D0002046FBF716F90146009806F0C6FAA989AD
:1045E00028693246029BFBF703F9A8898019A88144
:1045F00081B22869FBF7C7F8039A0198608002E04E
:104600002C616088A881108804281BD328690026A3
:10461000029600210191FBF7D2F8001D81B2AA8910
:104620008A4216D812D129694880012000F032F858
:1046300000282DD028698426A04226D10198A8817F
:10464000286122E0002618E0002602E002980028F7
:1046500013D0A87810210143A97042200121022221
:104660002B4609F057FB2869002806D0FBF782F893
:1046700000202861039900200880002E05D1012F19
:1046800003D12046FBF776F80026304643B0F0BD54
:104690000198EEE7BCB50C4605464888001F4880E7
:1046A0000846FFF702FE011F02290CD806281AD07F
:1046B00005281DD0042811D10420A08128462146B8
:1046C000FCF7BCFE18E03F2808D020385F2805D84A
:1046D0006846057001940AF0E3FC0DE02846214687
:1046E000FFF7DEFD0EE02846214607F0D3FC03E08D
:1046F0002846214600F008F8002803D06188091DEB
:104700006180BCBD0020BCBDF0B585B00C4606463E
:104710000F883846FFF758FD05468048C17A8D421C
:1047200006D2142068437E4A1268D26A101802909A
:104730006268107A0023012E1CD0002E3CD11E4648
:104740008D4212D219280BD80121814079480142AB
:1047500006D0734800680122774B294607F08DFF89
:10476000029A9078FD21014091702046FBF702F8F3
:104770003046D0E08D4200D3C8E0567A13281DD8C9
:10478000012100918140674A114217D0012821D0B0
:104790001421634A1268D26A13283ED0122800D02E
:1047A000B4E001930846684310188378DF0766D1A8
:1047B0004671208800229DE01846ACE001930AF083
:1047C0006DFC002800D191E003A8057103940AF064
:1047D00063FC93E001272846394632460193FFF7F0
:1047E0002FFD019B002800D090E026884E480068ED
:1047F0008069422152220323FBF784F9019B0028A0
:1048000000D183E005463146061D30462246FBF7BF
:1048100009FDF8020A30082158E0694350188078F1
:10482000C00773D11321284632460193FFF708FDD4
:10483000019B00286AD108212046FAF7C0FF019B9E
:1048400006463A4800684F21405C80075ED52788BD
:1048500035480068806942214C220323FBF752F956
:10486000019B002852D0054606738772300A687390
:10487000380AE8722E1D0098C002062126E058076B
:10488000019B43D46943521812203146FFF7D1FCF3
:10489000019B264800684F21405CC00736D027881E
:1048A00021480068806942214D220523FBF72AF93F
:1048B000019B00282AD00546061D3046394622466F
:1048C000FBF768FC0098C002801C0F21FF22727069
:1048D00082223270020A6A7228720020E871A9717D
:1048E00042202946FBF7ABF9019B0FE00298467185
:1048F0000022384631461346FFF7DCFC019B1228A4
:1049000009D8012181400A4A114204D020461C46A0
:10491000FAF730FF204605B0F0BDC0464C0B002032
:10492000300B002002000C00E80A0020380B0020A9
:1049300005000400400094023075000070B5142496
:104940004443144D144800684F21405C000713D5C0
:104950002868C06A065B1148006880690622022147
:104960000B46FBF7CFF8002806D001460C484860FC
:104970000E810220FBF763F92868C06A0119002242
:104980008A718A78F92313408B70005BFF21FFF74F
:1049900017FD70BD300B0020380B0020E80A002006
:1049A000DDDC0510B0B50C4605460020FFF7F0FB36
:1049B000002805D00121818005806142614181701C
:1049C000B0BD0000F8B50446FFF7FEFB05461048F1
:1049D000C07A85421BD20F4E3068294607F017FE79
:1049E00014276F433068C06A0025C553C019006999
:1049F000002809D0FAF7BEFE3068C06AC019056108
:104A00003068C06AC01985812046FFF70CFDF8BDEB
:104A10004C0B0020300B00207047704703480068A3
:104A200094214058C06B00687047C046380B002086
:104A30003321C90041430448006894228058C06B68
:104A4000406840187047C046380B002010B501463A
:104A500000200D4A914215D00C4A12683423D25CD2
:104A6000521C0B4B1B6894241B59DB6B5B68521E5A
:104A700008D03324E4001C195B8F8B422346F6D107
:104A80000448201810BDC046FFFF0000E40A0020C3
:104A9000380B002068FEFFFFFEB53E4C20689425D1
:104AA0004059C06B02683220002616543A484069CB
:104AB000010C192901D319200004106002925060E2
:104AC00000F0BAFA20684059C06B0768FFF7DAFABD
:104AD000012801D01B2000E0FB203882FFF7D2FA2A
:104AE00004462920C0000090A9200501FFF7CEFA56
:104AF000012C019507D10128284D009C0CD0284D90
:104B0000FFF764FA05E00128009C05D0FFF75EFA84
:104B10002546012800D108357D82FFF7B3FA012828
:104B200001D01B2000E0FB20B882FFF7ABFA05465E
:104B3000FFF7ACFA012D07D10128019D17490DD0CF
:104B4000FFF744FA164906E00128019D294605D0E1
:104B5000FFF73CFA2146012800D108317C831B2055
:104B60003883FD81BC817C813881F98201F030FB82
:104B700003F02DFD029802F087FB0A4C20683421D7
:104B8000415CF0B2884203D200F00EF8761CF5E7E3
:104B9000FEBDC046380B00204C0B002090420000A8
:104BA00048080000E40A002010B53321C900414341
:104BB0001C4A12689423D258D26B526854182E2182
:104BC0001F226254802100226250302160548C21C7
:104BD0006250E32162544121FF2363542F210723B4
:104BE0006354A285012121850F4961871921090498
:104BF000A165E1652166214690311B224A80902300
:104C0000E2520A4A0A4B4B608A602922D2008A810A
:104C100001F024FB204602F04CFB7834204607F0DC
:104C200075FE10BD380B0020FFFF000048011B007F
:104C30001B004801F0B589B0012B00D0A2E000AB09
:104C400007C30F990E98039029204F4C205C421EF9
:104C500090410843E17F089105F02EF90690E67A2D
:104C6000049601271821494C3846A0472346484C52
:104C7000216894254959C8633821384698472168E6
:104C80004959C96B08603320C400304621463F4A69
:104C900090473F4909684959C96B4860089887405F
:104CA00001F0CCFAF8B20821384A9047384909682F
:104CB00008954959C96B0968242200268E54086258
:104CC00024314F700594049844430794069D089C32
:104CD0000798B0421BD001273846294605F0B2FD9F
:104CE0002B4909680959C96B496889198422885078
:104CF0003846294605F0A6FD254909680959C96BBA
:104D0000496889198822885005983618E0E7009884
:104D10000128049C09D10E21204605F093FD1C4971
:104D20000968089A8958C96B88600198012809D1D7
:104D30000821204605F086FD15490968089A89581A
:104D4000C96BC860029801280FD12021204605F0C8
:104D500079FD0F4D2968089A8958C96B08610120AF
:104D6000112105F06FFD296848660398012809D1D3
:104D70001C21204605F066FD05490968089A8958F6
:104D8000C96B486109B0F0BD4C0B002045A8051067
:104D9000380B0020882140580188024A0A400280CE
:104DA0007047C046FFFE0000842140580188012260
:104DB00091430180704788214058018880229143A7
:104DC00001807047FEB50C468021415C49060CD439
:104DD0008030218A6288521A93B2458AAB4209D93F
:104DE000207AF7220240227201E0218A257B1020DE
:104DF000019005E0E069431E9841000101901546CD
:104E0000002902D1207A800701D4012000E002208D
:104E100002900E4800688C27C059001DE289511885
:104E20001F260E40A9198AB2A16905F06CFE6061C7
:104E30002573064B1868C05930180199029A11431E
:104E400081701868C0593018C570FEBD380B00203D
:104E5000F8B505462C20285C012403283DD1288F75
:104E600000283AD02846F9F73BFA294628318842EB
:104E700033D12F462C375420385C0006800F2CD1BC
:104E80002846E3300078800727D42846FA30008887
:104E9000002822D138790124214601F023FC06465E
:104EA0003879002101F01EFC304302D1288F441CC8
:104EB00013E0C920400028180188C9070DD0F98ADD
:104EC0004088401A81B2022907D3441EA1B2288F1C
:104ED000401C82B2914200D30446A0B2F8BD00004B
:104EE000F8B50446FF250A4884420FD00026094F32
:104EF00038683421415CF0B2884207D2FFF798FD50
:104F0000408FA04201D0761CF2E73546E8B2F8BDEA
:104F1000FFFF0000E40A0020890040188421405867
:104F2000801C7047002901D0022100E0032180226B
:104F30008258CA400120104070478421405801889F
:104F4000012008407047882140580088C005C00FE4
:104F50007047882140580088C0B2C0097047882136
:104F6000405801880320084070470000FEB50746FE
:104F70004124005DF9F73AFC0546385DF9F725FC58
:104F800092236C1EE1B20297923770250326052901
:104F900032460195294605D861B28A0019498958D7
:104FA000194CA258029CE35A7C88401EC5B2052DBC
:104FB00006D840B28000134D2D580195124D2E5841
:104FC0009340581800024721CD0040190F49EBF7D4
:104FD00025F90090B44001982018000240190B49AF
:104FE000EBF71CF90646FC8804F0AAFF00990818A4
:104FF000B1B28C4200D821464018CD300299C86623
:10500000FEBDC0465026061038260610710200006C
:10501000F8B50A460146074800689423C058C06B9B
:10502000006802AB019303AB00932030012307F02B
:105030000FFD8FBD380B002080B505480068942116
:105040004058C06B0068203007F081FD80BDC0462D
:10505000380B0020F8B50A4601460748006894233B
:10506000C058C06B006802AB019303AB00932030C3
:10507000012307F030FD8FBD380B0020BFB50C4673
:105080000546FFF7CBFC3221405C002801D0002010
:1050900011E00A48006894214058C06B0168086A12
:1050A000496A03AA012300930192FE2295432A46EE
:1050B000234607F069FC04B0B0BDC046380B0020A1
:1050C00070B50D4604461A4800682C21405CC007A4
:1050D000C10E01D111220AE0164800683D22825C0F
:1050E000920624D53D30C07A800720D51F224E205D
:1050F000C0434140104800684069CEB203233146A6
:10510000FAF700FD002812D00146847200200873CF
:105110004D7208721220C871062088713E204871B5
:1051200004200871200AC8723046FAF788FD70BD65
:10513000E40A0020380B0020E80A0020F0B58DB00A
:105140000446954800682C21405CC007C50E6F20BE
:10515000C6436E4002F01AF8904909683D228B5C04
:10516000202213403D31002866D0002B00D110E1F1
:10517000887BC00763D0002D00D11222A08A0C903A
:10518000A77DE07D0890608A0B90208A0990A08915
:105190000A902068059060680790A0680690207EBD
:1051A0000390607E0490E589A07E02907C480068B0
:1051B0000069F1B20A23FAF7A5FC002800D1E8E063
:1051C0000446019707461F374572039820730498D9
:1051D000E07202982072280AA07220460D3006253F
:1051E00005992A466F4B98472046133006992A4660
:1051F0006C4B98476B4B2046193007992A469847C5
:105200002120099921542520089A22542046213032
:10521000090A41700A99080A787039700B99080ACE
:10522000787139710C99080A787239720198F8719D
:10523000201D29212222A2E0002B00D1A9E0887A9A
:10524000800745D4487AC00700D1A2E00820054372
:10525000E07D0C90608A0B90208A0990A0890A90CA
:1052600020680890207E0690607E0790E789A07EE7
:1052700005904B4800680069F1B206232A46FAF708
:1052800041FC002800D184E00446054613354772EE
:10529000069820730798E07205982072380AA07269
:1052A00020460D3006220899F7F766FE0999080A8C
:1052B000A07561750A99080A687029700B99080A27
:1052C000687129710C986076201D0121132256E027
:1052D000002D01D01C2200E00D22E07D0A90678A9B
:1052E000208A0B90A0890C90206807906068099034
:1052F000A0680890207E0590607E0690E589A07EDB
:105300000490274800680069F1B20923FAF7FAFB14
:1053100000283ED00446039707461F37457205987C
:1053200020730698E07204982072280AA072204622
:105330000D30062507992A461A4B98472046133008
:1053400008992A46174B9847164B20461930099959
:105350002A46984721200B9A225425200A99215445
:10536000201D21462131120A4A700C9A110A7970C7
:105370003A70039A110A79713A710A211F220423A3
:1053800023713E234370E171A271F0B22146FAF716
:1053900056FC0DB0F0BDC046E40A0020380B0020DA
:1053A000E80A002079CF0410B0B50D460446124833
:1053B00000683D21415C89061CD53D30C07A00075C
:1053C00018D50E4800684069A1212C220223FAF763
:1053D00099FB00280ED00146047285721420C87112
:1053E000042088713E224A710871200A4872A12067
:1053F000FAF725FCB0BDC046380B0020E80A0020B3
:1054000010B5A823C150C9214900435A20241C4388
:1054100044524018428010BD10B5A423C150C92188
:105420004900435A08241C4344524018428010BD8E
:10543000882140580188012212020A4302807047E5
:1054400088228058002907D0012903D00188102222
:105450000A430280082100E0102102880A430280EA
:10546000704788228058002907D0012903D001887D
:1054700040220A430280202100E0402102880A43A2
:105480000280704788214058018880220A430280A8
:10549000704788214058018804220A4302807047DF
:1054A00080B588228058028803239A4302801940DD
:1054B00002880A430280152007F036F8F7F7AAF8A9
:1054C00080BD10467047B0B504463225FFF7A6FAF6
:1054D00044550020B0BD0000F0B587B00446007E02
:1054E000617E09020E18721E082A00D30822A07ECF
:1054F0000490E07E0390607D0121274F0191B84721
:105500000546A07DE17D090208180021069132467A
:10551000B8473346029606462E431920C20106219B
:1055200018460592B8473B460546354303980002A6
:1055300004994718FF22F4323846069998470646E0
:105540002E43781C02994843800881B20A2900D86A
:105550000A21207F627F12021018059A0E4DA8477B
:1055600006432320215C1F20084005211022A84764
:10557000304301D006980CE0204622300078C00667
:1055800006D11E202228F5D0215C401C0029F9D02C
:10559000019807B0F0BDC046119B0510FEB504464A
:1055A000C9204200A05AC30725462C35002B7FD0C6
:1055B000A6187288511A0B0404D008B2002877D5B7
:1055C0002820FEBD41050FD4010716D4800638D42B
:1055D000287902F0F4FF00285FD028790121002209
:1055E000134602F0E3FF58E028791146FFF714FA5A
:1055F00030883249014031804FE0606CAF6F79688C
:1056000040186064B9683A682878022802910192CB
:1056100028D1687DF9F7EAF8042801D0062800D1DE
:105620000220029B796999420A4600D31A462265F4
:1056300080002018816501984008616C081860643A
:105640001AE02746E237E96F687DF9F727F93878DD
:10565000012804D1E96FBC34204601F061FC308898
:10566000202118E0FFF7DAF9029B01996163406895
:10567000984200D318462065F86820873869E16CA5
:105680000A186266A066994203D0E364204601F0DE
:1056900010FE308808218843308030880221014381
:1056A000012081433180152006F03EFFF6F7B2FF5E
:1056B000287902F090FF0020FEBDC046FFFB0000ED
:1056C000426E511A4166491E01D400207047802164
:1056D000405C800601D5082070473E20704780B5A9
:1056E000FFF7A6F92C210022425480BD10B50C46CC
:1056F0000146020A12200E2A11D81A2C0FD80122B4
:10570000A240084B1A420AD00846FFF79FF900282A
:1057100006D0112109014018214600F095FF10BD67
:10572000022010BD2000080410B504462D2021548D
:105730002D34207D04F096FE207D04F0E5FE10BDA2
:10574000F0B5ABB00746C07AFFF772F90646FFF72F
:1057500065F91E903D682220295C1F221692114097
:105760002954687D1090A87B1F90E87B1890287CB6
:105770001A90687C1C90A87C1790E87C1290287D79
:105780001590A87D0A90E87D0E90287E1490687E82
:105790000F90A87E1190E87E0C90287F1390687F70
:1057A0000B9028781B90284622304478B87BF9F774
:1057B0001DF8209004F0BEF80D90422000223252D5
:1057C0002D203254F0203250EC203254E4207F213E
:1057D00031542F2007213154099416980440312068
:1057E000199434542197B87B41217054F87A3021B0
:1057F0007054882030580260842030580260802025
:10580000089032503746F0371D927A600124348573
:105810000F98000214994018149080B203210F9140
:10582000890241434002F0640B980002139A8018E9
:10583000139080B200037166B06612980002179947
:105840004018159909044018159070650C980002CD
:10585000119940181190308704F03CFB219BED21F9
:105860000C94745470871920000130181790189800
:1058700000021F9940181A99090440181C9909063A
:105880004018189030462C301F903246E2321E35B8
:105890001A950D980128129206D1187C012803D17F
:1058A00020201B99084004D1187BFE2101400229C9
:1058B0001BD101201070987B1A9C2146F8F7EEFF4F
:1058C0003546BC352846214601F02AFB1F98407D0D
:1058D00000220092189901910292294619921346CA
:1058E00001F039FB219B1D9001E01D98107034469A
:1058F00090349F20B877F948B883F9487883179A8D
:105900001088202188431080D87A02F062FE292076
:10591000C500A9200701FEF7B5FB0128209916D183
:105920001E9800891B280DD1042907D11E98C08913
:10593000B84207D11B20A08020800EE01E988089ED
:10594000A84204D0179B1888089A104318801B207F
:10595000A0802080042900D02F460E9805022781C0
:10596000E780A7811B2060816080678227821E9F5D
:10597000F88A1C94E081219CE07A01F0FEFEE07A36
:1059800002F002FEE07A01F06EFD3846314601F089
:1059900085FCE07A02F0FCFDE07A01F0F9FB30468C
:1059A00002F068FC11200001301800F05DFE209824
:1059B000F9F70FF9217BCB4A12681768032904D045
:1059C00002290BD1381A3E3812E00E21209C2046C5
:1059D00004F07CF8381A3E38219F0BE02199497B6E
:1059E000381A002901D0903002E081214900401886
:1059F000219F209C1B9B0A995A066918042C0F9D15
:105A000007D03D7BFE232B40022B0C9D00D11D4671
:105A10001B9BDB090D93D20F0E9269184D022918BA
:105A20003B68787B00282BD00C911B930998440984
:105A300004F068F807461794204601F04DFC032156
:105A40001F9A1170109949027163C0197085F16C29
:105A50001E9A5268914200D31146316580B22946A0
:105A600004F02AF80D304100726B8A181B9B9B1CB6
:105A700002210F910E991E91219F1C9C0C9D1AE0F2
:105A80000D4602211F98017000207085042C00D063
:105A9000214689007118896DF26C8A4200D30A464A
:105AA0003265109909026D18083385210F910D99FF
:105AB0001E9117901C9C7564B06422A800218180FF
:105AC0001B912291874800683D21415C8906109214
:105AD00006D53D30817BC90704D1807A800701D487
:105AE0001E9F38E0786801681D46FE230B4022AAFD
:105AF000022B00D01546C9B21E91797B00290CD02B
:105B000022A90D9A002A16D039684A7BC023134077
:105B100022AA402B0ED011460DE022A90E9A002A8F
:105B200009D03A68D179C0230B4022A9402B02D179
:105B3000911C00E00831BA7A24AB9A753A899A82AE
:105B4000259526911E9AFE2A03D003210A40174666
:105B500000E00127431C1B9D656201203840242181
:105B60006054A56220462430401C062219461C467B
:105B7000F7F702FA24A8857607761799C175139965
:105B800041821199018214998181718FC181219F74
:105B9000797B41762494FFF7D1FAF87B002803D073
:105BA000B97A708FFFF78CFA12980178708FFFF72F
:105BB000FBFB1C99486A896AFFF72AFA7C7BBF7B4A
:105BC0003846F8F724FE1E903846F8F735FE38467A
:105BD000209D2946F8F7AFFF38462946F8F73FFFE2
:105BE00038461A99F8F75AFE38461899F8F744FEDD
:105BF00038461D99F8F7C9FF38461999F8F7A6FEF7
:105C000038461599F8F77BFE38463146F8F781FF9C
:105C10003546143538462946F8F70FFF38461E99A1
:105C2000F8F79EFFFEF7D2F9002802D13846F8F7C0
:105C3000A9FC3846002C02D0F8F7F0FE01E0F8F796
:105C400059FF34462834FEF71DFAFF2101280DD0F4
:105C5000209101F099FA2099012807D001F08AFAE1
:105C6000012801D0169901E01B98C143C9B23846FA
:105C7000F8F757FE304621463A4600F035FA002143
:105C800028463A4600F030FA3046F8F75AFC2846E3
:105C9000F8F715FC2198817B2091407C34464434F0
:105CA0001CCC1F998D78CF780F4907910F49069129
:105CB0000F4905910F49049103970295D11A01915B
:105CC0000094002801D00D4C00E00B4C109B0F9A63
:105CD00020983146A0472BB0F0BDC046FF0400001D
:105CE000FBF70000380B0020B7F0051045F2051057
:105CF000EDF0051077F105102DA40510C99F0510D2
:105D0000F0B589B00446FE26855BC76CF7F7FFF94E
:105D1000E321625C324062543521090146187D431B
:105D200068003018EFF3108172B6616CC9434018F7
:105D300000D487E007972046E2300890304604F010
:105D40007FF9002804D041490968C97B03296FD134
:105D50000690204631300590204642300490606C19
:105D6000801B002608214AB2002A0CD4CBB22A4656
:105D70009A40904202D301279F40F619821A00D31D
:105D80001046491EEFE70899888B4643049A10880D
:105D9000801B1080B5B2059F387C097801290FD18E
:105DA0001646F8F73AFC36883A7C002300930190B7
:105DB00002932146BC311046324601F0CCF810E087
:105DC000F8F7A6FC2521081A0890464338783018C1
:105DD00080B201F095F838700899081880B201F087
:105DE0008FF80146387CF8F7D0FE07984543606C81
:105DF000401B6064608D294603F05EFEA26C824207
:105E000004D9121A0D2A00D80D22A264606E40191E
:105E10006066E06E51000918606C821A387C04F0EC
:105E2000B7F8069800280DD1387C04F02BF909E06A
:105E3000089A5078012101435170142006F074FB38
:105E4000F6F7E8FB62B609B0F0BDC0463C0B002097
:105E500010B500242046FEF7EBFD0A4909683422FC
:105E6000895C2C30A14207D00278002A06D0332268
:105E7000D2008018641CF5E7FF2401E001210170C5
:105E8000E0B210BDE40A0020F8B505460088FEF730
:105E9000DDFD002811D0044606462C36EFF31080B5
:105EA00072B620467830294606F034FD3078032853
:105EB00005D12046FFF724FF1AE00220F8BD707DCF
:105EC000274D2968497B884212D1F7F720F92968C4
:105ED0000968C943401801218902401808D5706D2E
:105EE0004021014004D12046FFF733F8002802D0BA
:105EF00062B68420F8BD2046F8F7F2F90546204640
:105F0000283085420AD001212046FFF705F8854256
:105F1000EED02878102101432970E9E71148006884
:105F20008C214058A66F318AF28951181F220A40ED
:105F30001718BD1C20462946F8F70FFA20463146AF
:105F4000FEF740FF6667F8780028D1D0012120468F
:105F5000FEF7E8FF0128CBD16878001D6870C7E71D
:105F60003C0B0020380B0020F0B585B00F460446EE
:105F70004120205CE221615C25462C3501290DD1B0
:105F8000F8F74BFBEA8A6E7D0023009301900293A1
:105F90002146BC31304600F0DEFF10E01646F8F72F
:105FA000B7FB04970746464368793618B0B200F04D
:105FB000A7FF6871F01B049F80B200F0A1FF0146AB
:105FC000687DF8F7E2FD287802280CD12046F8F722
:105FD00069FA2046F8F7D0F9687DF8F78BFD626C16
:105FE000216D687D2DE0A66C608D394603F064FD5F
:105FF0008019A16C002900D10D30E16C49083E39AF
:10600000884201D9082022E0A064616B4000002989
:1060100001D00F1805E0E16E0818276DB84200D8CE
:106020000746264614363046F8F73CFA3046F8F76D
:10603000A3F9687DF8F7F2FC606CA16C421A687DE8
:10604000394603F0A5FF608E401C6086002005B035
:10605000F0BD000070B5044606462C360546AC354A
:10606000FEF714F801280BD130790E2141430E4878
:10607000006894228058C06B80684018C07900E0A6
:106080000120F8F7A6FD09494843000A10302860AE
:106090003278032A07D1626BA36C5B009A185143D4
:1060A000090A0818286070BD380B00207102000032
:1060B00070B500242046FEF7BBFC0546094E30684B
:1060C0003421415C8C420CD2E321695CC90703D0C6
:1060D0002846FFF715FE30683321C9006D18641C8F
:1060E000EEE770BDE40A002070B516460D46044682
:1060F000F8F703F92046F8F71BF92046F8F754F9AA
:1061000020462146F8F78EF92046F8F7BFF92046D9
:106110003146F8F7A3F92046F8F7EDF92046F8F7ED
:10612000C1F92046F8F728F92046F8F76EF9002D56
:106130000DD0942000210A46F7F772FF0146204651
:10614000F8F7CAF920462946F8F707F970BD124852
:10615000006890214558962001210022F7F760FF42
:1061600001462046F8F7B8F92046F8F729F9204605
:10617000F8F73EF92046F8F72FF92046F8F708F926
:10618000A91C2046F8F7E9F82046F8F772F92046EE
:10619000F8F7CAF970BDC046380B00200348006804
:1061A00094214058C06B006834307047380B002091
:1061B0003321C90041430548006894228058C06BD0
:1061C000406840181121090140187047380B002021
:1061D00010B501201249134CA04703201249A047D3
:1061E00005201249A04708201149A0470020114965
:1061F000A04702201049A04702F00DF802F0E1F993
:1062000000F0C7FF01F0B3FA02F0D3F901F031F961
:1062100001F03BF901F059F801F030F810BDC0462B
:10622000857705108D660510457F0510D985051009
:1062300011850510A17405105573051080B5122045
:10624000042104F0FFFA0449096894228958C96BB3
:106250000968486380BDC046380B00203321C9005F
:1062600041431048006894228058C06B4068401831
:106270001121090141180222002A09D00023CB80F4
:10628000FF234B717D235B040B604031521EF3E70B
:10629000CB214900FF22425419210901002242501A
:1062A0007047C046380B0020491C514306224A4320
:1062B000101880B2704700002A2804D803214143F7
:1062C0000248405C704714207047C046682606109C
:1062D00010B50C46FFF76CFFA1014018007910BD06
:1062E00010B5002306A11A46042B03D08C5C531C66
:1062F0008442F8D1042A01D3002010BD012010BD32
:106300000100161F41424841704700002A2805D865
:106310000321414302484018807870471420704799
:106320006826061070B50D460446164800682C21F4
:10633000405CC007C10E01D1052206E0124800688A
:106340003622805CC0061CD515226F20C043414018
:106350000E4800680069CEB202233146F9F7D2FB3D
:1063600000280ED00146047285720020C8710420F6
:10637000887105224A710871200A48723046F9F77F
:106380005EFC70BDE40A0020380B0020E80A002003
:106390004B424B41990140188179CB070020002BDB
:1063A0000BD0022A05D0012A05D0002A05D1880782
:1063B00002E0080700E04807C00F7047B0B5144678
:1063C0000D46FFF7F5FE022C08D8A9014018801DE4
:1063D000E100034ACA40017811430170B0BDC046D4
:1063E00002040800B0B5034600202A2B67D8032416
:1063F0005C43364D2C1964788C4260D1D11E4842E2
:1064000048412A2B5AD89A0001A39A589746C04669
:10641000BF640510BF640510BD640510BF6405109E
:10642000BD640510BD640510BD640510BD64051094
:10643000BF640510BD640510BF640510BD64051080
:10644000C1640510BD640510C5640510BD64051068
:10645000BD640510BD640510C1640510BD64051060
:10646000C1640510BD640510C1640510BD6405104C
:10647000BD640510BD640510C1640510BD64051040
:10648000C1640510C1640510BD640510BF6405102A
:10649000BD640510BD640510C1640510C16405101C
:1064A000BD640510C1640510C1640510C164051008
:1064B000C1640510C1640510C16405100020B0BDA1
:1064C0000120B0BD481E81410846B0BD68260610B7
:1064D000B0B5034600202A2B00D9B2E003245C4368
:1064E000584D2C1964788C4200D0AAE0D41E60422A
:1064F00060412A2B00D9A3E0990001A251588F4690
:106500004366051043660510AD650510436605102A
:10651000B1650510B1650510AD650510AD650510D7
:1065200043660510AD65051043660510AD650510A1
:10653000AD650510AD650510B16505104166051026
:1065400041660510AD650510AD650510AD6505101A
:10655000BF650510BF650510D1650510D76505102D
:10656000E165051041660510C5650510C565051096
:10657000E7650510AD650510AD650510CB65051027
:10658000ED650510CB650510F7650510B9650510BB
:10659000B9650510B9650510FD650510076605109C
:1065A0000D6605101F6605102F6605100120B0BD91
:1065B000601E84412046B0BDFDF766FD3DE0FDF75D
:1065C00061FD3AE0FDF702FD37E000F0D3FD1FE08A
:1065D000FDF75CFD31E0601E8441FDF757FD22E0D0
:1065E000FDF754FD14E000F0CFFD22E0601E844171
:1065F00000F0C0FD17E000F0BDFD1EE0601E84410C
:10660000FDF74AFD0FE0FDF747FD01E000F02FFF29
:106610000146401E8141604260410840B0BD601E9D
:10662000844100F024FF411E88412040B0BD00F0AD
:10663000ADFD002804D0FDF72BFD411E8841B0BD03
:106640000020B0BD6826061080B58022825A9207CD
:1066500008D480308171152005F066FFF5F7DAFF68
:10666000002080BD3A2080BD0021802908D07D22F5
:1066700052044250421801231B02D3804031F4E7F8
:106680008021425A0123134343527047B0B50C4650
:106690008500FFF783FD00684451B0BDB0B51446D6
:1066A0000D46FFF785FDAA0181180B79A34204D19D
:1066B0007D235B04835000208871B0BD70B51C46FB
:1066C00015460E46FFF774FDB10140180571002C08
:1066D00001D0212100E001218279DE231340C91875
:1066E000817170BD10B50C46FFF762FDA101401825
:1066F00081790120084010BD10B50C46FFF758FD08
:10670000A1014018083010BD10B50C46FFF750FD30
:106710008221425A012313434352A1014018817937
:1067200040220A43827110BD10B50C46FFF740FDB0
:10673000A1014018817910220A438271152005F0C9
:10674000F3FEF5F767FF10BD10B50C46FEF770F9C4
:10675000A10141188B2252008B5C40241C438C54B5
:10676000FEF797FE10BD10B5FEF762F90446002152
:10677000FEF7D2FB8078FF21983160541920000188
:10678000215A10220A43225210BD70B502467D20C4
:10679000430400200446802C12D01519AE79F60768
:1067A0000BD02D79FD26354207D015596E1E06D423
:1067B0009D421E4600D86E1A16514034EBE7222047
:1067C00070BD000070B500242046FEF731F9054683
:1067D000094E30683421405C84420CD2284600F0D7
:1067E0000DF8002802D0284600F008F83320C00039
:1067F0002D18641CEDE770BDE40A0020F0B58DB0E3
:106800000746ED20385C39462C310028079161D0CD
:10681000FF2403945634192000013D183846FEF732
:106820009EFB03280AD12888010707D50021E971BA
:106830000822904328803846FEF732FE0B9538191F
:106840000490384600F01EFA00280A9774D01120F0
:1068500000013D1807980479012100262846324698
:10686000FFF796FD0746284631463246FFF790FD72
:1068700038430A9F60D10C9400213846FEF74CFB48
:106880000646417884780798027820460991FFF7F8
:106890001FFE00284AD00498807804280AD1049862
:1068A0000078A04248D001223046294600F0F9F98C
:1068B000002841D10398163038188178042900D176
:1068C000D3E1012935D10798027820460999FFF7CD
:1068D00089FDD3E148780024002800D1C2E13E467A
:1068E000B436B86F3D467835497D0C91002801D00B
:1068F000F8F77EFE284606F009F803CEFEF7AAFB5D
:10690000079D6978788FFFF70DFD384601F0E8FDA7
:106910002879FEF749F9287900F078FC002800D1A1
:10692000A0E1012028700C9868759BE10C98FFF796
:106930001AFF3846FEF738FA452080003C1811202F
:1069400000013818069000200890C5430B9E012DC9
:1069500000D186E1681C0C90308803210991084021
:10696000012808D1B079FF2805D03846FEF7F7FA9C
:10697000002800D1ACE0E078401E042800D93AE1BC
:106980007844007940008744022B617D9200002DFD
:1069900000D1BCE00A9800F075F9002800D12AE186
:1069A00004988078042804D10B980088400700D40C
:1069B00021E1002101220A9800F090F900280B9DA6
:1069C00000D111E1079800790021FFF78BFE002824
:1069D00000D109E1A078400600D403E1052002E1DE
:1069E0000A98FEF7BCFA05900C98C6B20122069FE1
:1069F00038463146FFF7CCFC054600223846314682
:106A0000134600F057FAA178C90600D4F3E00599BF
:106A1000002900D0EFE0002D00D0ECE0002800D0ED
:106A2000E9E0207800F05EFA074601250A98294639
:106A3000FEF772FA034607980079062231461E4691
:106A4000B847A078C1076AD1E570D4E00A98FEF78C
:106A500086FA032800D0CEE0207800F043FA0646FC
:106A6000079800790C99C9B200252A462B46B047F1
:106A700060700A982946FEF713FDA078C10768D117
:106A80000120B7E00A9800F0FDF8002800D1B2E03C
:106A90000C98C5B203220A9E3046294600F01EF922
:106AA00000285DD0A078C10776D1012093E00B9833
:106AB0004088800700D49EE0207800F013FA002878
:106AC0007BD006460B98408840076DD508226CE0C5
:106AD000012638463146FEF71FFA022181704170C7
:106AE000099A02700B9A9279C2700B980088084339
:106AF0000B99088038463146FEF7D2FC079800799A
:106B00000422002331460B9EFFF7D8FDA6E004982F
:106B10004078C0076FD00220049988706BE0099913
:106B2000E17003996170EF210840A07001250A9877
:106B30002946FEF7B5FC70780821801CC0B2009190
:106B400001900296002029462A462B46F8F7D5FFE9
:106B500051E040063CD46078FF284AD0042049E048
:106B60002846FFF7CFFB0B9909884A072BD48201EF
:106B7000B218039B1833D25C042A03D0002822D118
:106B8000012A20D1042001430B980180152005F033
:106B9000CBFCF5F73FFD2EE040061BD46078FF28C4
:106BA0000B9A1AD1022017E00722079800790C9956
:106BB000C9B20023B0470120E0700B9A508806212B
:106BC0008843508017E0042081430B98018012E035
:106BD00005200FE005200B9AE070108804218843FF
:106BE000108008E00220E070288804218843288073
:106BF00001E00220E0700B9E3088C0060A9F26D577
:106C00003846FEF7ACF9002821D100210122069870
:106C1000FFF7BEFB00281AD1012638463146FEF7A1
:106C20007BF90721817002214170099901700B994C
:106C3000C979C1700B980088082101431020814355
:106C40000B980180384631460B9EFEF729FCE07810
:106C5000FE210140022901D10120089040340C9D01
:106C600075E6089CE0B20DB0F0BD0078A04200D1FE
:106C700062E600223046294600F013F8002800D0D2
:106C80005AE656E610B50446FEF757F9002804D038
:106C90002046FEF764F9032801D1002010BD012031
:106CA00010BD70B5920189180E794088C1B20124D7
:106CB0000D2901D1012E0FD0112901D007290AD1A8
:106CC000050A2846FFF7F8FA864204D12846FFF75E
:106CD0001DFB002800D10024204670BDF0B58DB00A
:106CE00005920E4604463020205C0C9000210A914B
:106CF0002046FEF711F9417804911121090107940A
:106D0000641809904788FAB2012520463146089256
:106D10002B4600F0CFF80A9A0B90F81FC0B20B2850
:106D200000D31546624FC7402F4020463146FFF73B
:106D30002FFB0546B00120180690407903900A9673
:106D40003046FFF7DFFA0646800121184879C979F5
:106D50000B9A002A07D0042911D1089988420ED134
:106D6000002D04D114E0002D12D004293BD1002FB6
:106D700033D0099821463246FFF793FF31E00C9853
:106D80003146FFF7A5FA054601200B90042432E0B6
:106D900000250598032854D001284DD1079F384677
:106DA0002C30027808980499FFF71CFB0028099EF4
:106DB00042D001240C982146FFF794FC00280B9444
:106DC00071D0AB204000381805780898FFF788FA92
:106DD0000121002863D10C4662E00899401A411E47
:106DE000884100282BD00C983146FFF771FA0546F0
:106DF00001200B900524079F099E70781021801CAC
:106E0000C0B2009101900296012100200A4603467B
:106E1000F8F773FE284600F065F8002808D005460C
:106E200033460698461D0C980A992246A8473070AA
:106E30003846FDF7B9FF0B9D28460DB0F0BD002583
:106E4000FAE70B950C980A9D2946FFF741FA059041
:106E5000002F0CD0099E304621462A46FFF721FF1D
:106E60000028079F0B9DE7D003240B9008E00898AB
:106E700003998142079F099E04D101200B900324AE
:106E8000059DBAE705980128D5D13846FEF75BF88D
:106E900000280B9DD0D0012505240B95ADE70224D9
:106EA000A80600D40C460898FFF706FA0546A4E7A2
:106EB00041040000B0B50C460546002B03D0104637
:106EC000FFF70EFA04E0A001281880798006C00FB1
:106ED000002805D0022228462146FFF759FAB0BD06
:106EE0000020B0BD10B501461239032901D200209F
:106EF00010BD8400FFF752F90068005910BD000072
:106F000006494143090C2422D2434A43101881B256
:106F1000242900D92538C0B27047C046EB060000CE
:106F200070B50D460446401C002625223146F6F772
:106F300033F83046252E0CD207213140F208AA5CE6
:106F4000CA40D10703D0C1B261184E70401C761CF4
:106F5000F0E7207070BDF0B58BB0059317460D4675
:106F600009A9F7F76AFB119C10980690002818D021
:106F70000495129E00250698A84210D0049803900C
:106F800009A8029008A8019007A80090EBB220463B
:106F90003946059A00F012F870556D1CEBE7307811
:106FA0000AE0039509A8029000220192009220466F
:106FB0003946134600F002F80BB0F0BDF0B589B0C9
:106FC000154608AA00261670002D06931A4600D111
:106FD0002A46070C474011980790002D04D1002342
:106FE000069801281C4638D81098059079405140E1
:106FF0000C46022E07D8A0B200F042F811214143FE
:10700000CC19761CF5E72046784086B23046FFF76B
:1070100077FF242815D8C108059A525CC900411A87
:10702000C9B2CA40D1070CD008A90870079A511CF0
:10703000127800239A420DD0CE5C86420BD05B1CA6
:10704000F8E7079908784643330CC818407808A930
:10705000087000E02523002D0ED10F990E9808AD81
:10706000BAB200900192079802900395A2B2DBB2E7
:10707000069800F003F8287809B0F0BD70470000CA
:1070800041000A4A0A404008094901408818810025
:10709000084A0A4080080849014088180101074A47
:1070A0000A4000090649014088187047AAAA010051
:1070B00055550000CCCC070033330000F0F0000041
:1070C0000F0F0000B0B50124204601F099FC0546E1
:1070D000204600F0BAF828430AD1064800689421F7
:1070E00040580C3005F033FD00F060F80020B0BDD2
:1070F0000C20B0BD380B0020F0B587B00C4605461B
:10710000069105900126304601F07AFC074630468C
:1071100000F09BF838431DD1E8B2FF2805D1059057
:10712000FF2109060C40069405461048006894218A
:10713000405803A9019104A900910C30012329466C
:10714000224605F085FC002806D005A8012100F0A4
:107150002CF805E00C2006E003A80078002801D0F8
:10716000002000E0072007B0F0BDC046380B00202B
:1071700000207047002070477047002070470020B3
:10718000704700207047704700207047002070470C
:10719000704780B509200021FFF778FA80BD70475D
:1071A00070477047704700207047704770477047BE
:1071B00070477047704700008C21414304480068C5
:1071C000942280584068806B0068006840187047BF
:1071D000380B0020704770477047000010B5012839
:1071E00010D101290ED1012A0CD100242046FFF72D
:1071F000E3FF14300449897F002903D004608C30F8
:10720000491EF9E710BDC0464C0B00200020704716
:10721000024800689421405840687047380B0020AD
:107220007047704710B50446FCF732FF012808D1BB
:10723000601E062807D8FFF7EBFFEF21445400201B
:1072400010BD112010BD122010BDB0B505460024A0
:10725000FCF71EFF01280DD1FFF7DAFFEB21415C9F
:10726000C90707D0002D04D0EA300078012404407B
:1072700000E001242046B0BD0020704780B51120F9
:107280000021FFF703FA80BD0021034A8162C26238
:107290001921C901018670470100010080B503462C
:1072A00001200002081828330A221946F5F764FE67
:1072B00080BDF82100224250F830012109044160CC
:1072C0007047704770470020704780B5102000213C
:1072D000FFF7DCF980BD00004007000F0149085AA4
:1072E0007047C046EA260610801EC0B2032801D3AC
:1072F000002002E0C1000248C840C0B27047C0464A
:1073000001040600B0B5014600791F2811D80020FD
:1073100002460346252A0FD007241440D5084D5DA8
:10732000E540EC0703D05B1CDCB2022C03D0521CFE
:10733000F0E70020B0BD0120B0BD000080B50449D9
:1073400009689422895848310522F5F715FE80BD59
:10735000380B0020F0B585B01F4614460546039152
:10736000FFF7CAF902902846FDF762FB611E062965
:1073700074D806462C30C0467944097949008F44B8
:1073800003036D2F6D345F000078032866D1FC1C69
:107390002046FFF7B7FF012858D1387A01907F7A4D
:1073A00005222046029C214605F046FA3802019942
:1073B000401882B230462146FEF722F80024022609
:1073C000284621463246FEF7F9FF0123284621468A
:1073D0003246FFF773F928460399FFF795F93DE028
:1073E000B878012836D02A2135E03146FE310A88A6
:1073F000318FC08AFEF758FF04A901910880029CD2
:1074000020462946FFF79AFF0120B87008207870BF
:1074100003203870F91C0522204605F00DFA0837C4
:107420000222019C2046394605F006FA22883046A1
:107430000299FDF7E5FF28460399FFF785F90DE06E
:10744000022228460399FFF729F907E02846FFF7AB
:107450008AF903E023213046FEF766F9FF2005B0E4
:10746000F0BD002070477047704700207047002033
:10747000704710B50C2000242146FFF707F90D20B6
:107480002146FFF703F910BD704710B50E20002408
:107490002146FFF7FBF80F202146FFF7F7F810BD54
:1074A000F0B591B00C93144605460B91FFF724F903
:1074B0000A902F462846FDF7BBFA611E072900D91E
:1074C000D6E005462C350646FE36C0467944097995
:1074D00049008F440303CD1FCD2C7BC82978032995
:1074E00000D0C5E009900C9C63892289E18830882E
:1074F0000E460021009101910290304631460892DB
:107500001D4600F00DF9002800D1B4E03846FFF721
:107510002AF9ADE00C998B7823210F2B0A4600D075
:107520002A22002B00D01146FEF7FEF8A0E00C99AD
:10753000891C07910446FDF771FA08903288099476
:10754000218FE88AFEF7B0FE05462820012106912A
:107550000A9C2154208B618B081840081090A08B46
:107560000490E68B0DA8077110A90F910D9400F0FF
:10757000FCF810982083059529048919664A049D12
:107580002B04034307980CC0016064480C990880E1
:107590000320400232032146E5602261069A52022E
:1075A00005C408980068628B1202083C904200D320
:1075B000104648611098400288600998059AFDF7C6
:1075C0002BFF38460B99FFF7BFF851E028210A9EA0
:1075D000715C01293D4643D104460DA805710D9605
:1075E00000F0C4F84A4800683D21415C890632D564
:1075F0003D30407A40072ED5F08B0C90B08B09902F
:10760000378B668F43480068006980212422042458
:107610002346F8F777FA00281DD001460B304E724A
:1076200007700A97099F4F730C9B037100220A721F
:107630000322CA710A228A713E224A710C71320AEF
:107640008A720A9A120A42703A0A8A731A0A4271B4
:107650008020F8F7F4FA002128460A4600F0E1FD00
:107660000022284601E0002238460B99FFF716F861
:10767000FF2011B0F0BDE078002800D146E7711E70
:10768000082900D3082181420C9900D23EE78A885C
:10769000B24200D93AE733460A9E2946F583089D4F
:1076A000B5833383738309031C465B025202400295
:1076B0002DC63160099EF26C01209A4206D1B26E4D
:1076C000914203D1308F281A411E884128210A9DFA
:1076D000685410940DA8077110A90F910D9500F032
:1076E00044F8022238460B9C2146FEF767FE002232
:1076F000012338462146FEF7E1FF0C988289304687
:107700002946FDF789FE38462146FEF7FDFFAFE723
:10771000380B0020E80A002000030100030C0000E1
:1077200070B504461220062C1CD31925ED01AC427D
:1077300018D8062916D3A94214D8A14212D3940806
:107740007C2C0FD8059C049EB4420BD30A2B09D382
:10775000AB4207D80698521C4A43424390088342E2
:1077600001D8122070BD002070BD7047704780B5F1
:107770000A200021FEF78AFF80BD70470020704775
:1077800070470000F0B58DB0099316460F460446C9
:10779000FEF7B2FF054608942046FDF749F9034677
:1077A000052E07D13D211846FDF7BEFFFF263046C6
:1077B0000DB0F0BD044607952A46283205462C3503
:1077C000287802282AD11078401EFF260B28EED8F0
:1077D0004000C04678448088400087440B00A200E7
:1077E000A500C000CA00CE0028012C01540164018C
:1077F000730176010A2009998870FF26304604300B
:1078000008800121089815460A461C46FEF7D6FD59
:107810002046FDF737FE02202870C8E7012E2ED142
:1078200000205070069200251F4618462946FDF795
:1078300079FB09998978032955D100283B46079E91
:10784000B0D1099CE01C3146303108220492184B1B
:10785000984720460B3031462E310222144B984770
:1078600020460D303146049A114B98471534203686
:107870000422204631460E4B9847052039E05078C7
:10788000FF260D2893D8EC344000C0467844808809
:10789000400087440F0010005D0165016E019201F8
:1078A000D2011C02E5013C02E901F901100230029B
:1078B00039C80510B6E70B2009998870022050706E
:1078C000FF26304604300880002401220898214613
:1078D0001D46FEF773FD2846FDF7D4FD28462146D8
:1078E000FDF7BFFD63E701283B4600D05AE70125BD
:1078F0002846089E069C607025710024304621466B
:107900002246FEF75BFD3846FDF792FD30462146E4
:10791000FEF70AFF0122304621462346FEF7CEFE3F
:1079200044E70320107019E1099880780B2800D0F3
:1079300038E704201070022118461D46FDF791FD1E
:107940000124089F38462146FEF7EEFE0022384605
:107950002146FEF733FD2846FDF76AFD27E70B2099
:107960000999887005201070FF2630460430088081
:107970001DE7062010700121D1E10496099FBE1C6D
:107980000025F949284605930692884704460B903E
:107990002846F54988470C902846F34988470390C4
:1079A000F24939800A90069D287A0002697A090412
:1079B0004018A97A09064018C01C3060079F384655
:1079C000333000F011FA70602006F98D09020818B2
:1079D000E97B4018B0600BAC601C00F005FAF06069
:1079E0000398000661794018A17909024018E179ED
:1079F0000904401830610AAD6878A97809020818AE
:107A0000E978090440187061049E0822204639462E
:107A100004F012FF203704222846394604F00CFFF8
:107A2000072006990870012108980A46FFE00820FF
:107A300010700426BBE609988078112861D00728C9
:107A40005FD00D285DD00428079E00D0AAE609204B
:107A50001070099FF81C3146083108221C4604F0BA
:107A6000EBFE0B37314624310422384604F0E4FEA5
:107A70002E66012100220898FEF7A0FC2046FDF7A3
:107A8000D7FC052693E609988078112846D00D2862
:107A900044D0052800D085E6144601210898FEF759
:107AA00043FE0A200CE0062009998870FF26304624
:107AB00004300880022118461446FDF7C1FC0B2053
:107AC000207074E60C201070CCE0099880780628AD
:107AD00000D067E6002015461070BE4800682C21D3
:107AE000405CC007C10E6F20C04348401C465A8FFF
:107AF0002979C0B2012900D015E1114600F0B2F990
:107B00001CE0B44800682C21405C0001C043802187
:107B10000143902008405A8F1A210BE0AD480068BD
:107B20002C21405C0001C04380210143902008408B
:107B30005A8F06211C46002300F062F92046FDF70B
:107B40003AF92046FDF726F9012108980A46FDE09A
:107B50000320507001211846FDF783FC0B2626E612
:107B6000099880780B2800D01CE60420507003266A
:107B70001DE6099880780328079F00D012E60520AB
:107B80005070099CE01C3946303108252A46954B37
:107B9000984720460B3039462E310222914B9847A8
:107BA00020460D3039462A468E4DA84715342037D9
:107BB000042220463946A847B0E000250395884CAA
:107BC000284605930692A0470B902846A0470C90A4
:107BD0002846A04704210291099CA1700D216170E3
:107BE000032121700A90E11C0BA80190049608263D
:107BF0007C4B324698470B340AAF38462146029DEB
:107C00002A46784B9847079C21460831019832460E
:107C1000049E744B9847734B2434384621462A46B9
:107C20009847062006994870012208980399FEF7A4
:107C3000C5FB0598FDF726FCB9E5674800683D21BE
:107C4000415C890604D53D30407AC00600D580E00D
:107C5000002108981446FEF767FD20460D27B7E07F
:107C6000092050700626A2E50620099988700B208D
:107C70005070FF26304604300880012518462946FA
:107C8000FDF7DEFB257092E5002009905070514809
:107C900000682C21405CC007C10E6F20C0434840E3
:107CA00011465A8F097901290593C0B23ED1114678
:107CB00000F0D8F83EE018461546FDF77CF80024A1
:107CC000012208982146FEF7E9FC6C706FE5D07838
:107CD000012810D105200999887007982866FF2689
:107CE000304604300880002118461446FDF7A8FBF2
:107CF000082060705BE5099819461C46154600F09F
:107D0000E3F80C2068702046FDF744F84FE5099829
:107D10008078062800D045E50A2050700021089898
:107D2000FEF702FD43E50021012305E700210123C1
:107D300000F066F80598099921700446FDF73BF8B4
:107D40002046FDF727F8012208983946FEF7A6FCE1
:107D50002DE5204800682C21405CC007C00E049629
:107D6000069205D0192204E06BCB05100317000022
:107D70000A22079F6F21C9434840C1B2F88D08907D
:107D80005C8F164800680069042509912B46F7F7B7
:107D9000B9FE39460727002818D006460472200A83
:107DA000707230460A3030310822F5F7E5F808994C
:107DB000080AF074B1740520F0710D20B0713E20F6
:107DC0007071357109983146F7F739FF049E0698AE
:107DD0004770ECE4E40A0020380B0020E80A002099
:107DE0006BCB051039C80510017842781202511882
:107DF000827812048918C0780006081870470000BD
:107E0000F8B51E4615460F460446C00606D413486C
:107E1000006836214056002804D4F8BDBF20044035
:107E2000062200E016220E4800686107C90E4018BD
:107E3000006902232146F7F765FE0028EDD00146D0
:107E400005728672C7710420887108224A71087110
:107E5000280A48722046F7F7F2FEF8BD380B0020DA
:107E6000E80A0020B0B50D460446C00606D4144802
:107E700000683B214056002804D4B0BDBF20044018
:107E8000072200E017220F4800686107C90E40185A
:107E9000006902232146F7F735FE0028EDD00146A0
:107EA00005720020C87103208871302048710420B9
:107EB0000871280A48722046F7F7C1FEB0BDC046D7
:107EC000380B0020E80A00200322027085235B00A3
:107ED000C95C490703D406230D21022203E00621D1
:107EE000017111211346C370817042707047F8B55B
:107EF000144606460846FCF7A9FD302141560029E4
:107F000005D42C300078022803D1122518E0022570
:107F100016E0CFB2002538462946FEF705FC384664
:107F20002946FEF7E9FB01462B30002E01D00570F3
:107F300006E00122027010311022204604F07CFC81
:107F40002846F8BDF0B585B01C4615460F460646D6
:107F5000FEF7D2FB039002963046FCF769FD064619
:107F6000FF20062D00D99EE0049785214900731853
:107F700037462C377D442D796D00AF440308942A91
:107F800094944F000499012965D109208BE0A178D0
:107F90000E2902D0082900D085E0E41C039908319D
:107FA0000546082220461E4604F046FC05223046BF
:107FB0002146F4F7E1FF029E3046049C2146FEF77D
:107FC000B3FB0322002330462146FEF777FB284609
:107FD00069E0A17807294AD0092964D10746192008
:107FE00000013518E41C052218462146F4F7C4FFA9
:107FF0000398407C002805D0728F80200021234602
:1080000005F02AFE0120400229880143298003222D
:1080100002980499FEF742FB384644E0029009209A
:108020000190607003202070E61C304600F03EF89E
:10803000A079F7210140A17108253046039E314601
:108040002A4604F0F9FB0498012808D13878022860
:1080500026D1A57026E00446032202981CE0019870
:10806000A070E078317A0140E17031741AE039781B
:10807000032918D104461878F72101401970039B91
:10808000587C002805D0728F083380201A2105F013
:10809000E3FD032202980499FEF700FB204602E06C
:1080A0000E20A070029805B0F0BD0000FEB5009053
:1080B000FBF7E8FF0546FFF776F8C0B2C021414361
:1080C0002806C50C0D4309200602FBF7DFFFC7B2E7
:1080D00077432F4301F040FC05033D432C4EB0474E
:1080E000C0B22C4F47432F430D208506FFF742F8BF
:1080F000C4B26C433C4373204504FBF767FFC7B22F
:108100006F432743FBF762FF0546B0472840C0B2E4
:108110000325EC0444433C43FFF72AF88007474219
:10812000274301F007FC800338431B4901430191B9
:10813000FBF7AAFFC0B20E244443FFF798F90006EC
:10814000470C2743B047F921090104010C403C4387
:108150002E0201F001FC0546754325430120C402AF
:10816000FBF796FF0006000B0419FFF70FF8C0B2EB
:10817000604328436121014308480068006A0840C1
:10818000029001A908220098F4F7F6FEFEBDC04651
:1081900089710510002000031D000008380B002025
:1081A00070B504460846FCF751FC00281CD0064672
:1081B0002C363178032907D18521490040180078F1
:1081C000000701D41A2424E030790121FEF78AFA4D
:1081D00000280DD0002C09D130790121FEF778F864
:1081E000032803D1002414E0022412E03A2410E012
:1081F000307901252946FEF77FFA44743079294603
:10820000FEF792FA30790322002429462346FEF72E
:1082100055FA204670BD80B506200021FEF736FADB
:1082200080BDB0B515460C46FCF702FCE621435A6A
:10823000002D1A4600D02246C46C0146E6310D8B53
:108240006543008F0A306843000B84B2641D94427A
:1082500000D3224694B2A3420BD048800A8008790A
:10826000012806D002200871132004F05DF9F4F70C
:10827000D1F9B0BD10B5C26C0146E6310B8B53434A
:10828000028F0A325A43120B93B2084CA34200D811
:1082900023465B1DE6240353012008714A80132006
:1082A00004F042F9F4F7B6F910BDC046B30B000074
:1082B000F0B589B000242046FCF7BAFB00900120FD
:1082C0000890414800683421405C84427AD23320CF
:1082D000C0000594604300990D182C20285CFE21F5
:1082E000014002296BD10121009C20460791FCF737
:1082F00019FE0646002120460191FCF713FE411E9F
:108300008841002E0899049100D104902B462846FC
:10831000E83003902846E6300290EA33089F06933F
:108320001C78F02626400F252540032D1FD0022D56
:108330000BD0012D2BD1049800282CD01320012123
:1083400004F004F9069B022525E0039800880299B1
:108350000988081A0A2343431C4800680599C9B2D2
:10836000A830012204F089F9069B032513E0A0063A
:1083700011D5049800280CD00598C0B200F028F858
:10838000002801D0D02626400898069B04E00198DA
:1083900002E0D02626400898EFF3108172B61978D3
:1083A0008C4203D12E431E70002102E007990F403A
:1083B00039464A1E914162B600270842B0D1059C59
:1083C000641C7EE709B0F0BDE40A0020380B0020F1
:1083D00070B505460121FEF785F90446012804D150
:1083E0001320012104F0B2F80AE0012628463146A4
:1083F000FEF79AF90822002328463146FEF75EF977
:108400006042604170BD0000FEB50446FCF710FB01
:1084100005462C20285CFE21014002295AD10294F5
:108420002F46E6373A79D00619D4F0240192144049
:1084300001212846FCF776FD064600212846FCF778
:1084400071FD304306D00298FFF7C2FF012801D02A
:1084500020200443019A10262643788827E0C0266E
:108460001D4800684021405600281CD5688F0190A7
:108470001A480068806942211446232202252B46AF
:10848000F7F740FB224600280DD00146019AC27141
:1084900085715720487104200871100A0872422023
:1084A000F7F7CDFB2246164078883988081A0A2348
:1084B0004343EFF3108072B638798242029902D1B9
:1084C000032006433E7162B603480068A8300122CB
:1084D00004F0D3F8FEBDC046380B0020E80A0020A7
:1084E00010B50446EA20205C01280DD0204630302B
:1084F000017806480068A83004F089F8E6200021D9
:108500002152E6346180217110BDC046380B002035
:1085100070B5FF24062A35D80546900001A21058F0
:108520008746C0464185051049850510858505109B
:108530006185051085850510858505106585051003
:10854000012917D113241DE0002628463146FEF7E5
:10855000EBF80822284631463346FEF7AFF811E023
:10856000012108E00120587003201870012907D06C
:10857000132006E0002108222846FEF78FF801E0CC
:1085800012209870204670BD704770477047704742
:1085900080B5FCF74DFA4121405C03490968497AEE
:1085A000F6F7DEFA80BDC046380B00207047002089
:1085B000704780B50B200021FEF768F880BD0020D1
:1085C000704780B507200021FEF760F880BD0020CD
:1085D0007047002070477047F0B587B01E461446BC
:1085E0000F460546FEF788F804902846FCF720FA67
:1085F000FF22062C00D9A2E00346C0467C44247921
:108600006400A74403199C449C9C5F00012F6AD11D
:10861000192000011C18185AC10404996FD5284666
:1086200000F0A4F8012105222846FEF737F821883A
:108630004C480840FF2263E002930392284600F072
:10864000CFF800287AD1F01C05220192049C214623
:1086500004F0F2F8029E31463C312046019A04F0C3
:10866000EBF8192001017018715A0A056AD5012228
:10867000120311430180052228463946FEF70EF801
:10868000708F214600F084F82846214617E0B07824
:108690000C2854D1F01C0524049E31460392224636
:1086A000029304F0C9F8284639462246FDF7F6FF42
:1086B0000298408F314600F06BF82846314600F0B2
:1086C00055F83BE0039206A830210180012F20D10C
:1086D00019200101585A820416D501210522284685
:1086E000FDF7DCFF15E01446052228463946FDF764
:1086F000D5FF2846049900F039F822461FE00C22E5
:108700001949014021801AE059180122D202104370
:1087100008800D20F0700C20B070062070700320CF
:108720003070311D06A80224224604F085F805A801
:1087300004210180B11D224604F07EF8039A104600
:1087400007B0F0BD0122520311430180284639468B
:10875000FDF7EAFF0522002328463946FDF7AEFF64
:10876000ECE7C046FFEF0000FFF7000010B50C4635
:10877000FCF75EF90146192000010A5A01231B0289
:1087800013430B523C310522204604F055F810BD2E
:1087900070B50C460546104800683721405C00075C
:1087A00019D50E4800688069022121220323F7F7BA
:1087B000A9F900280FD00646001D29462246F7F7E2
:1087C000C3FC0820B0710C207071042030710220AD
:1087D0003146F7F734FA70BD380B0020E80A002064
:1087E00080B5FCF725F9FF219231415C012008405A
:1087F00080BD00000248006894214058006D704719
:10880000380B002070477047704700207047000009
:10881000B0B50E480068A4214458FF20A077002579
:10882000E577FBF7D3FB01280FD1FFF7E3FF242205
:1088300007498A5C002A2A4600D00268A2622322E5
:10884000895C002900D04568E562B0BD380B002086
:108850004C0B002010B5017C022909D101240474BD
:1088600001688268C3680CC0A12005F08DFA00E0A1
:108870000024204610BDF8B51E4617460D46044696
:10888000F5F73BFD2046F5F746FD2046F5F7BDFD23
:1088900020462146F5F7C6FD20463946F5F75DFD31
:1088A00020463146F5F718FE069F002E02D02046DE
:1088B000F5F721FE2046F5F7FAFC2046F5F774FDA2
:1088C0002046F5F73EFE2046812F09D12946F5F7CF
:1088D000C5FD2046F5F7E6FD2046F5F718FEF8BD84
:1088E000F5F722FE2046F5F7ACFDF8BDF8B51E46BB
:1088F00017460D460446F5F700FD2046F5F70BFD3B
:108900002046F5F782FD20462146F5F78BFD2046EF
:108910003946F5F722FD20463146F5F7DDFD079F84
:10892000002E02D02046F5F7E6FD2046F5F7A1FD22
:108930002046F5F7BCFC2046F5F736FD2046F5F756
:10894000F3FD2046F5F73CFD2046F5F7B8FD812FF5
:1089500007D120462946F5F781FD2046F5F7B3FCFF
:10896000F8BD2046F5F79EFDF8BD0000F8B51D46A0
:1089700016460F460446F5F75FFF11492046F5F706
:108980007BFF10492046F5F7BAFF20463946F6F737
:10899000E7F820463146F6F7BCF820462946F6F7B8
:1089A0004CF80698812803D12046F6F7A3F8F8BDC5
:1089B0002046F6F733F801212046F5F7C7FFF8BD4A
:1089C000D6BE898E5555550070B5044601F07AFA29
:1089D0004D21415C094D0022BE2391420BD0066817
:1089E000F65AA642164600D02E4601252D025B19E6
:1089F000521C3546F1E7A8B270BDC046FFFF00002B
:108A0000F8B5044601F05EFA01464D20085C02020A
:108A100000200D4B0546AA4213D00E687619BE27DA
:108A2000F75B9F4203D0CE27F75D012F03D00126CD
:108A30003602AD19EFE7002C04D0C320305C411E94
:108A40008841F8BD0120F8BDFFFF0000B0B5044625
:108A5000D620205C800701D40020B0BD2546843597
:108A60002846FEF7A6FBA16F2846FEF79AFBA06FEB
:108A700008300021FEF793FB606FA16F6167A0676C
:108A80000120B0BDF0B585B004920E4605464D24D8
:108A900001F018FA0555066003904D30012102904F
:108AA00041700191CB0400267C27049AE8B28642EB
:108AB00026D203980068C351C51954201149295280
:108AC000522400202853422429535E2428555C2434
:108AD000FF2129555A216854462107246C522861E8
:108AE00068616B600499002902D050652C3D2A60B2
:108AF000019800023F185C3202980578761CD5E791
:108B000005B0F0BDFFFF000070B5044601F0DAF9D2
:108B10000546304E3046FFF757FF2F49884212D1A5
:108B200000F060F8FF2834D0000229680818BE2140
:108B300046524C210022425438214254C2630264FE
:108B40008262C26208E0000229680818CE21415CF6
:108B5000012901D10C253AE06179C22281540646EF
:108B6000C2360025F5720121F170A179717021885A
:108B70000902C167014684312279042A15D8C0460A
:108B80007A4412795200974402060A0C0E00F32030
:108B90000AE007251BE0114AC267FD2004E0F2202D
:108BA00002E0F02000E0F5208886207AE2790D606E
:108BB0004D6032757075207A0870481C09340622A1
:108BC0002146F4F7D9F906480068407AB070284683
:108BD00070BDC046FCFF0000FFFF0000DC05000088
:108BE000380B002010B501F06DF94D21425C0021D9
:108BF000BE238A4208D00468E45A240B05D101241C
:108C000024021B19491CF4E7FF21C8B210BD000063
:108C1000BCB5044600F016F8002300930121074D6F
:108C200020462A4600F02CF80446054801685631D3
:108C3000284600F08FF92046BCBDC046FCFF00006E
:108C4000380B00201FB50C48FFF7BEFE0B498842C9
:108C500010D16C46002121720120C0022080072023
:108C600000020190204609300622F4F795F92046CB
:108C7000FFF74AFF1FBDC046FCFF0000FFFF0000DA
:108C8000F0B58FB00E9317460D460646054301F02A
:108C900019F90446002D07D03846FFF795FEA7497D
:108CA000884218D142204AE025464D3500263746F5
:108CB0000E96287886420CD22068C019CE21415CDD
:108CC000012901D100F092F9012000023F18761C21
:108CD000EFE70E9833E0010222685418CE21615C60
:108CE000012E24D100021518D620285C0127384017
:108CF000002926D000280AD08C202858A96F2A469F
:108D00008C32526805C1686FA96F6967A8679420A3
:108D100028580026002808D094357D2044010E985C
:108D20004443F4F7F4F920182860304607E00020A7
:108D3000012904D10546204600F058F928460FB015
:108D4000F0BD002807D08C202858002803D190209F
:108D50002858002806D0B820285AC10704D0E98D29
:108D6000F52901D91220EAE7122301461A461940D3
:108D7000022903D14221695A002940D000070FD5AA
:108D80006D48BE21695A814201D00E9800E08020D2
:108D9000802801D91046D2E70E9000281046CED088
:108DA0001498BA2168527D2671010E9A514394227B
:108DB000A950002801D0CF216F54BC216852204611
:108DC000F0F7F5FC0028BAD12946D63128466430A0
:108DD0002A4654326A67A8672B4678330978C90750
:108DE0000D930ED100210160A96655480168204607
:108DF00065300622F4F7C0F80D98006808E00C20F2
:108E00009DE78C2169582A468C32526806C0083882
:108E1000294694310E91842169582A468432526839
:108E20008160C2602046FFF711FE00280C9602D038
:108E3000FEF7BDF906E02846743001680D9B1A68FC
:108E4000026019600E992646CE362846B8300D903D
:108E50000868002805D0F4F75AF90E9A1168081826
:108E600010603770C420295CD027E85D81220E9203
:108E700000922E46143622463346FFF777FDE85D12
:108E80002521F5F74EFD2F46D0370D980088C006F6
:108E900003D4204600F05FFD42E0F4F738F99C214E
:108EA0000B91685000F0F8FF099000F0FDFF0A9068
:108EB00038780890942000210D910A46F5F7B0F813
:108EC00003460E98009020460899099AFFF7D3FCB4
:108ED00038780990962001210D9AF5F7A1F80346FC
:108EE0000D9800900E980190304609990A9AFFF764
:108EF000FDFCE96F0B982A583878124B0793124BF8
:108F00000693124B0593124B0493142303931F23D0
:108F100000AE0EC60C99CB0021460E9A01F054F813
:108F20009C242959387801F02BF82859397801F018
:108F3000DBFA002003E7C046FCFF0000FFFF000053
:108F4000E40A0020899105101196051081940510FE
:108F500091910510F8B50C460646FFF735FD05461C
:108F6000184885422BD000942C0200F0ABFF076814
:108F70003819BE214652B821405CC00707D02802EC
:108F80003818CE21405C012801D10C2518E00E488C
:108F9000006856300626009C21463246F3F7ECFF67
:108FA000280238188C210122425001468C310025BC
:108FB0004D608D3021463246F3F7DEFF00E012258A
:108FC0002846F8BDFFFF0000380B002010B504460E
:108FD000002003F0C3FD044901402088401A4242AA
:108FE00042414A40228010BDFF0F0000B0B5044648
:108FF000EFF3108072B62546CE35A87800F0D2FF88
:10900000D120205C00F0CEFF62B6A87801F07CFA97
:10901000CE2000212152A87AFF2801D0FCF75FFB67
:10902000FF20A872287A800701D5FEF7C1F8B0BDED
:1090300010B50446FBF72CF8012805D1FEF7E8F837
:10904000EB21405CC00706D1FFF7FCFD0348214639
:10905000FFF780FF10BD0C2010BDC046FCFF0000D4
:10906000FEB5029314460F46054600F02BFF064658
:109070003048854201D11F2007E001200221FAF784
:1090800025FF002800D0FEBD2B481221A04201D2AE
:109090000846FEBD01912846FFF796FC00023168A4
:1090A0000E182046314600F054FC0028EBD1CE20AB
:1090B000315C3820305C042F12D1002938D00028D0
:1090C000019A1BD01B48854218D1F08D002815D07D
:1090D000B820305A1021014021431046D3D10FE06F
:1090E00035463835002911D0032F09D102202870C8
:1090F000F4860020B08602993163FEBD1046FEBDA5
:10910000B6363046FFF762FF0020FEBD37462837EF
:109110000028029A05D03968A120029A04F034FE92
:10912000029A3A6001202870F4850020B085FEBDC7
:109130000198FEBDFCFF000072060000F8B50C4669
:10914000054600F0BFFE0746FFF77CFD0C4E30469B
:10915000FFF73AFC0B49884208D1FFF743FDFF288F
:109160000BD0000239680818BE2146520321304650
:109170002A462346FFF774FFF8BD0120F8BDC0461C
:10918000FCFF0000FFFF0000D021FF224254704787
:10919000F0B58FB00746D020385C2C235843684A7E
:1091A00012681018807D3C4694343A46B4320592D9
:1091B0003E46D6361428049602930AD1F3F7A7FF49
:1091C000054600F0BDFE059B28183230A060012541
:1091D0001BE0A268561800253046114600F0ACFE90
:1091E000002805D0F86FA1680A18A2606D1CF3E78B
:1091F000059B9888000708D4012003F0B6FC059B66
:1092000050490140A0684018A0609888032101409F
:10921000481E814148001880987B01220146019236
:1092200011408207D20F89184007C00F0818401E4E
:10923000987738461E4600F08BF80146307FF5F7E8
:109240009AFB307FF5F756FC002003900499487193
:1092500038462830FFF7FEFA064638463C30FFF71E
:10926000F9FA002E049E02D03179C90704D10028F2
:1092700005D03079800702D53846FFF7E7FBA168B3
:109280002068059BDA88002A02D1DA7E012A03D001
:1092900088424CDA00284AD0987E002847D0988827
:1092A000000720D50DA80090039981800D9106A894
:1092B000019A42763C228276FF228275C181224A3F
:1092C00082827A6F137A03768181C175009B07933E
:1092D000093206920A910893FBF730FF3078800735
:1092E00001D5FDF765FF0220FAF7FEFD012819D12F
:1092F000059BDA88002A01D03C2000E04320019041
:10930000124800680299405C0001C0431946A1233D
:109310000343B12018400B7A9A1AD3B28A7A019982
:1093200000F05EF8384600F095F8A168059B187FBC
:1093300000F026FE0398707128460FB0F0BDC046BD
:10934000400B0020FF0F0000FFFF0000E40A002098
:10935000FEB50446C220275C01253D40BA07D00F68
:1093600028187907C90F4018401EC0B2C234267CA5
:10937000B0420FD101920120029003F0EFFB012EC9
:109380000AD0022E0ED1C0B20621E6F7CDFF12A000
:10939000405C12E0607C11E002990840002D04D18D
:1093A0000CA108E0B808381A07E00199002901D497
:1093B00007A100E005A10818007860747100C2B22E
:1093C000CA40032010402430FEBDC04606090000FC
:1093D000070D00000B0E00001B1E272D3639000064
:1093E000F8B51F4616460D460446C0060BD417486E
:1093F00000683D21415C890627D53D30C07A800751
:1094000023D51F2202E0BF2004401122104800682B
:109410006107C90E4018006903232146F6F772FB65
:10942000002812D001460F20C872FF2088720F73E7
:109430004E720D721220C871062088713E2048714C
:10944000042008712046F6F7FAFBF8BD380B00201F
:10945000E80A0020B0B50446D120205C00F0A2FD4F
:109460002546CE35A87800F09DFDCE200021215262
:10947000A87AFF2801D0FCF732F9FF20A872B0BD0E
:1094800070B50446C520205CFDF72EFF0546264634
:10949000C536F07A2946F5F74EFBF07A2946F5F7FE
:1094A000DEFAF4F734FE00F0F7FC0246B07D214608
:1094B00000F001F870BDF8B514460D4606460F469B
:1094C000B8370420002E01460DD139884A0707D449
:1094D000032211404A424A41022903D0510002E0CE
:1094E000012100E006212170002E07D139880140BA
:1094F00004D12E20285C801D60700FE0002E04D067
:10950000284642300078801D00E00C206070204624
:109510000830696F09310622F3F72EFD696FA01C30
:10952000491C0622F3F728FD20782F2101402170E5
:10953000686F0078C007400E40182070696F097A84
:10954000C9010818207000F0F5F92178400108439E
:10955000207071427141388804220240900808400E
:1095600001D1082700E00E27002801D00C2011E0CF
:10957000002E01D03C2000E028202958002E01D0E8
:10958000422000E02E202D5AE0192A46F3F7F4FC81
:109590007819801E60700020F8BD0000F0B585B01D
:1095A00016460D460446F4F78EFEF3F7F1FD032050
:1095B000C043C11C68460181012101824173BE2163
:1095C000615A81722746BE37BA7EC272BA7C8273F4
:1095D0000E4A891A4A1E9141C17301730196009582
:1095E000FCF7AEF820462830FFF734F93C3420462B
:1095F000FFF730F900203874B87C00F043FD387E66
:10960000800701D5FDF7D4FD05B0F0BDFCFF0000DB
:10961000F0B58FB0044600F047FC06908B4D2868EB
:10962000F4F70FFE06462868F4F722FE0546D02719
:10963000E05D2C214143864A12685118897D142926
:1096400003D10A21032200F0E3FE2046B430079044
:109650000894DB340594002E39D000250E950D9525
:10966000069C2078C0090DA908707A480068C05D82
:109670000390481C2146083106263246F3F77CFC4D
:109680000C9504950B9520784006C00F0BA9087027
:10969000481CA11C3246F3F76FFC20780F260640C9
:1096A000052E01D1F3F774FD079FFB7B3A79049CEB
:1096B000029409AD01950898843000900BA83146BA
:1096C00006F08CFB41087E2908D8014607E00126F8
:1096D0000024002D5AD0089D079F5AE001212970CF
:1096E000089D696F0A680D9B9A422DD149680E9AB0
:1096F000914229D10446FF3C611E8C41032E23D1A7
:10970000FF2821D0B888012480071DD5039801289F
:109710001AD12846F4F7D7FD787E012809D1788937
:109720004D49884205D009AA1178C0B2521C00F0F8
:1097300097F8387FF5F7DEF901200599087028467B
:10974000FFF79EFE002624E0B888C0071AD0052E39
:1097500018D10698FBF7C0FE012813D10A99099881
:10976000FBF78CFC41424141214001290AD1039879
:10977000012807D109AA28460699F0F708F801261A
:10978000002406E000243C80012602E0079F3C8084
:10979000089D3988B87F002822D0002922D1401E98
:1097A000B877B88803210140481E814148003880BD
:1097B0002846FFF7CDFD0146387FF5F7DCF8387F06
:1097C000F5F798F92846F4F76DFEF3F7E1FC002071
:1097D000059908702846FFF753FEF3F7F1FC2AE0DD
:1097E000002919D019480068F4F742FD002822D05A
:1097F0002846F4F757FE787C012801D0174900E08D
:10980000462114352846F4F7AEFE3888401E3880CD
:10981000F4F77DFC00260EE0F3F7BAFC2846F4F7D7
:1098200041FEF888401EF88000212846FFF7B0FC72
:10983000387F00F027FC002C02D03888401E38808A
:10984000F6F75CF930460FB0F0BDC046340B00208F
:10985000400B0020380B0020FCFF0000EE0200004F
:10986000F8B50E460546154800683D21415C89065D
:1098700022D53D30C07A40071ED5144610480068F6
:109880004069A1212B220323F6F73CF9002813D0CD
:109890000746467205720A3006222146F3F76CFB32
:1098A0001320F8710920B8713E20787104203871B6
:1098B000A1203946F6F7C3F9F8BDC046380B0020A1
:1098C000E80A0020F8B50446D820FF212154B8202A
:1098D000255A01272F402646D836002F04D0FCF702
:1098E000B7FA3070FF2822D0B83400F0CFFD2076D0
:1098F000FF2813D00021E8061AD40D4600F0C6FD5B
:1099000029466076FF2813D1002F02D03078FBF76C
:10991000E6FE207E00F0DCFD072109E00721002F94
:1099200006D030780C46FBF7DAFE214600E00C2129
:109930000846F8BD80B500F0C5FA4E21405C80BDF8
:1099400010B54442444100F0BDFA4E214454002079
:1099500010BD00207047704700207047704700001E
:10996000F0B583B004464C4804602046F4F745FC4B
:1099700005462046F4F711FC06466846F3F711FC4D
:109980000099091A4B0B45490A681146D031002B42
:1099900002D11060012000E00020087040480068FB
:1099A000447B0021FF2C0AD02C2060433D4A1268E2
:1099B0001018827C002A02D0416AC068FFE70127A4
:1099C000002E03D0002D01D1002911E0002D15D06B
:1099D000354A8B1A5A425A41344BCD1A6B426B416D
:1099E000334D4E1B75427541002907D013431D436B
:1099F0002A4E294D04D08847002701E0274E264DE6
:109A00002868F4F7EEFB002801D0042520E0286840
:109A1000F4F7A2FB002801D0012519E02868F4F72B
:109A2000A7FB002801D0022512E02868F4F7F1FB1B
:109A30002946052500280BD10868F4F7F6FB002815
:109A400006D115480068F4F779FB002820D00025DE
:109A50000120A840174909680A6802430A600020EB
:109A600002F062FDF2F7D6FDF3F792FB204600F01C
:109A700009FB3468607D012808D1217C0F20084053
:109A8000E2680909FFF76AFF0020607503B0F0BDC6
:109A9000002FE9D1EDE7C046340B0020380B002041
:109AA0003C0B0020400B0020F9FE0510F5FE0510D0
:109AB000FDFE0510E80A0020FF220E324243100A84
:109AC00089084143880C401C70470000042805D0D9
:109AD000012806D1FF20A430074A04E0044A0548C3
:109AE00001E0064A064841438818000A7047C0460C
:109AF000E9260100381A000006120000C620000006
:109B00004703000001480068008B7047380B0020B5
:109B1000904201D8884201D212207047002070473D
:109B2000002070471220704780B54069014902F05B
:109B300032FE80BD399B051080B50349C97A814248
:109B400001D9FEF761FC80BD4C0B0020F0B591B04F
:109B500005930B920D910C90A848017F0891C17E4E
:109B60000991817E0791C17A0A91C57F0126E02182
:109B7000A34C3046A047A34F386058213046A04739
:109B80003968942206928850284606F04FF907213A
:109B90002940059806F05EF91798059001901C98E9
:109BA000009019AB0ECB0D9804910D93EFF788FD43
:109BB0002C250A982946A04739689C2288500B9981
:109BC000012900D007960020012900D00990012921
:109BD00000D0089041208600012909D1314620316A
:109BE000012000F02FFE874909688C22885036E05A
:109BF000252182480A91415C30462030002901D05D
:109C0000014600E044212C4626277C4AD25D002AEA
:109C100000D001462925794A525D002A00D001462C
:109C20000C9A012A00D10146012000F00BFE754973
:109C300009688C2288500C980128314610D06F4852
:109C4000405D002831460BD16C48C05D002831468C
:109C500006D16A480A99405C0028214600D0314666
:109C600018980A901698029001273846644CA0472D
:109C7000644D29689022885010213846A0472968F1
:109C800098220392885004213846A0472968A022D0
:109C9000885034210C973846A0472968A422885060
:109CA0000798C5B2311F2846A04706460B9C012CD9
:109CB00005D15C21284600F0C5FD024600E00022E7
:109CC00028463146FEF7DEFE10AB0898D87009989A
:109CD00098700D9F5F700A9818702046059E314657
:109CE0002A4606F0B3F8029D28462146FDF799FA68
:109CF000284621463246FDF76EFA2846214632466E
:109D00003B4606F0A5F800972846214632460A9BB6
:109D1000FDF764FAFDF737FA012C07D1012E05D1C2
:109D200005F0C6F9012D01D105F0C3F90D98012800
:109D300001D105F0BFF9FDF71FFA04982946224624
:109D40003346FEF760FD2D4FF87A411C2E4D284614
:109D50000C9A00F065FD2B4F3968C82288502748BF
:109D6000C17A0222284600F05BFD39680A46983223
:109D700050630398085878605068B8602046FDF733
:109D80004FFAFDF727FA00F0E1F8FEF741FD06F083
:109D90005EF8FEF737FDFAF73DF8F3F799F9396801
:109DA00000248C7248722046F3F79AF9F5F76EFB9F
:109DB0003868406EFEF7E9FB3868069D40590C3064
:109DC00002F0C5FE0C9E3046FDF7EAF938684159AD
:109DD00040228C54094A128B02831F200F90E043CB
:109DE0000E9048310EA8052202F026FD3868405931
:109DF000F1025422815211B0F0BDC0464C0B00203C
:109E000045A80510380B0020480B0020B0B588B0DD
:109E1000129C0694119C0594109D04950F9D03952A
:109E20000E9D02950D9D01950C9D0095FFF78EFEF0
:109E3000012C10D1FDF7D0F9FAF72EFE0748C17AB0
:109E400007480068A830074A052302F0CBFBF5F766
:109E50008BFBFDF709FB08B0B0BDC0464C0B0020E2
:109E6000380B0020299B051000210A46062905D041
:109E7000435C002B00D00122491CF7E7D0B27047A9
:109E8000044800685E21405E0D2141434031C81105
:109E90007047C046380B0020024800688C214058AB
:109EA0007047C046380B0020024800689021405897
:109EB0007047C046380B0020002801D03020704782
:109EC0002020704702480068942140587047C046DF
:109ED000380B0020FEB515480068942102914158C6
:109EE00054200190085ACF6B124C451CA9B2090AA4
:109EF0000E2901D90E494518002F0FD000262068E1
:109F00003421415CF0B2884208D2FAF791FD761C08
:109F1000A9B2408F8142F2D12846E6E703480068A3
:109F20000299405801994552A8B2FEBD380B002055
:109F300002F1FFFFE40A0020C0434018C00F704741
:109F400001480068806870473C0B00200948C07ACF
:109F5000094909681231002804D000220A802C31F6
:109F6000401EF8E7054800680021C173FF2109027F
:109F7000818170474C0B0020400B00203C0B0020DF
:109F80002C2242430148006881507047400B00205A
:109F90002C23434302480068C250C01841607047F8
:109FA000400B0020FF280BD02C21414305480068BE
:109FB0004018817C082901D0102100E02021817403
:109FC0007047C046400B0020F0B588B007932C279F
:109FD00047431A480668F019847C012C2BD10346AC
:109FE0001233149D0695139D0595129D0395119DA1
:109FF0000295049110990F9D0E9C009401920D9A68
:10A00000079C44608260009AF2511F2215404575FA
:10A010001140817501210175019AC2740182029972
:10A02000C1610399016205994162069981620499AF
:10A03000C1600220187008B0F0BDC046400B00207F
:10A0400080B50A4909680A7B012A06D1CA7B032A1E
:10A0500005D10020FDF710F980BD002080BD096802
:10A06000081A03494018C00F80BDC0463C0B0020B1
:10A070000BFEFFFF024909684A680260887B70474F
:10A080003C0B0020F0B5B3B00746DC4800680B90ED
:10A0900001200190099000210B988173D848036832
:10A0A0000A911972FF20089002309882187CF021E2
:10A0B00001400A0988181874598AD140C907D14942
:10A0C00009680791059306D0002002F02DFAF2F7F7
:10A0D000A1FA059B187C0F21029108401874962163
:10A0E000099841430B981291816001200490C0436C
:10A0F00079B2814210DC7F2007402C257D43079CEC
:10A1000060190A906659F3F702F8301ABE494018F0
:10A1100000D5EFE0384604E0F8B2FF280ED0002169
:10A120000A912C2141430798401801210175817C37
:10A13000082902D11230042101700897F2F7E7FFD5
:10A1400012990C18AF480768283700252846AF49F0
:10A15000CA7A95423AD23E46163E31780A07520FE5
:10A160001ED004213170394628390968CA43A21823
:10A1700029D4611A38461C3800683A460C3A1268ED
:10A180009047394618390A8812180A803946143916
:10A190000A7880187F2800D37F200870317801204A
:10A1A0008906890F0FD03968002906D038461C3837
:10A1B000006888473078012804D000203070394684
:10A1C0001539087001202C376D1CC0E70028B5D167
:10A1D0008C4800680346123300242146A24209D06D
:10A1E0001D78042D03D1CDB213AE7455491C2C3308
:10A1F000641CF3E70A0674D0CAB20E9200220692DB
:10A200000C46039216460D910E9A96426ED0129607
:10A210001094E3B200272C463E46BB420DD013AA51
:10A22000D25D2C2555434559002F02D0F243AA1880
:10A2300001D53C462E467F1CEFE7129D4A1BD2B249
:10A24000511E13AA535CE4B2175D575413550F9176
:10A25000CBB2D35C002D2ED01D461199CAB213ACDF
:10A26000A45C2C277C430259911B04196368C9180C
:10A2700095314AD4D1430C9A511849D46F43C1192E
:10A280008A7D0B7D9340497D012632468A409A4261
:10A2900000D81346A17D277D8F40617D8E40BE4250
:10A2A0000F9D00D837469F422B460D99109C00D336
:10A2B000119B129E11E00D990E9A012A01D10222E2
:10A2C0000692109C129E0F9D2C225A43835882188E
:10A2D00052689A1896320C922B46641E761C119383
:10A2E00092E700200B99486088732DE0039A164688
:10A2F000069B13E06019807C102800D10AE7202813
:10A3000000D107E700243D4621E0963E049B04E08F
:10A310000D98401E119000263346039A1198C0B242
:10A3200013A90D5C0B9842608373FF2D0CD02C2079
:10A33000684307990918D8B201280A9105D108681D
:10A34000301A0B99486000E0FF25019C089FF3F745
:10A35000CFFE2A480068FF2D2FD011971294044693
:10A3600008200A9FB874FEF750FA65733A6AF868D5
:10A37000796890473E680B9426602846F3F7CEFE36
:10A38000F3F7C5FE1298002823D0F87CC1090122FA
:10A390003046F2F7E3FE00281DD0099840000990EE
:10A3A0001028119F00D276E6FEF72EFAA120062192
:10A3B0000022134603F0AEFC09E00446F2F7E8FE83
:10A3C000F3F79EFE0020E073FF200002A0810499B5
:10A3D0000FE0F2F7F5FE049B0B990B73F87CC87342
:10A3E000059AD660117C029C21400001081819468C
:10A3F000107403480068017233B0F0BD3C0B0020BC
:10A40000380B0020400B0020D4FEFFFF4C0B002037
:10A4100010B51F231A402C24444303480068001938
:10A4200082751940417510BD400B0020B0B52C2439
:10A4300044430B480068059D05510019049C846045
:10A44000C1600B9981620A99416209990162089978
:10A45000C1610799817506994175C2744360B0BDA9
:10A46000400B00202C214143024800684018102175
:10A4700041827047400B00202C2242430248006872
:10A48000801881747047C046400B002010B50E48FC
:10A490000168283100200D4AD37A98420BD2EFF39D
:10A4A000108372B60B46163B1C78002C05D062B6A2
:10A4B0002C31401CF0E7FF2004E000220A6001215B
:10A4C000197062B6C0B210BD400B00204C0B0020CA
:10A4D000FF2806D02C214143024800684018002183
:10A4E00041827047400B002010B50C46EFF31081FD
:10A4F00072B6FFF7A5FD62B6002800D010BD204659
:10A50000FFF7C0FD10BD0000B0B504461348C07A87
:10A51000A04222D9EFF3108072B6FF25EC35F2F796
:10A52000F6FD4019FFF78CFD0D4A136800211972E2
:10A5300062B601280CD1106841600A4A4368934210
:10A540000BD8037A002B07D143685B1C4360F5E707
:10A550002046FFF797FDB0BD0172B0BD4C0B002047
:10A56000380B0020FFE10400F8B5184C0125042247
:10A57000174E20462946B047164F38601022204615
:10A580002946B047396808600C2220462946B04762
:10A5900039680968C860104DE98924222046B0470F
:10A5A000014638680268D06881600021082903D01C
:10A5B00000235352891CF9E7E989D18000211181D8
:10A5C000E989418000F048F9F8BDC046480B0020F9
:10A5D00021A80510440B00204C0B0020FEB51A4AA0
:10A5E00012681368EFF3108272B606229C5EE217BF
:10A5F0002746974340000090185E144A029189183C
:10A6000049094D1C0128019505DB421B564212B237
:10A61000D51335403F18D8680022865E09B28E42B5
:10A620000EDD3EB28E420BDD00995918621BDA80B6
:10A630000A88019BD21A0A80029900F043F9024667
:10A6400062B61046FEBDC046440B0020FFFF1F004F
:10A65000B0B50D46044600F05BF90146284600F00F
:10A660000BF8044800680068C068214600F00FF944
:10A67000B0BDC046440B002010B50B4A12681268EA
:10A68000EFF3108372B64300D05E4418D4520BB27D
:10A69000C318012B02DB4342C10B1940D0880818B4
:10A6A000D08062B610BDC046440B0020084909683E
:10A6B0000A68EFF3108172B60621515ECB179943F9
:10A6C0004000105E002800DD091888B262B67047AD
:10A6D000440B0020FEB58124002832D006460291AA
:10A6E00001941948006800680090501E1F21014322
:10A6F0004C1CA7B2304600F013F9054687420CD92E
:10A70000601B81B20298FFF769FF0028019C18D0F6
:10A710000146304600F029FA12E0AF4210D200980C
:10A72000C06831463A4600F007F90446781E4009F1
:10A73000691E4909081A81B20298FFF79DFF00E0DF
:10A7400000242046FEBDC046440B0020BCB50C468C
:10A7500001461C48006805682889EA685288131A6F
:10A76000A34226DAA11A081801A908801648006831
:10A770008069422140220323F5F7C4F9002817D04D
:10A7800004460222C2720920A07220460C3001A9A0
:10A79000F2F7F2FB0020607206212172E071A171D4
:10A7A000FF2060718220207142202146F5F747FA90
:10A7B000BCBD0320224600F009F828890019288131
:10A7C000BCBDC046440B0020E80A002010B5084B71
:10A7D0001B681B68EFF3108472B640001C5AA41A61
:10A7E0001C524800195A8918195262B610BDC04649
:10A7F000440B0020B0B50C46054909680D680321DB
:10A800002246FFF7E3FF2889001B2881B0BDC04620
:10A81000440B00200148416801607047480B00204C
:10A8200070B5144605464C430068401E03210143A1
:10A830004E1C002130462246F2F7AEFB301928604C
:10A84000304670BD80B50A4601460248FFF7E8FF72
:10A8500080BDC046480B0020F0B581B00546408859
:10A860008624002810D0AE68002E0DD000246C6025
:10A870002C80274634602846314600F008F82436FC
:10A880007F1C68888742F5D3204601B0F0BD10B523
:10A89000002915D000220C462346521C2468002CA7
:10A8A000FAD1EFF3108472B6446841601C600188ED
:10A8B0008918018062B6002001F05EFEF1F7AAFE61
:10A8C00010BD0000F0B5114A891849094A1C94B21C
:10A8D000EFF3108172B60021002C13D003889C4244
:10A8E00010D8641E41680D4606D000260D462D681E
:10A8F000761CB7B2BC42FAD82C68446000242C60A5
:10A900009A1A028062B60846F0BDC046FFFF1F00DB
:10A910000021002802D00068491CFAE788B270477D
:10A92000002806D000210068491C0028FBD14801FE
:10A9300000E0002080B2704770B5002400290AD0E2
:10A9400000260D460968334620339EB296420ED249
:10A950000029F6D101E023462546D11A89B2FFF736
:10A96000B1FF286000280AD17920C44307E00029FC
:10A9700004D0FFF78CFF00242C6000E00024E0B23C
:10A9800070BD002908D0002809D08BB2202B04D339
:10A99000006820390B04F6D1002111807047002097
:10A9A0007047F0B581B006465009040604D0002E69
:10A9B0002DD03668401EF8E71C465B1E20469841A5
:10A9C000002C1FD0002E1DD01F2002402020851AF1
:10A9D000A8B2A3B2984200D325460095AFB2B018F2
:10A9E000001D3A460D46F2F7C7FA0098241AA1B2A4
:10A9F0004A1E08469041002904D0E9193668002211
:10AA0000002EE3D1002803D07E20C04300E0812047
:10AA1000C0B201B0F0BDF0B581B00D460646002AC7
:10AA200008D0002E2AD090B2202806D33668203ACB
:10AA30001004F6D1002E21D00022002B20D020209F
:10AA4000841AA0B299B2884200D31C46A7B290B231
:10AA50003018011D28463A460093F2F78DFA009B04
:10AA60001B1B180404D0ED1936680022002EE6D115
:10AA700098B2002805D07E20C04302E0812000E08B
:10AA80000020C0B201B0F0BDF0B583B0029106461F
:10AA9000002A08D0002E33D090B2202806D3366882
:10AAA000203A1004F6D1002E2AD00022002B019368
:10AAB00020D000271D4690B21F2814D820218C1AC0
:10AAC000A1B2AAB2914200D32C46A2B2B9B2029B63
:10AAD00059183018001DF2F76FFA00280FD12D1BFE
:10AAE000E719002200E0203A280404D03668002E3E
:10AAF000E1D100E00027B8B2019B1B1A00E0034639
:10AB0000184603B0F0BD10B5521E1F2313439AB26E
:10AB1000531C9AB29A4201D000220DE053090A4612
:10AB20000021541864684450091D2029F9D1116886
:10AB300020305B1E1C04F2D1104610BDB0B5521E71
:10AB40001F2313439AB2531C9AB29A420CD1520952
:10AB5000031D00240D591D51241D202CFAD100681D
:10AB60002031521E1304F3D1B0BD02460068002804
:10AB7000FBD111607047F0B58DB0914200D383E0F6
:10AB80001346064600290CD00C463546002D0BD046
:10AB9000A0B2202809D32D68203C2004F6D100243F
:10ABA00003E00024354600E000251F463246002A17
:10ABB00008D0B8B2202806D31268203F3804F6D156
:10ABC000002700E0002220040AD00291291D0492EF
:10ABD000A2B205A80393F2F7CFF90299039B049A56
:10ABE000002E019506D000203668401C002EFBD1B7
:10ABF000400100E00020002A3DD0C91A0D182804A9
:10AC000039D004922021C81B82B2ABB29A4200D341
:10AC10002846029582B20D1BA9B2914200D3054687
:10AC2000AAB2A0B205A90818B9B2049E7118091DEC
:10AC3000F2F7A2F92C19EF190397B8B2202803D123
:10AC400032680020039000E03246A0B220280AD1EA
:10AC5000019C201D05A904922022F2F78DF9049A87
:10AC6000246801940024039F002A07D00298451B02
:10AC70002804C6D102E0A0B2202805D00198001D0A
:10AC8000A2B205A9F2F778F90DB0F0BDF0B597B012
:10AC9000E54C6720C543EEF74EFCE44E012802D098
:10ACA000F07A002810D027462C463834EEF743FCC3
:10ACB000F17A6143784338184418EEF73CFCF17A96
:10ACC0004143DB48484324182634EEF734FC01287E
:10ACD0000ED1284660303189414328464430B27A4B
:10ACE0004243501829464831327B4A43801800E0DD
:10ACF00000200390F0890A90F9F7C4F9012801D0E7
:10AD0000FEF72AFEF9F7C2F90128119409D12C4661
:10AD10003834EEF710FC6043F17A41430839099169
:10AD200001E000200990F2484C301390FEF714FE29
:10AD3000012815D0F9F7A6F9012811D02920305C97
:10AD400000280DD12520305C002809D12620305C58
:10AD5000002802D0E6484C3001E028462430139009
:10AD6000E3486C301290FEF7F7FD012815D0F9F793
:10AD700089F9012811D02920305C00280DD1252027
:10AD8000305C002809D12620305C002802D0D84849
:10AD90006C3001E028463C301290FEF7DDFD10904B
:10ADA000B07E0090F07F0F90EEF7C5FB0790F07F2C
:10ADB0000190FCF7F8F90890F07F029001F065F936
:10ADC0000027F9F765F901283846159516974FD1F0
:10ADD000707F0A2800D30A202C4638344443C03CF4
:10ADE0000025FCF7D1F901282F4620D1EEF7A3FB6F
:10ADF00001280E9503D0159B1846543002E0159B90
:10AE000018464830BA49E431B27F4A4310183546F3
:10AE10001E466036E97F32468A408718EEF78BFB84
:10AE2000012802D1E87A4643BF192E460E9DE0194B
:10AE30001490FCF7ABF90746FCF7A6F904463C4032
:10AE4000EEF779FB2040012808D1F07E401E032157
:10AE50000143B07FB0224243D043451A14984419AD
:10AE6000FEF77AFD6043A24908182C30159D169F05
:10AE70000690EEF760FB0128394609D1F9F7CEFAC2
:10AE80000128394604D12220305C2946143141433F
:10AE90000591FCF779F90128384621D19448D4303E
:10AEA000B17E414328464830F27A42435418002785
:10AEB000FCF76CF9012810D1EEF73DFB01280CD10D
:10AEC000159A10465830317F414310466030F27E6B
:10AED000424350188438B77E4743E019159D169FAA
:10AEE0000E90F9F773F80128384633D1EEF723FBBB
:10AEF000012802D02F465C3704E028466030F77AFC
:10AF000047430C3F2325705D00240028204605D0D0
:10AF1000EEF711FB705D404203218843C0192427DE
:10AF2000F15D159A64324A438518F9F7B1F80128A2
:10AF30000DD1FEF711FD012809D1FCF725F90128F3
:10AF400005D1F45D002C159801D004465034281921
:10AF5000159D169F0D90EEF7EEFA0128394609D19E
:10AF6000F9F792F80128394604D128464830F17A99
:10AF7000414314390C91EEF7DEFA01283A4608D124
:10AF8000FCF775FA01283A4603D128464C30F27A8C
:10AF900042432620315C2520345C63182920305C34
:10AFA0000493002B149010D02820335C2846603086
:10AFB0005843F83848432723F35C54355D434C4BE2
:10AFC0005B19483363431F181498002816970B9297
:10AFD0000DD002462A20305C454D2B46B03343430A
:10AFE00037462E46C8365643F318483B03E02A201E
:10AFF000305C002337462826BE5D7143091827269A
:10B000003D46BE5D74432418601813D0159F3E461C
:10B010004C3666433C4634344C43A1193C465C34C0
:10B0200044430C19143C07E010FCFFFF4C0B0020BC
:10B030007CFDFFFF0024159F03990A9E11980818B4
:10B040003946443171434018099940181399401802
:10B05000129941183846603006460F9A9640891971
:10B06000109A012A06D1224E009A5643711845269D
:10B07000B60089192E46079D059A012D02D1019D22
:10B08000A84009180898012805D138461830029DB3
:10B09000A840411870390698049D081880180E9928
:10B0A00040180D9940180C9940180B9940181499A4
:10B0B000CD4201D03818583016994018C0180419DC
:10B0C000F4F71DFD012800D1E41970682018032150
:10B0D000C943F28DD21C0A40B38DDB1C0B409A1879
:10B0E000338EDB1C0B40D118401A17B0F0BDC046A0
:10B0F00090FEFFFF80B501F096F980BDB0B594B029
:10B1000004464178012529403E306A4600F019F88E
:10B1100000280CD1694650222046F1F74DFF002847
:10B1200008D06946487828403E3100F03BF8607806
:10B13000102801D2002002E0204601F069F914B085
:10B14000B0BDFEB51446064601250291012905D180
:10B150007079C0210140402900D1002501F040F95B
:10B1600020463E30019027461E37204601F03EF92A
:10B17000002815D1002D0BD06078012101400298E4
:10B180008142F2D1062201983146F1F715FF03E022
:10B190003046394600F080F90028E6D10020FEBD97
:10B1A000B320FEBDF0B595B00C46054601F018F988
:10B1B00001AE3E36B32701A801F018F9002810D1DE
:10B1C000062230462146F1F7F7FE01A9497801220F
:10B1D0000A40AA42EFD10028EDD101F037F900274B
:10B1E000E9E7F8B215B0F0BDB0B50446074D2878D0
:10B1F000002803D101F0F4F801202870204601F066
:10B20000F5F8002801D000212970B0BD800B002086
:10B21000BFB50D46044601AA0846214600F07FF856
:10B22000002801D101F012F928462146FFF7BAFFA4
:10B2300004B0B0BDFEB514460191064601F0D0F849
:10B2400027464437204601F0D1F8002811D1607814
:10B25000C006F7D502AD384601992A4600F07AF8C3
:10B26000022228463146F1F7A7FE0028EAD1002045
:10B27000FEBD8120FEBDF0B585B01E4617460D46C9
:10B28000044602AA0846214600F049F800280BD1DE
:10B290000498B84206D1BAB20C203146F1F71CFE30
:10B2A000002816D001F0D2F8019602AE3570701C5D
:10B2B00006222146F1F760FE04973046019901F01D
:10B2C00082F8002805D0064628462146FFF76AFF87
:10B2D00000E00026304605B0F0BDB0B598B01C4681
:10B2E000154601AAFFF72DFF002816D101A94A78BB
:10B2F000012010403E3115AA00F011F8002801D0BD
:10B30000B3200AE029681798884201D9872004E011
:10B31000286081B2204601F04BF818B0B0BDF8B5F6
:10B3200014460D46064601F01DF8671C204601F044
:10B330001FF800280BD1062228463946F1F73CFEBB
:10B340000028F3D12078B042F0D10020F8BDB3201E
:10B35000F8BD0000F0B591B001920091054608A932
:10B360000320088007AA00241480144800681830BD
:10B3700003AF3B4600F024F80DAE102230462146C4
:10B38000F1F70AFE082230460099F1F7F5FD09AC05
:10B39000384631462246F8F71BFE02AE02223046FE
:10B3A0002146F1F7E9FD287802994140019A117090
:10B3B000707869784140517011B0F0BDE40A002006
:10B3C000BFB50D786C462570497861701178A17011
:10B3D0005178E170002103910291019121461A46B2
:10B3E000F8F7F6FDBFBD0000E0B5034601A9012056
:10B3F00008806A4600201080024800681830FFF775
:10B40000DFFF8CBDE40A0020F0B587B0009003AEEA
:10B410003046FFF7E9FF0027384601F09FFB010A9D
:10B4200002AD69703F2404404034384601F096FB79
:10B43000AC70287001AF304629463A4600F00EF84D
:10B440000326009C204639463246F1F795FDE01C64
:10B4500029463246F1F790FD07B0F0BDF0B589B04E
:10B4600000920F46054605AE002110223046F1F746
:10B4700093FD0324304639462246F1F77DFD01AFA6
:10B48000284631463A46F8F7A3FD00983946224649
:10B49000F1F772FD09B0F0BDBCB50A460446C11C07
:10B4A00001AD10462A46FFF7D9FF03222846214660
:10B4B000F1F782FD002800D08120BCBDF0B585B039
:10B4C00000931746054601AE304608300824224650
:10B4D000F1F752FD304639462246F1F74DFD284638
:10B4E0003146009AF8F774FD05B0F0BDE0B50B46A3
:10B4F000014601AA01201080024800680830FFF7C9
:10B500005FFF8CBDE40A0020F0B595B001931746AB
:10B5100003910025149513951295119511A90DAC61
:10B5200004902246F8F754FD0F200290265609A9F0
:10B53000204600F085F8002E67D409A802994456E9
:10B5400005A900F07DF8002C6CD411A8002410226D
:10B550002146F1F721FDFDB2112D21D3201D81B22D
:10B5600010220DAB0398F4F721F90020102807D022
:10B570000DA9095C11AA135C4B401354401CF5E75C
:10B5800011AD0DAE049829463246F8F721FD102280
:10B5900028463146F1F7F0FC103F1034A4B2DAE748
:10B5A000102D08D1201D81B210220DAB0398F4F7A5
:10B5B000FDF809A814E00DA800211022F1F7ECFC19
:10B5C000380608D00DA8431B1033201D81B2039804
:10B5D0002A46F4F7EBF80DA8401B8021C17305A89B
:10B5E000019A0021102909D00DAB5C5C435C6340DB
:10B5F00011AD6C5C5C406C54491CF3E711A90498D4
:10B60000F8F7E6FC002015B0F0BD11A88721017005
:10B610000F2D92D009A8415D11AA525D4A404255B2
:10B620006D1CF5E711A88721017000200F288CD030
:10B6300005A90A5C11AB1B5C53400B54401CF5E799
:10B6400010B5027852000A70491C00220F2A0BD054
:10B6500083185B785B008B548456002C02D5012440
:10B6600023438B54521CF1E710BD0C20704700009F
:10B67000F8B500276B4B6C4A3D4618683421405C96
:10B68000854200D3CDE01068A4214058002800D1A5
:10B69000B2E0C4192089002800D1ADE0A07A0146AB
:10B6A000D13905295DD3002800D1A5E0FE2800D1BD
:10B6B0008AE0A22859D0AA2800D181E0B22854D02B
:10B6C000B42800D18AE0BA287AD0BF2800D189E016
:10B6D000F02800D18BE0102800D090E00121204616
:10B6E00004F0E8FC002800D196E00026A672F5F7E9
:10B6F000A5FA00284B4B4C4A7ED06020205CC00746
:10B700007AD004F048FC484A464B002874D0E079CF
:10B71000C021014040296FD1444800684F21405C5E
:10B72000000769D5248942480068806948220221BF
:10B730000B46F4F7E7F93C4A3A4B00285CD0014647
:10B740000420487208220A72CE7188718C72FF2020
:10B75000487182200871200AC8720220F4F76FFA3B
:10B7600048E0204605F05CFA44E0E07D0126000751
:10B77000304613D5204605F058FD002806D0122883
:10B7800004D00E2000F0D0FEF0F744FFE07D6021F1
:10B790000140603948424841224B234AE17C02295A
:10B7A00004D1E17B10220A4016091F4A002823D049
:10B7B000002E21D06020205CC00724D04B2023E045
:10B7C000204600F037F815E060202056002813D5F9
:10B7D000002170222046F1F7DFFB0BE0204605F048
:10B7E00089F807E00021204605F0D1F902E0204663
:10B7F00004F0E2FC0C4A0B4B70376D1C3DE7204611
:10B8000000F019F80AE05B20C043A0720E2000F09F
:10B810008BFEF0F7FFFE01E0F120A072014B024A1F
:10B82000EAE7F8BDE40A0020840B0020380B002072
:10B83000E80A002070477047FEB5604F604C3868DA
:10B840000168002900D1B8E001F08AF805460088B7
:10B8500005F07CFC0028F2D006463868B021405C38
:10B8600000280ED0082100220123304604F05CFDA0
:10B8700000280ED0FD2800D096E02846F3F77AFF86
:10B88000DDE76868007A05280CD12846314604F0C7
:10B890001FFD2846F3F76EFF0E2000F045FEF0F77F
:10B8A000B9FECCE7B17AF12901D000290AD1602193
:10B8B000725C0121114001D10B28DED1002901D099
:10B8C0000128DAD1F07D000706D50296019501A87E
:10B8D00000F094F8FC28CBD16020305CC00707D181
:10B8E0000296019501A800F08BF8FC28C0D122E057
:10B8F0006868007A042831D0032837D001281AD18B
:10B90000B07A002803D0FB2847D0F128B5D1308980
:10B9100005F0FCFB024600200146234600F08EF8AD
:10B92000307E810702D50321084330762846314610
:10B9300004F0CEFED9E72846314605F03FFAFC2850
:10B9400003D0862899D0842892D1F07D000794D521
:10B950000296019501A800F04FF889E7B07AB62861
:10B960008BD12846314605F07DF8BEE7B07AB22883
:10B9700009D0B42807D0B52800D07EE72846314644
:10B9800004F07AFFB1E7F07C022800D075E7386850
:10B990004021415C032908D16FE7092100220123DE
:10B9A000304604F0C1FCA0E73868294600F0B9FF32
:10B9B0000F2000F0B9FDF0F72DFEFEBD840B002036
:10B9C00030750000F8B50A4D05400A4E306807682A
:10B9D000002F0CD03C46FF692088A842F8D130687F
:10B9E000214600F0A7FF2046F3F7C4FEF0E7F8BDBC
:10B9F000FF0F0000840B00201F2070471F2070479E
:10BA00001F20704780B50648C17A06480068083094
:10BA1000C91CC9B2044A072300F0E4FD80BDC0463A
:10BA20004C0B0020840B00202DBA051080B5406916
:10BA3000014900F0B0FE80BDD5BA051010B500294F
:10BA400006D0862401291BD1022A19D8002100E042
:10BA5000032101280AD0002811D18818C1B2094851
:10BA600000680830012200F008FE06E08818C1B224
:10BA700004480068083000F0CAFD044600E00024D5
:10BA8000204610BD840B0020FEB5054670200290B4
:10BA900045430F480068A42101914058471939894E
:10BAA0000220012400262246334602F0A7F9384638
:10BAB000214604F0E9FB3889FFF784FF0448006859
:10BAC0000199405840193146029AF1F765FAFEBDD6
:10BAD000840B002080B5022802D805F087FA80BDCB
:10BAE0000449C97AC91C814203D9C01EC0B2FFF7FC
:10BAF000CBFF80BD4C0B0020F8B52920C1000124EC
:10BB0000204D2046A847204E3060204FF87A702103
:10BB1000A8473168A422885005F0F0F92821204672
:10BB2000A8473168AC228850F87AC01CC0B2411CCA
:10BB3000174D28462246FEF773FE31688862F87A70
:10BB4000C01CC1B202222846FEF76AFE3168C862F4
:10BB5000084600F0DBFEFFF755FF30684221002564
:10BB600045524021032242540A49046341638563DC
:10BB7000443010212A4600F0FEFF284605F052FB13
:10BB8000F8BDC04645A80510840B00204C0B0020D2
:10BB9000480B00200710070710B5044600F00CF80A
:10BBA000002801D00C2010BD0248006840214454F8
:10BBB000002010BD840B002070B5104800683421AF
:10BBC000405C702141430E480268A43200200346C5
:10BBD000994212D01468E518AC7A6026AD5DED0785
:10BBE00004D16034E4B2512C04D205E05034E4B204
:10BBF000412C01D37033EBE7012070BDE40A002033
:10BC0000840B002010B50446FFF7D6FF61780129A8
:10BC100003D1002805D1024604E000280FD00C22F1
:10BC200016E00C220B4909684023CB5C032B01D1A1
:10BC30006E22D243032B0BD0002802D008E0054827
:10BC400001683031102208462146F1F795F90022AB
:10BC5000D0B210BD840B002010B50C4605F076FA6A
:10BC6000002810D0C17C02290FD1094909688C63D2
:10BC7000C17B10220A43C2730E2000F055FCF0F77E
:10BC8000C9FC002010BD022010BD0C2010BDC04614
:10BC9000840B0020F0B589B0049315460591074642
:10BCA00006AE08AC30462146F5F772F8227800203F
:10BCB000009504990191029038460599334600F0A9
:10BCC00003F809B0F0BD0000F0B587B00293009210
:10BCD00001913A4909683423CA5C7027574300250B
:10BCE000EC43374B1E68A4360C9906910E990391CC
:10BCF0000D9905910494AF425ED0336859190989B2
:10BD00007035641C0029F6D1944255D25F1939462A
:10BD100068390880384670380521017038460F3878
:10BD2000009901703846103800900199017038462A
:10BD30000E380622234B029916469847FE20069A93
:10BD4000104001210A40022800D0114606923C46CC
:10BD50006F3C217002280598039900D001463D46AA
:10BD60006E3D28463246174B984738461738069995
:10BD700001703846163805993246124B98473846B6
:10BD8000583800210422F1F707F9381F663F1021C7
:10BD90003970049901602078294605F097F9002848
:10BDA00005D000980078C00701D0FB2038700E2025
:10BDB00000F0BAFBF0F72EFC07B0F0BDE40A00205B
:10BDC000840B002079CF0410F0B589B00493174696
:10BDD000059106460E9C2046FEF746F80F9D00286A
:10BDE00008D007A806222146F1F7C6F806A80122C6
:10BDF000027005E007A806AC2146F4F7C9FF2278D7
:10BE0000009704980190029507AB30460599FFF71B
:10BE10005BFF09B0F0BD0000F0B589B015460E46D5
:10BE200005F094F9002870D00446807ABC2806D129
:10BE3000278908A8002101802646283656E0274693
:10BE40003037E17D090709D42046283008223146E1
:10BE5000F1F792F83D70280A7870A07A2189029152
:10BE600008A900220A8026462836BC283DD025464F
:10BE70001C35F1280FD1E07D000736D407AA0192C6
:10BE800028463146FFF766FA022201983946F1F753
:10BE900093F8002821D038463146224604F079F93B
:10BEA00000281AD0029D2846F8F7C3F8207E8007A4
:10BEB0000CD0284605F02AF9024601200021154B36
:10BEC000FFF7BCFD207EFC210140217602200322E9
:10BED0000023294601F092FF17E00D480068083062
:10BEE00008AA29463346FFF76BFA029F03AD0021EB
:10BEF00010222846F1F750F8227C28463146F1F707
:10BF00003BF838462946F8F785F809B0F0BDC04639
:10BF1000E40A002030750000F8B50E4605461046CC
:10BF200005F014F9002856D004460746002E0BD021
:10BF30000020B87208340122062D32D13989154605
:10BF4000062E0ED005220DE0F97A01200843F87282
:10BF5000F97C891E022910D8F97D090708D504212A
:10BF600007E004220220002301F048FF2A4618E0DF
:10BF70000221F92210404018F872B87AAD2805D095
:10BF8000AE2805D0BC2827D1BF2002E0AF2000E0BA
:10BF9000F020B87208340E2000F0C6FAF0F73AFB31
:10BFA00000226020385CC0070BD1B87EC10605D5E1
:10BFB000EF210140B97641B2002918D4002A19D1E5
:10BFC00009E0387EFC210140397603210140481EFA
:10BFD00081410A430ED1F8BD062DDBD1F128D9D11C
:10BFE000398902200022134601F008FFD2E76F21B1
:10BFF0000840B876208805F089F802460120002123
:10C00000014BFFF71BFDF8BD3075000010B505F0C2
:10C010009DF8002825D00446008905F077F80246EF
:10C02000012000210F4BFFF709FD2089FFF7CAFC13
:10C030006020205CC007A07A04D16030C0B25128D3
:10C0400004D307E05030C0B2402803D80221204674
:10C0500004F01AF9FE20A0720E2000F065FAF0F745
:10C06000D9FA10BD30750000B0B505460024204651
:10C0700005F0B8F8002801D00C2404E0012D02D10D
:10C08000012005F0CFF82046B0BD00207047704772
:10C0900070470000B0B50C460546088805F056F814
:10C0A000002825D0002D0FD0012D21D160884128F6
:10C0B0001ED812480068214600F02CFC0F2000F02A
:10C0C00033FAF0F7A7FA16E06168097A0B2909D16B
:10C0D000017E03220A40012A0AD1FC221140891C58
:10C0E000017605E08A1FD2B2042A01D804F03CFE92
:10C0F0002046F3F73FFB0020B0BDC046840B002074
:10C1000010B5C37A5C07A20F09D0012213405A422E
:10C110005A41037C0320102B09D0034608E0DA07BC
:10C120000AD1807A0122F12809D0134608E00423BD
:10C13000002C05D4034603E00223002200E0022382
:10C14000002A01D1184600E00120002900D018463D
:10C1500010BDF8B51C4616460D4600212970117019
:10C16000197004F0F3FF002817D007460121297049
:10C17000807AF12810D1009100213846FFF7C0FFE6
:10C180003070012809D102202870F97A4907890FF7
:10C1900000D10098207000E031700020F8BDF8B5A3
:10C1A0001C4615460F4604F0D1FF002816D006465F
:10C1B000811C06222846F0F7DFFE70786946087079
:10C1C000002F1FD000281DD0012809D1F1798A093C
:10C1D0000120022A16D8402903D213E00220F8BD1C
:10C1E000F179C0200840402808D1694630462A46E7
:10C1F00003F0B8FF002803D08120F8BD8620F8BDE9
:10C200006846007820700020F8BDB0B504F09EFFAD
:10C21000002811D004460025294603F04BFF0028D2
:10C220000BD0A17AF12905D1A17BCA0702D08907D9
:10C2300000D50020054600E002252846B0BD10B517
:10C240000C4604F083FF002805D0817AF12902D141
:10C25000007CA04201D2B62010BD002010BD80B5E8
:10C2600004F074FF002806D06021425C8023134351
:10C270004354002080BD812080BDF0B589B00E46BA
:10C2800004F064FF002825D005461C3005A9009164
:10C29000FFF72CF974882B466833271DB9B20422A6
:10C2A0003046F3F7A5FAFAB201AF009831463B46A3
:10C2B000FFF72AF908372046083081B208223046B5
:10C2C0003B46F3F795FA0C347480A86E401CA866C0
:10C2D000002000E0022009B0F0BDF0B58DB00D46A1
:10C2E0004F8804F033FF002805D00446407C400608
:10C2F00003D4B12034E0022032E02146483105A8C1
:10C300001022F0F739FE083FB9B20C2202AE2846DF
:10C310003346F3F74BFA3078717809020818B17890
:10C3200009044018F17809064118E06E814201D8ED
:10C33000401C10D10191FAB205A809AE2946334636
:10C34000FFF7E2F802A8001D083608223146F0F790
:10C3500033FE002801D0052002E00198E0660020AD
:10C360000DB0F0BD0148002101707047880B00201E
:10C37000BCB50346064D28780C210091012400220B
:10C380002146F0F731FD2C7000F004F8BCBDC0462A
:10C39000880B0020C01CC0B2042802D37E20C043FA
:10C3A00002E0C1000148C840C0B27047B3B7B40052
:10C3B000E0B503460091022001210C22F0F714FDA4
:10C3C000FFF7E8FF8CBDE0B50B4601460089009001
:10C3D00001200C22F0F7BAFCFFF7DCFF8CBD000057
:10C3E0000148002101707047890B00201CB50346ED
:10C3F000064C20785021009100210A46F0F7F4FC09
:10C4000001212170FFF7C6FF1CBDC046890B00202B
:10C41000E0B501460020009050220346F0F796FC5C
:10C42000FFF7B8FF8CBDBCB50024214620460D4661
:10C430000094C0B2214622462346F0F7D5FCC21C28
:10C44000691C0120002AF2D1E8B2BCBD80B50220EF
:10C45000F0F76CFD80BDE0B5034626200090022178
:10C4600000200246F0F7C0FC002800D081208CBDDF
:10C47000E0B501460023009302202622F0F766FC77
:10C48000002800D081208CBD034800680021816015
:10C49000C1600161016070478C0B002070B5204DB8
:10C4A0002968EFF3108272B60A6800260E604B68A6
:10C4B00013434B6062B600280ED028684168CA0753
:10C4C0000AD0012251404160EFF3108072B6286813
:10C4D00001681143016062B62C681034206800289E
:10C4E0000FD0204600F05CF8800029680818EFF3B0
:10C4F000108272B68268866048681043486062B6EF
:10C50000ECE72868041D074D2068002806D0204667
:10C5100000F046F8810069588847F5E770BDC046CD
:10C520008C0B0020FC2606101F21014001228A40AE
:10C53000EFF3108172B604490968400980000B5876
:10C5400013430B5062B670478C0B00201F22024031
:10C5500001239340EFF3108272B68900054A1268F6
:10C56000511840098000081881681943816062B63B
:10C570007047C0468C0B00201F21014001228A40D9
:10C58000EFF3108172B60549096840098000081868
:10C5900001691143016162B67047C0468C0B0020EF
:10C5A000EFF3108172B601684A420A4051400160BF
:10C5B00003485043C00E03A1085C62B67047C046F2
:10C5C000DF3A650400010206030B0710040E0C1588
:10C5D0000817111A1F050A0F0D1416191E09131832
:10C5E0001D121C1B10B5122400280ED0002A0CD0DE
:10C5F0000B2B0AD841700370036A5954491E4B1C17
:10C60000FAD3026100240475C061204610BDF8B55C
:10C6100005461220002D1BD00C466A788A4217D995
:10C620002B6A195DA14201D10020F8BD17463E4694
:10C63000DF5D974201D0A742F9D10020974205D093
:10C640009955964202D1284600F003F8296A0C5504
:10C65000F8BD10B542788A4207D1017D0024002937
:10C6600009D00830F0F76EFD05E04900426A515EDE
:10C6700000F06AF80446204610BDF0B585B01226D9
:10C6800000285ED01F460D46044643788B4258D999
:10C6900020780521090381408F4252D804920293E9
:10C6A000F0F735FD02462378206A405DA8420CD0A1
:10C6B0000498002845D02046039129460493164645
:10C6C000FFF7A5FF03993246049B332078430E46BB
:10C6D000010A0818010C08187107D20851184218ED
:10C6E000581DC0B2C24001956800616A04920A52A6
:10C6F000F0F70DFDC00803906278206A17463B46AC
:10C70000C75D97420DD07D00666A755B2678761D01
:10C710000399F1406D1A2DB2049E711A09B28D422F
:10C72000EDDDC15C019A8154206AC25402988342B3
:10C7300006D1049801B2204600F006F8064600E053
:10C740000026304605B0F0BDFEB50191044607460F
:10C750000837F0F7DCFC02900D462678207D002893
:10C7600004D03846F0F7EEFC227800E03246701D27
:10C77000029CE108C1400198401A00B2401EC11756
:10C780000832E3F7C1FE02194D4138462B46F0F757
:10C79000C8FCC0B2FEBDFEB5029105464778006AEE
:10C7A000C45DF0F7B4FCC00801902046C2B2BA42A2
:10C7B0000DD053006E6AF35A2E78761D0199F14020
:10C7C000591A09B2012903DC286A805CEEE7384671
:10C7D000296AC855C6B228463146FFF73AFFE0B28B
:10C7E000B04206D0296A0F5C0C54029988473C4637
:10C7F000F5E7FEBDF0B5002A0BD00024E543002B81
:10C80000264600D056190F5D87556D1E641CA24246
:10C81000F5D1F0BD70B503460120002909D00024F0
:10C8200026462546965D9E4204D16D1CEEB28E4290
:10C83000F8D370BD204670BD002A05D003780B7078
:10C84000521E491C401CF7E7704780B5027C0B7CE8
:10C850009A4206D1202A07D0102A09D189898089D5
:10C8600008E00020C04380BD1022F0F7A5FB80BD8A
:10C87000C968C068401A80BD70B58AB00C460146D0
:10C8800005AD142628463246F0F776FB6846214669
:10C890003246F0F771FB287C802807D005AC0D49A3
:10C8A0000C222046F0F768FB0020E0816846007CFF
:10C8B000802807D06C4607490C222046F0F75CFB25
:10C8C0000020E08105A869461022F0F775FB0AB048
:10C8D00070BDC0465427061010B50A460146007CBC
:10C8E000202804D0102805D10C31022403E00C319B
:10C8F000042400E0102410462246F0F73DFB2046B9
:10C9000010BD017C802900D00C30704700210160EF
:10C91000406070470022CA61426811601C3141606A
:10C9200070470268CA61002A02D10A461C3242607E
:10C930000160704703688B4209D01A46DB698B425D
:10C94000FBD1CB69D361002B07D11C3204E0CA694B
:10C950000260002A01D1024642600020C86170478F
:10C9600001460068C2690A60002A00D149600021BE
:10C97000C161704700210068002802D01C30491CAA
:10C98000F9E788B270470000F0B587B004460806A2
:10C990000D9D52D00195FF20154685430126059334
:10C9A0000C9B1F460096374003977E421640F2B21A
:10C9B00052190692254D059F3A462A401E469D076C
:10C9C000ED173D40049003062B409B180220304099
:10C9D0000290481E0590C8B241080026C8B2C200A5
:10C9E000A01845680298002801D118480540A058B1
:10C9F0000246049FBA43039F002F01D1384600E04E
:10CA0000C0B282180698904201D1AB4218D0AB4216
:10CA100003D804D10698904201D94E1C01E0481E6B
:10CA200005900598801BC0B2401CC2B251088919FC
:10CA30008242D3D00020019D04E00021084601E09D
:10CA4000019D0098297007B0F0BDC046FFFFFF00B0
:10CA5000F0B589B015460F4604460679006861684E
:10CA600008AA009301923A462B46FFF78DFF00215A
:10CA70000F9B0E9A0028079226D106976779BE422F
:10CA800022D202930390049508A90878059686425D
:10CA90000DD0059F2268FDB2ED0056193346083BC4
:10CAA0000ACB515173607F1EF9B28142F2D12168E5
:10CAB000C000069A0A500818049941600598401C65
:10CAC000207101210398029B089A079C227018701C
:10CAD000084609B0F0BDF0B587B00F4601460079B1
:10CAE00000260C9C00282FD0039008680491496808
:10CAF000059206AD009301953A46059BFFF744FF6A
:10CB0000002821D0029005940D9A049C236806A960
:10CB10000978CD005B19DB7913700398401E0390F0
:10CB2000C0B2814223460BD01D68CEB2F600AF19C9
:10CB3000BA68FC68AA517C60491CCAB28242F3D12F
:10CB400003981871029E059C267007B0F0BD002165
:10CB50000171704780B5F0F75CFA80BD1CB501AC7F
:10CB60002046F0F795FA20881CBDE0B501A8F0F743
:10CB70009BFA01988CBD7CB50C4605460020C6B2D8
:10CB8000A6420ED20020FFF7E9FFA85501A90870C0
:10CB9000000A69460870711CA14200D26854B01C9A
:10CBA000EDE77CBDF0B595B03948006800900BA862
:10CBB000FFF751FC002831D001AF06240025354B8A
:10CBC000384621462A4698477879C0210143797131
:10CBD0000BAE30462030304B39462246984707ACE2
:10CBE0001027204639462A462A4B98473046214688
:10CBF0003A46294B984703AC204639462A46254BEE
:10CC000098473046103021463A46234B98473046E5
:10CC1000FFF72EFC002803D1054603E0002501E0C4
:10CC20000E20C5431D4C22682E32002606273046B2
:10CC30003946FFF7EFFD0BA9002801D0203101E0B4
:10CC400021682E31009860303A46F0F795F9226855
:10CC5000083210213046FFF7DDFD002805D020689E
:10CC600008300BA91022F0F787F92268183200204B
:10CC70001021FFF7CFFD002806D00BA91031206846
:10CC800018301022F0F778F9E8B215B0F0BDC046C0
:10CC9000EC0A002077CB051079CF0410E40A0020BD
:10CCA000B0B5FFB083B01C466D462B73AA722972D3
:10CCB000A8711B0A6B73120AEA72090A6972000AE8
:10CCC000E87128460E3086992246F0F755F920463D
:10CCD0000A30A870000AE8700F202871FF206870E1
:10CCE000822028700C2068710E34A1B22846ECF71F
:10CCF00069FB7FB003B0B0BDB0B5FFB083B00C46E8
:10CD000005468B68CA8889886846801DF3F78FFBC3
:10CD1000280702D5A068F2F72DFD03990A460A32CA
:10CD200068468270120AC2700E220271054A0280A1
:10CD30000C2242710E3189B2ECF744FB7FB003B094
:10CD4000B0BDC04682FF0000B0B5FFB085B00C4654
:10CD500005468B68CA88898802A8801DF3F78CFB7A
:10CD6000280702D5A068F2F705FD02ACA389628905
:10CD70002189E0880E340094FFF792FF7FB005B060
:10CD8000B0BD0000F0B5FFB086B00C4605460B7A8A
:10CD9000CA8889886089A6892769009001960297C8
:10CDA00003A8801DF3F7B1FB280702D52069F2F72D
:10CDB000E1FC03A8417B827B120251180A460B3228
:10CDC0008270120AC2701A220271054A02800C2275
:10CDD00042710F3189B2ECF7F5FA7FB006B0F0BDC1
:10CDE00082FF0000F0B5FFB08CB00C4605468B68A2
:10CDF000CA88898807A8801DF3F7BFFB280702D5DA
:10CE0000A068F2F7B7FC07A8418905910189039151
:10CE1000C18802910C3004900025049EA8B20599A7
:10CE200088421CD231188AA8069002242246F0F7C4
:10CE3000A3F8A81C80B2311889AF38462246F0F713
:10CE40009BF8281D84B230193B8806990A88009007
:10CE500002980399FFF724FF38882518DEE77FB092
:10CE60000CB0F0BDB0B5FFB083B00C4605468B6882
:10CE7000CA8889886846801DF3F7F8F9280702D523
:10CE8000A068F2F777FC6846C17A039A120251183B
:10CE90000A4609328270120AC27004220271054ADF
:10CEA00002800C2242710D3189B2ECF78BFA7FB00F
:10CEB00003B0B0BD82FF0000B0B5FFB083B00C4638
:10CEC00005468B68CA8889886846801DF3F7ECF9A7
:10CED000280702D5A068F2F74DFC6846817A8900E0
:10CEE000CA1D8270120AC27005220271044A0280B1
:10CEF0000C2242710B31ECF765FA7FB003B0B0BD84
:10CF000082FF0000B0B5FFB083B00C4605468B68C9
:10CF1000CA8889886846801DF3F7DBF9280702D59F
:10CF2000A068F2F727FC6846C17A039A12025118EA
:10CF30000A4609328270120AC27006220271054A3C
:10CF400002800C2242710D3189B2ECF73BFA7FB0BE
:10CF500003B0B0BD82FF0000B0B5FFB083B00C4697
:10CF600005468B68CA8889886846801DF3F7CFF923
:10CF7000280702D5A068F2F7FDFB684641890A46FA
:10CF800008328270120AC27007220271054A0280BA
:10CF90000C2242710C3189B2ECF714FA7FB003B065
:10CFA000B0BDC04682FF0000B0B5FFB083B00C46F4
:10CFB00005468B68CA8889886846801DF3F7BDF9E5
:10CFC000280702D5A068F2F7D5FB684641890A46D2
:10CFD00008328270120AC27008220271054A028069
:10CFE0000C2242710C3189B2ECF7ECF97FB003B03E
:10CFF000B0BDC04682FF0000B0B5FFB083B00C46A4
:10D0000005468B68CA8889886846801DF3F7ABF9A6
:10D01000280702D5A068F2F7ADFB684641890A46A9
:10D0200008328270120AC27009220271054A028017
:10D030000C2242710C3189B2ECF7C4F97FB003B015
:10D04000B0BDC04682FF0000B0B5FFB083B00C4653
:10D0500005468B68CA8889886846801DF3F799F968
:10D06000280702D5A068F2F785FB6846C17A039AC3
:10D07000120251180A4609328270120AC2700A223C
:10D080000271054A02800C2242710D3189B2ECF71F
:10D0900099F97FB003B0B0BD82FF0000B0B5FFB01A
:10D0A00083B00C4605468B68CA8889886846801D0F
:10D0B000F3F78DF9280702D5A068F2F75BFB684605
:10D0C000C1890A460C328270120AC2700C220271A7
:10D0D000044B03804271103189B2ECF773F97FB0D1
:10D0E00003B0B0BD82FF0000F0B5FFB086B00C46C3
:10D0F00005460B89CA8889886089A68927690090B6
:10D100000196029703A8801DF3F71AFA280702D5A3
:10D110002069F2F72FFB03A8C1890A460C328270FE
:10D12000120AC2701B220271054A02800C2242714F
:10D13000103189B2ECF746F97FB006B0F0BDC046B9
:10D1400082FF0000B0B5FFB083B00C4605468B6887
:10D15000CA8889886846801DF3F725FA280702D512
:10D16000A068F2F707FB684641890A4608328270D8
:10D17000120AC2701E220271054A02800C224271FC
:10D180000C3189B2ECF71EF97FB003B0B0BDC046D8
:10D1900082FF0000F0B585B00546C00645D426489C
:10D1A00000685024005D0024C0073FD00293039222
:10D1B00004910A9E214800686907C90E4018006959
:10D1C000711E03220A43113291088BB2562229465E
:10D1D000F2F798FC00282CD007460B9801903E747B
:10D1E0000299B973039B3B73049ABA72300A78743C
:10D1F000080AF873180A7873100AF8723846123061
:10D2000001993246EFF7B8FE0C207872012038728F
:10D210000A36300AF871BE71FF20787182203871A9
:10D2200028463946F2F70BFD00E08624204605B07B
:10D23000F0BD0724FAE7C046380B0020E80A0020BA
:10D24000F8B50446C00608D40D46194800685021B8
:10D25000405C800703D4002727E0862725E0164698
:10D26000144800686107C90E40180069572203235B
:10D270002146F2F747FC002816D001460673857256
:10D280000C204872022008720027CF710620887196
:10D29000FF20487182200871300A4873280AC8723A
:10D2A0002046F2F7CCFC00E007273846F8BDC04620
:10D2B000380B0020E80A0020F8B50546C00621D446
:10D2C0000E46134800685121405C002480061AD5A0
:10D2D000174600930F4800686907C90E4018006997
:10D2E0000F2203232946F2F70DFC00280DD001463A
:10D2F0000098C8604F810E81074848602846F2F7C1
:10D300009EFC00E086242046F8BD0724FBE7C046CB
:10D31000380B0020E80A0020F9CC0510F8B50546C6
:10D32000C00621D40E46134800685121405C0024F9
:10D3300040061AD5174600930F4800686907C90EC2
:10D3400040180069102203232946F2F7DBFB00286E
:10D350000DD001460098C8604F810E810748486093
:10D360002846F2F76CFC00E086242046F8BD07242E
:10D37000FBE7C046380B0020E80A002049CD051025
:10D38000F8B50446C00608D40D461E480068512171
:10D390004056002804D4002700E086273846F8BD10
:10D3A0001F461646184800686107C90E40180069F4
:10D3B0005B2204232146F2F7A5FB002820D001467A
:10D3C000079A06980090C8730E738D720C234B72E7
:10D3D00011230B7238460027CF710A238B714A74D0
:10D3E0008873FF224A7182220A710098000A087429
:10D3F000300A4873280AC8722046F2F720FCCDE7AD
:10D400000727CBE7380B0020E80A0020F0B587B0EB
:10D410000546C00643D40E46244800685221405CAD
:10D42000002480073CD5049205930C9A204800689C
:10D430006907C90E401800691E4906925118032257
:10D440000A43113291088BB25C222946F2F75AFB4B
:10D45000002828D007460D99069800900391019165
:10D46000381D3146049A059BF3F72BF8280704D59D
:10D470000398F2F77FF9F72005400C20787212200C
:10D480003872FF207871822038710698C01DB871FB
:10D49000000AF87128463946F2F7D1FB00E08624ED
:10D4A000204607B0F0BD0724FAE7C046380B00203D
:10D4B000E80A0020FDFF0300F8B50446C00625D4A5
:10D4C00016460D46144800686107C90E40180069E9
:10D4D0005D2203232146F2F715FB002818D00146F0
:10D4E000067385720C204872162008720027CF71CF
:10D4F00006208871FF20487182200871300A487325
:10D50000280AC8722046F2F79AFB02E0862700E05C
:10D5100007273846F8BDC046E80A0020F8B504469B
:10D52000C00625D416460D46144800686107C90E8A
:10D53000401800695E2203232146F2F7E3FA00282F
:10D5400018D00146067385720C20487217200872A5
:10D550000027CF7106208871FF2048718220087152
:10D56000300A4873280AC8722046F2F768FB02E0C6
:10D57000862700E007273846F8BDC046E80A0020A5
:10D58000F8B50446C0062ED41F4616460D46184868
:10D5900000686107C90E401800695F220423214614
:10D5A000F2F7B0FA002820D00146069808748F736D
:10D5B0000E738D720C224A7219220A722B460025B4
:10D5C000CD710A228A71FF224A7182220A71000AF1
:10D5D0004874380AC873300A4873180AC87220465B
:10D5E000F2F72DFB02E0862500E007252846F8BD6E
:10D5F000E80A0020F8B50446C00620D41F461646A7
:10D600000D46114800686107C90E401800691122D3
:10D6100005232146F2F776FA002812D00146089831
:10D62000079A069B48610A82CB810F734E810D8158
:10D63000064848602046F2F702FB0020F8BD86202D
:10D64000F8BD0720F8BDC046E80A002085CD0510CA
:10D65000F8B50546C00621D40E461348006852218D
:10D66000405C002400071AD5174600930F48006855
:10D670006907C90E40180069142203232946F2F7EE
:10D6800041FA00280DD001460098C8604F810E81F4
:10D69000074848602846F2F7D2FA00E08624204680
:10D6A000F8BD0724FBE7C046380B0020E80A00203D
:10D6B000E5CD0510F8B50446C00608D40D46194856
:10D6C00000685021405C400703D4002727E08627EC
:10D6D00025E01646144800686107C90E4018006925
:10D6E0005822032721463B46F2F70CFA002815D0B2
:10D6F0000146067385720C2048720F720027CF71A5
:10D7000006208871FF20487182200871300A487312
:10D71000280AC8722046F2F792FA00E00727384636
:10D72000F8BDC046380B0020E80A0020FEB50446CC
:10D73000C00624D41646134800685022805C002599
:10D7400000071DD51F46019102950F48006861072B
:10D75000C90E401800690725032321462A46F2F71F
:10D76000D1F900280CD00146C76046810198088194
:10D77000064848602046F2F762FA029D00E08625DE
:10D780002846FEBD380B0020E80A002065CE0510B3
:10D79000F8B50546C00621D40E461348006850214E
:10D7A000405C0024C0061AD5174600930F48006855
:10D7B0006907C90E40180069082203232946F2F7B9
:10D7C000A1F900280DD001460098C8604F810E8154
:10D7D000074848602846F2F732FA00E086242046DF
:10D7E000F8BD0724FBE7C046380B0020E80A0020FC
:10D7F000B9CE0510F8B50546C00621D40E4613482B
:10D8000000685021405C002480061AD5174600931A
:10D810000F4800686907C90E4018006909220323F0
:10D820002946F2F76FF900280DD001460098C8602C
:10D830004F810E81074848602846F2F700FA00E061
:10D8400086242046F8BD0724FBE7C046380B00209D
:10D85000E80A002005CF0510F8B50546C00621D41A
:10D860000E46134800685021405C002440061AD53B
:10D87000174600930F4800686907C90E40180069F1
:10D880000A2203232946F2F73DF900280DD001466C
:10D890000098C8604F810E81074848602846F2F71B
:10D8A000CEF900E086242046F8BD0724FBE7C046F9
:10D8B000380B0020E80A002059CF0510F8B50546BE
:10D8C000C00621D40E46134800685021405600245B
:10D8D00000281AD5174600930F4800686907C90E3B
:10D8E000401800690B2203232946F2F70BF90028A0
:10D8F0000DD001460098C8604F810E8107484860EE
:10D900002846F2F79CF900E086242046F8BD07245B
:10D91000FBE7C046380B0020E80A0020A9CF05101D
:10D92000F8B50546C00621D40E46134800685121BB
:10D93000405C0024C0071AD0174600930F480068C7
:10D940006907C90E401800690C2203232946F2F723
:10D95000D9F800280DD001460098C8604F810E818B
:10D96000074848602846F2F76AF900E08624204616
:10D97000F8BD0724FBE7C046380B0020E80A00206A
:10D98000F9CF0510F8B50546C00621D40E46134858
:10D9900000685121405C002480071AD51746009387
:10D9A0000F4800686907C90E401800690D2203235B
:10D9B0002946F2F7A7F800280DD001460098C86064
:10D9C0004F810E81074848602846F2F738F900E099
:10D9D00086242046F8BD0724FBE7C046380B00200C
:10D9E000E80A002049D00510F8B50546C00621D444
:10D9F0000E46134800685121405C002400071AD5E8
:10DA0000174600930F4800686907C90E401800695F
:10DA10000E2203232946F2F775F800280DD001469F
:10DA20000098C8604F810E81074848602846F2F789
:10DA300006F900E086242046F8BD0724FBE7C0462F
:10DA4000380B0020E80A00209DD00510F8B50446E8
:10DA5000C00608D40D46194800685121405CC00634
:10DA600003D4002727E0862725E0164614480068DF
:10DA70006107C90E40180069592203232146F2F7B5
:10DA800041F8002816D00146067385720C204872B2
:10DA90000D2008720027CF7106208871FF20487181
:10DAA00082200871300A4873280AC8722046F2F7AB
:10DAB000C6F800E007273846F8BDC046380B0020FE
:10DAC000E80A0020F8B50446C00620D41F461646D2
:10DAD0000D46114800686107C90E401800691222FE
:10DAE00005232146F2F70EF8002812D001460898C7
:10DAF000079A069B48610A82CB818F814E810D81F6
:10DB0000064848602046F2F79AF80020F8BD8620C3
:10DB1000F8BD0720F8BDC046E80A0020E9D005108E
:10DB2000F8B50446C00628D41F4616460D461548CB
:10DB300000686107C90E401800696022032321466E
:10DB4000F1F7E0FF00281AD00146067385720C2019
:10DB500048721C2008723A460027CF71072088714E
:10DB60008A73FF20487182200871300A4873280A9E
:10DB7000C8722046F2F763F802E0862700E0072724
:10DB80003846F8BDE80A0020F8B50546C00621D49D
:10DB90000E46134800685221405C002440071AD505
:10DBA000174600930F4800686907C90E40180069BE
:10DBB000132203232946F1F7A5FF00280DD00146C3
:10DBC0000098C8604F810E81074848602846F2F7E8
:10DBD00036F800E086242046F8BD0724FBE7C0465F
:10DBE000380B0020E80A002045D105101CB58988B3
:10DBF0006C46E01CF2F7B8FA0520A07013206070A4
:10DC00000420207008212046EBF7DCFB1CBD00003F
:10DC1000B0B50446C00616D40D460D48006861072D
:10DC2000C90E40180069022221461346F1F76AFF27
:10DC300000280AD00146074848600D812046F1F7C8
:10DC4000FEFF0020B0BD8620B0BD0720B0BDC0469D
:10DC5000E80A0020EDDB0510FEB50546C00633D40A
:10DC600017461C4800683D22825C002492062CD591
:10DC70003D30407A000728D501910293164800688C
:10DC80006907C90E4018006925220423294600931C
:10DC9000F1F738FF00281AD0064647720198307213
:10DCA000380AB07230460B3008220299EFF764F957
:10DCB0000099F1710C20B0713E20707131712846CD
:10DCC0003146F1F7BCFF00E086242046FEBD072464
:10DCD000FBE7C046380B0020E80A002010B5FFB073
:10DCE00083B089886C46A01DF2F78AFC217A481D12
:10DCF000A070000AE07001202071FF206070822077
:10DD000020700820607109312046EBF75BFB7FB083
:10DD100003B010BDF8B50446C0062DD415460F4615
:10DD20000093184800686107C90E40180069511E29
:10DD300003220A43093291088BB240222146F1F7AF
:10DD4000E1FE00281AD00646C57287720C30009991
:10DD50002A46EFF711F90027777206203072281D46
:10DD6000010AF171B071FF2070718220307120467C
:10DD70003146F1F764FF02E0862700E007273846C6
:10DD8000F8BDC046E80A0020F8B50446C0062DD408
:10DD900016460D46184800686107C90E401800690C
:10DDA000412204232146F1F7ADFE002820D0014690
:10DDB0000A300671057000274F7210220A72CF7167
:10DDC0000A228A71FF224A7182220A71320EC271BE
:10DDD000320C8271320A42712A0EC2702A0C827091
:10DDE0002A0A42702046F1F72AFF02E0862700E067
:10DDF00007273846F8BDC046E80A0020F8B50446B3
:10DE0000C00608D40D46194800684E21405C8007C2
:10DE100003D4002628E0862626E01F46164614482E
:10DE200000686107C90E4018006945220323214696
:10DE3000F1F768FE002816D001468572042048726A
:10DE40000120087232460026CE71062088714F7379
:10DE50000A73FF20487182200871280AC872204680
:10DE6000F1F7EDFE00E007263046F8BD380B002044
:10DE7000E80A002080B500F035FD80BDF8B5044605
:10DE80000588F6F712FA01462846F3F711FB054616
:10DE9000204600F0D7F81D2803D0232801D01B28E6
:10DEA0000ED16188EA88914205D8032903D323283B
:10DEB00067D1042965D82046F1F75CFC0020F8BD45
:10DEC000204600F0BFF8A988CA066ED5012802D006
:10DED000AA78904269D110208143A9806A89298952
:10DEE00003263046F3F756FB6188E88800918142AB
:10DEF00000D99AE0204600F0A5F8421E0121CA414F
:10DF00000023102A00D988E092001F4601A39A58E6
:10DF10003B469746CBDF0510CFDF0510DBDF051052
:10DF2000F9DF051059DF051021E0051021E005108B
:10DF300021E0051059DF0510C7DF05101BE00510B3
:10DF4000D3DF0510C7DF05101BE005101BE005102F
:10DF50001BE0051021E00510092802D100990429D1
:10DF60005BD3112802D10098062856D3A089401C03
:10DF700081B2204600F047FA3B4600284DD00146CA
:10DF800043E01D280DD1A888800612D46A8929890A
:10DF90000220F3F749FB00284CD1A8882021014337
:10DFA000A980204600F0B7FFF8BD204600F0B7FA80
:10DFB000F8BD08354220032102222B46FFF7AAFEB6
:10DFC000002837D177E70B4627E0052325E03346C5
:10DFD00023E0009B042B1FD91FE0009806281CD3C8
:10DFE000A089401C81B2204600F00DFA01280BD018
:10DFF00002281AD1122108E0009802280DD3009BB4
:10E00000581E800708D108E00421009EB01EE2F7E8
:10E010008BF90029334600D000230098984204D1A0
:10E02000074801682046884702E0204600F05EFF6E
:10E03000842801D18420F8BD0020A870F8BDC04616
:10E04000C80E002080B5818900F0DDF980BD80B563
:10E0500000F070FC80BD80B500F06EFC80BD00005B
:10E06000F8B5054681884088F3F722FA002808D0E1
:10E07000044629781E2906D1A088800639D40C26AA
:10E0800093E1122691E1480606D4CA48CA4A0260C2
:10E09000A088C00600D56DE1E0888A1E86261E2A6B
:10E0A00000D991E0032752007A44928852009744A5
:10E0B00022007C011E007C019F007C01A2007C01EB
:10E0C00022007C011E007C0194007C012D017C015A
:10E0D00090007C017C017C01A9007C01AC007C01EA
:10E0E0007C017C017C017C0121007C0194000527DE
:10E0F00001E0E0880127B9B2814200D307460097CA
:10E10000BFB220463946F3F7D1FA00282FD0064691
:10E110002A78818900F054F92878811E16292DD893
:10E120004900C0467944898849008F4416000D0192
:10E1300070000D0177000D0193000D01A1000D018C
:10E14000AA000D01BA000D01C0000D012F000D0144
:10E150000D010D01CE000D01E6009848028AB0893C
:10E16000401C81B23046F1F73AFB0320EBE0082077
:10E17000FEF7DAF9EEF74EFA882616E1202800D1EC
:10E18000CAE0522802D0D22800D0DDE02A89B08926
:10E19000401C81B23046F1F722FBEB686A89B089F6
:10E1A000C01C81B23046F1F723FB2878122800D139
:10E1B000B8E0D22800D0C7E000980C3870802089E1
:10E1C0003146FEF75AF8BFE0522902D0D22900D0DA
:10E1D000EBE0D22908D0032107E0297A49004F1C3F
:10E1E000874200D887E7E0E00F216A89571882E765
:10E1F000E989CF1D7FE7E968097C802900D089E0A3
:10E20000152778E7A9894F1D75E7022773E76A8903
:10E210002989304600F0A2F9052094E06A8929890D
:10E22000304600F09BF9AA89B089401D81B2304682
:10E23000F1F7D5FAE889C01DB84200D80746F81FA3
:10E2400082B22B69B089C01D81B23046F1F7D0FA95
:10E25000072078E06A892989304600F07FF9B08983
:10E26000401DEB68197C80295ED181B210225EE0EE
:10E270002A89B089401C81B23046F1F7B0FA0B20F0
:10E2800061E02A89B089401C81B23046F1F7A7FAD3
:10E290006A89B089C01C81B23046F1F7A0FA0D201E
:10E2A00051E02846314600F04DF90F204BE06A89D5
:10E2B0002989304600F052F9B089401DEB68197C7D
:10E2C000802939D181B2102239E02A89B089401CD5
:10E2D00081B23046F1F783FA6A89B089C01C81B2F5
:10E2E0003046F1F77CFA2B69AA89B089401D81B2CA
:10E2F0003046F1F77DFA172025E02A7AB089401CD4
:10E3000081B2304600F05CF819201CE0E968097C15
:10E3100080294CD00727EEE62846314600F012F956
:10E32000212010E013200EE081B20C33022230468F
:10E33000F1F75EFA092006E081B20C330222304682
:10E34000F1F756FA1120A070009870802A78B189F0
:10E35000304600F035F82878410611D41E280FD039
:10E36000628921890320F3F75FF9002804D0304641
:10E37000F1F700FA842618E0A08810210143A1805B
:10E3800060893146F3F716F9002801D081260CE0A8
:10E39000287800261E2808D1628921890220F3F7F7
:10E3A000F9F8A08820218843A0803046F8BD1127C5
:10E3B000A1E6C046C80E0020B9E905104C0B0020AC
:10E3C000BCB514464068202904D301AD2A46FCF7A9
:10E3D000D8FA298840180471BCBDBCB504468089B0
:10E3E000401C81B2204600F00EF86188081AA1890D
:10E3F0004018801C81B2022201AD20462B46F1F765
:10E40000D5F92888BCBD1CB51F2903D801AA1180E5
:10E41000406805E0406801AC2246FCF7B2FA21886A
:10E42000401800791CBD1CB5818942885118891E8D
:10E4300089B2022201AC2346F1F7B8F920881CBD4D
:10E44000FEB50E464188052912D11C461546818924
:10E45000052201AF3B46F1F7A9F978783070B8781A
:10E46000F978090208182880029820700020FEBD63
:10E470008620FEBDBCB504468089401C81B2204682
:10E48000FFF7C1FF6188081AA189401881B20222F2
:10E4900001AD20462B46F1F789F92888BCBD70B53F
:10E4A00014460E4605468089401C81B22846FFF777
:10E4B000AAFF02464643B01C6988884208D2A9894F
:10E4C000081881B228462346F1F770F9002070BD84
:10E4D000862070BDBCB504468089401C81B22046B0
:10E4E000FFF791FF1121C943012800D10E31608847
:10E4F0004018A189081881B2022201AD20462B469E
:10E50000F1F754F92888BCBD80B50B464288818953
:10E51000491D89B2521F92B2F1F73FF980BD1CB577
:10E520000446008801AB1880422002210A46FFF70A
:10E53000F1FB002801D084201CBD2046F1F71AF918
:10E5400000201CBD10B50C46C3688989007A4200C2
:10E55000481C81B22046F1F74BF910BDB0B5144606
:10E560000A4605468089401C81B22846F1F737F9F2
:10E57000A889C01C81B228462246F1F730F9B0BD07
:10E5800010B504460821FCF75DF9044909686022CA
:10E5900000238B52486660314C8010BDF00A002089
:10E5A000F0B585B0174604901C4D28686024065BC2
:10E5B000024660325288964217D202940393002991
:10E5C00017D00197084600F02BF8441C2868B1B218
:10E5D000A2B291420BD3C900406E401801460839DF
:10E5E0000822EEF7C9FC761EF0E7002712E0019F33
:10E5F00000E03446406EA1B2C900049A425440186B
:10E60000039A42602868029BC25A521CC252406E52
:10E6100040184780384605B0F0BDC046F00A0020DB
:10E6200008490A68516E6223D25AD2005218083A39
:10E63000824202D3401AC00801E00020C04380B2E9
:10E640007047C046F00A002080B500F00FF8054979
:10E65000884205D0C00004490968496E081880BD89
:10E66000002080BDFFFF0000F00A002010B5044626
:10E6700000F024F80649884207D0C200054B1B6809
:10E680005B6E9A185288A24200D0084610BDC04660
:10E69000FFFF0000F00A002080B500F00FF80549E8
:10E6A000884205D0C00004490968496E081880BD39
:10E6B000002080BDFFFF0000F00A002070B509496E
:10E6C0000A686021535A00210225074C8B4206D06C
:10E6D000566E765B864203D20835491CF6E7214622
:10E6E00088B270BDF00A0020FFFF0000FEB5029363
:10E6F00015460022884223D80C4616490F6860212F
:10E70000795A00291CD000920191FFF7D7FF0646E5
:10E710002046FFF7D3FF0199491E814200D30146ED
:10E7200089B2B2B28A420DD8786ED300C45CAC42D2
:10E7300004D1C0184368029CA34205D0761CF0E7C0
:10E740001046FEBD0098FEBD03498A4200D100205C
:10E75000FEBDC046F00A0020FFFF000080B5FFF7B5
:10E760005FFF0749096860228A5A401C80B29042C4
:10E7700003D2496EC000081880BD002080BDC0468D
:10E78000F00A002080B500F003F8408880BD00004A
:10E79000F8B5047802252146294302291ED1FFF746
:10E7A0003FFF0F49096860228B5A401C82B29A428F
:10E7B00010D2002C08D0022CF7D1D7004E6EF75D96
:10E7C0002F43022FF1D106E0D7004E6EF75D002FE8
:10E7D000EBD100E04E6ED00080190838F8BDC0467D
:10E7E000F00A0020064800686021415A002905D03F
:10E7F000406EC9000818801F0088704700207047CD
:10E80000F00A0020FEB50D460446FFF7EBFF002896
:10E8100034D0AC4232D80646A0422FD32046FFF770
:10E8200025FF04461648844228D0AE4200D32E4627
:10E830003046FFF71BFF13490F686026B95B4A1E7D
:10E84000824217D90190054602948BB26D1CAAB280
:10E850009A420DD2796EA0B2C0000818D200891871
:10E860000822EEF789FB07480768B95B641CECE7F0
:10E87000029C0198C243A2185118B953FEBDC0466C
:10E88000FFFF0000F00A002010B509490A68602166
:10E89000535A190409D0516E9CB2E400611808392A
:10E8A0000C785B1E8442F4D100E00021084610BDC4
:10E8B000F00A002010B504460846FFF7FFFE08499D
:10E8C0000968496E82B2D2008B5CA34205D0421E19
:10E8D00000041046F6D1002010BD881810BDC046B7
:10E8E000F00A002070B5114CA07A2421FBF7AAFF92
:10E8F0000F490B6800221D4650351E4648369A6463
:10E90000DE641A655D65A47A002C0CD002620B6887
:10E910005B6D186001230370054620350B685D654B
:10E920002430641EF0E79A6570BDC0464C0B002091
:10E93000F00A002070470000F8B50D460446194E55
:10E94000376848373F68002F10D07888A0420BD135
:10E95000B888A84208D138781821014339700C20B2
:10E96000FDF7E2FDEDF756FE2037EBE7042D17D15A
:10E970003068816D0B46002B0BD01A469D68002332
:10E98000002DF8D0AB88A3422B46F4D1AB6893603E
:10E99000F1E7002904D08A88A24201D18968816503
:10E9A000F8BDC046F00A002080B5024800688047E4
:10E9B00080BDC046CC0E0020F0B595B00546048859
:10E9C000F5F773FC0146204600F06EFA8626002813
:10E9D00000D108E204462F882846F5F766FC014678
:10E9E0003846F2F765FD08902078FB210140217040
:10E9F0000C273846FDF798FDEDF70CFE284600F091
:10EA000065FA012807D16088F1F73CFE002860D044
:10EA1000204600F060FA20780022010757D4A3793D
:10EA2000591E112900D9DEE10792490079448988ED
:10EA300049008F44C50002010F01990099001F0190
:10EA4000640175017C01B901A600A600B80011009F
:10EA5000B00011001100B000C00600D5A7E0A288E8
:10EA600061880A202B46FEF7BFFF002800D0B4E1E2
:10EA7000A079112800D1B2E1637A216908911028A8
:10EA800000D0D0E10693A889401C81B22846F0F757
:10EA900096FE0590A889C01C81B22846F0F78FFE2B
:10EAA0000026A2896988491F9142049000D0CFE1D5
:10EAB000384606994843089A1018806861894118B9
:10EAC00028461546FFF720FD069B0390C4E1164635
:10EAD00089E109A90FAA0EAB2846FFF7B1FC00286F
:10EAE0002BD02846F0F746FE0EA80078122808D151
:10EAF00060880421F2F7DCFC8188012252020A437B
:10EB00008280A079012804D1089B9988042291432E
:10EB100099800EA909780A2908D0072902D10A2864
:10EB200000D175E7217810220A4322700E2800D107
:10EB300071E7102800D16EE76AE709A8007807900E
:10EB4000A38862880FA8008821460EAC2478009024
:10EB500001940C46022011461A46079BFEF710FC52
:10EB60000028BED006463EE1A28861880A202B46D6
:10EB7000FEF740FE002800D02FE12846FFF77AFC80
:10EB8000C8E0A28861880A200B2B00D020E12B4628
:10EB9000FEF7C6FE1FE1A28861880220FEF756FF3D
:10EBA000002800D019E12846F0F7E4FD17E160895C
:10EBB000002800D113E1002626720F20A07112E177
:10EBC000A889401C81B22846F0F7F9FD06461728AF
:10EBD00000D81726B348008A8642089F00D306460D
:10EBE000B888000714D5F888B04211D03B460833E6
:10EBF000422003210222FFF78DF8002800D0ECE02C
:10EC00002078102101432170B88808218843B880FA
:10EC10002078C00600D5FE88618802203246FEF7C3
:10EC200049FD002800D0D8E0FE80B88808210143C3
:10EC300004208143B9802046DCE0A28861880A2054
:10EC40002B46FEF79FFE002800D0C6E02846FFF7BF
:10EC5000C4FB0BE0A28861880A202B46FEF798FDD2
:10EC6000002800D0B9E02846FFF7DDFB8C49884238
:10EC700053D1B4E0284600F008FA089060890EA944
:10EC8000088020460C30079009A80C3005900FA88A
:10EC9000401D06900026F7B20FAA28463946FFF716
:10ECA000FEFB002800D0A1E00898072805D109A89C
:10ECB000102101740222059803E009A88021017443
:10ECC00010220699EEF758F90EA80FA90222EEF7C6
:10ECD00053F909A80799FDF7CFFD00280DD1A288A7
:10ECE00061880898009001954743B81C83B20220C0
:10ECF000FEF78CFB002800D082E0761CCBE7A288D0
:10ED000061880A202B46FEF711FD002865D12846B0
:10ED1000FFF7E0FB6189884261D2401C208161E0FD
:10ED2000A28861880A202B46FEF796FD53E028460C
:10ED300000F0ABF9064606946088F1F7A3FC089052
:10ED400002246888A3B2834253D2089801280ED1C6
:10ED5000A889001981B20FAF284632463B46F0F72A
:10ED600025FD5C2031463A46F1F728FE1AE0069F61
:10ED7000BA887988009601950220FEF747FB0028A3
:10ED80002BD1387F10280DD10698008B424988423C
:10ED900008D1069840880421F2F78AFB81883F4A0F
:10EDA00011408180A419CCE7A28861880A202B46F3
:10EDB000FEF784FD002810D10898C088411E68889D
:10EDC000401E82B291420AD861890818608109E028
:10EDD0002B46FEF7D9FE002801D0842603E020460A
:10EDE00000F079F8079E304615B0F0BD0EA80088F7
:10EDF0000AE0069800F06FF82846F0F7BBFCF1E750
:10EE00000E98401E0EA90880618982B28A4202D201
:10EE1000401C208102E0204600F05DF82846F0F713
:10EE2000A9FC0026DFE76189089AA0894018608163
:10EE300080B25F43D11989888842D3D1207A401E9D
:10EE4000984224D900266681607A401C6072CAE725
:10EE5000F0430390069B089D394659436A5A284659
:10EE6000059D95420BD1024641184A8861898A184E
:10EE7000049DAA4203D1024603980028D5D02672E9
:10EE80000F20A0712078102101432170ABE70120F1
:10EE900020720F20A071A5E72A2B0000FFFD0000C3
:10EEA000FFFF00004C0B0020074A1268483212682E
:10EEB000002A07D05388834202D193888B4201D025
:10EEC0002032F4E710467047F00A002080B58189AF
:10EED00000F0CBF880BD80B5017808220A430270AB
:10EEE0000C20FDF721FBEDF795FB80BD10B50488E4
:10EEF000F5F7DBF901462046FFF7D6FF002808D0DA
:10EF0000017818220A4302700C20FDF70DFBEDF783
:10EF100081FB002010BDF0B585B0044605888089CE
:10EF2000461C2046FFF7D2FF232810D0B1B21B2881
:10EF300022D12046F0F743FC0146284600F05CF859
:10EF400000283DD02046F0F715FC002550E06788EA
:10EF5000B1B22046B9422AD2F0F731FC0146284628
:10EF600000F04AF80028EDD1B01C81B22046F0F73D
:10EF700026FC3018061DEBE72046F0F720FC014682
:10EF8000284600F039F8002824D06E4675802046C7
:10EF9000F5F78BF9B0801E2030703046FFF760F82F
:10EFA0000546002820D12046F0F7E4FB1CE0F5F7E9
:10EFB0007CF902460A2029462346FEF749FB12E067
:10EFC0002046F5F772F902460A2029462346FEF745
:10EFD000A5F908E02046F5F768F902460A20294617
:10EFE0002346FEF769F90546002D01D07B20C54375
:10EFF000E8B205B0F0BD0000BFB5044600F022F84D
:10F000000546002806D10E48014600F01BF80546CB
:10F01000002802D02878022801D200200DE003A9A0
:10F0200002AA01AB2046FDF794F8002804D1287805
:10F0300002A909788142F0D2C02004B0B0BDC04618
:10F04000FFFF0000074A126858321268002A07D0F2
:10F050009388834202D153888B4201D00832F4E76F
:10F0600010467047F00A002070471CB51F2903D8CE
:10F0700001AA1180406805E0406801AC2246FBF718
:10F0800080FC2188401800791CBD80B58189491C0D
:10F0900089B2FFF7EAFF80BD00207047002070476B
:10F0A00080B541680078F5F7FBF8002080BD704717
:10F0B000704770477047B0B504463020255C608FBC
:10F0C000F5F7ABFC2846F8F7A1F82546ED35002802
:10F0D00004D03034607C0121FBF7CEF90020287089
:10F0E0001520FDF721FAEDF795FAB0BD7CB5044681
:10F0F000EFF7F6F8054601212046F5F70DFF264605
:10F100002C36214628318D4210D085420ED0616FB9
:10F110002046F5F757FE01212046F5F703FF0128A9
:10F1200004D16878002801D0001D68702546AC35F0
:10F130003078032813D101A8FAF79CFF012806D0E4
:10F1400000280AD1E06EA16C4900081806E0216D84
:10F150000198884202D3084600E0206D686020468E
:10F16000F5F704FF2046F6F775FF296814342046AA
:10F17000EFF7F9F97CBDF0B589B002464220155A87
:10F18000506C019040180690C9204000101804905F
:10F1900010464230059010462D3003900792FE3203
:10F1A000029200200890A9B20122079E3046F6F78D
:10F1B00088F9F16C4143726C5418746408994118D1
:10F1C00008912D18AFB230463946F6F7E7F90646F2
:10F1D000002802D10698201AE5D4059C2088B84260
:10F1E00005D9029800880799FC31F8F76AF825805C
:10F1F000002E089D1BD10798416C019A8F1A394641
:10F20000F6F75EFA0646002811D111200001079991
:10F2100008183946F7F7B9FA0646002807D10798C3
:10F2200039462A46F6F7A0FE0646002807D0039C7A
:10F23000207DFBF717F926700020049908802846E6
:10F2400009B0F0BDF0B599B00446408E401C608610
:10F250004120275C2D20205C002808D0EDF798FF86
:10F260003846FBF7FFF83846FAF70CFFBDE21520E9
:10F27000000120180790C92040002018089020465F
:10F280002C300C90254680352046AC300690204628
:10F29000E4300B90EC4E3068EEF7EAFF0A9000285D
:10F2A0000D953ED0264614363046EFF70CF8304622
:10F2B000EEF7FDFF2878800747D409972046EFF73F
:10F2C0000FF80746254628350C980078002108914C
:10F2D000032800D0A8E03046EFF702F80346AF421B
:10F2E00015D0397803200A460240032A0AD189063C
:10F2F00000D40220385C062804D120460793F5F795
:10F3000049FD079B0D9A1068402101431160187850
:10F3100039780143C80676D40D980078C0067FD5A9
:10F3200082E009972046EEF7CEFF2046EEF7BFFFBA
:10F330000EA8002181770176059141773068EEF7BC
:10F340008BFF002814D0012518E08B2040002518E1
:10F35000EDF71EFF0C9E707DFBF784F800202870EF
:10F360003546132171700799887108990880F2E178
:10F370003068EEF72AFF0546401E85410EA8C57687
:10F380003068EEF780FF07460F90002D1ED0EDF796
:10F39000FFFE0B9DE868002802D0C188491CC1808F
:10F3A000286900280D9E0AD00C98407DEFF7D2F90D
:10F3B0004000296908189421425A521C42520EA852
:10F3C00001250576306800210591B9E00497306881
:10F3D000EEF737FF0D9F39784A09012529469143F9
:10F3E0000EAA917603900E903068EEF7CAFE0028C0
:10F3F0006ED03878C0067BD4EEF789FE38681021CD
:10F400000143396078E0069840680790EDF77FFE89
:10F41000616C081A0799401802D4E16E884203D241
:10F42000EDF7B6FE012008902046F5F798FD02287A
:10F430003DD10D9880680068C10615D4400636D5C8
:10F440000C98407DEFF7C1F80D9B98680168402249
:10F450009143016018680821884318601320FDF764
:10F4600063F8EDF7D7F822E0079700200F900E9091
:10F470000C9F787DEFF7BDF8787D0EA9EFF790FA35
:10F480003878032803D10C98407DEFF7ACFA0D9B38
:10F4900098680168102291430160186808210143AF
:10F4A00019601320FDF740F8EDF7B4F8079FAF425D
:10F4B0000B9901D0888AC88208980028099F0C9D62
:10F4C00000D045E1069801683046EFF74CF844E17A
:10F4D0003068EEF76EFE002827D00398002824D06D
:10F4E000EDF756FE0EA83D21059181770D9E23E094
:10F4F000EDF74EFE0EA80576049F0B98C068002815
:10F5000002D04188491C41800B9E306900280AD0F6
:10F510000C98407DEFF71EF94000316908184A2128
:10F52000425A521C42520D9E07E00D9E3068102137
:10F530008843306000250595049F316820200843EA
:10F540007942794189013A464027B84340183060F2
:10F55000002D27D00EA8807F00286BD10EA8C07E7A
:10F560000028099F0D9E00D0E9E0A06C00280B9DAB
:10F5700000D1C2E0354E3068D021415C01294AD12A
:10F580000568F4F783FD012800D09FE00C9800790E
:10F590000E214143306894228058C06B8068401827
:10F5A000C07994E0154620461430EEF799FE11908C
:10F5B0000178032211400EAE02917175017889061F
:10F5C00000D402220490805CF075F6F775FE307569
:10F5D000A16E61660123002D0D9A08D011681940B3
:10F5E00005D01626EDF7D4FD0EA8867722E09168A7
:10F5F0004978C90703991AD0002918D0029A032A1A
:10F600000FD13D261228EDD81946814010480142FD
:10F6100003990CD1E6E7EDF7BBFD0EA801210176B9
:10F620006AE004984078002801D03D26DAE7059882
:10F6300000280FD00C9D687DFAF714FF0EA8807F7C
:10F6400068700126099F89E0340B0020380B0020E8
:10F65000120004001D46019720460F46EEF740FEBB
:10F6600006460EA80021017741761296039110916B
:10F67000002F00D155E10C980078022814D104988D
:10F68000007831780143C80609D5276DEDF73FFDB5
:10F69000616C081AC01902D4E16E884204D2EDF7F9
:10F6A00077FD0EA80121017604984778002F00D13C
:10F6B00037E10D9800680826064000D1B0E0F4F765
:10F6C000E1FC012800D199E01C2098E00120666C43
:10F6D000EFF77FFA281A6064A16C891B0818069A54
:10F6E0005168814201D9081A50600020A06460630B
:10F6F0002046F6F7AFFC0B9D0D9E0EA8807E0128DC
:10F7000002D1A06E606604E01220FCF70DFFECF75A
:10F7100081FFE868002802D00188491C018028691F
:10F7200000280C9D08D0687DEFF714F840000B9975
:10F7300009690A5A521C0A522879F8F727FF0EA8BD
:10F74000007E01280C9D08D130681021884330606C
:10F75000204600F088FA012600E000266D7D28464C
:10F76000EEF7E7FF0D990968002805D0480705D492
:10F770002846EEF72AFF04E00807F9D52846EEF7F9
:10F7800038FF002E1FD00D9EF568002D17D009946C
:10F790000C9C607DEEF7A6FF02462946103101233E
:10F7A0002846FDF7D7F9607D099CEEF785FF0146F5
:10F7B000203508222846FDF73FF80020F060384643
:10F7C000FAF760FC01E0EEF7A2FC0A9800280CD1E1
:10F7D000EDF795FC7F2805D00546FAF751FB281870
:10F7E0000B9908702046F8F7D2FE01242046FCF75A
:10F7F000C3FEECF70FFF204619B0F0BDFC200499C2
:10F8000038420DD04878001F487002200B9988714B
:10F810001320FCF789FEECF7FDFE0EA8407D029058
:10F820000298032810D10EA8C57D022D18D1119879
:10F830004078022814D10EA8012101770D9D286877
:10F8400002210143296043E00C980078032818D175
:10F850000B98007A002814D00220109901434FE041
:10F860002046F5F76AFB002821D00C98407DEFF781
:10F87000A1F9002E0D9D2BD00C98407D00F06BFA65
:10F8800026E0119805904778F4F7FCFB012801D099
:10F890001F2600E0FF263E401FD003982067EFF7A9
:10F8A0006FFE00281DD0022010900B9D2CE00C98BC
:10F8B0000078032808D1272D06D1119840780B280D
:10F8C00002D10EA8012141770EA8012141760D9D9C
:10F8D000286880210143296001E0039810900B9D66
:10F8E00016E0059800788006C00F3218618F284610
:10F8F000EFF71EFF2067002801D0294600E0022113
:10F900000B9D1091880703D50C98407DEFF752F9B5
:10F9100011980078A98AE982202101400EA88175FA
:10F92000129E012120460491F5F7F6FA074620467B
:10F9300028300590A36F002B10D0187A00070DD542
:10F94000D86900280AD0BE4208D00598864205D062
:10F950000D990868019A9043086003E00F98002809
:10F960000C9D19D0BE421AD0059FBE4227D05869BF
:10F970009861197B039D1D731A8A511819828AB2E6
:10F980001E465B889A421CD2F2895118C90602961B
:10F990001AD10068B06117E0EEF7B9FBDDE0029321
:10F9A00003212046F5F77CFD2046EEF778FCB87879
:10F9B000272802D10EA801214177059F07E0029375
:10F9C00005E0F66902960425109828431090204619
:10F9D000F5F7BFFA05462046F5F7C1FA0EA90E7FE6
:10F9E000002E22D1012820D1012620463146F5F7EC
:10F9F00093FA074620463946EEF7AFFC3878800682
:10FA00001FD4B87827280B990C9D47D002284BD1DA
:10FA10000D99086830430860687D1F210A46FAF78F
:10FA2000F7FCA06E079908603EE0EFF7B7FD0028ED
:10FA300014D0EEF76CFB0E98002807D00C9D0498AC
:10FA400006E02046EEF781FC0C9D2DE011200C9D78
:10FA5000208520463946EEF780FC73E002980028A6
:10FA6000E7D0012DE5D0012EE3D0EEF750FB7C4826
:10FA700000688C214058029D298AEA8951181F226A
:10FA80000A401018871C20463946EEF766FC2046CF
:10FA90002946F5F797F965670C9D53E0A87D7871C5
:10FAA000E87DB871002088820D98806800680107A1
:10FAB00017D4800611D5687DEEF787FD0D9B9868F9
:10FAC000016820229143016018680421884318606E
:10FAD0001320FCF729FDECF79DFDEEF718FB0D9DBB
:10FAE00020E0002017901690687DEEF782FD687D7B
:10FAF00016A9EEF7C9FF2878022802D1687DEEF733
:10FB0000DFFFEEF704FB0D9DA86801680822914312
:10FB1000016028680421014329601320FCF704FDDB
:10FB2000ECF778FD02212046F5F7BAFCA8680168D9
:10FB30004A070C9D06D50422914301600899088864
:10FB40003043088001212046F5F7ECF9012804D163
:10FB50007878002801D0001D7870109881070D99E1
:10FB600006D50978090703D5687D00F0F4F81098E8
:10FB7000410706D520467830FCF7F2FEEFF738FD56
:10FB80001098C00726D011984578F4F77BFA012821
:10FB900001D01F2200E0FF222A40206F42801199ED
:10FBA0000B789B0602D40023037302E00123037346
:10FBB000521C4068891CFAF7C1FF206F0025C561FF
:10FBC0001199097803220A40017A11430172EFF773
:10FBD000F3FC25670EA8407E012831D10021204684
:10FBE000F5F79AF906461198017840780002401816
:10FBF0003080F7F7C9FA0546F7F7BCFA2843C0B2D8
:10FC0000FAF75AF90EA9897D202901D0022100E0D6
:10FC10000321119A5118001FC3B252789A4200D39F
:10FC20000246D2B2B01CEDF7A7F90D984068016802
:10FC300001220A4302601520FCF776FCECF7EAFC8F
:10FC40000EAD2046294600F00DF8A87D202800D0F2
:10FC500080E41198807881092046F7F791FD79E4D6
:10FC6000380B00207047FEB50446F0202058274688
:10FC70004237002802D08188491C81802546803582
:10FC80002046F7F71FFB606C01903E882046F5F791
:10FC9000DFF8024620463146F5F713FCE26C42439A
:10FCA000616C8918616400903018029086B23888BF
:10FCB000B04206D92046FE3000882146FC31F7F7D5
:10FCC00000FB286880218843286020463146F5F7EC
:10FCD00065FC064602983880002E1AD1606C0199A6
:10FCE000471A20463946F5F7EBFC0646002810D1A6
:10FCF0001120000120183946F6F747FD0646002876
:10FD000007D120463946009AF6F72EF90646002814
:10FD10000AD0C9204000251827462D37387DFAF72C
:10FD2000A1FB3E7000202880A06F002801D0C6698A
:10FD300000E000267834002E0CD03546F669287A8B
:10FD40000007F8D520462946FCF7F4FD2846EFF7D2
:10FD500011FDF0E7FEBD1CB504466946EEF70BFD4C
:10FD60000098411E0091002802D10198401E019088
:10FD700069462046EEF714FE1CBD000070B584B045
:10FD800015460A460446002B07D00A9882421FD126
:10FD90000B98684000021BD11BE0099808990123C9
:10FDA000002902D006461E4004D1002911D10221AB
:10FDB00008400ED00848006894214158C868096975
:10FDC00003AE009301962B46FCF7DEFD002800D120
:10FDD000FF24204604B070BD380B0020F0B587B07A
:10FDE000CD1EFF21FD2425421CD1002A1AD00D9ED4
:10FDF0000C990C68059406934B6882C8FF20000696
:10FE00003C46844312C603930598029006980190DD
:10FE1000684268410090C8B25207D30F3A46FFF7D4
:10FE2000ADFF0146084607B0F0BD000010B5012443
:10FE3000844008212046FAF705FD03490968942209
:10FE400089584C74C86010BD380B0020704770474B
:10FE500070470000F8B5002846D00E4601256821FD
:10FE60002846FAF7EFFC214F396894240959886035
:10FE7000B540EEB208213046FAF7E4FC396809597A
:10FE800089684D724860009675001126212E0FD0AA
:10FE900008212846FAF7D6FC396809598968891972
:10FEA000491F086038680059806885550836EDE7B5
:10FEB00028210098FAF7C6FC396809598968086052
:10FEC0000B480225012629463246FAF7A9FC396873
:10FED000095989688864064831462A46FAF7A0FC21
:10FEE000396809598968C864F8BDC046380B0020D4
:10FEF000480B00200020704700207047002070470A
:10FF000080B50A4A12683D23D25C0270012A05D0EE
:10FF1000002A08D10846F0F769FF02E00846F0F72A
:10FF20006FFF002080BD862080BDC046840B00206E
:10FF300070B50D4606460620F4F7E2FA044600289E
:10FF400003D02846EFF716FC08E0308901F0DEF810
:10FF500002460020024B0146FBF770FD204670BDB3
:10FF600030750000B0B51C461546002907D101893F
:10FF700000200622EFF7DCFB0146002809D0022012
:10FF8000488048680572486844720620F4F7B8FA59
:10FF9000B0BD8820B0BD80B5FBF7ACF880BDF0B532
:10FFA00097B0044603AE002150223046ECF7F4FF30
:10FFB0005920205C71780143717030463E302146F3
:10FFC0005A3106252A46ECF7D7FF207CF070E07DF9
:10FFD000010716D411202056002804D503A8417823
:10FFE00080220A43427003AE301D21461E31022298
:10FFF000ECF7C2FFB01D214620310822ECF7BCFF10
:020000041006E4
:1000000003E0FE21084003A9887003A80E302146B2
:10001000283110263246ECF7AFFF607C81060CD504
:1000200003AF38461E30214638311022ECF7A4FFCA
:100030007878202101437970607C40060BD503AFAE
:1000400038462E30214648311022ECF795FF78785B
:10005000402101437970A07C052108420AD003AFFA
:100060003846443021461C310222ECF785FF78786F
:10007000304301E003A84078E17A2940014303A816
:100080004170A16EE26E15911692FBF737F80546A6
:1000900000280CD0A11C01AC06222046ECF76CFF16
:1000A000A5714220052107222346FDF733FE28468D
:1000B00017B0F0BD70B594B00E4604464178801C70
:1000C0006A46FBF73EF80546002E05D0002D03D109
:1000D0006846214600F004F8284614B070BD0000C0
:1000E000F8B50C46054601208873E8780874084680
:1000F0001C30294644310226194F3246B847204663
:100100001E30291D3246B84720462030A91D08223E
:10011000B8472046283029460E3110263246B847C7
:100120002046383029461E313246B84720464830EE
:1001300029462E313246B847A86CA066E86CE066C6
:10014000687806210140E172E0210140607C0843AB
:100150006074A878010702D5FE210840E075F8BD5B
:1001600079CF041070B594B014460E464178801CC7
:100170006A46FAF7E6FF0546002807D100203070EE
:1001800069463E3106222046ECF7F6FE284614B0BA
:1001900070BDB0B594B014466A46FBF74BF80546FF
:1001A000002803D168462146FFF79AFF284614B07D
:1001B000B0BD1F207047000070B50446807B03214E
:1001C0000140258903290AD12046FFF7E8FE0028CF
:1001D00005D008210022204600F026F870BD2846F0
:1001E00000F094FF0246012000210E4BFBF726FC95
:1001F000E07C032802D1002000F0E6FF2046183002
:10020000002604223146ECF7C7FE2046314600F0B6
:100210003BF8F120A0720220294632463346FDF712
:10022000EDFD70BD30750000F8B516460C4605466C
:10023000008900F06BFF024601200027114B394670
:10024000FBF7FCFB2889FBF7BDFB0221284600F0E9
:100250001BF82846183004223946ECF79DFEE87B4F
:100260002F210140E973002E04D06878A91C00F00A
:1002700051FEFB27AF722989022002462346FDF773
:10028000BDFDF8BD30750000BCB56022825CD207B0
:10029000827A04D16032D2B2512A04D30FE05032B4
:1002A000D2B2402A0BD8094A1268B123D35C002B82
:1002B00005D0B132047D0125A540AB4313706A46D9
:1002C00011710090104600F0B2FFBCBD840B0020FD
:1002D000B0B50C466021615C01220A40A37A4068F7
:1002E000417A02D19F2B02D8B0BDB02B14D3F02B92
:1002F00015D9F12B0ED10F290CD1254659350F21D7
:1003000001222046FFF790FF29785A342046FAF759
:100310007FFFB0BD002AE7D0207E8007E4D0012215
:100320002046FFF781FFB0BDF8B51F4613460C46C7
:100330000546052219462346FFF714FE0646002F00
:1003400001D1882E04D0012228462146FFF76CFFF8
:100350003046F8BD10B50B490A68B121535CB13283
:100360000021032905D001248C401C4203D0491CE4
:10037000F7E7032103E0002801D023431370C8B23C
:1003800010BDC046840B00200001002900D00830B9
:10039000C0B270471CB5042107226C462346EFF714
:1003A00005FA62780A21042A13D86A469278012A4B
:1003B0000FD86A46D27892070BD4074909683422CD
:1003C0008A5C69460979914202D31129014600D31A
:1003D000062108461CBDC046840B002080B5127D56
:1003E0001201002900D00832D1B2044A1268531811
:1003F000B43304210722EFF7D9F980BD840B002024
:10040000F0B524490968027D12010832D2B28B1876
:10041000B5241C5D0473B6241B5D012B03D1437B03
:1004200002241C4344730B463633032515430C4604
:10043000B434655D01262E40877B374387730426DD
:100440003540C77B2F43C7731643A55D057405254B
:100450001543645D6025455DED070ED11D782C4088
:1004600007252C408474062422438918B422895C11
:100470005A780A402A404274F0BD5D7825404574A0
:10048000062422438918B422895C1A780A408274AF
:10049000F0BDC046840B0020F8B5017B427BD3073A
:1004A00001D0930705D4C37D08241C4003D09207D4
:1004B00001D0032219E0C37B0522134214D0424B22
:1004C0001B6840255D5D4A43404B9A18525DC274DB
:1004D00003461333002A0BD1002C3DD101296FD1E3
:1004E000012D6DD101226CE00122C2740346133349
:1004F0006024055D0126354003D11A240457002CE1
:1005000026D404460F342478E40704D0012A02D10B
:1005100003241C7052E0C37D1B0703D5022A01D1BE
:100520000023C376022A11D1C27BEF231340C37389
:10053000254A12684023D25C0024022A274618D399
:10054000042A0BD0022A13D1374612E0002435E0EA
:100550001D4C24683134D6E7042232E002293746A4
:1005600007D304292F4604D0022901D1274600E0F1
:10057000FF27174909684E22895C49071ED506895D
:100580001448006880690225462203232946EFF7B4
:10059000B9FA002812D001468672042048720D7202
:1005A0000024CC71052088710F73FF2048718220D0
:1005B0000871300AC8722846EFF741FB2046F8BDA3
:1005C00002221A7094E7C046840B002060270610B0
:1005D000380B0020E80A00200B49096830228A5CA9
:1005E0000123134030314A78D207520FD218CB780A
:1005F000DB07DB0ED21889784B080B43D907090FAC
:10060000511801707047C046840B002070B5054634
:100610000089FBF7FAFD464246411B4909683C2226
:10062000895C022904D0002401292AD1002828D17C
:1006300008200143A975154800684E21405C01243B
:1006400080071ED52D8912480068806902214B223F
:100650000323EFF757FA002813D0014685720420D0
:1006600048720B2008720020C871052088710E7333
:10067000FF20487182200871280AC8720220EFF713
:10068000DEFA204670BDC046840B0020380B0020E7
:10069000E80A002010B507244480446821720B4901
:1006A00009684024095D4468617201211140426873
:1006B00091724168CB724168029A0A734168039A49
:1006C0004A7340680499817310BDC046840B0020B2
:1006D000F8B50C46074601252846FFF73BFE0228E1
:1006E00001D93820F8BD06463846FFF753FE0028EA
:1006F00010D0014610480068B122825C002A03D065
:10070000B130B540AA430270002201232046FFF712
:100710000BFEF8BD2675012138462246FFF75EFE26
:100720002046FFF773FF002801D00020F8BD2046C7
:1007300000F004F8F8BDC046840B0020F0B587B087
:10074000044606A80026067021890B223046EEF7E3
:10075000EFFF00281BD00590B020A072E675E07B6B
:100760002F210140E173434F3D68207D0121049119
:10077000FFF70AFE4019B721455C38683221405C1A
:10078000022806D10820284003D1032151E0882601
:1007900061E0207EC00705D106AF3846FFF71CFF99
:1007A000387802E0607D06A90870054018202840CE
:1007B000E17D0143E175080701D4B42706E0204636
:1007C00000F031FD0146002833D1B227204600F069
:1007D000DFFC06984107C90FE173C007800FA073C3
:1007E0002046FFF70DFE2046FFF756FE0146002883
:1007F0001FD1E07C022804D1E07BC00601D44D204B
:10080000C7431C4800683521405C06A90B78627B11
:10081000617CA57C0090019102950221059D2846EE
:10082000FFF738FF20462946FFF782FB01460028E4
:1008300014D010480068B122825C002A05D0B13083
:10084000237D049D9D40AA43027001232046059A02
:10085000FFF76AFD0646304607B0F0BDE07AF821A2
:100860000140E172059831462246FFF7B7FDA772B5
:10087000F1E7C046840B0020F0B589B00C4607466E
:100880000989002515222846EEF752FF002813D0CB
:100890000646002F06D0234628330521102238466D
:1008A000EEF784FFE07D000708D42146483105AA11
:1008B000204600F031F807E0882019E005A80290F2
:1008C000019401A800F061F9112070807068032183
:1008D00001720521102205AB3046EEF789FF204654
:1008E0003146FFF725FB002802D1B620A07228462A
:1008F00009B0F0BD10B50446483010210022FCF7C5
:100900003AF9E07D000702D4B520A07210BD204660
:1009100000F03AF910BD0000F0B59BB01446069106
:1009200007460FAE00252E2230462946ECF734FB51
:100930003046103010220699ECF71EFB2036F87C6A
:1009400003280DD0022812D144480068806B0FA9FB
:100950000870020A4A70020C8A70000EC87006E025
:100960003E48016844310FA81022ECF705FB387DA2
:1009700001210591FFF708FD0290387D2946FFF718
:1009800003FD01906120385CF07106960FAE304691
:1009900028303946623106220092314B0490984744
:1009A00078780699087030462130B91C0390009A77
:1009B0002B4B98472948006801994118B4310BAF77
:1009C0003846093007220192254B98472348006892
:1009D00002994118B431B81C019A214B9847781CF0
:1009E0000699C91D059A1E4B98471D4B3846069916
:1009F000059A98471036102D07D0705D0BA9495DF8
:100A0000414007A841556D1CF5E70FA807A92246EC
:100A1000F3F7DEFA0BAE0025102230462946ECF73C
:100A2000BBFA0627304604993A46ECF7A5FAB01D02
:100A300003993A46ECF7A0FA102D07D0605D0BA998
:100A4000495D414007A841556D1CF5E70FA807A96E
:100A50002246F3F7BDFA1BB0F0BDC046840B002060
:100A600079CF0410F0B58BB00D46064600240294F1
:100A7000098915222046EEF75BFE002820D00746A4
:100A80002B4638330521102230461E46EEF78EFEE7
:100A9000E87D000716D40094344603AE284621466C
:100AA0003246FFF739FF29462831102230462646C4
:100AB000009CECF781FA01A9BC220A7002900CE0BC
:100AC00088245BE001A80A9002A8099003A8089076
:100AD000079507A800F05AF80298002806D00421CC
:100AE000012328463A46FFF71FFC1BE011207880BF
:100AF0007868042101722B464833052110223846BC
:100B0000EEF776FE28463946FFF712FA002809D19B
:100B10000198A8721B4800683521405C297C8142FD
:100B200000D928740298002828D1E87D000725D430
:100B300007A8002410222146ECF72EFAE87C0328AF
:100B40000DD0022812D10F480068806B07A90870E9
:100B5000020A4A70020C8A70000EC87006E009484A
:100B60000168443107A81022ECF706FA29464831FB
:100B7000283507A832462B46FAF7A0FC20460BB0D2
:100B8000F0BDC046840B002070477047704780B5A9
:100B9000012911D1427C530705D0C37D1B071DD508
:100BA00006231A401AD16022835C01221A400029D0
:100BB00006D0002A19D103E0002900D080BD002210
:100BC000817CCB0704D0C37D1B0701D4D12109E070
:100BD0008B0706D4490708D5D52103E0D0218172BF
:100BE00080BDD3218172002A02D000F004F880BDBC
:100BF00000F016F880BD80B56021415CC90706D1C0
:100C000011214156002902D5817E8A0602D4FFF7C0
:100C1000D3FA80BD042211438176FFF7CAFA80BD62
:100C2000F0B589B0044608A800260680218915225F
:100C30003046EEF77DFD00282DD005466020205C73
:100C4000C0060BD42746603720461C300221002204
:100C5000FBF791FF3878102101433970A07AD13821
:100C6000042875D878440079400087440219384E2A
:100C700060003C48006821461C31083008AA04AED8
:100C80003346FAF79DFB68680621017211206880DF
:100C9000227C052158E00E200021FBF757FC5FE085
:100CA00004AE08210291002230460196FBF763FF53
:100CB00020461C3008AF31463A46FAF74BFB0B2072
:100CC00068806868072606720521022228463B468E
:100CD000EEF78EFD28463146029A019B36E0112040
:100CE000688068680821017204A800211022ECF7CE
:100CF00053F9EFF7A3FF002802D004A8FAF774FB1A
:100D00000521102204AB284620E003A8067004AE9B
:100D10003146FFF7F5F808206880686809210172FC
:100D2000686803994172062128460A460DE01120A1
:100D3000688068680A21017220461C3004AE314682
:100D4000FAF7D4FB0521102228463346EEF750FD72
:100D500020462946FFF7ECF8002801D1DD20A072DB
:100D600009B0F0BDE40A002080B5827ADD2A23D1E3
:100D70008A1F042A1ED8D2217A441279520097443D
:100D8000180211070A00817C8A0702D5D32110E0DE
:100D9000817C49070CD46021415CC90704D1FFF76D
:100DA0002AFF80BDD42104E00121FFF7F0FE80BDC1
:100DB000D5218172FFF734FF80BD0000F0B585B00A
:100DC00007464068057AA81F042823D80C46887A6D
:100DD0008626D0281FD1204659300190208900F066
:100DE00095F902460020444B02900146FAF726FE90
:100DF000062D05D0092D11D0082D34D0072D3DD159
:100E0000E07D000707D4607CC00704D0062D44D1E4
:100E100028342CE08426304605B0F0BD607C800785
:100E2000F9D503AB00269E800396062138460A4674
:100E3000EEF7B3FC002845D07868407A019D287011
:100E400023465A33062138460A46EEF7AFFC287887
:100E5000012803D1A8798009032845D3617C20208B
:100E6000084360742FE0607C8007D4D538340521B6
:100E7000102238462346EEF799FC33E0607C4007A9
:100E8000C9D523464833052110223846EEF78EFC9B
:100E9000607C40210143617417E07868407AA07754
:100EA0007868807AE0772346203307210822384685
:100EB000EEF77CFC607C8021014361744007800F69
:100EC00010D102E0607C4007A5D40198C079C0072A
:100ED00005D1002620463146FFF759FE9BE7204604
:100EE000FFF76AF9029E96E70821002201232046B7
:100EF000FFF71AFA06468EE73075000080B503202A
:100F00000821F9F79FFC02490968A822885080BD92
:100F1000840B0020FEB50191032002900027304A87
:100F20003D4616461068A8240059C019801C0622A8
:100F30000199ECF741F8002831D002980328324695
:100F400009D110680059C05D8006800F01D00320D0
:100F500000E0E8B2029008376D1C032DE1D1106863
:100F60004125415DA830022936D80299CF0000689A
:100F7000C019801C164606220199EBF7FDFF306868
:100F800000591021C1550298C2B200200121154B11
:100F9000FAF754FD3068415D491C4155FEBD30688B
:100FA0000059C35DCF211940103103221A40531C50
:100FB000032A02D0DC2421401943C155032A00D161
:100FC000134609A0C05C7D21CB004343EAB2002058
:100FD0000121FAF733FDFEBD01210172FEBDC046BD
:100FE000840B0020B80B000003050A14F8B5294E45
:100FF0003168A8254959C4000A5DD3060ED493066A
:1010000046D50919930735D0FC231340521E0324FB
:101010001440E2180A7000F041F8F8BD00F03EF804
:10102000306840590019841C6520C643374665372F
:10103000194800683421405C7F1C874228D215483B
:101040000068A42540598019703668300622214670
:10105000EBF7B2FF0028EBD10E4800684059815DE4
:10106000FB2915D1102181550E20FBF75DFAEBF716
:10107000D1FAF8BD35460024082208462146EBF790
:101080008BFF3068B02144544121425C521E4254CF
:10109000F8BDC046840B0020E40A002010B50446C9
:1010A00000200121074B2246FAF7C8FC06480068D9
:1010B000A8214058E100425CCF2313402033435421
:1010C00010BDC046204E0000840B0020F8B50C4631
:1010D0000720C0430C4E05460835182D10D0316846
:1010E000A827C95908180A3006222146EBF764FFE1
:1010F00000282846F0D13068C059405DC00601D4B0
:101100000020F8BD0120F8BD840B0020B0B50D49CA
:1011100009683422895C002811D00B4A1268A43275
:101120000023DCB28C420AD270256543146864192E
:1011300024894440240501D05B1CF2E71946C8B25B
:10114000B0BDC046E40A0020840B0020F0B5014683
:101150000020002917D00C4A12683423D35C702277
:101160005A436F23DD43094B1B68A4332C4670346C
:10117000A24208D01E6875197827ED5B4D402D05F9
:101180002546F4D13019F0BDE40A0020840B00207C
:10119000B0B504460B480068AC2140584578801C27
:1011A000A11C0622EBF708FF01460020002900D011
:1011B000B0BD61788D42FBD1617B01200143617339
:1011C000B0BDC046840B002080B52822504304499E
:1011D0000968AC23C95808180021EBF7DDFE80BD73
:1011E000840B002070B50D4909683422895C702297
:1011F0004A430B490B68A43300210C46A2420AD093
:101200001D682D19EE7DF60702D02D89854201D18A
:101210007034F3E70121084670BDC046E40A00209F
:10122000840B002070471F2070471F2070477047B5
:1012300070470000002310B5040003604360836022
:1012400081814366C2810361436183611900082281
:101250005C3000F00DFA0B4B246263620A4BA36210
:101260000A4BE3620A4B23630A4B9C4205D00A4BAC
:101270009C4202D0094B9C4203D12000583000F020
:1012800053FA10BD7D140610A5140610DD140610C7
:1012900009150610900B0020F80B0020600C0020B0
:1012A00010B5034A0349044800F06CF810BDC0466D
:1012B000D00E00204D1A0610E00E002041680B4BA6
:1012C00010B50400994201D000F0C0FBA168084BA2
:1012D000994202D0200000F0B9FBE168054B994229
:1012E00002D0200000F0B2FB10BDC046900B0020E1
:1012F000F80B0020600C002010B5094B094A0421AE
:101300001A6009480022FFF795FF012209210748CA
:10131000FFF790FF022212210548FFF78BFF10BD57
:10132000C80C0020A1120610900B0020F80B002022
:10133000600C002010B5024800F0F7F910BDC0465F
:10134000D10C002010B5024800F0F0F910BDC046E5
:10135000D10C002010B50400FFF7ECFF236A002B2E
:1013600002D0FFF7EFFF10BD044B2362044B1B6854
:10137000002BF6D1FFF7C0FFF3E7C046BD12061001
:10138000C80C0020F7B51400002600900191A56854
:101390006768013F04D52468002CF8D13000FEBDF9
:1013A000AB89012B08D90E22AB5E013304D0290092
:1013B0000098019B984706436835EAE7036A70B5D1
:1013C00005000E008468002B01D1FFF7C3FF636E98
:1013D000DB0705D4A3899B0502D4A06D00F0A5F915
:1013E000A3891B0702D52369002B1FD121002800E8
:1013F00000F0D2F8002819D001256D42636EDB079A
:1014000005D4A3899B0502D4A06D00F08FF92800B4
:1014100070BD0136A360002B04DAA2699A4216DC83
:101420000A2914D023685A1C22601970A3683178E5
:10143000013B0029EDD1A360002B0FDA2200280028
:101440000A3100F067F80130D6D00A25D6E722002D
:10145000280000F05FF80130E8D1CDE723685A1C7E
:1014600022600A221A70F0E710B5034B01001868D9
:10147000FFF7A4FF10BDC046DC0E002070B50C00C5
:101480000E25495F00F022F9002803DB636D1B186D
:10149000636570BDA389024A1340A381F9E7C04682
:1014A000FFEFFFFFF8B51F008B8905000C00160049
:1014B000DB0505D50E23C95E0022022300F0F2F8F9
:1014C000A389054A28001340A38132000E23E15E60
:1014D0003B0000F00FF9F8BDFFEFFFFF70B50C0007
:1014E0000E25495F00F0DEF8A389421C03D1054AAE
:1014F0001340A38170BD802252011343A381606514
:10150000F8E7C046FFEFFFFF10B50E23C95E00F0FD
:10151000B7F810BDF8B506000D001400002804D07F
:10152000036A002B01D1FFF715FFA369A360A3890C
:101530001B0702D52369002B09D12100300000F0E0
:101540002BF8002803D001256D422800F8BD23693F
:101550002068EFB2C01A6369EDB2834205DC210056
:10156000300000F073FA0028EDD1A3680130013B90
:10157000A36023685A1C22601F706369834204D0F1
:10158000A389DB07E1D50A2DDFD12100300000F06F
:101590005DFA0028D9D0D6E72D4B70B50500186844
:1015A0000C00002804D0036A002B01D1FFF7D2FE03
:1015B0000C22A35E1A0723D4DA0607D409222A6074
:1015C000402201201343A38140423AE05B0713D538
:1015D000616B002908D023004433994202D02800CF
:1015E00000F0B2F8002363632422A3899343A3810C
:1015F00000236360236923600823A2891343A38126
:101600002369002B0BD1A0218022A389890092009D
:101610000B40934203D02100280000F06DFA0C2209
:10162000A35E01211A000A400B420BD00022A260E7
:1016300062695242A26100202269824201D11A06E7
:10164000BED470BD990700D46269A260F3E7C046BA
:10165000DC0E002030B500240139A24201D1002067
:1016600005E0035D01340D5DAB42F6D0581B30BD83
:1016700003008218934200D1704719700133F9E7D3
:10168000002370B5064D040008002B60E2F7B6FA9F
:10169000431C03D12B68002B00D0236070BDC046D3
:1016A000CC0C002070B50400080011001A000023C3
:1016B000054D2B60E2F7C3FA431C03D12B68002BC6
:1016C00000D0236070BDC046CC0C002070B5040073
:1016D000080011001A000023054D2B60E2F755FAAF
:1016E000431C03D12B68002B00D0236070BDC04683
:1016F000CC0C002070B50400080011001A00002373
:10170000054D2B60E2F75EFA431C03D12B68002BDA
:1017100000D0236070BDC046CC0C0020014B18687F
:101720007047C046DC0E002070477047704710B508
:1017300000F001F810BD002310B59A4200D110BD91
:10174000CC5CC4540133F8E770B505000C1E10D012
:10175000043C2368002B00DAE418280000F0E0F8CD
:101760001D4A1368002B05D163601460280000F047
:10177000DFF870BDA34208D9206821188B42F3D14D
:1017800019685B6809182160EEE71A005B68002B96
:1017900001D0A342F9D911685018A0420BD120689A
:1017A0000918501811608342E0D118685B6841182D
:1017B00011605360DAE7A04202D90C232B60D5E711
:1017C000206821188B4203D119685B6809182160D1
:1017D00063605460CAE7C046D80C002070B50F4E55
:1017E0000D0031680400002902D100F0EBF93060EF
:1017F0002900200000F0E6F9431C03D101256D42C9
:10180000280070BD0323C51C9D43A842F8D0291AA7
:10181000200000F0D7F90130F2D1EFE7D40C00201E
:10182000F7B50322CB1C9343083305001F000C2B94
:1018300034D20C27B94233D8280000F071F8374E63
:1018400033681C00002C2FD139002800FFF7C6FF99
:101850000400431C5FD134680094009B002B4AD1E4
:10186000002C52D023682800E3180099019300F05F
:10187000A9F9019B834248D123682800FF1A390047
:10188000FFF7ACFF013040D02368DB1923603368D9
:101890005A68002A33D1009B336019E0002BC9DA63
:1018A0000C232B600020FEBD2168C91B20D40B290E
:1018B0000AD9E2192760A34204D13260636811603B
:1018C000536005E05A60F9E76268A3420ED13260C6
:1018D000280000F02DF8200007220B30231D904334
:1018E000C21A9842DFD01B1AA350DCE75A60EFE718
:1018F00023006468A6E7009C63680093ADE71A00C4
:101900005B68A342FBD10023DAE70C2328002B609D
:1019100000F00EF8C6E70760DAE7C046D80C0020F2
:1019200010B50248FFF701FF10BDC046D00C0020E3
:1019300010B50248FFF7FAFE10BDC046D00C0020DB
:10194000F7B50C228B5E05000C001A0756D44A68C6
:10195000002A02DC0A6C002A4EDDE76A002F4BD019
:10196000002280202E682A601A004001216A02406D
:10197000034233D0626DA3895B0706D56368D21A30
:10198000636B002B01D0236CD21A00232800E76A76
:10199000216AB847A289431C06D129681D2946D867
:1019A000294BCB40DB0742D50023636023692360CA
:1019B000D20405D5431C02D12B68002B00D16065F1
:1019C000616B2E60002917D023004433994202D066
:1019D0002800FFF7B9FE002363630DE00123280010
:1019E000B8470200431CC6D12B68002BC3D01D2B67
:1019F00001D0162B1AD12E6000201EE00E69002E99
:101A0000FAD00F680E60BA1B019200229B0700D12A
:101A10004A69A260019B002BEEDDA36A32001F0021
:101A20002800019B216AB847002807DCA2894023CF
:101A3000012013431BB2A3814042FEBD019B361817
:101A40001B1A0193E6E7C046010040200B6970B500
:101A500005000C00002B02D10025280070BD0028D5
:101A600004D0036A002B01D1FFF774FC0C22A35EA3
:101A7000002BF1D0626ED20704D49B0502D4A06D76
:101A8000FFF753FE28002100FFF75AFF636E0500A1
:101A9000DB07E2D4A3899B05DFD4A06DFFF746FEE8
:101AA000DBE7000070B50E001D000E23C95E1400B8
:101AB00096B000290CDAB2898023110019401A422D
:101AC00014D18023DB0000202960236016B070BD94
:101AD0006A4600F053F80028EDDBF02301991B0261
:101AE0001940044BC9184B425941EAE700214023F1
:101AF000E9E7C04600E0FFFFF0B502268B8905004C
:101B00000C0085B0334207D02300473323602361A4
:101B10000123636105B0F0BD03AB02AAFFF7C2FF6A
:101B2000029F019039002800FFF77AFE002808D1B3
:101B30000C22A35E9A05EDD4032293431E43A68193
:101B4000E2E78023A28920601343A381039B2061E5
:101B50006761002B0CD028000E23E15E00F020F816
:101B6000002805D00323A2899A43023B1343A38193
:101B7000A389019A1343A381CCE70000002370B529
:101B8000064D0400080011002B60E2F741F8431CE9
:101B900003D12B68002B00D0236070BDCC0C00203B
:101BA000002370B5064D040008002B60E2F73EF8F4
:101BB000431C03D12B68002B00D0236070BDC046AE
:101BC000CC0C0020002370B5064D040008002B60EB
:101BD000E2F740F8431C03D12B68002B00D02360B0
:101BE00070BDC046CC0C0020F7B500258AB00E466B
:101BF0000446002804D0002E06D10C98002803DDEE
:101C0000612040010DB0F0BD0C98002804DB1028C5
:101C100004DA2079800601D48C48F3E72079410763
:101C200001D4810702D58948401CEBE740210843D5
:101C300020712046143008901CE0002081004A19D1
:101C40009219537817781B023B4397785BBA1B04B1
:101C50003F02D2783B4313430A195269401C534058
:101C600004AA53500428E9DBA26804A80899E7F7FE
:101C70007BFF009D0C992846103000908842DCDBE9
:101C8000207980061ED400291CDD002081004A191D
:101C90009219537817781B023B4397785BBA1B0461
:101CA0003F02D2783B4313430A195269401C534008
:101CB00004AA53500428E9DBA26804A80899E7F7AE
:101CC00053FFC0E00020009001900290039069460D
:101CD0000846A268E7F748FF00998722C80F5043DB
:101CE000019A4900D20F114300910199029A4900CB
:101CF000D20F114301910299039A4900D20F114367
:101D0000029103990C9A49004140284610300391F2
:101D100090421AD1002081004A1993195A781F78ED
:101D200012023A439F7852BA12043F023A43DB78D8
:101D30006F461A430B195B697F58401C7B405A4021
:101D400004AB5A500428E6DB74E0009A8723D00FD6
:101D50005843019B5200DB0F1A430092019A029BE9
:101D60005200DB0F1A430192029ACB0F52001A4322
:101D700002924A00424003920C9A0020531BDA1749
:101D80009C46920F62449210964616E081004A19D2
:101D900093195A781F7812023A439F7852BA120464
:101DA0003F023A43DB786F461A430B195B697F5851
:101DB0007B405A4004AB5A50401C8645E6DC81000B
:101DC0000A196B4652695B5867465A4004AB5A5031
:101DD0007F1A00224B19BC469E460BE073469B18A7
:101DE000F35CD7001825ED1BAB4004AD6F587B406A
:101DF0006B50521C9445F1DC002A09D0D600182201
:101E000004AB961B5D588022B24055405D5005E002
:101E100004AA53580125ED076B40535004AB6A46A2
:101E200005E081000D196D69565875405D50401CE4
:101E30000428F6DBA26818460899E7F795FE207992
:101E40000421084320710020DCE600001D0C000086
:101E5000F8B516460F46040009D0002E07D02546D7
:101E60008035E86D401E102804D31348F8BD61206A
:101E70004001F8BD2079400604D4002211462046D6
:101E8000FFF7B2FE207902210843207100201821BB
:101E90000CE0C217920F12189208920012198307D1
:101EA0005269DB0ECB1ADA403A54401CEA6D82428A
:101EB000EFDC00203260F8BD1F0C000010B50400FC
:101EC00007D002230022A16800F01AF8010003D015
:101ED0000CE06120400110BD00201022226102466A
:101EE00083001B19401C5A610428F9DB606A102822
:101EF00001D0024810BD084610BD00001D0C0000B6
:101F0000F0B5002807D0002905D05B079C0F002AF8
:101F100004D1012C02D061204001F0BD436A102B96
:101F200003D0182B01D0202B05D1012C05D0056939
:101F30006D1E102D01D31A48F0BD102B02D0184889
:101F4000801EF0BDC2600379F9252B400371012C7E
:101F500020D000231C469D002D185B1C6C61042BB7
:101F6000F9DB002313E0DC17A40FE418A408A40095
:101F700025182E461436B4461C1BD65CE4001827E0
:101F80006D693C1BA640354366465B1C35600469A1
:101F90009C42E8DC0279D20700D181600020F0BDCC
:041FA0001F0C000012
:041FA400F8B5C04686
:041FA800F8B5C04682
:101FAC005465726D696E616C00000000284E554CD2
:101FBC004C2900000D0A3D3D3D3D3D3D3D3D3D3D27
:101FCC003D3D3D3D3D3D3D3D3D3D3D3D3D3D3D0D65
:101FDC000A0000004D6F74696F6E2070726F70652F
:101FEC0072746965733A20203078253032580D0AA6
:101FFC000000000057616B6575702070726F706522
:10200C0072746965733A20203078253032580D0A85
:10201C0000000000526177494D552070726F706559
:10202C0072746965733A20203078253032580D0A65
:10203C00000000004D6F74696F6E206465736372ED
:10204C005F636F756E743A2025640D0A0000000002
:10205C0057616B6575702064657363725F636F7530
:10206C006E743A2025640D0A000000005261774915
:10207C004D552064657363725F636F756E743A209F
:10208C0025640D0A000000003D3D3D3D3D3D3D3DBC
:10209C003D3D3D3D3D3D3D3D3D3D3D3D3D3D3D3D64
:1020AC003D3D3D3D3D0D0A0D0A0000000D0A2D2D54
:1020BC002D20474154542048414E444C4520444522
:1020CC00425547202D2D2D0D0A00000053657276C8
:1020DC006963652048616E646C653A203078253000
:1020EC0034580D0A000000004D6F74696F6E204566
:1020FC0076656E74733A0D0A00000000202044656A
:10210C00636C3A20203078253034580D0A000000DA
:10211C00202056616C75653A203078253034580D86
:10212C000A0000002020434343443A202030782505
:10213C003034580D0A00000057616B6575702053E0
:10214C006F757263653A0D0A0000000052617720CA
:10215C00494D552053616D706C653A0D0A000000B5
:10216C00FB349B5F800000800010000002FF000029
:10217C0010000000FB349B5F80000080001000000A
:10218C0003FF000010000000FB349B5F8000008008
:10219C000010000004FF000010000000FB349B5FE7
:1021AC00800000800010000001FF00001000000003
:1021BC0048616E646C653A203078253034580D0ACD
:1021CC0000000000454E41424C45440044495341F7
:1021DC00424C4544000000003E3E3E204D6F746969
:1021EC006F6E204E6F74696669636174696F6E738C
:1021FC002025730A0A0000003E3E3E2057616B65A5
:10220C007570204E6F74696669636174696F6E7363
:10221C002025730A0A0000003E3E3E205261774999
:10222C004D55204E6F74696669636174696F6E7386
:10223C002025730A0A0000003E3E3E204E4F204DE2
:10224C0061746368202D20556E6B6E6F776E20481D
:10225C00616E646C6521200A0A0000003E3E3E203F
:10226C0053656E64696E6720494D55206E6F7469B5
:10227C006669636174696F6E3A2061783D256420EC
:10228C0061793D256420617A3D25642067783D2580
:10229C00642067793D256420677A3D256420696454
:1022AC00783D25640D0A00004465627567204D6514
:1022BC0073736167653A2053656E736F7220496E54
:1022CC00697469616C697A65640A000048616E64BE
:1022DC006C6520706F737369626C79206E6F7420FB
:1022EC0076616C696420616E796D6F7265210D0089
:1022FC002C0F00203E2100000700010200001E00F0
:10230C00F7000000A00F0000640002100802010397
:10231C00170001000001010101010100000100038F
:10232C0000040000000000000000545452205245EC
:10233C004747455300000000981004107C1104100E
:10234C007C1104107C1104107C1104107C110410FD
:10235C007C1104107C1104107C1104107C110410ED
:10236C007C1104100E1004103C1004107C1104108D
:10237C007C1104107C1104107C1104107C110410CD
:10238C007C1104107C1104107C1104107C110410BD
:10239C007C1104107C110410421104107C110410E7
:1023AC007C110410C61004107C1104106A10041067
:1023BC007C1104107C11041098100410303132334D
:1023CC003435363738394142434445460100000024
:1023DC000100000050070020010000000100000077
:1023EC0054070020010000000100000058070020E5
:1023FC0000F0071000080000AA02000000F8071007
:10240C00F80701000000000053544D33325742309E
:10241C000000000002000000DC09002000000000A9
:10242C0008000000740D00200000000001000000F6
:10243C007C0D00200000FFFF0000000004000000E5
:10244C00402406100000000002000000E0090020FB
:10245C000100000000000000010000005C240610D8
:10246C000100000001000000E40900202000000031
:10247C00FB349B5F8000008000100000052A0000E8
:10248C0010000000010000005C0E00204424061027
:10249C000A000000FB349B5F8000008000100000ED
:1024AC00292B0000100000000000000000000000BC
:1024BC005024061002000000FB349B5F800000805B
:1024CC00001000002A2B000010000000000000008B
:1024DC00000000000000000002000000FB349B5FC5
:1024EC0080000080001000003A2B0000100000005B
:1024FC0000000000000000006024061024C004103E
:10250C0048C0041000C004106EC0041094C0041025
:10251C0053544D333257423020CA041012CA04109F
:10252C0032CA041072CA041038CA041050CA0410FB
:10253C000403020201010101000000000000000080
:10254C00D9940410F99404107B7105108371051053
:10255C007F7105105795041077950410979504100A
:10256C00B795041035010510F79504101796041053
:10257C0037960410D7950410390105103D0105104C
:10258C0041010510450105100D0605101D1E051015
:10259C00B91E0510B31F0510AB200510BD22051088
:1025AC00BD220510D3230510AB200510AD25051059
:1025BC00AD250510AD2505108D26051049270510F4
:1025CC008F270510D3230510830085000700070013
:1025DC008300850005000700030003000F000500C1
:1025EC008200810005000300FFFFFFFFFFFFFFFFDC
:1025FC00FFFFFFFFFFFF010000000000FFFF0100D5
:10260C000000FFFFFB349B5F800000800010000087
:10261C00052A000010000000FB349B5F8000008046
:10262C0000100000292B0000100000000200000028
:10263C00030000000300000006000000030000007F
:10264C00030000003C00000070000000700000005F
:10265C00D003000070000000C3010000000C000259
:10266C000800040200011703010D03010100010120
:10267C00001302000309000309000101000101001D
:10268C0005060012020003090114180014180012A8
:10269C0003000801010801000609010609010703EE
:1026AC00020703000705001403000A02020A0100D6
:1026BC000923001102011102010E24020E09020E5F
:1026CC0010000F04000B04020B05000B0500100B8F
:1026DC0002100B000C04010D0B00092B0000F4017F
:1026EC00FA00960064004B0032001E00140000003B
:1026FC0049FD041025440510AFF005102F440510BA
:10270C002D4405109D9404102D1205109D98041055
:10271C00BB980410D9980410F7980410159904105C
:10272C00A9E905103112061045980410639804109D
:10273C00A571051089740510199504107197041072
:10274C003597041053970410FB349B5F8000008076
:10275C00001000000101020102010002010002024E
:10276C00020102010101010102000201000000004E
:08277C007CDEFD7F010000007E
:10278400FFFF00000100010001000000A706002077
:102794000100010001000000A806002001000E0055
:1027A4000E000000AC06002003070000FB349B5F12
:1027B40080000080001000000229000010000000CA
:1027C400D823061003070000FB349B5F80000080C1
:1027D400001000000229000010000000E42306108D
:1027E40003070000FB349B5F8000008000100000A2
:1027F4000229000010000000F02306100024F40059
:1028040004000000010000000200000003000000BA
:1028140032000000A8090020FFFFFFFF0000FFFFB7
:102824000100000002070000FB349B5F8000008071
:1028340000100000002A000010000000000000004A
:1028440000000000680D002002070000FB349B5FBD
:102854008000008000100000012A00001000000029
:1028640000000000000000001C2406100207000005
:10287400FB349B5F8000008000100000042A0000ED
:1028840010000000000000000000000028240610D2
:1028940002070000FB349B5F8000008000100000F2
:1028A400A62A000010000000000000000000000044
:1028B4003424061022070900FB349B5F800000804B
:1028C40000100000882B0000100000000000000031
:1028D4000000000000000000FB349B5F80000080CB
:1028E40000100000001800001000000001000000AB
:1028F400000000000000000002000000800D002025
:1029040003070000FB349B5F800000800010000080
:1029140002290000100000006C240610FB349B5FA9
:10292400800000800010000001180000100000006A
:102934000100000000000000000000000000000092
:10294400000000000201060E094C414E44534C495C
:1029540044455F455753030301FF06FFFFFF000093
:1029640000000000FFFFFFFFFFFFFFFF1FE5051052
:1029740069F005100000000003000000900B002027
:10298400E00E002000000000900B0020F80B002057
:10299400600C0020000000000000000000000000A7
:1029A4000000000000000000000000000000000023
:1029B4000000000000000000000000000000000013
:1029C4000000000000000000000000000000000003
:0400000510043FE9BB
:00000001FF
