:020000041004E6
:1000000000000120596E0410415C0410595C04107A
:1000100000000000000000000000000000000000E0
:100020000000000000000000000000007D5C0410E3
:100030000000000000000000875C0410915C0410C8
:10004000BD6E0410BD6E0410BD6E0410BD6E0410B4
:10005000BD6E0410BD6E0410BD6E0410BD6E0410A4
:10006000A15C0410BD6E0410BD6E0410BD6E0410C2
:10007000BD6E0410B95C041000000000BD6E0410D9
:10008000D15C0410BD6E0410175D04100000000068
:10009000095D04100000000000000000ED5C041089
:1000A000FB5C0410255D041000000000000000004F
:1000B0000000000000000000000000000000000040
:1000C00010B5904216D98AB2030C090C0C4659435C
:1000D00080B25343444350431B191A041B0C10189D
:1000E000594180225203002312184B41520DD8026D
:1000F000104310BD4843802252031218520D10467F
:1001000010BDC0468B0707D0013A22D30B780131CE
:10011000037001308B07F7D1830730D0DB4219D051
:100120000138043A08D308C943701B0A43801B0CEA
:1001300003710430043AF6D2D20707D30B88437018
:1001400001D08A78C2701B0A8370704701D00B7887
:1001500043707047043A06D308C903801B0C4380E0
:100160000430043AF8D2D20705D30B88038005D0B7
:100170008B788370704701D00B780370704770B430
:10018000103A03D378C978C0103AFBD2530701D391
:1001900018C918C001D508C908C0D20704D30B88F4
:1001A000038002300231002A01D50B78037070BC45
:1001B0007047C046EFF31482EFF30981154880F3CE
:1001C0001488BFF36F8FF0B543464C4655465E46E4
:1001D0006746F8B4104CEFF30883636006B4BFF3CE
:1001E0004F8F30BFC046C0460B4C646884F308880C
:1001F00082B003BCF8BC9846A146AA46B346BC46AA
:10020000F0BC04BC80F3098881F31488BFF36F8FBE
:100210001047C046000000000400002003B47146EF
:10022000490840004900095E49008E4403BC7047FC
:10023000002243088B4274D303098B425FD3030A25
:100240008B4244D3030B8B4228D3030C8B420DD338
:10025000FF22090212BA030C8B4202D312120902C6
:1002600065D0030B8B4219D300E0090AC30B8B4204
:1002700001D3CB03C01A5241830B8B4201D38B03B2
:10028000C01A5241430B8B4201D34B03C01A524157
:10029000030B8B4201D30B03C01A5241C30A8B429A
:1002A00001D3CB02C01A5241830A8B4201D38B0285
:1002B000C01A5241430A8B4201D34B02C01A524129
:1002C000030A8B4201D30B02C01A5241CDD2C3099B
:1002D0008B4201D3CB01C01A524183098B4201D317
:1002E0008B01C01A524143098B4201D34B01C01A02
:1002F000524103098B4201D30B01C01A5241C3087A
:100300008B4201D3CB00C01A524183088B4201D3E8
:100310008B00C01A524143088B4201D34B00C01AD4
:100320005241411A00D20146524110467047FFE740
:1003300001B5002000F0F0F802BDC0460029F7D05A
:1003400076E7704703460B437FD4002243088B4275
:1003500074D303098B425FD3030A8B4244D3030B4C
:100360008B4228D3030C8B420DD3FF22090212BA11
:10037000030C8B4202D31212090265D0030B8B428D
:1003800019D300E0090AC30B8B4201D3CB03C01A77
:100390005241830B8B4201D38B03C01A5241430B52
:1003A0008B4201D34B03C01A5241030B8B4201D342
:1003B0000B03C01A5241C30A8B4201D3CB02C01AAD
:1003C0005241830A8B4201D38B02C01A5241430A25
:1003D0008B4201D34B02C01A5241030A8B4201D314
:1003E0000B02C01A5241CDD2C3098B4201D3CB01BB
:1003F000C01A524183098B4201D38B01C01A52416A
:1004000043098B4201D34B01C01A524103098B426D
:1004100001D30B01C01A5241C3088B4201D3CB0058
:10042000C01A524183088B4201D38B00C01A52413B
:1004300043088B4201D34B00C01A5241411A00D2EB
:1004400001465241104670475DE0CA0F00D0494254
:10045000031000D34042534000229C4603098B42C4
:100460002DD3030A8B4212D3FC22890112BA030A4C
:100470008B420CD3890192118B4208D389019211CE
:100480008B4204D389013AD0921100E08909C30953
:100490008B4201D3CB01C01A524183098B4201D355
:1004A0008B01C01A524143098B4201D34B01C01A40
:1004B000524103098B4201D30B01C01A5241C308B8
:1004C0008B4201D3CB00C01A524183088B4201D327
:1004D0008B00C01A5241D9D243088B4201D34B0042
:1004E000C01A5241411A00D20146634652415B1084
:1004F000104601D34042002B00D549427047634665
:100500005B1000D3404201B5002000F005F802BDA9
:100510000029F8D016E770477047C04691400300A5
:1005200090409C46203A9340194352426346D34040
:10053000194370478446100062468C461900634692
:1005400000E0C0461FB501F0BBFA002801D400212D
:10055000C8421FBD10B501F0FFF94042013010BD87
:1005600010B501F0ADFA002801DB002010BD01201C
:1005700010BDC04610B501F0A3FA002801DD00202F
:1005800010BD012010BDC04610B501F029FA0028A9
:1005900001DC002010BD012010BDC04610B501F0E7
:1005A0001FFA002801DA002010BD012010BDC0464E
:1005B000844608006146FFE71FB500F0FBFC0028F9
:1005C00001D40021C8421FBD10B500F083FC404299
:1005D000013010BD10B500F0EDFC002801DB00205B
:1005E00010BD012010BDC04610B500F0E3FC00288E
:1005F00001DD002010BD012010BDC04610B500F087
:1006000091FC002801DC002010BD012010BDC04677
:1006100010B500F087FC002801DA002010BD012091
:1006200010BDC0461C2101231B04984201D3000CBD
:1006300010391B0A984201D3000A08391B09984255
:1006400001D30009043902A2105C40187047C0466B
:10065000040302020101010100000000000000008B
:10066000002B11D1002A0FD1002900D1002802D07F
:100670000021C943080007B4024802A140180290B3
:1006800003BDC04695FEFFFF03B4684601B502985E
:1006900000F04CF8019B9E4602B00CBC7047C0466F
:1006A000F0B5CE469946030C9C46130447461B0CF6
:1006B0001D000E0061460404240C80B50700100CD8
:1006C0004B436543414360432C0CC01824188C46AF
:1006D000A34203D980235B029846C4444946794328
:1006E0005643230C2D042D0C8919634424046019EE
:1006F000C918C0BCB946B046F0BDC0469E2110B571
:10070000C905041CFFF784FF002803D1201C01F059
:100710006DF810BD9E21201CC90500F0EDFD01F013
:1007200065F880231B069C466044F2E7F0B5574607
:100730004E464546DE46E0B504000D009246994619
:1007400083B08B4230D82DD04946504602F080F914
:1007500029000600200002F07BF9331A9846203B5E
:1007600034D49B4653465A46934042461F00534654
:1007700093401E00AF423BD8AF4200D179E05B46C8
:10078000A41BBD41002B00DA76E00022002300927A
:10079000019301235A46934001930123424693401B
:1007A000009329E08242CFD90022002300920193D6
:1007B0000C9B002B01D01C605D600098019903B078
:1007C000F0BCBB46B246A946A046F0BD42469B4699
:1007D00020239B1A5246DA40414613004A468A407B
:1007E000170042461F43534693401E00AF42C3D9F1
:1007F00000220023009201934346002BD8D0FB0730
:1008000072081A4346467B080EE0AB4201D1A24271
:100810000CD8A41A9D41012024196D410021013EEC
:1008200024184D41002E06D0AB42EED9013E2419CA
:100830006D41002EF8D1009801995B46001969417D
:10084000002B24DB2B005A464446D3402A00E240CA
:100850001C005B461500002B2ADB26009E4033005F
:1008600026004746BE403200801A9941009001910F
:100870009EE7A342BCD882E74246202300219B1A70
:100880000022009101920122DA40019285E742465E
:1008900020239B1A2A0046469A402300F3404446F0
:1008A00013432A00E2401C005B461500002BD4DAFB
:1008B00042462F002023260097409B1ADE403B0033
:1008C0003343CDE7F8B54B025A0A94464A00C90FA4
:1008D000CE4647468946450046022D0E120E80B58B
:1008E0009909770AC40FB609AB1A4C4520D0002BE2
:1008F0000CDD002A34D100292AD05A1E012B00D148
:100900008FE0FF2B00D1CDE013002FE0002B60D053
:10091000531B002D00D0EEE0002E00D13EE15C1E06
:10092000012B00D16BE1FF2B00D1B9E02300E7E000
:10093000002B00DCA4E0002A69D0FF2D00D1B1E03B
:100940008022D20411431B2B00DCE9E02B0005368A
:10095000F708FF2B00D1A5E07A02520AD8B230E0A6
:10096000FF2D00D19EE08022D204114301201B2BD9
:1009700008DC08002022D840D31A99400B005A1EE8
:1009800093411843361A730100D471E0B601B709D8
:100990003800FFF747FE3B000538834085424DDDB8
:1009A000B44E2D1A1E405A0768D00F221340042B54
:1009B00064D00436730161D5681CFE2D54D1FF202C
:1009C0000022C0051043E4072043C0BCB946B0462E
:1009D000F8BDFE229046681C0200404610426BD1D2
:1009E000002D00D0DDE0002E00D102E10029B3D0BF
:1009F0008022771AD204174200D136E14C468E1B72
:100A000061D00120164230D10023F708A4E7002965
:100A10009ED05A1E012B00D1CAE0FF2B42D01300FA
:100A200091E7711A4B0100D4D1E08F01BF09380062
:100A3000FFF7F8FD3B000538834001252022401BCD
:100A40000130121A1E009340C6405A1E93411E43A5
:100A500039D0730700D11BE10F2300253340042B4D
:100A6000A7D1012072017CD5C0B2B201520AA8E719
:100A7000730703D00F233340042B9AD12B0067E771
:100A8000002B23D0531B002D7BD1002E00D186E0FC
:100A90005D1E012B00D18BE0FF2B02D02B0075E0F7
:100AA0004C466746002F00D189E78022D2033A43A3
:100AB0005202FF20520A84E7771A7B016BD4002F81
:100AC00000D065E70024002000227AE7FE226B1C9C
:100AD0001A4249D1002D00D09FE0002E00D1BAE08B
:100AE000002900D1CFE07218530100D4CDE092016B
:100AF0000120520A65E7FF2AD2D08020C0040643B5
:100B000001201B2B08DC30002024D840E31A9E4033
:100B100033005C1EA34118434C4615000E1A32E701
:100B200008002022D840D31A99400B005A1E934146
:100B30000343F61873019BD50135FF2D00D13EE725
:100B400001234D49720833400A401A4316005307E7
:100B500004D00F231340042B00D02AE7730100D5E3
:100B60002AE72B00F708F7E6FF2B00D127E77118DB
:100B700049084A072FD00F220A40042A2BD00E1D05
:100B8000E6E6FF2A8DD08020C00406431B2B24DD1F
:100B900013004E1DDCE64C468F1BF9E64C460E005A
:100BA000D6E6002E49D1002968D067464C467CE73E
:100BB0007018430174D5304940080140430709D0FB
:100BC0000F230340042B05D002230E1DC0E6012392
:100BD000CF08C1E60223CF08BEE620253000D8406A
:100BE000EB1A9E4033005D1EAB41034315005E18B7
:100BF000A0E7002900D165E74C466746ACE68F1BAD
:100C00007B012ED5BF01BF093800FFF70BFD3B006C
:100C1000053883404C46013510E7002E00D140E7EF
:100C2000002900D141E78023DB039F4200D23CE74B
:100C30009C4500D339E7674637E7002900D134E700
:100C40008023DB039F4200D22FE79C4500D32CE793
:100C50004C46674629E7002900D134E70023CF0836
:100C60007AE64C460123FF0876E6002F00D129E7FB
:100C7000FF0871E6FFFFFFFBFFFFFF7D80220024DE
:100C8000FF20D2039DE6002366E60023D70863E633
:100C90000120720100D5E7E631000023CF085BE6B2
:100CA0000123C70858E6C046F0B546464F46D6462B
:100CB0004502C0B5C30F470098460E1C6D0A3F0E93
:100CC0005BD0FF2F21D08023ED00DB041D430023E8
:100CD00099469A467F3F74027300640A1B0EF60F12
:100CE000002B20D0FF2B43D080220020E400D20430
:100CF00014437F3B4246FF1A4B4672400F2B00D9EC
:100D00009DE071499B00CB589F46002D5AD1082386
:100D10009946063B74029A467300FF27640A1B0E2D
:100D2000F60F002BDED1002C3BD101234246494671
:100D3000724019430E2918D86448890041588F46DB
:100D40005346022B00D1B8E0032B6ED042462C0054
:100D5000012B40D100200024C0052043D2071043BE
:100D6000E0BCBA46B146A846F0BDFF200024F3E738
:100D7000002C20D10223FF3FD8E7002D05D104230A
:100D80009946033B00279A46A5E72800FFF74AFC4F
:100D90007627431F9D4000237F4299469A463F1A7B
:100DA00099E72000FFF73EFC431F9C4076235B42FF
:100DB0001B1A00209EE703234A461A43914603204C
:100DC000FC3397E70C239946093BFF279A4682E7B5
:100DD00003282CD0320038007F30002847DD63071D
:100DE00004D00F232340042B00D00434230103D567
:100DF0003800374B80301C40FE28B6DCA401640A62
:100E0000C0B2A9E780240022FF20E403A4E78023E6
:100E1000DB031D4201D01C420BD08024E4032C4391
:100E200064024246FF20640A96E746462C0080236F
:100E3000DB031C4364023200FF20640A8CE76D016F
:100E4000600185422DD21B230024013F0126290089
:100E500064006D00002901DB854201D32D1A344363
:100E6000013B002BF3D16B1E9D412C43B3E70123C3
:100E70001B1A1B2B00DD6DE721009E37D940BC40BB
:100E80000B00611E8C412343590704D00F211940E8
:100E9000042900D00433590113D49B0100205C0ABB
:100EA0005AE71A2301242D1AD0E7981E43425841CD
:100EB000404232000024C0B24EE74246FF200024E8
:100EC0004AE70120002447E7C4E3061004E40610C3
:100ED000FFFFFFF770B542004E024C0045026D0A5D
:100EE000120EC30F760A240EC90FFF2A10D0FF2C52
:100EF0000CD00120A2420AD1B54208D18B420FD0BA
:100F0000002A04D12800431E984100E0012070BD52
:100F10000120FF2CFBD13543F9D14B401800F6E7F7
:100F20000020F4E730B5420044024D02C30F4800F0
:100F3000640A120E6D0A000EC90FFF2A18D0FF288E
:100F40000AD0002A1ED100280AD1002D29D0002C59
:100F50002DD14800013830BD002D25D1002A01D106
:100F6000002CF6D08B4219D001205B421843F2E7E7
:100F7000002C19D1FF28F7D1002D15D100208B426C
:100F8000F2D1E8E70028EFD08B42EDD18242EBDCD2
:100F900004DBAC42E8D80020AC42DCD25800013877
:100FA000D9E7002CD7D0DFE702204042D3E78B42BD
:100FB000DAD1EEE730B5420044024D02C30F4800DB
:100FC000640A120E6D0A000EC90FFF2A17D0FF28FF
:100FD0000AD0002A1BD100280AD1002D1DD0002CD8
:100FE0002DD14800013811E0002D0ED1002A01D189
:100FF000002CF6D08B420CD15800013806E0002CB2
:1010000003D1FF2805D1002D15D0022030BD0028C6
:1010100006D101205B421843F8E7002CF6D0F8E730
:101020008B42F6D18242F4DCE6DBAC42F1D8002000
:10103000AC42EBD2E0E700208B42EAD1E6E78B42FC
:10104000E7D1F2E7F0B54F464646D6464400C0B574
:1010500046020F1C760A240EC50F002C00D1DAE0E0
:10106000FF2C74D08023F600DB041E430023994636
:101070009A467F3C7B025B0A98467B001B0EFF0F63
:10108000002B74D0FF2B00D18EE042468021D2008D
:10109000C90411437F3B2A00E4184B467A40884636
:1010A000D2B20A2B75DC4B460020022B0FDD4946DD
:1010B00001238B40A621C9000B4269D190218900F0
:1010C0000B4200D000E18821194200D0F5E04146F2
:1010D0000904090C43460800350C36041B0C360C79
:1010E000704369435E435D437618030C9B19994234
:1010F00003D9802149028C46654400041904000C80
:1011000009188E01701E86411B0C890E5B190E4357
:101110009B011E431B016CD423007F33002B00DC9A
:10112000B1E0150071070BD00F20210030400428DA
:1011300006D00436320103D56E4B1E400B008033BF
:10114000FE2B00DDBDE0B201520ADBB248E0002E0A
:1011500000D092E008239946063B9A467B025B0A40
:1011600098467B00FF241B0EFF0F002B8AD14246BE
:10117000002A64D149460132114389460A2908DC14
:101180007D400120EAB2022991DC1500002227E00F
:1011900015005346022B00D193E0032B1AD0012BEC
:1011A0002CD1002300221BE04346FF34002B55D0F6
:1011B00003214B460B4319000A2B00DC92E00F2B56
:1011C00000D08CE08022D203164203D04346134263
:1011D00000D17DE08022D20332435202520AFF2323
:1011E000D805ED0710432843E0BCBA46B146A846EF
:1011F000F0BD0123150071081E400E43230080330B
:10120000611C002B41DD720794D00F223240042A6A
:1012100000D08EE78EE7002E05D104239946033BCC
:1012200000249A4626E73000FFF7FCF97624431F96
:101230009E400023644299469A46241A1AE7404683
:10124000FFF7F0F94B46241A763C0A2BA1DC434603
:10125000053883407D409846EAB224E74A46023387
:1012600013432A007A40D2B20A2B92DC4946150079
:10127000002926D09946022019E70C239946093BFC
:10128000FF249A46F6E6150021000122D31A1B2BF3
:1012900000DD86E79E3132008E40DA40731E9E41AB
:1012A0003243530704D00F231340042B00D00432E1
:1012B000530110D50123002292E73D0046468246A5
:1012C00067E7FF2300228BE780220025D20386E711
:1012D0003D001A4383E792010023520A80E73D0054
:1012E000464677E72A0001237A408B400320D2B29A
:1012F000E9E6C046FFFFFFF7F8B54746CE46430292
:1013000080B55F0A9B0945004A009C464B02C40F0A
:10131000CE0F2D0E580A120E9909FF2A6BD0012309
:101320005E40AB1AB4424BD0002B00DCFFE0002A39
:1013300000D188E0FF2D00D1EFE08022D2041143DC
:1013400001201B2B08DC08002022D840D31A99402A
:101350000B005A1E9341184363461B1A9C46634672
:101360005B0100D4CDE063469F01BF093800FFF761
:1013700059F93B0005388340854200DCA2E0B74ABA
:101380002D1A1A4094465A0700D1C3E00F22134089
:10139000042B00D1BEE004239846C44463465B019D
:1013A00000D4B7E0681CFE2D00D0A5E0FF2000228D
:1013B000C0051043E4072043C0BCB946B046F8BDA1
:1013C000002B00DCEBE1002A46D0FF2D00D1A4E089
:1013D0008022D20411431B2B00DCFBE0052398463E
:1013E0002B00C4446246D708FF2B00D195E07A0257
:1013F000520AD8B2DCE72B00FF3B9946002918D1EE
:1014000001235E40B44200D1CAE04B46002B2DD0F0
:10141000002D00D03CE1FF236446002C00D15FE1A9
:101420005D1E012B00D174E13400FF2B74D02B0022
:1014300003E1B44200D19CE0002B17D0002DEAD08C
:10144000070034006CE00029CCD05A1E012B2BD0B1
:10145000FF2B62D0130073E70029C3D05A1E012B63
:1014600000D11EE1FF2B58D01300B4E7FE226B1C05
:101470001A420DD1002D60D06346002B00D020E130
:10148000002900D028E180220024FF20D2038FE72A
:1014900063465F1A7B0100D5FEE0002F00D065E7B0
:1014A00000240020002283E76346591A4B0100D430
:1014B00019E18F01BF093800FFF7B4F83B00053888
:1014C000834001252022401B0130121A190093404D
:1014D000C1405A1E934119438C460B1EE1D05B0755
:1014E00000D152E10F2300250B40042B00D052E71E
:1014F00001204A0100D492E0C0B263469A01520A28
:1015000056E763465B0705D00F2362461340042B62
:1015100000D040E72B0065E70700002F00D145E72A
:101520008022D2033A435202FF20520A40E7002BA6
:1015300079D1FE226B1C1A42AAD16346002B00D13E
:10154000F5E0002900D1D1E05F1A8023DB041F42BF
:1015500000D10EE1624601248A1A944600203440EC
:10156000002A00D124E701201A42C6D10023D7085F
:101570003DE7002B17D0002D00D0AFE0FF236546DC
:10158000002D00D1ADE05E1E012B00D189E0FF2BC4
:10159000C2D01B2E00DCABE04B1D9C46130021E7A4
:1015A0004B46002B70D1FE226B1C1A425ED1002DDF
:1015B00000D0C3E06346002B00D1D0E0002900D169
:1015C00094E00A006244530100D4D8E09201012063
:1015D000520AEDE608002022D840D31A99400B00A9
:1015E0005A1E934103439C4463465B0189D50135F0
:1015F000FF2D00D1DAE66246012319491340520853
:101600000A401A43130094465B0704D00F2313408B
:10161000042B00D0BFE663465B0100D5C2E66346FB
:10162000DF082B00E3E6531B002D00D1F4E68020F9
:101630006446C0040443A446340001201B2B09DC8B
:1016400020256046D840EB1A65469D402B005D1E64
:10165000AB4118430B1A9C46150080E6FFFFFFFBC9
:10166000FFFFFF7DFE226B1C1342A3D0FF2B00D196
:101670009CE6614449084A0749D00F220A40042ADF
:1016800045D00A1D9446ADE6002D00D176E78DE6E3
:101690003400FF2000228BE663460124CF1A344039
:1016A00064E661444B016DD5480844490140430755
:1016B0002CD00F230340042B28D00B1D9C46022363
:1016C00090E6002900D12BE78023DB039F4200D264
:1016D00026E7984200D323E70124344007001FE7A0
:1016E00034008C467EE60123CF0880E600237EE6A8
:1016F00020206546801B854063462800F340451E38
:10170000A84103439C4615008C446DE70223CF0893
:101710006DE60F1B7B0128D5BF01BF093800FEF71E
:1017200081FF3B000538834034000125CAE60029CB
:1017300000D1B5E601240700344058E66346002B8B
:1017400000D1E9E6002900D1EAE68023DB039F42CD
:1017500000D2E5E6984200D3E2E60700E0E6002981
:1017600000D19EE60023CF0841E634000123FF08A4
:101770003DE6002F00D193E60023FF0837E6002363
:10178000D70834E60123CF0831E680220B00D204CB
:1017900001201340114200D0AEE6CF0827E6002B0F
:1017A00000D15FE7561B002D01D13300E7E680230F
:1017B0006046DB0418438446EBE6C046FFFFFF7D2E
:1017C00043024A02400049005B0A520A090E000E19
:1017D000FF2806D00020FF2902D1531E9A41100095
:1017E0007047FE38002BFBD1F4E7C04641024200AF
:1017F000C30F490A0020120E7E2A03DD9D2A02DD56
:10180000094A98187047802000040143952A07DC94
:101810009620821AD1404842002BF3D10800F1E70C
:10182000963A9140F7E7C046FFFFFF7F70B500286A
:1018300012D0C317C5185D40C40F2800FEF7F2FE92
:101840009E231B1A962B0FDC082838D008388540B9
:101850006D026D0AD8B202E0002400200025C00508
:101860002843E407204370BD992B14DC421F9540A8
:101870002A001549114055071CD00F252A40042A7B
:1018800018D00431CA08490115D59F235202181AED
:10189000550AC0B2E3E705222900121AD14002001E
:1018A0001B3295402A00551EAA410A4306491140A1
:1018B0005507E2D1CA085202550AD8B2CFE76D02E5
:1018C0006D0A8E30CBE7C046FFFFFFFB10B5041E4C
:1018D0000DD0FEF7A7FE9E231B1A962B0CDC0828C2
:1018E00034D0083884406402640AD8B201E0002091
:1018F0000024C005204310BD992B13DC421F9440E7
:10190000144A224061071CD00F212140042918D01D
:101910000432D408520115D59F236402181A640AB0
:10192000C0B2E6E7020021001B3291400A00511EBE
:101930008A410521091ACC401443064A2240610716
:10194000E2D1D4086402640AD8B2D2E76402640A1D
:101950008E30CEE7FFFFFFFBF0B55746DE464E4622
:101960004546E0B50D000400E80F83460903D80F93
:10197000090B824619488C461F0369005E00490D19
:101980003F0B760D814218D086420FD00120B14224
:101990000DD1BC450BD1944209D1D3451CD00029AF
:1019A00005D160462043431E984100E00120F0BC71
:1019B000BB46B246A946A046F0BD01208E42F6D1F4
:1019C000614639430F0017432743F0D15B46524627
:1019D000981A431E9841EAE70020E8E7FF07000055
:1019E000F0B557464E464546DE46E0B50D000E03BF
:1019F0004900490D8A46DF0FE90FBC4683B02F4FDF
:101A0000040080460191580019039146360B090BDA
:101A1000400DBA451DD0B8420DD05746002F2AD1EF
:101A20003443002824D10A4336D0002C41D16346E8
:101A30005800013815E0114338D15346002B01D12D
:101A40002643F4D0019B634507D1019B5800013820
:101A500007E026432AD1504521D00120019B5F4257
:101A6000384303B0F0BCBB46B246A946A046F0BD21
:101A7000002CDCD0E6E70028EFD0019B6345ECD1D9
:101A80008245EADCE1DB8E42E7D8DED1C845E4D806
:101A90000020C845E5D2D8E7002CE2D0DDE71143AD
:101AA00004D1019B6345D8D10020DAE702204042EF
:101AB000D7E7019B6345E6D0CFE7C046FF070000AC
:101AC000F0B557464E464546DE46E0B50D000E03DE
:101AD0004900490D8A46DF0FE90FBC4683B02E4FFF
:101AE000040080460191580019039146360B090BFA
:101AF000400DBA451ED0B8420DD05746002F27D111
:101B00003443002833D10A4334D0002C40D16346FB
:101B10005800013815E0114312D15346002B01D172
:101B20002643F4D0019B63451DD00120019B5F42F9
:101B3000384306E0264303D15045F6D111431CD06B
:101B4000022003B0F0BCBB46B246A946A046F0BD99
:101B50000028EAD0019B6345E7D18245E5DC02DB42
:101B60008E42E2D80ED0019B58000138E9E7002CE4
:101B7000CDD0D7E7002CE4D0D7E7019B0020634508
:101B8000DFD0D2E7C845D0D80020C845D9D2EAE78F
:101B9000019B6345E4D0C8E7FF070000F0B5574656
:101BA0004E46DE464546E0B51F000B031B0B1600F4
:101BB0009A46CA0F4B000400914685B05B0D00D1D8
:101BC000CFE1CD4A934255D05146420FC9000A4356
:101BD000802109041143C2009046C84A8A469346B0
:101BE0009B440023002502933C037B00FA0F0196DF
:101BF000240B5B0D009200D188E1BF4A934200D1D3
:101C000092E0BE4A944663449B440A2D42DCE400C1
:101C1000730F23438024494624041C43F30001939B
:101C2000009B00205940CBB20393022D00DC94E0CE
:101C30000123AB401D00A6232A00DB001A401D42F1
:101C400000D029E290239B001D4200D14DE20023E9
:101C5000802499462403A84B10004A461B052343C1
:101C6000D2071343190005B0F0BCBB46B246A946E3
:101C7000A046F0BD52460243904600D0ACE19B46E0
:101C80000223924608250293AEE7009BA24699469E
:101C9000019B9846029B022B00D1CAE1032B00D185
:101CA00092E1012B10D1002300240022D4E701226D
:101CB0007B083A4013435246D20713439846534693
:101CC0005B089A46039B99465B46581C8023DB00C1
:101CD0005B44002B00DCB1E1424652070BD00F22DF
:101CE00041460A40042A06D04246111D4145924110
:101CF0008846524292445246D20106D55246804B03
:101D00001A4080239246DB00C3187E4A934200DDCE
:101D10008FE14246D108524652070A4351465B05BD
:101D20004C02240B5B0D97E7734B26439C46E34420
:101D3000002E00D16FE1032349461D43009B59400B
:101D4000CBB203930A2D00DD33E10123AB401D002C
:101D50000323029388222A4297D142464346120423
:101D6000120C160001981D0C030C0004000C4643D5
:101D7000B4461E006E430096160007005E4361469F
:101D8000B0466F430E0CB8444644B74205D9802193
:101D900049028846009F4744009761460904090CA0
:101DA000370C36048C463100614401911100260C39
:101DB0002404240C61438C46210069438946614612
:101DC000090C884672434A4442447543914503D9FD
:101DD0008021490288464544110C88466146090421
:101DE000090C8C4612046244B91802915146090C40
:101DF0008C4651460F043F0C390041434544884608
:101E0000614641438A4641466046090C894658432B
:101E10007B4353444B449A4503D980214902894668
:101E20004844190C894641460904090C8846390082
:101E300061431B044344884661464C4371438C46CE
:101E4000414677430E0C3F19F6194844B44203D972
:101E5000802149028946CC440299009F8946310479
:101E60004F4489464146974292410C04240C4C440D
:101E7000FF1852426419A1189F429B41884682462E
:101E80005B42994690459241AC42A441C244D14440
:101E900052426442144399459B41824592415B42C0
:101EA000524213434A46360CA419E31863445B02BA
:101EB000D20D1A43019992467A020A43501E82417A
:101EC000FF0D17434A4652021743B846DB0100D5BF
:101ED000EDE60D4B039A5B449146002B00DCACE031
:101EE0003A00520700D110E70F2258463A40042A20
:101EF00000D0F9E609E7C046FF07000001FCFFFF3C
:101F0000FFFFFFFEFE070000FF0300002200324338
:101F10006FD0002C00D1C2E02000FEF783FB02004E
:101F200003000B3A1D20821A30001900D0400839F6
:101F30008C400200224334008C405946CB1A86491B
:101F40008B469B440A2D00DDA4E64946009B019484
:101F50005940CBB2140000200393022D00DD67E648
:101F6000FBE65346034398463CD05346002B00D132
:101F7000A3E05046FEF756FB0B235B429C46020053
:101F8000844411005046083988401D23804660462D
:101F90001B1A2000D8400300404603439A46230002
:101FA0008B4098466C4B00259B1A9B46002302935E
:101FB0001AE60F2D00D0C9E0802352461B031A42B7
:101FC00002D01C4200D192E08024534624031C43DB
:101FD00024034246240B3EE69B46032380460C2501
:101FE000029301E600239A469B460133042502939F
:101FF000FAE501210D430A2D00DD4BE64946009824
:102000004140C9B20391022D00DC96E00023002478
:10201000012001930CE649460223009A2B435140CC
:10202000CAB203920A2B00DD34E6002D57D1039B80
:10203000994600240022494B0EE658460121C91A50
:10204000382900DD2FE61F2956DD1F225446524253
:10205000D31ADC40202907D0414B42469C465346C8
:10206000604483401A43904642460721531E9A41DA
:102070000B00224313400024114209D00F231340C8
:10208000042B5DD0111D91429B410A005B425B070E
:10209000D2081A430023DFE5039B9946FAE501982D
:1020A000FEF7C0FA02000300153220331C2A00DCC0
:1020B00038E7019A083882403FE7FEF7B3FA152364
:1020C0009C4684440200634620321C2B00DC58E707
:1020D000002398462300083883409A4662E71D0093
:1020E0000023002402200193A2E5029032E61C4363
:1020F000009B019A9946AEE51A4B5246C3184046DA
:102100009A40C8400243404698400300581E83410D
:1021100054461A43CC40530709D00F231340042BD5
:1021200005D0131D934292415242A4181A00230273
:1021300008D50123002400228EE5894600248BE582
:102140000023A5E763076402240BA1E7009BA246D6
:102150009946019B984637E70DFCFFFFFF070000FB
:102160003E0400001E040000F0B557464E464546AA
:10217000DE46E0B583B0009001910C034D00CE0F18
:10218000610A009C5F00640F0C4300990092019368
:10219000C80019037B0D9946019BCC4FDB0F9C4671
:1021A0004B0A00998046490F1943009B8B46DA0081
:1021B00092466D0DB94500D1BFE0012361465940FB
:1021C0004B468C46EB1A8E4275D0002B00DCA3E206
:1021D0004946002900D1CEE0BD4200D100E20127EE
:1021E000382B19DC802759463F0439438B461F2B77
:1021F00000DDFAE12027F91A8C4659466746B940B6
:102200000F001100D9400F4361468A40511E8A4198
:102210005946D9401743641AC71BB842804140420F
:10222000241A230200D440E16402640A002C00D185
:1022300054E12000FEF7F6F90300083B20213800A6
:10224000CA1AD0409C4002009F4022439D4200DDBC
:10225000A6E1581B0130091A3C008F40C4407B1E88
:102260009F4113008B4027431F43C2403B00140093
:102270000025134300D1F7E17B0700D177E30F235B
:1022800038003B40042B04D0381DB842BF417F4288
:10229000E419230200D468E38C4B01359D4200D140
:1022A000F4E08B4B6D051C406D0D6707C0086402A0
:1022B0000743240BECE0002B00DC29E3494600290E
:1022C00000D0D6E05946114300D12EE1591E012B12
:1022D00000D1E6E1BB4200D182E101270B003829A1
:1022E00014DC1F2B00DD3CE22027F91A8C465946EE
:1022F0006746B9400F001100D9400F4361468A403C
:10230000511E8A415946D940174364183F188742E5
:10231000804140422418230200D4C6E06B4B0135B3
:102320009D4200D1B2E00121694B7A081C4039403E
:102330000A43E707174364089EE7664B11438A4642
:10234000EB18002928D066452CD0002B5BD0002D3F
:1023500000D12CE15B4666465F07D2081743DD08D3
:102360003B002B4300D1E2E0802424032C432403D0
:10237000564D240B8CE05946114300D1D5E0591E2F
:10238000012B00D1B9E1BB4200D1B1E101270B0023
:10239000382900DD40E72AE76146012779408C466D
:1023A0006645D2D1002B00D1C5E0002D00D055E10B
:1023B0004B462500054300D112E2591E8C46012BE5
:1023C00000D149E2414DAB4200D18FE201273829CB
:1023D00011DC63461F2B00DD5BE2614620232700F2
:1023E0005B1A050098409F40CD40431E9841CC4069
:1023F0002F430743A344BF189742924152425A4485
:1024000014004D4687E7344F6B1C3B4200D0B6E0CA
:102410005946230011430F000343002D00D026E14D
:10242000002B00D1C0E1002900D1A1E0831A984619
:102430005B464045AD41E31A6D425B1B80252D0490
:102440002B4200D14BE15B46101A824292411C1B89
:102450000700012663465242A41A27431E40002F5C
:1024600000D142E12C4200D16DE2194B01251C4004
:102470001BE7BD4200D13BE10127382B00DD45E7DA
:10248000802759463F0439438B462AE7002400271A
:102490002D052543F60735433800290003B0F0BC6D
:1024A000BB46B246A946A046F0BD7B0704D00F2329
:1024B0003B40042B00D0E7E62B00F808034A6707EF
:1024C0000743E508934200D14AE7A5E0FF07000073
:1024D000FFFF7FFF01F8FFFFFE0700003800FEF757
:1024E000A1F8030018331F2B00DCA7E63A000838D8
:1024F00082409D4200DD8AE05B1B581C1F2800DCE7
:10250000D8E117001F3BDF40202805D040231B1ACD
:102510009A40531E9A4117430025002F00D1E5E051
:102520007B0700D0ABE62C00C6E7C008C6E7002753
:102530000024D14DACE7D14F6B1C3B4271D123003D
:102540000343002D00D04EE15746002B00D1B5E1EA
:10255000002F0DD08318834280415C4440422418F0
:10256000220200D5C8E11F009846274300D1BCE0F5
:1025700043466707DB081F43E50800234CE0831A46
:1025800098465B464045BF41E31A7F42DB1B1F0272
:102590007CD447461F4300D1A6E01C00474645E6D1
:1025A000B74CED1A14407B0700D080E784E74B4618
:1025B0002500054366D05F1E012B00D1FCE0AE4D27
:1025C000AB4200D15EE16646382F00DCB4E001206A
:1025D000171ABA4292415B4652424D469C1A20E677
:1025E0006707C0080743E508BAE61F005946203FC1
:1025F000F9400F00202B05D04021CB1A59469940B5
:102600000A43924653465A1E93411F4304E6EB1A6F
:102610009B4D15406F07ED082C035D05240B6D0DD8
:1026200036E7954DAB4200D1D6E0821821008242B8
:102630008041594440420818C707520817434408CC
:10264000520700D485E10F221D003A40042A00D031
:102650001AE6FF08640727430509DDE75B46D20851
:102660005F071743DD087BE60027002410E7002BF7
:1026700000D0D6E0002900D02FE1802400267E4D36
:10268000240305E766465C46D00817E75B46171A41
:10269000BA4292411C1B012663465242A41A1E40B4
:1026A000C4E58318834280415C44404225182A02D5
:1026B00000D4DAE0724A5B081540EA071A43690859
:1026C0005B0700D44AE10F231340042B00D1FCE048
:1026D000171D9742A441644202256418ECE6474660
:1026E0001C001F4300D043E7002600250024CFE64E
:1026F000C00867070743E50832E6871A5B46B84219
:102700008041E41A4042241A230228D46307FF08B8
:102710001F43E50801237FE7002B00D173E64B46FA
:102720005F1B3B00002D00D142E7382F00DDECE0BD
:1027300080230E001B041C431F2F25DC20252300B3
:10274000ED1B0100A840AB40F940451EA8410B43DA
:10275000FC4018435B461B1B9B4639E76646012538
:1027600062E51F005946203FF9408C46202B05D0DA
:1027700040275946FB1A99400A43924657467B1E0A
:102780009F4163461F43C1E53B002500203BDD40E0
:10279000202F04D04023DB1B9C4020438046404632
:1027A000431E9841284313E700299DD00126634624
:1027B0005C4690461E40DBE6171A5B46BA429241E1
:1027C0001C1B5242A41A2302C8D46307FF081F43EC
:1027D00066460123E5081FE71D000024002757E691
:1027E0005C46D0086AE6002B00D137E75346C008A4
:1027F00067070743E508002B00D1B1E580231B03E1
:102800001D4208D05946C808184204D1D2084907C9
:102810000A43170005007B0FFF00FF085B071F43FB
:102820009EE5C00863071843E508002953D08023BC
:102830001B031D420AD05946CC081C4206D1012672
:1028400063462500D008490708431E40470FC000D3
:10285000C0087F07074383E58318934292415C4495
:102860005242A5182A0200D524E76F07DB081F4350
:10287000ED080123D0E6C046FF070000FE07000078
:10288000FFFF7FFF5B46D2085F0766461743DD0800
:1028900066E52500203BDD406346202B05D0402324
:1028A00061465B1A9C402043804647467B1E9F4101
:1028B0002F43A0E520210027091AD2E4002F00D1E0
:1028C00013E75C4617000025F6E5D7084907022301
:1028D0000F432D09A0E6070042E55B4601265F078E
:1028E000DD086346D20817431E4039E55B46D2082F
:1028F0005F071743DD0833E51E4ADB082240570710
:10290000520201251F43140BC2E50E0001205FE6B1
:10291000002B0DD04B465B1B9C46002D00D148E59B
:102920000127382B00DD66E580231B041C4350E59E
:102930006B1C114D2B4200D073E659462300114306
:102940008A46034300E66707C00800230743E508FB
:1029500062E66407FF08274305095DE6D2084907D8
:1029600011430F0002232D0956E60700A4E53800A5
:102970008FE4C046FFFF7FFFFE0700000B00020050
:1029800070B5164D0C0382B04900002000920193EF
:10299000240B490DDE0FA94204DD1148814203DDFD
:1029A000104BF01802B070BD8020400320430E4C45
:1029B000641A1F2C08DD0D4B5B1AD84003005842E7
:1029C000002EEFD11800EDE7094B009A9C4603005A
:1029D00061448B40E2401343F1E7C046FE03000030
:1029E0001D040000FFFFFF7F3304000013040000FC
:1029F000EDFBFFFF70B5002816D0C317C5185D406A
:102A0000C40F2800FDF70EFE104B1B1A5B055B0D73
:102A10000A2814DC02002E00153296400B22121AEE
:102A2000D5402D032D0B03E00024002300250026B4
:102A30001B052B43E40723433000190070BD0B38FE
:102A400085402D0300262D0BF2E7C0461E04000032
:102A500010B5002903D1FDF7E5FD203002E00800A4
:102A6000FDF7E0FD10BDC04680B582B000AF254B3C
:102A70003B603B68A8220021180029F0BFFA3B68A0
:102A800003221A613B6803225A613B681E4A9A611D
:102A90003B681E4ADA613B68802252011A623B6839
:102AA00000229A623B6800225A623B680022DA6286
:102AB0003B68154A1A663B68154A5A663B681022FD
:102AC0009A663B6800221A673B680022DA663B6818
:102AD00000225A6700237B600CE07B680F22D31A28
:102AE0000C4AD15C3A687B68D3180A1C1A707B6860
:102AF00001337B607B680F2BEFD9C046C046BD46D3
:102B000002B080BD2C010020CCD30610D4010020DF
:102B1000D411002040E4061080B58AB000AFF86000
:102B2000B9607A6000233B62FB68DB68FB61FB688D
:102B30001B69BB61BA69FB699A4205D9BA69FB692D
:102B4000D31A013B7B6207E0FB689A68B969FB69AD
:102B5000CB1AD318013B7B62FB689A68FB69D21AD7
:102B60007B6A934200D913007B627A6A7B68934246
:102B700000D913007B62FB685A68FB69D3187B613C
:102B80007A6AB9687B69180029F09BFA3A6A7B6A0D
:102B9000D3183B62BA687B6AD318BB607A687B6AD9
:102BA000D31A7B60FA697B6AD318FB61FB689B6868
:102BB000FA699A4201D10023FB61FB68FA69DA6085
:102BC0007B68002BB3D13B6A1800BD460AB080BDBC
:102BD00080B588B000AFF860B9607A60FB68DB68E8
:102BE000FB61FB689A68FB69D31ABB61BA697B68B1
:102BF0009A4210D9FB685A68FB69D3183B617A681E
:102C0000B9683B69180029F05CFAFA697B68D21848
:102C1000FB68DA601EE0BB697B61FB685A68FB6990
:102C2000D3183B617A69B9683B69180029F049FA01
:102C30007A68BB69D31A7B61FB685B683B61BA68E1
:102C4000BB69D1187A693B69180029F03AFAFB6828
:102C50007A69DA60C046BD4608B080BD80B586B0EE
:102C600000AF78607B681B693B617B68DB68FB6059
:102C70003A69FB689A4208D87B689A68FB68D21A5E
:102C80003B69D318013B7B6104E03A69FB68D31AC6
:102C9000013B7B617B691800BD4606B080BD00002A
:102CA00080B588B000AFF860B9607A60BB68BB617E
:102CB000FB685A1C13005B009B18DB00234A9B181F
:102CC0007B617B695B69022B2ED036D8002B02D04A
:102CD000012B16D031E07B691800FFF7BFFF03001E
:102CE0003B613A697B689A4202D20023FB6127E08C
:102CF0007B68FB617A68B9697B691800FFF768FF38
:102D00001EE07B691800FFF7A9FF03003B613A69E9
:102D10007B68934200D91300FB61FA69B9697B694A
:102D20001800FFF755FF0BE07A68B9697B69180056
:102D3000FFF7F2FE0300FB6102E00023FB61C046E7
:102D4000FB691800BD4608B080BDC0462C010020BC
:102D500080B588B000AFF860B9607A600F4BFB6156
:102D6000FB691B78DBB2532B01D0FFF77DFEEFF33D
:102D70001083012181F31088BB617A68B968FB6810
:102D80001800FFF78DFF03007B61BB6983F3108898
:102D90007B691800BD4608B080BDC0462C010020EC
:102DA00080B584B000AF78600A00FB1C1A707B68A5
:102DB0009B68FB60FB685A1C7B685B689A420FD873
:102DC0007B681A68FB68D318FA1C12781A70FB68C3
:102DD0005A1C7B689A607B68DB685A1C7B68DA60E7
:102DE0007B689A687B685B689A4215D17B68186932
:102DF0007B6819687B689B681A00FFF7A9FF0200CF
:102E00007B689B689A4204D07B6801225242DA6058
:102E100002E07B6800229A60C046BD4604B080BDD7
:102E200080B58AB000AFF860B9607A603B60BB687B
:102E30003B6201237B620123FB6108E07968386A09
:102E4000FDF7F6F903003B62FB690133FB613A6A67
:102E50007B689A42F2D23A68FB699A4201D93B6890
:102E6000FB617B6B012213402BD13B6B002B28D0E5
:102E70007B6B0222134007D03B68002B04D11B233D
:102E8000FB1830221A7003E01B23FB1820221A7053
:102E90000EE03B6B013B3B631B23FB181A78FB687E
:102EA00011001800FFF77CFFFB68DB68002B07DBD5
:102EB0003B6B002B05D0FA693B6B9A42E9D300E0EB
:102EC000C046FB68DB68002B57DB3B68012B03D94E
:102ED0003B68013B3B600AE0796AB868FDF7A8F9F6
:102EE00003007B617A697B689A4200D204E07B6AC6
:102EF0007A6853437B62E8E7796AB868FDF798F926
:102F000003007B617B697A6A5343BA68D31ABB605A
:102F10001C4A7B69D3181A78FB6811001800FFF768
:102F20003FFFFB68DB68002B09DB7968786AFDF7F7
:102F30007FF903007B627B6A002BDDD100E0C04695
:102F40007B6B0122134018D03B6B002B15D00BE09C
:102F50003B6B013B3B63FB6820211800FFF720FF20
:102F6000FB68DB68002B07DB3B6B002B05D0FA69A5
:102F70003B6B9A42ECD300E0C046C046BD460AB067
:102F800080BDC046D8E4061090B589B002AFF860A5
:102F9000B9607A603B60BB68DA179B1853403B61AD
:102FA00001237B6109E07B6819003869FDF7CAF9E4
:102FB00003003B617B6901337B617B683A699A421C
:102FC000F1DA3A687B699A4201D93B687B61BB6A56
:102FD000002B09D0BB68002B03DBFB6A04221340E3
:102FE00002D0BB6A013BBB62FB6A0222134002D0E3
:102FF0003B68002B1CD0FB6A0122134018D1BB6A2E
:10300000002B15D00BE0BB6A013BBB62FB682021A3
:103010001800FFF7C5FEFB68DB68002B07DBBB6A07
:10302000002B05D07A69BB6A9A42ECD300E0C04617
:10303000FB68DB68002B4BDBBB68002B08DABB6846
:103040005B42BB60FB682D211800FFF7A9FE08E07A
:10305000FB6A0422134004D0FB682B211800FFF701
:103060009FFEFB68DB68002B32DBFB6A0222134009
:103070001FD0FB6A012213401BD13B68002B18D1E3
:10308000BB6A002B15D00BE0BB6A013BBB62FB683F
:1030900030211800FFF784FEFB68DB68002B07DB9C
:1030A000BB6A002B05D07A69BB6A9A42ECD300E078
:1030B000C046FB68DB68002B0ADBB9683C687A68AD
:1030C000F868FB6A0193BB6A00932300FFF7A8FE30
:1030D000C046BD4607B090BD90B5A5B002AFF86040
:1030E000B9607A6054217B181422BA181A607B18D0
:1030F00040225A607B1800229A607B18FA681A6195
:103100007B180022DA6087217B18BA6812781A705F
:10311000BB680133BB607B181B78002B00D1A2E198
:103120007B181B78252B00D08DE100237B670123C2
:103130008022BA18136087217B18BA6812781A7037
:103140007B181B78302B10D027DC2D2B05D024DCEE
:10315000232B1AD02B2B10D01FE07B6F012213439F
:103160007B67BB680133BB601CE07B6F02221343AB
:103170007B67BB680133BB6014E07B6F04221343A1
:103180007B67BB680133BB600CE07B6F0822134395
:103190007B67BB680133BB6004E000238022BA1860
:1031A0001360C0468023FB181B68002BC3D100238B
:1031B0003B6787217B18BA6812781A707B181B78D6
:1031C0002F2B12D97B181B78392B0ED8BB680133F3
:1031D000BB603A6F13009B009B185B001A007B18C2
:1031E0001B78D318303B3B67E3E77F217B18002235
:1031F0001A700023BB6787203B18BA6812781A70D0
:103200003B181B782E2B34D1BB680133BB60BB68E5
:103210001B782A2B0DD1BB680133BB607B180122C0
:103220001A707B681B68191D7A6811601B68BB6780
:103230001FE087217B18BA6812781A707B181B78F8
:103240002F2B16D97B181B78392B12D87F23FB180C
:1032500001221A70BB680133BB60BA6F13009B0078
:103260009B185B001A007B181B78D318303BBB6798
:10327000DFE78723FB18BA6812781A708722BB1819
:103280001B786C2B03D0BB181B78682B08D1BB684C
:103290000133BB608723FB18BA6812781A70EDE718
:1032A0008723FB181B78252B00D1C0E000DAC5E08E
:1032B000782B00DDC2E0582B00DABFE0583B202B12
:1032C00000D9BBE09A00784BD3181B689F467B68F7
:1032D0001B68191D7A6811601B688022B9180B6081
:1032E0006B217B18BA1812681A707B181A7854234D
:1032F000FB1811001800FFF753FDA0E07B681B6866
:10330000191D7A6811601B6880217A181360BA6FE2
:103310007B1819685423F8187B6F01933B6F009357
:1033200013000A22FFF730FE89E07B681B68191D35
:103330007A6811601B688022B9180B60BB18196885
:10334000BA6F5423F8187B6F01933B6F00931300FF
:103350000A22FFF765FD72E07B681B68191D7A6819
:1033600011601B688022B9180B60BB181968BA6F0E
:103370005423F8187B6F01933B6F009313001022C6
:10338000FFF74EFD5BE07B681B68191D7A681160D2
:103390001B68FB66FB6E002B05D1444BFB667F234D
:1033A000FB1800221A7087217B18FA6E12781A70A7
:1033B000FB6E0133FB667B181B78002B1DD07F232F
:1033C000FB181B78002B02D0BB6F002B17D0872374
:1033D000FB181A7854243B1911001800FFF7E0FC81
:1033E000BB6F013BBB673B19DB687F217A187918FB
:1033F00009781170002BD6DA21E0C0461FE0C046E4
:103400001DE07B681B68191D7A6811601B688022AB
:10341000B9180B60BB1819685423F81800230193DE
:103420000823009308231022FFF7FAFC07E0542337
:10343000FB1825211800FFF7B3FC00E0C046BB686D
:103440000133BB6008E08723FB181A785423FB186C
:1034500011001800FFF7A4FC5423FB18DB68002BB5
:1034600000DB50E600E0C0465422BB18DB68002BAE
:1034700013DDBB189B68002B07D0BB189A68142378
:10348000F918FB681800FFF763FC54217B18DA6811
:103490007B189B68D2187B18DA605423FB18DB6812
:1034A0001800BD4623B090BD54E40610D8D30610D2
:1034B0000EB480B585B000AF78602023FB18BB60E8
:1034C0000823FA18F9697B681800FFF705FE030066
:1034D000FB60FB681800BD4605B080BC08BC03B0AB
:1034E000184780B582B000AF7860002013F05AF81A
:1034F00013F064FC012013F019FD01235B42180056
:1035000013F024FD0CF0B8FB031E01D002F0B8F953
:103510000CF090F90CF0DCFA0FF082FE13F074F965
:103520000021012013F080F90121012013F0ACF9F2
:10353000002013F041F800231800BD4602B080BD02
:1035400080B582B000AFFB1D02221A70FB1D1B78F4
:103550001800BD4602B080BD80B500AF01235B42BC
:10356000180013F019FAC046BD4680BD80B500AF03
:10357000C046BD4680BDF0B593B000AF4723FB18F1
:1035800000221A700CE047203B181A783B1D92006D
:103590000021D150C0463B181A783B1801321A70EE
:1035A0004723FB181B78092BEDD914F02DFC031EC3
:1035B0005AD046257C19FFF7C3FF030023707B19FF
:1035C0001B78002B50D04526BC1906F06DFF030078
:1035D00023704423FC180CF091FA0300237043235A
:1035E000FA187B19B9190C781B78D8B2E1B2884265
:1035F00000D9231C13704323FA18FB1844217918AF
:103600000C781B78D8B2E1B2884200D9231C137021
:103610004323FB181B78032B19D021DC022B0DD080
:103620001EDC002B1FD0012B1AD10121012013F029
:10363000FBF80121012013F027F911E000210120FE
:1036400013F0F2F80121012013F01EF908E0002127
:10365000012013F0E9F80021012013F015F9C0460C
:1036600013F042F900E0C046BD4613B0F0BD0000C3
:1036700080B584B000AF7860074B196D064B7A684F
:103680000A431A65044B1B6D7A681340FB60FB68A4
:10369000C046BD4604B080BD0000404880B586B03D
:1036A00000AF3B1D180014231A00002128F0A6FCCF
:1036B0000820FFF7DDFF0420FFF7DAFF384B002278
:1036C0000821180004F028FB3B1D08221A603B1D4E
:1036D00001225A603B1D00229A603B1D0022DA60E5
:1036E0003B1D2F4A1900100004F08EF83B1D0422E8
:1036F0001A603B1D02225A603B1D01229A603B1D4D
:103700000022DA603B1D05221A613A1D9023DB0579
:103710001100180004F078F83B1D802292001A6016
:103720003B1D8222D2035A603B1D02229A603B1D40
:103730000022DA603B1D00221A613B1D184A190065
:10374000100004F061F880239B001900012005F0AF
:103750008DFC80239B001900012005F0B5FC0022A0
:103760000321102003F03EFD102003F050FD8023C4
:103770009B040021180005F07FFB0821012005F0C3
:1037800075FC0821012005F0D9FC0421002005F07A
:1037900033FC12F01BFFC046BD4606B080BDC046DC
:1037A0000000104880B584B000AF7860074B196DF9
:1037B000064B7A680A431A65044B1B6D7A681340FE
:1037C000FB60FB68C046BD4604B080BD00004048B9
:1037D00080B584B000AF7860074B996D064B7A686E
:1037E0000A439A65044B9B6D7A681340FB60FB6843
:1037F000C046BD4604B080BD0000404880B500AF63
:103800001C4B8222D2051A601A4B1B4A5A60194B74
:1038100000229A60174B0122DA60164B00221A61CF
:10382000144B00225A61134B00229A61114B002263
:10383000DA61104B00221A620E4B180004F0E2FA13
:10384000031E01D002F01CF80A4B0021180005F0FD
:10385000DDF8031E01D002F013F8064B002118001A
:1038600005F020F9031E01D002F00AF8C046BD465B
:1038700080BDC046E41100205B3D300090B589B0AA
:1038800000AF78600C243B19180014231A000021A3
:1038900028F0B4FB7B681A688223DB059A422AD1A0
:1038A0000820FFF77FFF3B19C02212011A60210098
:1038B0007B1812225A607B1800229A607B18002223
:1038C000DA607B1802221A617B180D4A1900100079
:1038D00003F09AFFC0231B011900012005F0C6FB6D
:1038E000C0231B011900012005F028FC80239B0345
:1038F0001800FFF76DFFC046BD4609B090BDC04639
:103900000000104890B585B000AF78603C4B3D4A50
:103910001A603B4B3C4A5A60394B3C4A9A60384BE0
:103920007A68DA600F217B1800221A707A18344BFB
:103930001100180001F0CBF8031E02D001235B42F6
:1039400059E02F4B180001F057F82D4B9B681420BD
:1039500098472B4B0221180001F0CBF8284B00218F
:10396000180001F0A4FB264B0421180001F02FF9E8
:1039700000F064F80C203B1800221A703B181A78EB
:1039800001210A431A703B181A7802218A431A70DF
:103990003B181A781A4B111C180001F0FDFA031E8F
:1039A00002D002235B4226E008243B1918000323BF
:1039B0001A00002128F022FB3A19114B11001800BF
:1039C00001F0BDFC031E02D003235B4213E008207C
:1039D0003B181A7801210A431A703A18084B110053
:1039E000180001F094FB031E02D003235B4202E0A7
:1039F00000F036FA00231800BD4605B090BDC04661
:103A000038120020753E0410C93E04101D3F0410FA
:103A100080B500AF084B0221180001F008F9064BF1
:103A20000321180001F013FB034B0521180001F0DE
:103A300083FAC046BD4680BD3812002080B500AF75
:103A4000034B0021180001F0F2F8C046BD4680BDCE
:103A50003812002080B582B000AF3B1D00221A70E2
:103A60003A1D1F4B1100180001F070FD031E02D01B
:103A700001235B422FE03B1D1B7801221340DBB288
:103A8000002B09D0174A164B1100180001F0FCFD5D
:103A9000031E01D1012200E00022134B1A703B1DCE
:103AA0001B7802221340DBB2002B09D00F4A0C4BCB
:103AB0001100180001F093FD031E01D1012200E066
:103AC00000220B4B1A70084B1B78002B01D00023EF
:103AD00001E001235B421800BD4602B080BDC04634
:103AE0003812002054120020621200205C120020C4
:103AF0006312002090B589B000AF78603E4B002281
:103B00009B5E1800FDF792FE031C3C49181CFDF754
:103B100099FA031CBB61384B02229B5E1800FDF72B
:103B200085FE031C3549181CFDF78CFA031C7B61CC
:103B3000314B04229B5E1800FDF778FE031C2F49D1
:103B4000181CFDF77FFA031C3B61B969B869FDF7E2
:103B500079FA031C1C1C79697869FDF773FA031C58
:103B6000191C201CFCF7AEFE031C1C1C39693869AB
:103B7000FDF768FA031C191C201CFCF7A3FE031CAC
:103B8000181C29F047F8031CFB60FC218905F86824
:103B9000FCF720FD031E02D001235B4227E0F968F9
:103BA0003869FDF781F8031CFB61FE218905F8697E
:103BB000FCF724FD031E02D0FE239B05FB61104988
:103BC000F869FCF707FD031E01D00D4BFB61FB6993
:103BD0005B005B08181C28F0FDFF031C0949181C3A
:103BE000FDF730FA031C1A1C7B681A6000231800CA
:103BF000BD4609B090BDC0465412002040DA7F385F
:103C0000000080BFE02E654290B587B000AF7860BD
:103C1000264B00229B5E1800FDF708FE031C24497A
:103C2000181CFDF70FFA031C7B61204B02229B5EE0
:103C30001800FDF7FBFD031C1D49181CFDF702FAD7
:103C4000031C3B61194B04229B5E1800FDF7EEFD3F
:103C5000031C1749181CFDF7F5F9031CFB60796973
:103C60007869FDF7EFF9031C1C1C39693869FDF709
:103C7000E9F9031C191C201CFCF724FE031C1C1C66
:103C8000F968F868FDF7DEF9031C191C201CFCF725
:103C900019FE031C181C28F0BDFF021C7B681A606B
:103CA00000231800BD4607B090BDC0465412002046
:103CB00040DA7F38B0B586B000AF78600A237B6009
:103CC000404B1B687A689A4201D1002375E03D4B56
:103CD0007A681A607968FA239800FCF7A9FA030059
:103CE000FB60FB68022B07D81723FB1801221A7010
:103CF000354B364A1A603DE0FB68082B07D817237E
:103D0000FB1802221A70304B314A1A6032E0FB680D
:103D1000102B07D81723FB1803221A702A4B2D4AA1
:103D20001A6027E0FB68202B07D81723FB18042212
:103D30001A70254B284A1A601CE0FB68402B07D8F4
:103D40001723FB1805221A701F4B244A1A6011E032
:103D5000FB68802B07D81723FB1806221A701A4B12
:103D60001F4A1A6006E01723FB1807221A70164B29
:103D70001C4A1A6017243B191A781B4B11001800B3
:103D800000F0B7FE03003B610B257A19164B1100BA
:103D9000180000F0BDFF031E0ED17B191B78002B0D
:103DA0000AD03B191A78104B1100180000F03FFFA1
:103DB00002003B699B183B613B691800BD4606B099
:103DC000B0BDC0464C120020501200205523080000
:103DD000D50802006B040100358200001B41000081
:103DE0008D200000471000003812002080B500AF81
:103DF000024B1B681800BD4680BDC0465012002013
:103E000080B582B000AF78603960134B00229A5EB3
:103E10007B681A807B6802330F4A0221525E1A8047
:103E20007B6804330C4A0421525E1A800B4B00223B
:103E30009A5E3B681A803B680233084A0221525E50
:103E40001A803B680433054A0421525E1A80C0463A
:103E5000BD4602B080BDC046541200205C12002056
:103E600080B500AFFFF7D4FD0A20FFF723FFC0465F
:103E7000BD4680BDB0B58AB004AFF86008007A6076
:103E800019000B243B19021C1A7008257B190A1C07
:103E90001A80FB687B613B191B789AB278696423AE
:103EA00002937B191B8801937B6800930123D42123
:103EB00004F04EF8031E01D1002301E001235B4210
:103EC0001800BD4606B0B0BDB0B58AB004AFF8600A
:103ED00008007A6019000B243B19021C1A7008258F
:103EE0007B190A1C1A80FB687B613B191B789AB20C
:103EF0007869642302937B191B8801937B68009384
:103F00000123D42104F052F9031E01D1002301E062
:103F100001235B421800BD4606B0B0BD80B582B03B
:103F200000AF78607B68180003F04EF8C046BD46CD
:103F300002B080BD80B500AF034B5B8801339BB2FC
:103F40001800BD4680BDC0466412002080B500AF99
:103F5000034B5B8802339BB21800BD4680BDC04650
:103F60006412002080B500AF034B9B8801339BB2E5
:103F70001800BD4680BDC0466412002080B500AF69
:103F8000034B9B8802339BB21800BD4680BDC046E0
:103F90006412002080B500AF034BDB8801339BB275
:103FA0001800BD4680BDC0466412002080B500AF39
:103FB000034BDB8802339BB21800BD4680BDC04670
:103FC00064120020B0B596B000AFC34B08220021A8
:103FD000180028F013F8C14B012252421A80C04B3E
:103FE00000221A70BF4B00221A70BF4B00221A70B9
:103FF000BE4B02220021180028F000F8BC4B04221E
:104000000021180027F0FAFFBA4B182200211800EF
:1040100027F0F4FF9623DA00B74B0021180027F0B1
:10402000EDFFB64B00221A70B54B00221A70B54B4B
:1040300000221A70B44B28220021180027F0DEFF5E
:10404000B24B6C220021180027F0D8FFAF4B122290
:104050001A70AE4B00229A70AC4B00225A70AB4BD8
:10406000AB4A043313CA13C303CA03C3A74BA94AF9
:104070001A62A64B01221A76A44BA74ADA61A34B17
:10408000242212219954A14B2622002199549F4B9E
:104090002522002199549D4BA04A283313CA13C3EB
:1040A00003CA03C3994B9E4A5A64984B3C22012190
:1040B0009954964B9B4A1A64944B48221221995466
:1040C000924B4A2200219954904B49220021995445
:1040D0008E4B954A4C3313CA13C303CA03C38B4B8D
:1040E000924A9A66894B602201219954874B904AE3
:1040F0005A66854B01221A75834B8E4A13CA13C325
:1041000003CA03C3804B2022032199547E4B7F4A6C
:104110005A627D4B00221A767B4B0022DA61864B75
:1041200019000020FFF7C4F9784B1B781A00834B65
:1041300019000020FFF7BCF9744B24229B5C1A0085
:104140007F4B19000020FFF7B3F9704B48229B5CAE
:104150001A007C4B19000020FFF7AAF96B4B1B7E5D
:104160001A00794B19000020FFF7A2F9674B3C2297
:104170009B5C1A00754B19000020FFF799F9634BFF
:1041800060229B5C1A00724B19000020FFF790F927
:10419000704B19000020FFF78BF957257C195A4BFB
:1041A00018000BF060F9030023707B191B78002BBB
:1041B00002D07B191B788AE0534B18000BF060F992
:1041C00003001A00444B1A80504B18000BF078F98A
:1041D00003001A00404B5A805F4B18000BF070F937
:1041E00003001A003C4B9A805C4B18000BF068F9F6
:1041F00003001A00384BDA80594B19000020FFF7F2
:1042000057F9354B1B881A00564B19000020FFF751
:104210004FF9554B19000020FFF74AF92E4B5B88E8
:104220001A00524B19000020FFF742F9FFF782FEF7
:1042300003001A004E4B19000020FFF739F9FFF771
:1042400085FE03001A004B4B19000020FFF730F9E0
:10425000494B19000020FFF72BF91F4B9B881A00D0
:10426000424B19000020FFF723F9FFF77BFE030004
:104270001A003F4B19000020FFF71AF9FFF77EFEE6
:1042800003001A003B4B19000020FFF711F93B4BCC
:1042900019000020FFF70CF90F4BDB881A00334B95
:1042A00019000020FFF704F9FFF774FE03001A005D
:1042B0002F4B19000020FFF7FBF8FFF777FE0300F4
:1042C0001A002C4B19000020FFF7F2F80023180009
:1042D000BD4616B0B0BDC046641200202433002095
:1042E0006C1200206D1200206E120020701200204F
:1042F0007412002078120020901200204017002035
:104300004117002042170020B0170020441700205A
:104310008CD50610283300204C330020A0D5061081
:104320003433002068330020B4D506104033002019
:1043300084330020C8D50610E0D3061000D4061040
:1043400024D4061044D4061064D4061084D4061075
:10435000A0D40610BCD40610681700208C170020CB
:10436000E0D4061000D506101CD506102CD506107A
:1043700040D5061054D5061068D5061078D506101D
:1043800080B582B000AF0200BB1D1A800B4BBA1D76
:1043900012881A800A4B00221A700A4B00221A70E7
:1043A000094B00221A70094B00221A70084B1A7828
:1043B000084B1A70C046BD4602B080BD24330020B1
:1043C0006C1200206D1200206E1200204217002097
:1043D000401700204117002080B500AF074B012295
:1043E00052421A80064B00221A70064B00221A70A5
:1043F000054B00221A70C046BD4680BD2433002004
:104400006C1200206D1200206E12002080B584B066
:1044100000AF39601100BB1D021C1A807B1D0A1CF5
:104420001A703B68002B00D18EE07B1D1B78012B9E
:1044300000D889E03B681B781AB23B6801331B78CF
:104440001BB21B021BB213431AB20E217B181A8037
:104450007B181B88DAB20D23FB1801210A401A7061
:10446000FFF774FD03001A00BB1D1B88934217D091
:10447000FFF784FD03001A00BB1D1B8893420FD079
:10448000FFF794FD03001A00BB1D1B88934207D061
:10449000BB1D1A882E4B19000020FFF709F854E0C5
:1044A000FFF754FD03001A00BB1D1B88934211D176
:1044B000284B0D217A1812781A707B181B78002B64
:1044C00001D0254B00E0254B25491A000020FEF7BE
:1044D000EFFF3AE0FFF752FD03001A00BB1D1B88F7
:1044E000934211D11F4B0D217A1812781A707B1844
:1044F0001B78002B01D0184B00E0184B1A491A000A
:104500000020FEF7D5FF20E0FFF750FD03001A0062
:10451000BB1D1B88934211D1144B0D217A181278C0
:104520001A707B181B78002B01D00B4B00E00B4B53
:104530000F491A000020FEF7BBFF06E00D4B1900E3
:104540000020FEF7B5FF00E0C046BD4604B080BDC8
:10455000DCD506106C120020F0D50610F8D5061038
:1045600004D606106D12002028D606106E12002008
:1045700048D6061068D6061090B585B002AF020086
:10458000FB1D1A70BB1D0A1C1A70134BFA1D127802
:104590001A70114BBA1D12785A70104B1B88104AB2
:1045A000934214D00F4B1B78002B10D00B4B1C8860
:1045B000FFF7C0FC03001A00074B0193022300938E
:1045C0000023042120000AF088FF030000E00023FC
:1045D0001800BD4603B090BD7012002024330020A7
:1045E000FFFF00006C12002090B585B002AF020002
:1045F000BB1D1A803B1D0A1C1A80BB1D1B88DAB22A
:10460000194B1A70BB1D1B881B0A9BB2DAB2164BE2
:104610005A703B1D1B88DAB2134B9A703B1D1B88E6
:104620001B0A9BB2DAB2104BDA70104B1B88104A8F
:10463000934214D00F4B1B78002B10D00B4B1C88CF
:10464000FFF790FC03001A00074B0193042300932B
:104650000023042120000AF040FF030000E00023B3
:104660001800BD4603B090BD741200202433002012
:10467000FFFF00006D120020F0B58BB000AF060008
:10468000080011000E23FB18321C1A800C23FB18A3
:10469000021C1A800B23FB180A1C1A701423082111
:1046A0005A18D319180006231A00002127F0A6FC77
:1046B0000C2608217218D319180006231A000021AD
:1046C00027F09CFC08217218D21914235818C3191A
:1046D00011001800FFF794FB0B23FB181B78002B2D
:1046E0000CD008217318DB1900221A807318DB190B
:1046F00000225A807318DB1900229A803E4B1B78E7
:104700001A0013005B009B18DB003C4A9B187B627D
:10471000142108200B18DB1900229A5E7B6A1A808C
:104720000B18DB1902229A5E7B6A5A800B18DB1980
:1047300004229A5E7B6A9A800C210B18DB190022F6
:104740009A5E7B6ADA800B18DB1902229A5E7B6A1A
:104750001A810B18DB1904229A5E7B6A5A817B6AE4
:104760000E22BA1812889A817B6A0C22BA18128813
:10477000DA8106F00BF902000B00960F9D0035431D
:10478000940022002B0012184B4192185B4119052E
:10479000100B38603868084338601B0B7B603A6840
:1047A0007B6A1A617B6A00221A75134B1B780133EE
:1047B00032211800FBF7C2FD0B00DAB20E4B1A7063
:1047C0000F4B1B78312B06D80D4B1B780133DAB217
:1047D0000B4B1A700AE00B4B1B7801333221180087
:1047E000FBF7ACFD0B00DAB2064B1A700023180081
:1047F000BD460BB0F0BDC04640170020901200200F
:104800004217002041170020B0B584B002AF2E4BF4
:104810001B78002B01D1002352E02C4B1B882C4A23
:10482000934203D02B4B1B78002B44D1002347E04D
:10483000294B1B781A002948294913005B009B1853
:10484000DB000200CB1813CB13C213CB13C21F4BD8
:104850001D88FFF79FFB030019001F4B1B781A00F0
:1048600013005B009B18DB001D4A9B18FC1D019385
:104870001823009300230A00042128000AF02DFECB
:1048800003002370FB1D1B78002B11D1124B1B78EA
:10489000013332211800FBF751FD0B00DAB20E4B49
:1048A0001A70094B1B78013BDAB2074B1A7002E011
:1048B000FB1D1B7804E0044B1B78002BB8D10023B0
:1048C0001800BD4602B0B0BD4217002024330020BE
:1048D000FFFF00006E120020411700207812002018
:1048E0009012002080B582B000AFFB1D164A1278EE
:1048F0001A70BB1D00221A701AE0FB1D1A781349AA
:1049000013005B009B18DB00CB18143301221A70D4
:10491000FB1D1B78013332211800FBF70FFD0B0044
:104920001A00FB1D1A70BB1D1A78BB1D01321A70CC
:10493000074B1B78BA1D12789A42DED3C046C04698
:10494000BD4602B080BDC046411700209012002035
:1049500042170020B0B586B000AFF86008007A605A
:1049600019000B23FB18021C1A700823FB180A1CE1
:104970001A80FB68002B02D101235B420FE0FB6829
:104980005C68FB68D8680823FB181D887A680B23CD
:10499000FB1819782B00A04703007B617B69180086
:1049A000BD4606B0B0BDB0B586B000AFF860080037
:1049B0007A6019000B23FB18021C1A700823FB18DD
:1049C0000A1C1A80FB68002B02D101235B420FE016
:1049D000FB681C68FB68D8680823FB181D887A6888
:1049E0000B23FB1819782B00A04703007B617B6920
:1049F0001800BD4606B0B0BD90B587B000AF786076
:104A00000C23FB1800221A701723FB1800221A70BF
:104A10007B689B68002B03D101235B423B6151E023
:104A20007B680021180000F064F803003B617B689C
:104A30000021180000F0FBF802003B699B183B6165
:104A40003B69002B3BD10C203B181A7801210A430B
:104A50001A703A18786801231221FFF7A4FF0300A7
:104A60003B610C243A19786801231221FFF772FF89
:104A700002003B699B183B613B69002B21D17B689D
:104A80009B68012098473B191B7801221340DBB239
:104A9000002B07D01722BB181B78BA18591C1170AD
:104AA000022BDED90C23FB181B7801221340DBB24A
:104AB000002B01D1002306E001235B4203E0C04646
:104AC00000E0C0463B691800BD4607B090BD80B508
:104AD00084B000AF786039603A68786801230F21AC
:104AE000FFF738FF0300FB60FB681800BD4604B009
:104AF00080BD90B587B000AF78600A00FB1C1A70CB
:104B00001023FA18786801231021FFF723FF030010
:104B10007B617B69002B01D07B6954E0FB1C1B7817
:104B20000F221340DAB210243B190F210A40100063
:104B30001A780F218A43111C021C0A431A703A1971
:104B4000786801231021FFF72EFF03007B617B694A
:104B5000002B01D07B6936E013217B18FA1C1278F8
:104B600012091A707B181B78002B2BD00C23FA1813
:104B7000786801236221FFF7EDFE02007B699B1834
:104B80007B617B69002B01D07B691CE01323FB1840
:104B90001B7803221340DAB20C243B1903210A408C
:104BA00010001A7803218A43111C021C0A431A7050
:104BB0003A19786801236221FFF7F5FE02007B694C
:104BC0009B187B617B691800BD4607B090BD90B50E
:104BD00085B000AF78600A00FB1C1A7008243A19EF
:104BE000786801231021FFF7B5FE0300FB60FB6826
:104BF000002B17D1FB1C1B7807221340DAB23B199C
:104C000007210A4010011A7870218A43111C021CE6
:104C10000A431A703A19786801231021FFF7C3FE7E
:104C20000300FB60FB681800BD4605B090BD90B561
:104C300087B000AF78600A00FB1C1A701023FA18C6
:104C4000786801231121FFF785FE03007B617B69F2
:104C5000002B01D07B6956E0FB1C1B780F22134010
:104C6000DAB210243B190F210A4010001A780F21E4
:104C70008A43111C021C0A431A703A1978680123EE
:104C80001121FFF790FE02007B699B187B617B6915
:104C9000002B01D07B6936E013217B18FA1C1278B7
:104CA00012091A707B181B78002B2BD00C23FA18D2
:104CB000786801236221FFF74DFE02007B699B1893
:104CC0007B617B69002B01D07B691CE01323FB18FF
:104CD0001B7803221340DAB20C243B1903210A404B
:104CE00010001A7803218A43111C021C0A431A700F
:104CF0003A19786801236221FFF755FE02007B69AB
:104D00009B187B617B691800BD4607B090BD000011
:104D100080B586B000AF786039601023FA187868E3
:104D200001231121FFF716FE03007B610C23FA1803
:104D3000786801236221FFF70DFE02007B699B1852
:104D40007B617B69002B01D07B69EFE00C23FB18B2
:104D50001B789B079B0FDAB21323FB181A701023E2
:104D6000FB181B781B071B0FDBB20C2B00D9D8E0FC
:104D70009A00704BD3181B689F463B6800221A703C
:104D8000D3E03B6801221A70CFE03B6802221A7020
:104D9000CBE01323FB181B78012B05D0022B07D087
:104DA0003B6803221A7007E03B6813221A7003E085
:104DB0003B6823221A70C046B7E01323FB181B7808
:104DC000012B05D0022B07D03B6804221A7007E0A4
:104DD0003B6814221A7003E03B6824221A70C04614
:104DE000A3E01323FB181B78012B05D0022B07D05F
:104DF0003B6805221A7007E03B6815221A7003E031
:104E00003B6825221A70C0468FE01323FB181B78DD
:104E1000012B05D0022B07D03B6806221A7007E051
:104E20003B6816221A7003E03B6826221A70C046BF
:104E30007BE01323FB181B78012B05D0022B07D036
:104E40003B6807221A7007E03B6817221A7003E0DC
:104E50003B6827221A70C04667E01323FB181B78B3
:104E6000012B05D0022B07D03B6808221A7007E0FF
:104E70003B6818221A7003E03B6828221A70C0466B
:104E800053E01323FB181B78012B05D0022B07D00E
:104E90003B6809221A7007E03B6819221A7003E088
:104EA0003B6829221A70C0463FE01323FB181B7889
:104EB000012B05D0022B07D03B680A221A7007E0AD
:104EC0003B681A221A7003E03B682A221A70C04617
:104ED0002BE01323FB181B78012B05D0022B07D0E6
:104EE0003B680B221A7007E03B681B221A7003E034
:104EF0003B682B221A70C04617E01323FB181B785F
:104F0000012B05D0022B07D03B680C221A7007E05A
:104F10003B681C221A7003E03B682C221A70C046C2
:104F200003E03B6800221A70C0467B691800BD464A
:104F300006B080BD0CE5061090B585B000AF786076
:104F40000A00FB1C1A7008243A1978680123112101
:104F5000FFF700FD0300FB60FB68002B17D1FB1C73
:104F60001B7807221340DAB23B1907210A401001CF
:104F70001A7870218A43111C021C0A431A703A19CC
:104F8000786801231121FFF70EFD0300FB60FB6829
:104F90001800BD4605B090BD90B587B000AF7860F1
:104FA0003B0019700C23FA18786801235021FFF791
:104FB000D1FC03007B617B69002B01D07B6942E05F
:104FC0003B001B78DB07DB0FDAB20C243B19D00166
:104FD0001A787F210A40111C021C0A431A703A19E0
:104FE000786801235021FFF7DEFC03007B6110236A
:104FF000FA18786801235621FFF7ACFC02007B69A0
:105000009B187B617B69002B01D07B691BE03B0017
:105010001B789B07DB0FDAB210243B1901210A40F1
:1050200010001A7801218A43111C021C0A431A70CD
:105030003A19786801235621FFF7B5FC02007B6915
:105040009B187B617B691800BD4607B090BD90B589
:1050500085B000AF78600A00FB1C1A7008243A196A
:10506000786801231521FFF775FC0300FB60FB68DE
:10507000002B17D1FB1C1B780F221340DAB23B190F
:105080000F210A4010001A780F218A43111C021CBC
:105090000A431A703A19786801231521FFF783FC37
:1050A0000300FB60FB681800BD4605B090BD90B5DD
:1050B00085B000AF78600A00FB1C1A7008243A190A
:1050C000786801231721FFF745FC0300FB60FB68AC
:1050D000002B17D1FB1C1B7803221340DAB23B19BB
:1050E00003210A4010001A7803218A43111C021C74
:1050F0000A431A703A19786801231721FFF753FC05
:105100000300FB60FB681800BD4605B090BD90B57C
:1051100087B000AF786039601023FA1878680123EF
:105120000D21FFF717FC03007B617B69002B01D089
:105130007B6900E13B681B78DB07DB0FDAB21024E8
:105140003B1901210A4010001A7801218A43111CE1
:10515000021C0A431A703B681B789B07DB0FDAB20C
:105160003B1901210A4090181A7802218A43111C28
:10517000021C0A431A703B681B789B06DB0FDAB2ED
:105180003B1901210A40D0001A7808218A43111CDA
:10519000021C0A431A703B681B785B06DB0FDAB20D
:1051A0003B1901210A4010011A7810218A43111C71
:1051B000021C0A431A703B681B781B06DB0FDAB22D
:1051C0003B1901210A4050011A7820218A43111C01
:1051D000021C0A431A703B685B78DB07DB0FDAB20C
:1051E0003B1901210A4090011A7840218A43111C81
:1051F000021C0A431A703A19786801230D21FFF73F
:10520000D2FB03007B610C23FA18786801235E212E
:10521000FFF7A0FB02007B699B187B617B69002B79
:1052200001D07B6987E03B685B781B07DB0FDAB254
:105230000C243B1901210A4010001A7801218A43ED
:10524000111C021C0A431A703B685B78DB06DB0FFB
:10525000DAB23B1901210A4090181A7802218A43D8
:10526000111C021C0A431A703B685B789B06DB0F1B
:10527000DAB23B1901210A4090001A7804218A43CE
:10528000111C021C0A431A703B685B785B06DB0F3B
:10529000DAB23B1901210A4090011A7840218A4371
:1052A000111C021C0A431A703B685B781B06DB0F5B
:1052B000DAB23B1901210A40D0001A7808218A434A
:1052C000111C021C0A431A703B689B78DB07DB0F3A
:1052D000DAB23B1901210A4050011A7820218A4391
:1052E000111C021C0A431A703B689B789B07DB0F5A
:1052F000DAB23B1901210A4010011A7810218A43C1
:10530000111C021C0A431A703B689B785B07DB0F79
:10531000DAB23B19D0011A787F210A40111C021C15
:105320000A431A703A19786801235E21FFF73BFBA4
:1053300003007B617B691800BD4607B090BD90B546
:1053400087B000AF786039603B6803220021180005
:1053500026F054FE1023FA18786801230D21FFF778
:10536000F9FA03007B610C23FA18786801235E21A7
:10537000FFF7F0FA02007B699B187B617B69002BC9
:1053800001D07B69DEE010243B191B78DB07DB0FC3
:10539000DAB23B6801210A4010001A7801218A43E1
:1053A000111C021C0A431A703B191B789B07DB0F68
:1053B000DAB23B6801210A4090181A7802218A4328
:1053C000111C021C0A431A703B191B781B07DB0FC8
:1053D000DAB23B6801210A4050011A7820218A4341
:1053E000111C021C0A431A703B191B78DB06DB0FE9
:1053F000DAB23B6801210A4090011A7840218A43C1
:10540000111C021C0A431A703B191B789B06DB0F08
:10541000DAB23B68D0011A787F210A40111C021CC5
:105420000A431A703B191B785B06DB0FDAB23B6844
:1054300001210A4010005A7801218A43111C021CE4
:105440000A435A700C243B191B78DB07DB0FDAB2D6
:105450003B6801210A40D0005A7808218A43111C78
:10546000021C0A435A703B191B789B07DB0FDAB208
:105470003B6801210A4010015A7810218A43111C0F
:10548000021C0A435A703B191B785B07DB0FDAB228
:105490003B6801210A4050015A7820218A43111C9F
:1054A000021C0A435A703B191B785B06DB0FDAB209
:1054B0003B6801210A4090015A7840218A43111C1F
:1054C000021C0A435A703B191B781B07DB0FDAB228
:1054D0003B68D0015A787F210A40111C021C0A4304
:1054E0005A703B191B789B06DB0FDAB23B6801212F
:1054F0000A4010009A7801218A43111C021C0A43B9
:105500009A703B191B78DB06DB0FDAB23B6801218E
:105510000A4090189A7802218A43111C021C0A43FF
:105520009A703B191B781B06DB0FDAB23B6801212E
:105530000A4090009A7804218A43111C021C0A43F5
:105540009A707B691800BD4607B090BD90B585B0D4
:1055500000AF786039600823FA18786801231E21AB
:10556000FFF7F8F90300FB60FB68002B01D0FB6834
:1055700031E008243B191B78DB07DB0FDAB23B680C
:1055800001210A4010001A7801218A43111C021CD3
:105590000A431A703B191B789B07DB0FDAB23B6892
:1055A00001210A4090181A7802218A43111C021C1A
:1055B0000A431A703B191B785B07DB0FDAB23B68B2
:1055C00001210A4090001A7804218A43111C021C10
:1055D0000A431A70FB681800BD4605B090BD80B53F
:1055E00086B000AF786039600C23FA18786806231B
:1055F0002221FFF7AFF903007B617B69002B01D00B
:105600007B693DE00C217B185B781AB23B681A80FD
:105610003B6800229B5E9BB21B029BB27A181278F9
:105620009B189BB21AB23B681A807B18DA783B68E9
:10563000023312B21A803B68023300229B5E9BB297
:105640001B029BB27A1892789B189AB23B6802337D
:1056500012B21A807B185A793B68043312B21A804E
:105660003B68043300229B5E9BB21B029BB27A18FC
:1056700012799B189AB23B68043312B21A807B6984
:105680001800BD4606B080BD80B586B000AF78601A
:1056900039600C23FA18786806232821FFF75AF995
:1056A00003007B617B69002B01D07B693DE00C210D
:1056B0007B185B781AB23B681A803B6800229B5EBD
:1056C0009BB21B029BB27A1812789B189BB21AB23B
:1056D0003B681A807B18DA783B68023312B21A8072
:1056E0003B68023300229B5E9BB21B029BB27A187E
:1056F00092789B189AB23B68023312B21A807B18D8
:105700005A793B68043312B21A803B680433002292
:105710009B5E9BB21B029BB27A1812799B189AB2BD
:105720003B68043312B21A807B691800BD4606B08C
:1057300080BD000080B500AF204B19000020FDF7B0
:10574000B7FE01F0BCFB00F047F81D4B180001F05C
:105750003BFC00F078F8FDF7A1FFFEF74FF800F0F2
:1057600027FA00F02DF900F0D9F900F0ADF800208B
:10577000FDF7B7FE134B1800FEF7C4F8031E0ED05A
:10578000114B0821180002F0E4FA104B1900002018
:10579000FDF78EFEC82001F017FCC046F0E70C4B69
:1057A00019000020FDF784FE00F028FD094B1900C8
:1057B0000020FDF77DFEFDF7CFFEFCE78CD606103E
:1057C00088130000E41100200000104894D6061051
:1057D000A8D60610BCD6061090B589B000AF082434
:1057E0003B19180018231A00002126F007FC3B0083
:1057F000180008231A00002126F000FC3B190322A0
:105800001A603B19802252025A603B191022DA605A
:105810003B19180006F060FB031E01D000F030F8C1
:105820003B0000221A603B0020225A603B001021FE
:10583000180006F0A1FC031E01D000F021F8C046BC
:10584000BD4609B090BD80B586B000AF3B001800E2
:1058500018231A00002126F0D1FB3B0002221A6017
:105860003B00802252015A613B00180006F0A6FD61
:10587000031E01D000F004F8C046BD4606B080BD4E
:1058800080B500AF044B19000020FDF711FE72B681
:10589000C046C046FDE7C046E0D6061080B584B0DD
:1058A00000AF7860074B196D064B7A680A431A659A
:1058B000044B1B6D7A681340FB60FB68C046BD4615
:1058C00004B080BD0000404880B500AF064B074AD9
:1058D0001A60054B180003F031F9031E01D0FFF7E1
:1058E000CFFFC046BD4680BDE41700200000304811
:1058F00080B582B000AF78607B681B68094A93422C
:105900000CD180235B021800FFF7C8FF00220121A1
:105910000D2001F067FC0D2001F079FCC046BD466A
:1059200002B080BD0000304880B584B000AF786020
:10593000074B196E064B7A680A431A66044B1B6EB6
:105940007A681340FB60FB68C046BD4604B080BD6A
:105950000000404880B582B000AF7860064B1B6EF7
:105960007A6813407A689A4201D1012300E000234B
:105970001800BD4602B080BD0000404880B582B02E
:1059800000AF7860044B196C034B7A680A431A64C1
:10599000C046BD4602B080BD0000404880B582B020
:1059A00000AF7860054B1A6C7B68D943034B0A4003
:1059B0001A64C046BD4602B080BDC04600004048E3
:1059C00080B582B000AF00237B600120FFF7C2FFEB
:1059D000031E08D10120FFF7D1FF0120FFF7DEFFF2
:1059E0000120FFF7A1FFC023DB057B603B1D1800F2
:1059F00003F062FDC046BD4602B080BD90B589B0DF
:105A000000AF786008243B19180018231A00002101
:105A100026F0F4FA7B681A68C023DB059A4222D18B
:105A20003B1901221A603B1902221A613B19180026
:105A300006F0C4FC031E01D0FFF722FF0120FFF790
:105A400073FF10F0C3FD00220021122001F0CAFBF9
:105A5000122001F0DCFB00220021192001F0C2FB22
:105A6000192001F0D4FBC046BD4609B090BD80B5F9
:105A700082B000AF78607B681B691800BD4602B039
:105A800080BD000080B584B000AF7860074B196E10
:105A9000064B7A680A431A66044B1B6E7A681340F9
:105AA000FB60FB68C046BD4604B080BD00004048B6
:105AB00080B582B000AF7860064B1B6E7A681340E9
:105AC0007A689A4201D1012300E000231800BD4604
:105AD00002B080BD0000404880B582B000AF786061
:105AE000044B196C034B7A680A431A64C046BD46DE
:105AF00002B080BD0000404880B582B000AF786041
:105B0000054B1A6C7B68D943034B0A401A64C046A4
:105B1000BD4602B080BDC0460000404880B582B09E
:105B200000AF3B00180008231A00002126F066FA97
:105B30000120FFF7BDFF031E08D10120FFF7CCFFB6
:105B40000120FFF7D9FF0120FFF79CFFC0460C4B57
:105B50001800FFF78CFF03000F2BF8D93B00A022A1
:105B600052001A803B0000229A703B0000225A60CB
:105B70003B00180004F0D4F9C046BD4602B080BD19
:105B80000018006080B584B000AF7860074B196DD5
:105B9000064B7A680A431A65044B1B6D7A681340FA
:105BA000FB60FB68C046BD4604B080BD00004048B5
:105BB00080B500AF064B074A1A60054B180006F087
:105BC00038FC031E01D0FFF75BFEC046BD4680BD1A
:105BD000F01700200000604880B582B000AF786008
:105BE0007B681B68054A934204D18023DB021800BE
:105BF000FFF7C8FFC046BD4602B080BD0000604848
:105C000080B584B000AF7860074B596D064B7A6859
:105C10000A435A65044B5B6D7A681340FB60FB686E
:105C2000C046BD4604B080BD0000404880B500AF0E
:105C300080235B001800FFF7E3FFC046BD4680BD30
:105C400080B500AF034B19000020FDF731FCC046C2
:105C5000FDE7C046FCD6061080B500AF054B5A687C
:105C6000044B5B68DB05DB0D03490020FDF720FCDE
:105C7000C046FDE700ED00E014D7061080B500AF88
:105C8000C046BD4680BD80B500AFC046BD4680BDA4
:105C900080B500AF01F072F9C046BD4680BD00007E
:105CA00080B500AF034B180006F02CFEC046BD4681
:105CB00080BDC0467818002080B500AF034B1800A7
:105CC00002F085FFC046BD4680BDC046E4170020F7
:105CD00080B500AF80239B00034A1900100002F03A
:105CE00053F8C046BD4680BD0000104880B500AFE7
:105CF00005F0F4FEC046BD4680BD80B500AF05F09E
:105D0000F6FEC046BD4680BD80B500AF05F0F8FE8A
:105D1000C046BD4680BD80B500AF03F0FDFEC04665
:105D2000BD4680BD80B500AF03F017FFC046BD463D
:105D300080BD80B586B000AFF860B9607A6000239E
:105D40007B610AE000E000BF0100BB685A1CBA603A
:105D5000CAB21A707B6901337B617A697B689A42A7
:105D6000F0DB7B681800BD4606B080BD80B586B00C
:105D700000AFF860B9607A6000237B6109E0BB681E
:105D80005A1CBA601B78180000E000BF7B69013321
:105D90007B617A697B689A42F1DB7B681800BD46BB
:105DA00006B080BD80B582B000AF786001235B4251
:105DB0001800BD4602B080BD80B582B000AF7860EB
:105DC00039603B68802292015A6000231800BD466A
:105DD00002B080BD80B582B000AF786001231800AA
:105DE000BD4602B080BD80B584B000AFF860B96038
:105DF0007A6000231800BD4604B080BD80B586B02F
:105E000000AF7860144A154BD31A7B617B693B6104
:105E1000134B1B68002B02D1114B124A1A60104B16
:105E20001A687B68D3183A699A4207D226F03CF97F
:105E300003000C221A6001235B4209E0084B1B6837
:105E4000FB60074B1A687B68D218054B1A60FB6829
:105E50001800BD4606B080BD00000120000C000007
:105E600004180020F454002090B583B000AF020065
:105E70003960FB1D1A70FB1D1B787F2B28D82F4A19
:105E8000FB1D1B785BB29B08C0339B009B58FA1D1F
:105E90001278110003220A40D200FF2191400A002B
:105EA000D2431A4011003B689B01FF221A40FB1DA0
:105EB0001B78180003230340DB009A401F48FB1D9A
:105EC0001B785BB29B080A43C0339B001A5031E039
:105ED0001B4AFB1D1B7819000F230B40083B9B0836
:105EE00006339B00D31804331B68FA1D1278110087
:105EF00003220A40D200FF2191400A00D2431A40F7
:105F000011003B689B01FF221A40FB1D1B78180003
:105F100003230340DB009A400948FB1D1B781C004B
:105F20000F232340083B9B080A4306339B00C318FA
:105F300004331A60C046BD4603B090BD00E100E0E6
:105F400000ED00E080B500AFBFF34F8FC046044BBB
:105F5000044ADA60BFF34F8FC046C046FDE7C04633
:105F600000ED00E00400FA0590B587B000AF644A88
:105F70009423D358002B0ED1624B1B69002B03D105
:105F8000604B9B6B002B06D05F4B01229A60FAF7A7
:105F90002BF9FFF7D7FF5D4B5D4A9A605B4B9A6820
:105FA000594B1A61574B5A68564B20210A435A6085
:105FB000544B5A68534B40210A435A60514B5A681C
:105FC000504B80210A435A60C0464E4B5B69042205
:105FD0001340042BF9D14B4BDB69302293431A0059
:105FE000484B20210A43DA61464BDA69454B49495F
:105FF0000A40DA61434BDA69424B802149000A4387
:10600000DA61454B1B68454A93425BD01E233B61D6
:106010000823FB600323BB6008237B60394A942379
:10602000D3581E2293431A007B685B001E210B404D
:106030003449134394228B50324A9423D358314924
:106040000122134394228B502D4BDB68344A1340BA
:1060500019003B691A062A4B0A43DA60284BDA68B2
:10606000274B802109040A43DA60264A9423D35837
:106070002C4A1A40FB689901F0239B000B402149F0
:10608000134394228B501F4A9423D3581D49202236
:10609000134394228B501B4A9423D358224A1A400C
:1060A000BB68D902E0239B010B401649134394229D
:1060B0008B50144A9423D35812498022D2001343A0
:1060C00094228B501723FB1800221A700DE017241E
:1060D0003B191B785BB203211800FFF7C5FE2100B6
:1060E0007B181A787B1801321A701723FB181B785B
:1060F0001F2BECD962B6C046C046BD4607B090BD66
:1061000000004048000050480400002000ED00E07E
:1061100000000410FFFBFFFFF81E0010CCECBCFCDD
:10612000FFFFFFC03FFCFFFFFFC7FFFF80B582B04E
:1061300000AF134B9B685B08DAB2FB1D01210A40DC
:106140001A700F4B9B685B09DAB2BB1D07210A402E
:106150001A70FB1D1B78002B07D0BB1D1B78013B61
:10616000084ADA40084B1A6005E0BB1D1B78074A55
:10617000DA40054B1A60C046BD4602B080BDC0463D
:10618000000040480048E801A03300200090D00300
:1061900080B582B000AF0200FB1D1A70FB1D1B789A
:1061A000012B0CD1FDF74AFC0F4B00221A600F4B5C
:1061B0001B7808229343DAB20C4B1A7005E00C4BA3
:1061C0001B78012B01D1FDF723FC094BFA1D127836
:1061D0001A70084B00221A70074B00221A70C04632
:1061E000BD4602B080BDC0462818002074180020AB
:1061F0001C1800201D1800201E18002080B582B039
:1062000000AFFDF705FC254B00221A60244B00224D
:106210001A60244B00221A60234B00221A70234B71
:1062200000221A70224B00221A70224B00221A60A0
:10623000FB1D00221A700AE0FB1D1A781E4B92000B
:106240000021D150FB1D1A78FB1D01321A70FB1D75
:106250001B780C2BF0D9194B00221A70184B002216
:106260001A70184B00221A60174B00221A60174B45
:1062700000221A60164B00221A60164B00221A7078
:10628000154B00221A70154B00221A60144B002285
:106290001A60C046BD4602B080BDC0460818002046
:1062A0000C180020101800201C1800201D180020B9
:1062B0001E18002020180020381800206C1800201C
:1062C0006D1800202C1800203018002034180020F1
:1062D00070180020241800207418002014180020C2
:1062E00018180020B0B58CB000AF0023FB6200236B
:1062F000BB6200237B6200233B621F23FB1800224A
:106300001A7043E03E4B1B781A001F243B191B7880
:10631000D3180D211800FAF711F80B001A000F25F9
:106320007B191A703B191B781800FBF7CFFA031C76
:10633000BB607B191A78334B9200D3587B60B968E5
:10634000F86AFAF7BFFA031CFB627968B86AFAF7D1
:10635000B9FA031CBB627968B868FAF773FE031CCC
:10636000191C786AFAF7AEFA031C7B62B968B86840
:10637000FAF768FE031C191C386AFAF7A3FA031C23
:106380003B623B191A783B1901321A701F23FB1824
:106390001B780C2BB6D91C49386AFAF753FE031C3C
:1063A0001C1CF96AF86AFAF74DFE031C191C201C24
:1063B000FAF7A2FF031CBB611349786AFAF742FEA1
:1063C000031C1C1CB96AF86AFAF73CFE031C191C72
:1063D000201CFAF791FF031CB969181CFAF764FC3A
:1063E000031C7B61094B3B6139697869FAF72AFE26
:1063F000031C5B005B08181CBD460CB0B0BDC0465A
:106400006C18002038180020000050410000404166
:10641000F0B591B002AFF860B9607A603B60CE4BE6
:106420001B78002B00D089E0CC4B1B68F968181C46
:10643000FAF748FA031C1A1CC84B1A60C84B1B68B1
:106440005A1CC74B1A60C74B1B687968181CFAF7AF
:1064500039FA031C1A1CC34B1A6079687868FAF77A
:10646000F1FD031C1A1CC04B1B68191C101CFAF709
:1064700029FA031C1A1CBC4B1A60B94B1B68F92B78
:1064800059D9B64B1C68B64B1B681800FBF71EFAAF
:10649000031C191C201CFAF707FC031C1A1CB34B25
:1064A0001A60B04B1C68AE4B1B681800FBF70EFA65
:1064B000031C191C201CFAF7F7FB031C1A1CAC4B1D
:1064C0001A60A94B1C68A64B1B681800FBF7FEF965
:1064D000031C191C201CFAF7E7FB031C1C1CA44B13
:1064E0001A68A34B1B68191C101CFAF7ABFD031CA0
:1064F000191C201CFAF700FF031C7B630021786B3A
:10650000FAF768F8031E01D000237B637B6B181C2D
:1065100026F080FB021C974B1A60964B1B6896492D
:10652000181CFAF757F8031E02D0924B924A1A60D1
:106530000120FFF72DFE884B1B7816E38B4B1B6861
:10654000191CF868FAF7D8FE031CFB620021F86AF0
:10655000FAF740F8031E04D0FB6A802212065A4064
:1065600000E0FA6A854B1A60854B1A68834B1B68FA
:10657000191C101CFAF7A6F9031C1A1C804B1A6090
:10658000804B1B685A1C7F4B1A607F4B1A683B6814
:10659000D2187D4B1A607C4B1B687C4A934200D812
:1065A00089E0774B1C68774B1B681800FBF78EF966
:1065B000031C191C201CFAF777FB031CBB62744BED
:1065C0001B781A00734B9200B96AD1503323FB1821
:1065D00000221A7043E06E4B1B7833257A1912782B
:1065E0009A4236D17B191A786A4B9200D35800210F
:1065F000181CFAF703F8031E2BD07B191A78654B89
:106600009200D358181CFBF7F1F803007B627B194A
:106610001A78604B9200D458786AFBF707F9031C8C
:10662000191C201CFAF768FE031C5B49181CFAF7BA
:1066300009FD031C181CFBF7D9F803003B627B190A
:106640001A78786A55493B6A009303000020FCF7EA
:106650002FFF33217B181A787B1801321A703323ED
:10666000FB181B780C2BB6D9494B1B7801330D2135
:106670001800F9F763FE0B00DAB2454B1A70484B6D
:106680001B780C2B05D8464B1B780133DAB2444BF0
:106690001A70434B1B780D2B04D1FFF723FE021C0D
:1066A000404B1A60364B00221A60364B00221A60AB
:1066B000354B00221A60314B1B683B49181CF9F717
:1066C000A7FF031E01D0012200E000221F23FB18B8
:1066D0001A702A4B1B683549181CF9F799FF031EDD
:1066E00001D0012200E000221E23FB181A702D4B5E
:1066F0001B682F49181CF9F78BFF031E01D00122DC
:1067000000E000221D23FB181A70264B1B68294944
:10671000181CF9F77DFF031E01D0012200E00022C2
:106720001C23FB181A70124B1B68191C7868FAF7A7
:10673000E3FD031C5B005C080E4B1B688121C9054F
:10674000181CFAF77FFC031C191C201CF9F760FFCA
:10675000031E31D0012230E01C1800200C1800204C
:106760000818002014180020181800201018002005
:10677000A4330020A83300200AD7233C201800208F
:106780002C1800203018002034180020DF9304005B
:106790006C180020381800200000C84248D70610A6
:1067A0006D180020701800200000A040000040413B
:1067B000CDCCCC3D6666663F00221B26BB191A7005
:1067C000BB191B78002B33D0CA4BFA22D2001A60B7
:1067D000C9497868FAF736FC031C181CFBF706F861
:1067E0000400C64B1B68C449181CFAF72BFC031C99
:1067F000181CFAF7FBFF0500C14B1B688121C90576
:10680000181CFAF71FFC031CBB49181CFAF71AFCEA
:10681000031C181CFAF7EAFF0200BB191B78B949E0
:10682000019300922B0022000020FCF741FE0EE0B5
:10683000B04B1B683A689A4206D2AE4B1A683B6866
:10684000D21AAC4B1A6002E0AA4B00221A601F2336
:10685000FB181B78002B04D11D23FB181B78002B81
:1068600001D0012200E000221A23FB181A701E2317
:10687000FB181B78002B04D11C23FB181B78002B62
:1068800001D0012200E000221923FB181A701F23F7
:10689000FB181B78002B0BD11D23FB181B78002B3A
:1068A00006D11B23FB181B78002B01D1012200E02D
:1068B00000221823FB181A701E23FB181B78002BCC
:1068C0000BD11C23FB181B78002B06D11B23FB18B4
:1068D0001B78002B01D1012200E000221723FB18B6
:1068E0001A703223FB1800221A701F23FB181B7822
:1068F000002B04D11E23FB181B78002B06D032225C
:10690000BB18BA18127801210A431A701D23FB180C
:106910001B78002B04D11C23FB181B78002B06D0FE
:106920003222BB18BA18127802210A431A701B23AC
:10693000FB181B78002B07D16E4B1B68002B03D173
:10694000714B1B78012B06D03222BB18BA18127873
:1069500008210A431A706D4B3222BA1812781A7045
:10696000694B1B78032B00D1DEE000DDF6E0012B44
:1069700002D0022B57D0F1E0654B1B686549181C0B
:10698000F9F746FE031E0CD0604B1B78042213431C
:10699000DAB25E4B1A700320FFF7FAFB5A4B1B78F2
:1069A000E3E01B23FB181B78002B19D05A4B1B78F4
:1069B0000133DAB2584B1A70574B1B78012B12D99E
:1069C000554B00221A70514B1B7808221343DAB240
:1069D0004E4B1A700220FFF7DBFB4B4B1B78C4E0D9
:1069E0004D4B00221A701923FB181B78002B04D181
:1069F0001A23FB181B78002B10D0484B1B7801334F
:106A0000DAB2464B1A70464B00221A70434B1B7881
:106A1000012B07D90220FFF7BBFB03E03F4B00220D
:106A20001A70A0E09FE03A4B1B683A49181CF9F72E
:106A3000EFFD031E0CD0354B1B7804221343DAB252
:106A4000324B1A700320FFF7A3FB2F4B1B788CE00F
:106A50001B23FB181B78002B19D0324B1B780133FA
:106A6000DAB2304B1A702F4B1B78012B12D92D4BF9
:106A700000221A70254B1B7808221343DAB2234BED
:106A80001A700320FFF784FB1F4B1B786DE0254B2A
:106A900000221A701923FB181B78002B10D01F4BF3
:106AA0001B780133DAB21D4B1A701D4B00221A708D
:106AB0001A4B1B78012B53D90320FFF769FB4FE0DA
:106AC0001823FB181B78002B10D0154B1B780133B3
:106AD000DAB2134B1A70114B00221A70104B1B784C
:106AE000022B3DD90120FFF753FB39E00B4B00226D
:106AF0001A7035E02818002000007A44A4330020E2
:106B0000A83300206CD706101C1800207418002031
:106B1000201800200000C041251800201D1800206A
:106B20001E180020241800201723FB181B78002BA8
:106B300010D0104B1B780133DAB20E4B1A700E4B8B
:106B400000221A700B4B1B78042B0BD90220FFF785
:106B50001FFB07E0074B00221A7003E0C04602E06B
:106B6000C04600E0C046054B1B781800BD460FB07C
:106B7000F0BDC0461E1800201D1800201C18002063
:106B800080B500AF024B1B781800BD4680BDC046E3
:106B90001C18002080B500AF024B1B68181CBD46B6
:106BA00080BDC0462018002080B500AF024B1B6896
:106BB000181CBD4680BDC0461018002080B500AF2F
:106BC000024B1B68181CBD4680BDC04670180020D3
:106BD00080B500AF094B1B78002B01D0642309E07E
:106BE000074B1B6864225343FA211800F9F720FB76
:106BF0000300DBB21800BD4680BDC0461C18002053
:106C00000818002080B500AF024B1B781800BD4665
:106C100080BDC0467418002080B584B000AF786095
:106C2000074B196D064B7A680A431A65044B1B6DB6
:106C30007A681340FB60FB68C046BD4604B080BD67
:106C40000000404880B584B000AF7860074B996D74
:106C5000064B7A680A439A65044B9B6D7A68134029
:106C6000FB60FB68C046BD4604B080BD00004048E4
:106C700080B582B000AF7860054B9A6D7B68D943D0
:106C8000034B0A409A65C046BD4602B080BDC0466F
:106C90000000404880B500AF234B244A1A60224BC5
:106CA000E12252025A60204B00229A601E4B0022C1
:106CB000DA601D4B00221A611B4B0C225A611A4BE1
:106CC00000229A61184B0022DA61174B00221A62E7
:106CD000154B00225A62144B00229A62124B180084
:106CE00005F0E2FB031E01D0FEF7CAFD0E4B0021AA
:106CF000180007F02FFE031E01D0FEF7C1FD0A4B5E
:106D00000021180007F066FE031E01D0FEF7B8FD53
:106D1000054B180007F0E4FD031E01D0FEF7B0FD9F
:106D2000C046BD4680BDC0467818002000400041E6
:106D300090B589B000AF78600C243B19180014237B
:106D40001A00002125F05AF97B681B682D4A9342EE
:106D500053D18023DB001800FFF774FF0820FFF7F2
:106D60005BFF0420FFF758FF3B1901221A603B1913
:106D700002225A603B1900229A603B190022DA6015
:106D80003B1900221A613B191F4A1900100000F03C
:106D90003BFD21007B18802292001A607B180222A2
:106DA0005A607B1800229A607B180022DA607B18F8
:106DB00000221A617A189023DB051100180000F0F8
:106DC00023FD0121012002F051F980239B001900CD
:106DD000002002F04BF90121012002F0AFF98023DD
:106DE0009B001900002002F0A9F9002201210820CF
:106DF00000F0F8F9082000F00AFAC046BD4609B0D4
:106E000090BDC046004000410000104880B582B0EF
:106E100000AF78607B681B680D4A934214D18023D1
:106E2000DB001800FFF724FF0A4B0121180000F0D7
:106E300090FE80239A009023DB051100180000F0DB
:106E400088FE082000F0F3F9C046BD4602B080BDC0
:106E5000004000410000104810488546FFF784F8C4
:106E6000002103E00E4B5B58435004310D480E4B9C
:106E700042189A42F6D30D4A02E00023136004320E
:106E80000B4B9A42F9D30B4A02E000231360043201
:106E9000094B9A42F9D3FEF74DFCFEE700000120B2
:106EA00098E9061024330020883500202C010020AA
:106EB00024330020C00000202C010020FEE780B514
:106EC00082B000AFFB1D00221A70032000F00EF804
:106ED000031E03D0FB1D01221A7001E0FEF7A6FE7F
:106EE000FB1D1B781800BD4602B080BD90B585B073
:106EF00000AF78600F23FB1800221A701D4B1B781F
:106F0000002B2CD005F0E4F904001A4B1B78190073
:106F1000FA239800F9F78CF9030019002000F9F71B
:106F200087F90300180000F092F9031E12D17B6864
:106F3000032B0AD8796801235B420022180000F075
:106F400051F90D4B7A681A600DE00F23FB180122EE
:106F50001A7008E00F23FB1801221A7003E00F23B8
:106F6000FB1801221A700F23FB181B781800BD466E
:106F700005B090BDB0330020AC33002080B500AF29
:106F8000054B1B781A00054B1B68D218034B1A607F
:106F9000C046BD4680BDC046B03300200C1900205D
:106FA00080B500AF024B1B681800BD4680BDC046CF
:106FB0000C19002080B500AF024B1B681800BD46BD
:106FC00080BDC046AC33002080B584B000AF78608F
:106FD000FFF7E6FF0300BB607B68FB60FB680133E3
:106FE00005D00A4B1B781A00FB689B18FB60C04653
:106FF000FFF7D6FF0200BB68D31AFA689A42F7D8A7
:10700000C046C046BD4604B080BDC046B033002077
:1070100080B500AF044B1A68034B02218A431A6003
:10702000C046BD4680BDC04610E000E080B500AF60
:10703000044B1A68034B02210A431A60C046BD463E
:1070400080BDC04610E000E080B582B000AF020015
:10705000FB1D1A70FB1D1B787F2B09D8FB1D1B78AD
:107060001A001F231A40044B012191400A001A60A4
:10707000C046BD4602B080BD00E100E080B582B0F0
:1070800000AF0200FB1D1A70FB1D1B787F2B10D870
:10709000FB1D1B781A001F231340084901229A4048
:1070A000130080228B50BFF34F8FC046BFF36F8F0A
:1070B000C046C046BD4602B080BDC04600E100E00B
:1070C00090B583B000AF02003960FB1D1A70FB1D44
:1070D0001B787F2B28D82F4AFB1D1B785BB29B089F
:1070E000C0339B009B58FA1D1278110003220A40FE
:1070F000D200FF2191400A00D2431A4011003B68A0
:107100009B01FF221A40FB1D1B781800032303403C
:10711000DB009A401F48FB1D1B785BB29B080A43AB
:10712000C0339B001A5031E01B4AFB1D1B7819002D
:107130000F230B40083B9B0806339B00D3180433F6
:107140001B68FA1D1278110003220A40D200FF21A9
:1071500091400A00D2431A4011003B689B01FF2274
:107160001A40FB1D1B78180003230340DB009A40E4
:107170000948FB1D1B781C000F232340083B9B087C
:107180000A4306339B00C31804331A60C046BD4649
:1071900003B090BD00E100E000ED00E080B582B0FA
:1071A00000AF78607B685A1E80235B049A4201D34B
:1071B000012310E00A4B7A68013A5A6001235B42CE
:1071C00003211800FFF77CFF054B00229A60044B57
:1071D00007221A6000231800BD4602B080BDC046D9
:1071E00010E000E080B584B000AFB9607A600F2194
:1071F0007B18021C1A70BA687B181B785BB21100EE
:107200001800FFF75DFFC046BD4604B080BD80B5E5
:1072100082B000AF0200FB1D1A70FB1D1B785BB231
:107220001800FFF711FFC046BD4602B080BD80B513
:1072300082B000AF0200FB1D1A70FB1D1B785BB211
:107240001800FFF71BFFC046BD4602B080BD80B5E9
:1072500082B000AF78607B681800FFF79FFF0300E3
:107260001800BD4602B080BD80B582B000AF786026
:107270007B68002B01D101234AE07B681B681A68F8
:107280007B681B6801218A431A607B681B68224A5D
:107290009446634414211800F8F7CAFF03009A00CB
:1072A0007B685A647B681D4A1A647B681B680022ED
:1072B0001A607B685B6C3C221A407B681B6C012166
:1072C00091400A005A607B685B6C9B089B0091228E
:1072D000D2059A187B689A647B689B6C00221A60BE
:1072E0007B680022DA627B6800221A637B680022D6
:1072F0005A637B6800229A637B680022DA637B68AA
:107300002522002199547B682422002199540023CE
:107310001800BD4602B080BDF8FF8FB7000070486E
:1073200080B586B000AFF860B9607A603B60172323
:10733000FB1800221A70FB6824229B5C012B01D1F0
:1073400002234FE0FB68242201219954FB68252287
:107350009B5CDBB2012B3AD1FB68252202219954B8
:10736000FB680022DA63FB681B681A68FB681B680D
:1073700001218A431A603B687A68B968F86800F0AE
:10738000BBF8FB681B6B002B08D0FB681B681A68F6
:10739000FB681B680E210A431A600FE0FB681B683C
:1073A0001A68FB681B6804218A431A60FB681B6823
:1073B0001A68FB681B680A210A431A60FB681B688D
:1073C0001A68FB681B6801210A431A6007E0FB6822
:1073D0002422002199541723FB1802221A70172324
:1073E000FB181B781800BD4606B080BD80B582B082
:1073F00000AF78607B68002B01D1012331E07B680E
:1074000025229B5CDBB2022B08D07B680422DA6366
:107410007B68242200219954012322E07B681B68A9
:107420001A687B681B680E218A431A607B681B6898
:107430001A687B681B6801218A431A607B685B6C51
:107440003C221A407B681B6C012191400A005A6063
:107450007B682522012199547B68242200219954BC
:1074600000231800BD4602B080BD80B584B000AFD7
:1074700078600F217B1800221A707B6825229B5CA4
:10748000DBB2022B06D07B680422DA637B18012270
:107490001A702AE07B681B681A687B681B680E21DB
:1074A0008A431A607B681B681A687B681B68012125
:1074B0008A431A607B685B6C3C221A407B681B6CB9
:1074C000012191400A005A607B68252201219954CC
:1074D0007B682422002199547B689B6B002B04D08D
:1074E0007B689B6B7A68100098470F23FB181B780A
:1074F0001800BD4604B080BD80B584B000AFF86010
:10750000B9607A603B60FB685B6C3C221A40FB68A8
:107510001B6C012191400A005A60FB681B683A68A5
:107520005A60FB689B68102B08D1FB681B687A685F
:107530009A60FB681B68BA68DA6007E0FB681B6842
:10754000BA689A60FB681B687A68DA60C046BD4614
:1075500004B080BDB0B586B000AFF860B9607A60A5
:107560001D4B1B78012B01D1022331E01A4B012264
:107570001A70194B00225A6017257C19FA239B00B8
:10758000180000F02BF8030023707B191B78002BE8
:1075900018D1FB68002B06D17A68BB68110018006F
:1075A00000F056F805E07A68BB681100180000F09A
:1075B00071F81723FC18FA239B00180000F00EF84E
:1075C00003002370044B00221A701723FB181B784A
:1075D0001800BD4606B0B0BD1019002080B584B0BB
:1075E00000AF7860FFF7DCFC0300FB600CE07B6819
:1075F000013309D0FFF7D4FC0200FB68D31A7A6884
:107600009A4201D803231BE00F4B1B690122134050
:10761000012BECD10C4B1B690C2213400C2B0ED10F
:10762000094B9A68094B5B681A43084B5A60064B32
:107630001A69054B0C210A431A61012300E000235B
:107640001800BD4604B080BD001000401019002095
:1076500080B582B000AF786039600C4B1A690B4B73
:107660000F210A431A617B68094A944663449A08C9
:10767000064B1204120C9A61044B3A681A64034BCD
:1076800033221A60C046BD4602B080BD00100040E3
:107690000000FCEF80B584B000AF786039603B68D3
:1076A000FB60174B1A69164B0F210A431A617B685E
:1076B000144A944663449A08114B1204120C9A61BE
:1076C0000F4AFB681B681364FB680433FB600C4AB9
:1076D000FB681B685364FB680433FB60084AFB6863
:1076E0001B689364FB680433FB60054AFB681B68F6
:1076F000D364034BCC221A60C046BD4604B080BDA3
:10770000001000400000FCEFB0B584B000AF78601E
:107710003960274B1B78012B01D1022343E0244B16
:1077200001221A70224B00225A607B681B68FF2BD3
:107730000BD100F03FF80F23FC18FA239B00180030
:10774000FFF74CFF0300237027E03B680122524201
:107750001A607B685B68BB6017E0BB68180000F0CC
:1077600039F80F257C19FA239B001800FFF736FF24
:10777000030023707B191B78002B03D03B68BA6889
:107780001A600AE0BB680133BB607B685A687B689B
:107790009B68D318BA689A42DFD3054B00221A704F
:1077A0000F23FB181B781800BD4604B0B0BDC046BF
:1077B0001019002080B500AF054B1A69044B0F214A
:1077C0000A431A61024B22221A60C046BD4680BDA0
:1077D0000010004080B582B000AF7860094B1A6994
:1077E000084B0F210A431A617B68DB029A08054B9C
:1077F0001204120C9A61034B11221A60C046BD4656
:1078000002B080BD0010004080B586B000AF786047
:10781000396000237B6190E13B681B6801217A6934
:1078200091400A001340FB60FB68002B00D181E10E
:107830003B685B6803221340012B05D03B685B6803
:1078400003221340022B30D17B689B683B617B692C
:107850005B0003229A401300DA433B6913403B610B
:107860003B68DA687B695B009A4013003A6913430E
:107870003B617B683A699A607B685B683B61012287
:107880007B699A401300DA433B6913403B613B68D4
:107890005B681B0901221A407B699A4013003A6910
:1078A00013433B617B683A695A603B685B6803221B
:1078B0001340032B17D07B68DB683B617B695B005F
:1078C00003229A401300DA433B6913403B613B6853
:1078D0009A687B695B009A4013003A6913433B61E5
:1078E0007B683A69DA603B685B6803221340022BCD
:1078F00023D17B69DA087B6808329200D3583B6158
:107900007B69072213409B000F229A401300DA4341
:107910003B6913403B613B681A697B6907210B4057
:107920009B009A4013003A6913433B617B69DA0874
:107930007B68083292003969D1507B681B683B61D3
:107940007B695B0003229A401300DA433B691340D2
:107950003B613B685B6803221A407B695B009A408D
:1079600013003A6913433B617B683A691A603B68CC
:107970005A68C0239B02134000D1DBE03B685A6881
:107980008023DB02134030D08023DB05DB683B61C2
:107990007A689023DB059A4211D101227B699A40D3
:1079A0001300DB431A003B6913403B6101227B69F2
:1079B0009A4013001A003B6913433B6111E0012216
:1079C0007B699A4013001B04DB431A003B69134098
:1079D0003B6101227B699A4013001B043A691343FF
:1079E0003B618023DB053A69DA603B685A68802393
:1079F0005B03134030D08023DB051B693B617A6851
:107A00009023DB059A4211D101227B699A40130031
:107A1000DB431A003B6913403B6101227B699A40BA
:107A200013001A003B6913433B6111E001227B699B
:107A30009A4013001B04DB431A003B6913403B616F
:107A400001227B699A4013001B043A6913433B618E
:107A50008023DB053A691A613B685A688023DB039F
:107A6000134030D08023DB055B693B617A6890234B
:107A7000DB059A4211D101227B699A401300DB4356
:107A80001A003B6913403B6101227B699A40130055
:107A90001A003B6913433B6111E001227B699A4064
:107AA00013001B04DB431A003B6913403B610122B6
:107AB0007B699A4013001B043A6913433B6180239E
:107AC000DB053A695A613B685A6880235B021340C0
:107AD00030D08023DB059B693B617A689023DB050E
:107AE0009A4211D101227B699A401300DB431A00AC
:107AF0003B6913403B6101227B699A4013001A00E5
:107B00003B6913433B6111E001227B699A401300FA
:107B10001B04DB431A003B6913403B6101227B6974
:107B20009A4013001B043A6913433B618023DB0531
:107B30003A699A617B6901337B613B681A687B69AA
:107B4000DA40131E00D067E6C046C046BD4606B008
:107B500080BD80B586B000AF7860396000237B615E
:107B6000CFE001227B699A403B681340FB60FB68D1
:107B7000002B00D1C2E08023DB059B693B617A6862
:107B80009023DB059A4209D101227B699A401300B8
:107B9000DB431A003B6913403B6109E001227B692A
:107BA0009A4013001B04DB431A003B6913403B61FE
:107BB0008023DB053A699A618023DB05DB683B6142
:107BC0007A689023DB059A4209D101227B699A40A9
:107BD0001300DB431A003B6913403B6109E00122BB
:107BE0007B699A4013001B04DB431A003B69134076
:107BF0003B618023DB053A69DA608023DB051B6982
:107C00003B617A689023DB059A4209D101227B69A6
:107C10009A401300DB431A003B6913403B6109E0C3
:107C200001227B699A4013001B04DB431A003B6965
:107C300013403B618023DB053A691A618023DB0531
:107C40005B693B617A689023DB059A4209D1012286
:107C50007B699A401300DB431A003B6913403B6188
:107C600009E001227B699A4013001B04DB431A00E0
:107C70003B6913403B618023DB053A695A617B68AD
:107C80001A687B695B00032199400B001A437B68EB
:107C90001A607B69DA087B6808329200D3587A69E7
:107CA00007210A4092000F2191400A00D1437A69CE
:107CB000D20819407B6808329200D1507B68DB689B
:107CC0007A695200032191400A00D2431A407B682E
:107CD000DA607B685B6801217A6991400A00D243CF
:107CE0001A407B685A607B689B687A69520003215E
:107CF00091400A00D2431A407B689A607B69013345
:107D00007B613A687B69DA40131E00D029E7C046E0
:107D1000C046BD4606B080BD80B582B000AF786079
:107D200008001100BB1C021C1A807B1C0A1C1A7064
:107D30007B1C1B78002B04D0BB1C1A887B689A61C3
:107D400003E0BB1C1A887B689A62C046BD4602B03D
:107D500080BD80B584B000AF78600A00BB1C1A807B
:107D60007B685B69FB60BB1C1B88FA6813401A04C4
:107D7000FB68DB43B91C09880B401A437B689A6196
:107D8000C046BD4604B080BD80B582B000AF78600B
:107D90000A00BB1C1A807A689023DB059A4209D13D
:107DA0008023DB05DB69BA1C128813405A1E9341FD
:107DB000DBB209E08023DB05DB69BA1C1288120400
:107DC00013405A1E9341DBB2002B17D07A689023E0
:107DD000DB059A4205D18023DB05BA1C1288DA61E3
:107DE00005E0BB1C1A888023DB051204DA61BB1C8A
:107DF0001A887B68110018000CF0C6F8C046BD4612
:107E000002B080BD80B582B000AF78607B68002B87
:107E100001D101238FE07B6841229B5CDBB2002B08
:107E200007D17B684022002199547B681800FBF73A
:107E300025FD7B684122242199547B681B681A68C0
:107E40007B681B6801218A431A607B685A687B68DB
:107E50001B683B490A401A617B681B689A687B680B
:107E60001B6838490A409A607B68DB68012B08D19F
:107E70007B689A687B681B68802109020A439A60C4
:107E800007E07B689A687B681B68842109020A43C3
:107E90009A607B68DB68022B09D17B681B685A6893
:107EA0007B681B68802109010A435A6007E07B68F0
:107EB0001B685A687B681B6823490A405A607B68C4
:107EC0001B685A687B681B6820490A435A607B68B4
:107ED0001B68DA687B681B681A490A40DA607B68AD
:107EE0001A697B685B691A4311007B689B691A02F7
:107EF0007B681B680A43DA607B68D9697B681A6A09
:107F00007B681B680A431A607B681B681A687B6879
:107F10001B6801210A431A607B6800225A647B684F
:107F20004122202199547B6800221A637B684222F7
:107F30000021995400231800BD4602B080BDC04600
:107F4000FFFFFFF0FF7FFFFFFFF7FFFF0080000252
:107F500090B589B002AFF8600C00100019000A2338
:107F6000FB18221C1A800823FB18021C1A80BB1D58
:107F70000A1C1A80FB6841229B5CDBB2202B00D0DC
:107F80000CE1BB6A002B04D02C23FB181B88002BB0
:107F900005D1FB68802292005A640123FFE0FB6850
:107FA00040229B5C012B01D10223F8E0FB684022B8
:107FB00001219954FEF7F4FF03007B61802319022D
:107FC000F8687B6900931923012200F00BFB031E64
:107FD00001D00123E3E0FB68412221219954FB6891
:107FE000422240219954FB6800225A64FB68BA6A15
:107FF0005A62FB682C22BA1812885A85FB68002244
:108000005A63BB1D1C880823FB181A880A23FB1817
:108010001988F8687B6901933B6B0093230000F09B
:10802000F9F9031E05D0FB68402200219954012371
:10803000B5E0FB685B8D9BB2FF2B11D9FB68FF227B
:108040001A85FB681B8DDAB280235C040A23FB18B7
:108050001988F86800230093230000F09DFC12E0CB
:10806000FB685B8D9AB2FB681A85FB681B8DDAB2E0
:1080700080239C040A23FB181988F86800230093C6
:10808000230000F089FC7A69396BFB68180000F066
:1080900001FB031E01D0012381E0FB685B6A1A78B3
:1080A000FB681B689A62FB685B6A5A1CFB685A6231
:1080B000FB685B8D9BB2013B9AB2FB685A85FB68FB
:1080C0001B8D013B9AB2FB681A85FB685B8D9BB2E6
:1080D000002B3AD0FB681B8D002B36D13A6BF86829
:1080E0007B69009313000022802100F07BFA031EBD
:1080F00001D0012353E0FB685B8D9BB2FF2B11D9AC
:10810000FB68FF221A85FB681B8DDAB280235C04B2
:108110000A23FB181988F86800230093230000F055
:108120003BFC12E0FB685B8D9AB2FB681A85FB682A
:108130001B8DDAB280239C040A23FB181988F86887
:1081400000230093230000F027FCFB685B8D9BB2AB
:10815000002B98D17A69396BFB68180000F0E0FABF
:10816000031E01D001231AE0FB681B682022DA619C
:10817000FB681B685A68FB681B680B490A405A6019
:10818000FB68412220219954FB6842220021995426
:10819000FB68402200219954002300E002231800CC
:1081A000BD4607B090BDC04600E800FE90B589B05E
:1081B00002AFF8600C00100019000A23FB18221C03
:1081C0001A800823FB18021C1A80BB1D0A1C1A8087
:1081D000FB6841229B5CDBB2202B00D010E1BB6A24
:1081E000002B04D02C23FB181B88002B05D1FB6827
:1081F000802292005A64012303E1FB6840229B5CC9
:10820000012B01D10223FCE0FB684022012199549B
:10821000FEF7C6FE03007B6180231902F8687B69C4
:1082200000931923012200F0DDF9031E01D0012380
:10823000E7E0FB68412222219954FB684222402159
:108240009954FB6800225A64FB68BA6A5A62FB6858
:108250002C22BA1812885A85FB6800225A63BB1D6B
:108260001C880823FB181A880A23FB181988F86849
:108270007B6901933B6B0093230000F02FF9031EF1
:1082800005D0FB684022002199540123B9E0FB6826
:108290005B8D9BB2FF2B11D9FB68FF221A85FB680F
:1082A0001B8DDAB280235C040A23FB181988F86856
:1082B000564B0093230000F06FFB12E0FB685B8DD0
:1082C0009AB2FB681A85FB681B8DDAB280239C0486
:1082D0000A23FB181988F8684C4B0093230000F020
:1082E0005BFB3A6BF8687B69009313000022042162
:1082F00000F078F9031E01D0012382E0FB681B68BF
:108300005A6AFB685B6AD2B21A70FB685B6A5A1CD5
:10831000FB685A62FB681B8D013B9AB2FB681A85A9
:10832000FB685B8D9BB2013B9AB2FB685A85FB6888
:108330005B8D9BB2002B3AD0FB681B8D002B36D196
:108340003A6BF8687B69009313000022802100F0EB
:1083500049F9031E01D0012353E0FB685B8D9BB2FA
:10836000FF2B11D9FB68FF221A85FB681B8DDAB23F
:1083700080235C040A23FB181988F8680023009303
:10838000230000F009FB12E0FB685B8D9AB2FB68EA
:108390001A85FB681B8DDAB280239C040A23FB1824
:1083A0001988F86800230093230000F0F5FAFB68B1
:1083B0005B8D9BB2002B94D17A69396BFB681800F6
:1083C00000F0AEF9031E01D001231AE0FB681B6820
:1083D0002022DA61FB681B685A68FB681B680C493D
:1083E0000A405A60FB68412220219954FB684222CE
:1083F00000219954FB68402200219954002300E099
:1084000002231800BD4607B090BDC046002400807E
:1084100000E800FEB0B586B002AFF8600C001000B6
:1084200019000A257B19221C1A800823FB18021C3C
:108430001A80BB1D0A1C1A80BB1D1B88DAB2802360
:108440005C047B191988F868234B0093230000F023
:10845000A3FA7A6A396AFB68180000F01BF9031E58
:1084600001D0012333E0BB1D1B88012B07D108235A
:10847000FB181B88DAB2FB681B689A6219E00823B4
:10848000FB181B881B0A9BB2DAB2FB681B689A6256
:108490007A6A396AFB68180000F0FCF8031E01D004
:1084A000012314E00823FB181B88DAB2FB681B6861
:1084B0009A623A6AF8687B6A00931300002280216E
:1084C00000F090F8031E01D0012300E00023180003
:1084D000BD4604B0B0BDC04600200080B0B586B037
:1084E00002AFF8600C00100019000A257B19221C4D
:1084F0001A800823FB18021C1A80BB1D0A1C1A8054
:10850000BB1D1B88DAB27B191988F868234B0093CE
:10851000002300F041FA7A6A396AFB68180000F01B
:10852000B9F8031E01D0012333E0BB1D1B88012BCA
:1085300007D10823FB181B88DAB2FB681B689A6214
:1085400019E00823FB181B881B0A9BB2DAB2FB68F0
:108550001B689A627A6A396AFB68180000F09AF818
:10856000031E01D0012314E00823FB181B88DAB294
:10857000FB681B689A623A6AF8687B6A009313008A
:108580000022402100F02EF8031E01D0012300E05C
:1085900000231800BD4604B0B0BDC04600200080D6
:1085A00080B582B000AF78607B681B689B6902224F
:1085B0001340022B03D17B681B6800229A627B6800
:1085C0001B689B6901221340012B07D07B681B6845
:1085D0009A697B681B6801210A439A61C046BD46BF
:1085E00002B080BD80B584B000AFF860B9603B6078
:1085F000FB1D1A703AE0BA693968FB68180000F090
:10860000D3F8031E01D0012340E03B6801332DD095
:10861000FEF7C6FC0200BB69D31A3A689A4202D33D
:108620003B68002B22D1FB681B689B69BA6813402A
:10863000BA68D31A5A425341DBB21A00FB1D1B78A9
:108640009A4213D1FB685B6C20221A43FB685A6480
:10865000FB68412220219954FB6842220021995451
:10866000FB6840220021995401230FE0FB681B683E
:108670009B69BA681340BA68D31A5A425341DBB2B5
:108680001A00FB1D1B789A42B5D000231800BD4686
:1086900004B080BD80B584B000AFF860B9607A6086
:1086A00032E07A68B968FB68180000F07DF8031EB4
:1086B00001D0012330E0BB68013325D0FEF770FC08
:1086C00002007B68D31ABA689A4202D3BB68002BB7
:1086D0001AD1FB681B689B6902221340022B13D03E
:1086E000FB685B6C20221A43FB685A64FB684122DA
:1086F00020219954FB68422200219954FB684022B2
:1087000000219954012307E0FB681B689B69022242
:108710001340022BC5D100231800BD4604B080BD14
:1087200080B584B000AFF860B9607A602FE07A68F5
:10873000B968FB68180000F037F8031E01D0012368
:108740002DE0FEF72DFC02007B68D31ABA689A422E
:1087500002D3BB68002B1AD1FB681B689B692022DF
:108760001340202B13D0FB685B6C20221A43FB685C
:108770005A64FB68412220219954FB68422200215F
:108780009954FB68402200219954012307E0FB68BB
:108790001B689B6920221340202BC8D1002318009E
:1087A000BD4604B080BD000080B58AB000AFF8605F
:1087B000B9607A602723FB1800221A70FB681B68D7
:1087C0009B69BB6100233B627B68FB61BB69102234
:1087D000134000D179E0FB681B681022DA6157E092
:1087E0002722BB18BA1812781A70BB6801334FD011
:1087F000FEF7D6FB0200FB69D31ABA689A4202D38D
:10880000BB68002B44D1FB681B685A688023DB01DE
:1088100013407B6113203B18FA684221525C1A70A6
:10882000FB681B689A6980231B021A4080231B0285
:108830009A4226D17A698023DB019A4221D03B18E3
:108840001B78202B1DD0FB681B685A68FB681B68CF
:108850008021C9010A435A60FEF7A2FB0300FB61B5
:108860000FE0FEF79DFB0200FB69D31A192B08D914
:108870003B6A202213433B622723FB1801221A7014
:1088800006E0FB681B689B6920221340202BE8D17F
:10889000FB681B689B6920221340202B04D02723F0
:1088A000FB181B78002B9BD02723FB181B78002B71
:1088B00003D1FB681B682022DA613B6A0422134360
:1088C0003B622723FB1801221A70FB681B689B6917
:1088D000BB61BA6980235B0013400CD03B6A012264
:1088E00013433B62FB681B6880225200DA61272336
:1088F000FB1801221A70BA698023DB0013400CD0E8
:108900003B6A082213433B62FB681B688022D2004B
:10891000DA612723FB1801221A70BA6980239B00B1
:1089200013400CD03B6A022213433B62FB681B6876
:1089300080229200DA612723FB1801221A70272374
:10894000FB181B78002B1DD0FB681800FFF728FED2
:10895000FB681B685A68FB681B680E490A405A602E
:10896000FB685A6C3B6A1A43FB685A64FB684122F5
:1089700020219954FB68422200219954FB6840222F
:10898000002199542723FB181B781800BD460AB014
:1089900080BDC04600E800FE90B587B000AFF8602B
:1089A000080011007B600A243B19021C1A80092070
:1089B0003B180A1C1A703B191B889B059A0D3B1823
:1089C0001B781904FF231B040B401A437B681A43CE
:1089D000BB6A13435B005B087B61FB681B685B68D9
:1089E000BA6A510D8022D2000A4007490A43D24395
:1089F0001A401100FB681B687A690A435A60C04636
:108A0000BD4607B090BDC046FF63FF0380B582B08E
:108A100000AF786039607B6841229B5CDBB2202B21
:108A200038D17B6840229B5C012B01D1022332E0CC
:108A30007B684022012199547B684122242199546A
:108A40007B681B681A687B681B6801218A431A606F
:108A50007B681B681A687B681B6811490A401A60AA
:108A60007B681B6819687B681B683A680A431A6050
:108A70007B681B681A687B681B6801210A431A60BF
:108A80007B684122202199547B684022002199541F
:108A9000002300E002231800BD4602B080BDC0469E
:108AA000FFEFFFFF80B584B000AF786039607B686E
:108AB00041229B5CDBB2202B39D17B6840229B5C3E
:108AC000012B01D1022333E07B684022012199541C
:108AD0007B684122242199547B681B681A687B6853
:108AE0001B6801218A431A607B681B681B68FB6056
:108AF000FB68114A1340FB603B681B02FA68134392
:108B0000FB607B681B68FA681A607B681B681A68E0
:108B10007B681B6801210A431A607B68412220217F
:108B200099547B68402200219954002300E00223DD
:108B30001800BD4604B080BDFFF0FFFF80B584B0D3
:108B400000AF78600F23FB1800221A707B68002B9F
:108B500032D07B681B79DBB2002B03D17B68180015
:108B6000FCF7C6FE7B6802221A717B681B681A68D4
:108B70007B681B6880210A431A607B681B681A683F
:108B80007B681B6880218A431A607B681B685A686F
:108B90007B681B680D210A435A607B681B685A6812
:108BA0007B681B680D218A435A607B6800229A60AB
:108BB0007B6801221A7103E00F23FB1801221A704F
:108BC0000F23FB181B781800BD4604B080BD80B58C
:108BD00084B000AF78607B681B689B68FB607B6833
:108BE0001B685B68BB60FB680822134019D0BB6838
:108BF0000822134015D07B689B6801221A437B68CA
:108C00009A607B681B685A687B681B6808210A4366
:108C10005A607B681B685A687B681B6808218A4316
:108C20005A60FB680422134019D0BB680422134029
:108C300015D07B689B6802221A437B689A607B6828
:108C40001B685A687B681B6804210A435A607B686A
:108C50001B685A687B681B6804218A435A607B68DA
:108C60009B68002B03D07B68180006F0E1FEFB68D0
:108C7000012213401AD0BB680122134016D07B6832
:108C80001B685A687B681B6801210A435A607B682D
:108C90001B685A687B681B6801218A435A607B689D
:108CA00001221A717B68180006F0B4FEC046BD466A
:108CB00004B080BD80B582B000AF074B1B691B04B8
:108CC0001B0C7B60044B9B6B1A047B6813431800DE
:108CD000BD4602B080BDC0460000504880B582B09D
:108CE00000AF7860064B7A681204120C1A61044BCC
:108CF0007A68120C9A63C046BD4602B080BDC04679
:108D00000000504880B500AF074B1A688023DB0095
:108D10001A408023DB009A4201D1012300E00023A6
:108D20001800BD4680BDC0460000404880B500AF79
:108D3000094B9A68084B04218A439A60C046FFF7A2
:108D4000E1FF031EFBD0044B9A68034B02218A43C8
:108D50009A60C046BD4680BD0000404880B500AF67
:108D6000084B9B6802221340022B07D1054B9B68DE
:108D700004221340042B01D1012300E0002318003A
:108D8000BD4680BD0000404880B500AF044B1A6866
:108D9000034B10218A431A60C046BD4680BDC046C1
:108DA0000000404880B500AF054B1B6820221340EF
:108DB000202B01D1012300E000231800BD4680BD17
:108DC0000000404880B500AF044B1A68034B0421F3
:108DD0008A431A60C046BD4680BDC0460000404878
:108DE00080B500AF054B1B6808221340082B01D14A
:108DF000012300E000231800BD4680BD000040486C
:108E000080B584B000AF7860074B196E064B7A6866
:108E10000A431A66044B1B6E7A681340FB60FB68BA
:108E2000C046BD4604B080BD0000404880B582B059
:108E300000AF7860064B1B6E7A6813407A689A42DE
:108E400001D1012300E000231800BD4602B080BD1F
:108E50000000404880B582B000AF7860054B1A6EC4
:108E60007B68D943034B0A401A66C046BD4602B030
:108E700080BDC0460000404880B582B000AF786039
:108E800039603B68012B0FD1194BD9687B681B04F3
:108E90001A0C174B0A43DA60154B596B7B681A0C96
:108EA000134B0A435A6310E0114BDA687B681B04CA
:108EB0001B0CD9430E4B0A40DA600D4B5A6B7B6892
:108EC0001B0CD9430A4B0A405A63094B99687B68CB
:108ED0001B041A0C064B0A439A60054B196B7B68FE
:108EE0001A0C034B0A431A63C046BD4602B080BD4C
:108EF0000000504880B582B000AFFFF7DBFE0300F2
:108F00007B607B681800FFF7E9FE7B681800BD46B0
:108F100002B080BD80B500AF044B1A69034B042139
:108F20008A431A6130BFC046BD4680BD00ED00E0F7
:108F300080B584B000AF78600F23FB1800221A7050
:108F40007B681B68002B03D1FFF71EFFFFF73AFF7A
:108F50000120FFF76BFF031E06D10F23FB18012230
:108F60001A700120FFF74CFF194B9A6A80239B056A
:108F700013400CD1164B1A6B8023DB05134006D12E
:108F8000134B9A6A124B802109060A439A620F23F7
:108F9000FB181B78002B02D00120FFF75BFFFFF7C7
:108FA000DDFE031E01D0FFF7C1FE7B681B68002BAE
:108FB00008D1C046FFF7F6FE031EFBD1FFF710FFF6
:108FC000031EF7D100231800BD4604B080BDC04683
:108FD0000018006080B582B000AFFFF78BFF030080
:108FE0007B607B68002B03D07B6818000AF0E6FFEB
:108FF000C046BD4602B080BD80B584B000AF786089
:1090000039600F23FB1800221A707B68002B03D0F5
:109010007B68012B0ED01BE0134B196A124B3A6888
:109020000A431A62104B5A6A3B68D9430E4B0A40F6
:109030005A6212E00C4B996A0B4B3A680A439A62E7
:10904000094BDA6A3B68D943074B0A40DA6204E00D
:109050000F23FB1801221A70C0460F23FB181B7840
:109060001800BD4604B080BD0000504880B584B0F3
:1090700000AF786039600F23FB1800221A707B68FC
:10908000002B03D07B68012B08D00FE00D4B1A6A30
:109090003B68D9430B4B0A401A620CE0094B9A6AB1
:1090A0003B68D943074B0A409A6204E00F23FB1840
:1090B00001221A70C0460F23FB181B781800BD460A
:1090C00004B080BD0000504880B584B000AF786027
:1090D00039600F23FB1800221A707B68002B03D025
:1090E0007B68012B0ED01BE0134B596A124B3A6878
:1090F0000A435A62104B1A6A3B68D9430E4B0A4026
:109100001A6212E00C4BD96A0B4B3A680A43DA62D6
:10911000094B9A6A3B68D943074B0A409A6204E0BC
:109120000F23FB1801221A70C0460F23FB181B786F
:109130001800BD4604B080BD0000504880B584B022
:1091400000AF786039600F23FB1800221A707B682B
:10915000002B03D07B68012B08D00FE00D4B5A6A1F
:109160003B68D9430B4B0A405A620CE0094BDA6A60
:109170003B68D943074B0A40DA6204E00F23FB182F
:1091800001221A70C0460F23FB181B781800BD4639
:1091900004B080BD0000504880B582B000AF786058
:1091A000044B1B68034B7A681A60C046BD4602B088
:1091B00080BDC046C000002080B582B000AF78609E
:1091C000074B5B68074A134019007B681B021B04AE
:1091D0001A0C034B0A435A60C046BD4602B080BD1C
:1091E000C0000020FF00FFFF80B582B000AF7860B4
:1091F000084B5B68084A134019007B681A04FF2378
:109200001B041A40034B0A435A60C046BD4602B0D5
:1092100080BDC046C0000020FFFF00FF80B582B0C7
:1092200000AF7860064B5B681B02190A7B681A0660
:10923000034B0A435A60C046BD4602B080BDC046DB
:10924000C000002080B582B000AF7860074B9B68FB
:10925000FF22934319007B68FF221A40034B0A4305
:109260009A60C046BD4602B080BDC046C000002026
:1092700080B582B000AF7860074B9B68074A134007
:1092800019007B681B021B041A0C034B0A439A60EB
:10929000C046BD4602B080BDC0000020FF00FFFFF9
:1092A00080B582B000AF7860084B9B68084A1340D5
:1092B00019007B681A04FF231B041A40034B0A435E
:1092C0009A60C046BD4602B080BDC046C0000020C6
:1092D000FFFF00FF80B582B000AF7860064B9B684F
:1092E0001B02190A7B681A06034B0A439A60C046A0
:1092F000BD4602B080BDC046C000002080B582B02F
:1093000000AF7860074BDB68FF22934319007B684E
:10931000FF221A40034B0A43DA60C046BD4602B042
:1093200080BDC046C000002080B582B000AF78602C
:10933000074BDB68074A134019007B681B021B04BC
:109340001A0C034B0A43DA60C046BD4602B080BD2A
:10935000C0000020FF00FFFF80B582B000AF786042
:10936000084BDB68084A134019007B681A04FF2386
:109370001B041A40034B0A43DA60C046BD4602B0E4
:1093800080BDC046C0000020FFFF00FF80B582B056
:1093900000AF7860084BDB68084A134019007B680F
:1093A0001A06FC239B051A40034B0A43DA60C046A9
:1093B000BD4602B080BDC046C0000020FFFFFFC018
:1093C00080B582B000AF7860074B1B69FF229343E2
:1093D00019007B68FF221A40034B0A431A61C046FA
:1093E000BD4602B080BDC046C000002080B500AFC1
:1093F000044B5A69034B04210A435A61C046BD46D7
:1094000080BDC046C000002080B500AF044B5A6943
:10941000034B802109040A435A61C046BD4680BD02
:10942000C000002080B500AF044B5A69034B802177
:1094300089050A435A61C046BD4680BDC000002070
:1094400080B500AF044B5A69034B8021C9050A431C
:109450005A61C046BD4680BDC000002080B582B0C4
:1094600000AF78607B68DB68032293431A007B6857
:10947000DA60C046BD4602B080BD80B582B000AFA4
:1094800078607B68DB68032293431A007B68DA60AC
:10949000C046BD4602B080BD80B582B000AF7860E6
:1094A0007B689B6A034A1A407B689A62C046BD4645
:1094B00002B080BDFFFFFFBF90B58DB000AF7860F8
:1094C000144B7B61144B1B68144A93422AD1144BF2
:1094D0001B681B0A0F221340FB62114B1B681B0BFE
:1094E0000F221340BB620E4B1B681B0C0F22134054
:1094F0007B620B4B1B681B0D072213403B62084B22
:109500001B681B0E07221340FB611B23FB18012263
:109510001A7011E038190020F81E0010CCECBCFCC9
:10952000E81E00100823FB620723BB6208237B624E
:109530001B23FB1800221A70FC4B00221A717B6857
:10954000002B03D07B681800FCF758FAC023DB051A
:109550001800FFF783FFC023DB051800FFF78DFF1E
:10956000F34B1800FFF798FFF24A9E239B00D35855
:109570000F2293431A007B6A0F210B40ED491A43D7
:109580009E239B00CA50EB4A9D239B00D358F02298
:1095900093431A00BB6A1B01FF210B40E5491A43A4
:1095A0009D239B00CA50E34A9D239B00D3580F2262
:1095B00093431A00FB6A0F210B40DE491A439D2397
:1095C0009B00CA501B23FB181B78002B1ED0D94AC6
:1095D00092239B00D358072293431A003B6A07212A
:1095E0000B40D4491A4392239B00CA50D14A92237C
:1095F0009B00D358382293431A00FB69DB003821C3
:109600000B40CC491A4392239B00CA50C94AA42359
:109610005B00D358FF229343C64955221A43A42323
:109620005B00CA50C34AAA235B00D358FF2293436E
:10963000C04966221A43AA235B00CA50BD4AB4231C
:109640005B00D358FF229343BA4955221A43B423EF
:109650005B00CA50B74AC4235B00D358FF22934330
:10966000B4491D221A43C4235B00CA50B14AC22325
:109670005B00D358FF229343AE4959221A43C223B9
:109680005B00CA50AB4AC6235B00D358FF2293430A
:10969000A84932221A43C6235B00CA50A54AB62302
:1096A0005B00D358A34901221A43B6235B00CA507A
:1096B0004020FFF781FD3F20FFF796FD0920FFF7CF
:1096C000ADFD7420FFF7ECFD3820FFF703FE762098
:1096D000FFF7B8FD3A20FFF7CBFD1020FFF73CFE67
:1096E0001020FFF753FE0520FFF76AFE1420FFF756
:1096F00005FE0520FFF718FEFFF778FEFFF784FE52
:10970000FFF790FE13203B1800221A703B181B78BD
:109710003A18591C11701A007B699B1801221A70A3
:109720003B181B783A18591C11701A007B699B185A
:109730005E221A707F4A9E239B00D1583B181B78EB
:1097400004003A18581C10701A007B699B18CAB2A2
:109750001A7020003B181B783A18591C11701A0017
:109760007B699B1801221A703B181B783A18591C08
:1097700011701A007B699B185D221A706D4A9D2337
:109780009B00D1583B181B7804003A18581C1070E5
:109790001A007B699B18CAB21A7020003B181B780C
:1097A0003A18591C11701A007B699B1801221A7013
:1097B0003B181B783A18591C11701A007B699B18CA
:1097C00052221A705B4A92239B00D1583B181B7897
:1097D00004003A18581C10701A007B699B18CAB212
:1097E0001A7020003B181B783A18591C11701A0087
:1097F0007B699B1801221A703B181B783A18591C78
:1098000011701A007B699B1812221A70494AA4230E
:109810005B00D1583B181B7804003A18581C107094
:109820001A007B699B18CAB21A7020003B181B787B
:109830003A18591C11701A007B699B1801221A7082
:109840003B181B783A18591C11701A007B699B1839
:1098500015221A70374AAA235B00D1583B181B788F
:1098600004003A18581C10701A007B699B18CAB281
:109870001A7020003B181B783A18591C11701A00F6
:109880007B699B1801221A703B181B783A18591CE7
:1098900011701A007B699B181A221A70254AB4238A
:1098A0005B00D1583B181B7804003A18581C107004
:1098B0001A007B699B18CAB21A7020003B181B78EB
:1098C0003A18591C11701A007B699B1801221A70F2
:1098D0003B181B783A18591C11701A007B699B18A9
:1098E00022221A70134AC4235B00D1583B181B78FC
:1098F00004003A18581C10701A007B699B18CAB2F1
:109900001A7020003B181B783A18591C11701A0065
:109910007B699B1801221A703B181B783A18591C56
:1099200011701A007B699B1806E0C046C000002039
:10993000001800600014006021221A70494AC223F6
:109940005B00D1583B181B7804003A18581C107063
:109950001A007B699B18CAB21A7020003B181B784A
:109960003A18591C11701A007B699B1801221A7051
:109970003B181B783A18591C11701A007B699B1808
:1099800023221A70374AC6235B00D1583B181B7834
:1099900004003A18581C10701A007B699B18CAB250
:1099A0001A7020003B181B783A18591C11701A00C5
:1099B0007B699B1801221A703B181B783A18591CB6
:1099C00011701A007B699B181B221A70254AB62356
:1099D0005B00D1583B181B7804003A18581C1070D3
:1099E0001A007B699B18CAB21A703B191B783A1986
:1099F000591C11701A007B699B1800221A701A4AB0
:109A00001A4B1A60184A194B5A60194A174B9A6038
:109A1000164B0022DA60154B1B681800FFF7BCFBE1
:109A2000104B01221A61FFF70BFDC023DB055B68B9
:109A3000FB60C023DB05FA685A600E4B5A6C0D4B75
:109A400001210A435A640B4B1A6C0A4B01210A4349
:109A50001A64C023DB055B68FB60C046BD460DB0E1
:109A600090BDC0460014006038190020281900205D
:109A7000341900200018006080B586B000AF244A79
:109A8000A9239B00D358FB60214AAA239B00D358EB
:109A9000BB60BB681B021B041A0CFB68FF210B4058
:109AA00013433B611A4AAB239B00D3587B603B694D
:109AB000002B02D07B680B2B02D97F237B6120E037
:109AC0007A6813005B009B185B00773B7B6105E0C5
:109AD0007B6906337B613B695B083B613B691E2BFD
:109AE000F6D83A6913005B009B189B009B185B013A
:109AF0009B18084A944663449B0A1A007B699B188A
:109B00007B617B695BB21800BD4606B080BDC04674
:109B100000140060A046000080B582B000AFC023F2
:109B2000DB05DB697B60C023DB055B683B60C02332
:109B3000DB053A685A6000F007FF7A683B68134318
:109B4000180009F055FB00F0E9FEC023DB055B6857
:109B50003B60C046BD4602B080BD80B500AF08F096
:109B60004BFCC046BD4680BD80B582B000AF020050
:109B7000FB1D1A70FB1D1B787F2B09D8FB1D1B7862
:109B80001A001F231A40044B012191400A001A6059
:109B9000C046BD4602B080BD00E100E080B582B0A5
:109BA00000AF78607B68DB680322934302221A438C
:109BB0007B68DA60C046BD4602B080BD80B582B029
:109BC00000AF78607B68DB68032293431A007B68F0
:109BD000DA60C046BD4602B080BD80B582B000AF3D
:109BE00078607B68DB6803221340022B01D10123DC
:109BF00000E000231800BD4602B080BD80B582B0F1
:109C000000AF78607B68DB68032293431A007B68AF
:109C1000DA60C046BD4602B080BD80B582B000AFFC
:109C200078607B68DB6803221340032B01D101239A
:109C300000E000231800BD4602B080BD80B582B0B0
:109C400000AF786039607B683A681A61C046BD46EB
:109C500002B080BD80B582B000AF78607B681B69C0
:109C60001800BD4602B080BD80B582B000AF7860FC
:109C70007B689B6A8022D2051A437B689A62C04641
:109C8000BD4602B080BD000080B582B000AF7860F4
:109C90007B689B6A034A1A407B689A62C046BD464D
:109CA00002B080BDFFFFFFBF80B582B000AF78601B
:109CB0007B689A6A8023DB051A408023DB059A4281
:109CC00001D1012300E000231800BD4602B080BD91
:109CD00080B582B000AF78607B681B6B8022D205B4
:109CE0001A437B681A63C046BD4602B080BD0000BF
:109CF00080B582B000AF78607B681B6B034A1A4066
:109D00007B681A63C046BD4602B080BDFFFFFFBF3F
:109D100080B582B000AF78600A00FB1C1A70FB1C93
:109D20001A787B689A60C046BD4602B080BD80B597
:109D300082B000AF786039607B683A685A62C0468A
:109D4000BD4602B080BD80B582B000AF78607B6850
:109D50005B6A1800BD4602B080BD80B582B000AF1E
:109D6000786039607B683A68DA62C046BD4602B006
:109D700080BD80B582B000AF78607B681B69180039
:109D8000BD4602B080BD80B582B000AF78607B6810
:109D90009B6A802292051A437B689A62C046BD4640
:109DA00002B080BD80B582B000AF78600A00FB1CB5
:109DB0001A70084B9B6A072293431900FB1C1B78FF
:109DC00007221A40034B0A439A62C046BD4602B0BE
:109DD00080BDC0460018006080B582B000AF7860DA
:109DE0007B681B6C01221A437B681A64C046BD461F
:109DF00002B080BD80B582B000AF78607B689B6C9C
:109E000001221A437B689A64C046BD4602B080BDF9
:109E100080B582B000AF78607B685B6C01221A432A
:109E20007B685A64C046BD4602B080BD80B582B032
:109E300000AF78607B685B6C01221340012B01D17D
:109E4000012300E000231800BD4602B080BD80B5AC
:109E500082B000AF78607B68DB6C01221A437B68BC
:109E6000DA64C046BD4602B080BD80B582B000AFA6
:109E700078607B68DB6C01221340012B01D1012348
:109E800000E000231800BD4602B080BD80B582B05E
:109E900000AF786039607B683A685A60C046BD465A
:109EA00002B080BD80B582B000AF78607B680022D0
:109EB0009A60C046BD4602B080BD80B582B000AF9A
:109EC00078607B689B681800BD4602B080BD80B595
:109ED00082B000AF78607B68DB681800BD4602B0D6
:109EE00080BD80B582B000AF78607B681B690122BD
:109EF0001A437B681A61C046BD4602B080BD80B57A
:109F000082B000AF78607B681B6901221340012B8F
:109F100001D1012300E000231800BD4602B080BD3E
:109F2000F0B583B000AF78607C4B1800FFF78FFF6F
:109F30007A4B1800FFF75EFF1720FFF715FE14207D
:109F4000FFF712FE754B1800FFF762FF734B180006
:109F5000FFF742FF1820FFF707FE7B681B881A1CDB
:109F600093B2C82B01D2C8231A1C93B219006C4BB0
:109F7000982299507B685B685A1E9341DBB21A00A5
:109F8000674B1A70664B1B78002B03D17B689B785C
:109F9000002B02D000F016FE10E0614BC8225203E5
:109FA0001A625F4BC8225203DA615D4B5D4A9A61C7
:109FB0005B4B5D4A1A615A4B5C4A5A617B685B682D
:109FC000002B08D1A023DB05180000F0C9FC02001B
:109FD000534B5A601DE07B685B681B030A21180025
:109FE000F6F726F903001A004D4B5A604C4B5E6899
:109FF0004F4B180000F0B4FC03009E4202D2484BC5
:10A000005A6804E04A4B180000F0AAFC0200444BD6
:10A010005A60434B00221A727B681B881A00404B1F
:10A020009A663F4B9B6E9AB23D4B9B69190010009C
:10A0300000F03CFF3A4B8422002199543849002219
:10A0400000230A674B67354B1800FFF792FE0200AA
:10A05000334B80215A503249002200238A67CB6754
:10A060002F49002200238A62CB622D4B342200212B
:10A0700099542B4B58682A4B9B6919002D4B1A0099
:10A08000F6F71EF80200264B1A63254B1978244B6D
:10A0900094229954224B8C2200219950204B9022DB
:10A0A000012199541E4B9322002199541C4B91225B
:10A0B000002199541A4B922200219954184B612285
:10A0C00000219954164B622200219954144B6322AB
:10A0D000002199541249002200238A65CB65104B58
:10A0E000154A9A640E4B00225A6500F04FFC02009C
:10A0F0000B000B4949680C0000210D0012196B413F
:10A100000E49080000F028FF054B0121180000F05F
:10A1100009FEC046BD4603B0F0BDC0460018006051
:10A1200058190020C2F528008D5B0000ECEB65019A
:10A13000FFEFFFFF2603000009AF0410981900206D
:10A14000B0B594B000AF0B2308229B18DB19002296
:10A150001A70EFF310833B633B6BBB6472B6C0466F
:10A16000C34B61229B5C002B0FD0C14B9C6DDD6DFE
:10A1700000F00CFC02000B00AB4202D805D1A24259
:10A1800003D9BB4B612200219954BB6CFB62FB6A73
:10A1900083F31088C04672E0B54B9122995CB44BB2
:10A1A00092229A5C372308201B18DB198A1A1A702E
:10A1B000AF4B8C229B580C22BA181100180001F0EA
:10A1C000D1F80200AA4B8C215A50FB68FB6410E0C6
:10A1D000FB6C1B697B63FB6C00221A73FB6C9B6836
:10A1E000002B04D0FB6C9B68FA6C100098477B6BCB
:10A1F000FB64FB6C002BEBD19D4B8C229B580B24FA
:10A2000008256219D2191100180000F06DFF020034
:10A21000974B8C215A506319DB191B78012B21D1E4
:10A22000EFF31083BB62BB6ABB6372B6C046904B50
:10A2300091229B5C01338E4A9221525C934203D15E
:10A240008B4B91229B5C04E0894B91229B5C0133F8
:10A25000DBB2874A91215354BB6B7B627B6A83F3E9
:10A260001088C046824B92229A5C372308215B18E3
:10A27000DB191B78D318D9B27D4B922299547C4BB1
:10A2800091229A5C7A4B92215B5C9A420AD3784B7A
:10A2900091229A5C764B92215B5CD31A5A1E9341B1
:10A2A000DBB20CE0724B91229B5C1900704B922246
:10A2B0009B5CCB1A0133FF335A1E9341DBB2002B58
:10A2C00000D069E76A4B1B7A002B00D1B0E0694BE4
:10A2D0001800FFF714FE031E00D1C5E0644B0022F6
:10A2E0001A72634B94229B5C002B09D1604B932222
:10A2F0009B5C002B04D05E4B93220021995437E0E5
:10A3000001F07AF85A4B8C229B580B2408256219CD
:10A31000D2191100180000F0E7FE0200544B8C2106
:10A320005A506319DB191B78012B21D1EFF31083ED
:10A330003B623B6A7B6472B6C0464D4B91229B5C8C
:10A3400001334B4A9221525C934203D1484B9122F4
:10A350009B5C04E0464B91229B5C0133DBB2444A98
:10A36000912153547B6CFB61FB6983F31088C046D9
:10A370003F4B9C229B5C002B44D03D4B9C220021F8
:10A3800099543B4B6222012199540B2408256319EF
:10A39000DA19394B1100180001F0E2F8344B8C2225
:10A3A0009B586219D2191100180000F09DFE02009E
:10A3B0002F4B8C215A506319DB191B78012B21D1AB
:10A3C000EFF31083BB61BB693B6472B6C046284B98
:10A3D00091229B5C0133264A9221525C934203D125
:10A3E000234B91229B5C04E0214B91229B5C013327
:10A3F000DBB21F4A912153543B6C7B617B6983F331
:10A400001088C0461D4B180000F022FB00F0BEFA79
:10A4100002000B00164949683960002179603868EC
:10A42000796812184B411549080000F095FD1BE0B2
:10A430000F4B1B78002B17D000F0A8FA0C4B9A6A30
:10A44000DB6AFA246403002512196B41994203D890
:10A450000AD1904200D807E0084B180000F0F8FA43
:10A46000064B180000F050FDC046BD4614B0B0BD0C
:10A470005819002000100060B01900209819002021
:10A4800080B582B000AF7860C023DB055B697A6875
:10A490001100180001F098FA02000B0010001900DA
:10A4A000BD4602B080BD0000F0B58BB000AF01F03A
:10A4B000BBFA03001A0001235340DBB2002B01D08A
:10A4C0000023B1E0172310229B18DB1903221A7016
:10A4D00000F05CFA02000B00BA61FB611723FE1862
:10A4E0001023FB18180001F0BDFA03003370504B25
:10A4F00061229B5C002B04D14D4B62229B5C002BA4
:10A5000004D01723FB181B78012B04D1484B63227E
:10A510009B5C002B29D0464B9A6DDB6D444984200F
:10A52000095C0C0000210D00B869F96924184D413F
:10A53000200029003E4EB66EBE600026FE60BC685C
:10A54000FD680019694152240025001969419942AA
:10A5500002D803D1904201D9012365E017231022CC
:10A560009B18DB1902221A700BE01723FB181B78CB
:10A57000022B04D01723FB181B78012B01D10123D8
:10A5800052E02B4B8C229B58002B48D0284B8C221E
:10A590009B581B7B002B42D0254B8C229B581A6862
:10A5A0005B682349896E396000217960B869F9696F
:10A5B0003C687D6824184D41200029005224002564
:10A5C00000196941994202D803D1904201D901236F
:10A5D0002AE0172310229B18DB191B78032B18D1B4
:10A5E000134B8C229B581B69002B12D1104B8C22D1
:10A5F0009A58104B9A420CD10D4B93220121995439
:10A60000002000F057FE0C4B1800FFF771FB0323EE
:10A610000AE0172310229B18DB1902221A70172355
:10A6200010229B18DB191B781800BD460BB0F0BD3B
:10A63000581900209819002000180060F0B589B062
:10A6400000AFF860080011000B23FB18021C1A7001
:10A650000A23FB180A1C1A700F260823F318DB19AB
:10A6600000221A700B23FB181B785A1E9341D9B293
:10A67000544B642299540A23FB181B785A1E9341A9
:10A68000D9B2504B602299544E4B9A6ADB6A4D49BD
:10A69000886AC96AF968091A3960002179603868DE
:10A6A000796812184B4147498A65CB65454B612251
:10A6B00000219954434B632200219954414B62225B
:10A6C0000121995400F062F902000B00BA61FB61AC
:10A6D0003C4B8C229B58002B08D10823F318DA1925
:10A6E000394B1100180000F03BFF5EE0354B8C2227
:10A6F0009B581A685B68F96999422FD8F9699942A1
:10A7000002D1B969914229D82E4B9A6DDB6D2D4942
:10A710008C2009580868496838607960294E98216A
:10A720008C466146765834000026350038687968D2
:10A7300000196941994202D807D1904205D9214BAD
:10A740008C229B581B7B002B08D11E4B8C229B58C4
:10A750001B7B01225340DBB2002B20D00F230822A9
:10A760009B18DA19184B1100180000F0F9FE154B70
:10A770009A6DDB6D13498C20095808684968994225
:10A7800012D801D190420FD80E4B8C229B581B7BC4
:10A79000002B09D00B4B95220121995404E000F0C5
:10A7A000D3FF00F0E7FF00E0C046012000F082FD8B
:10A7B0000F2308229B18DB191B781800BD4609B02F
:10A7C000F0BDC04658190020B0190020B0B588B0BF
:10A7D00000AFC023DB051800FFF7F0F9C023DB054D
:10A7E0001800FFF70BFA354B1800FFF74DFA344B02
:10A7F000612200219954324B622200219954304B3E
:10A80000632200219954EFF31083BB60BB68BB61E6
:10A8100072B6C0462A4B9C6DDD6D00F0B7F80200A1
:10A820000B00A41A9D4122002B0025498420095CBD
:10A8300039600021796038687968121A8B413A6171
:10A840007B61BB69FB60FB6883F31088C0461D4BCE
:10A850005B68DB05DB0D222B01D000F08BFF7B69F1
:10A86000002B0CDC7B69002B02D13B69002B06D14D
:10A87000172308229B18DB1901221A7015E07B6947
:10A88000002B0CDC7B69002B02D13B690E2B06D818
:10A89000172308229B18DB1902221A7005E01723E0
:10A8A00008229B18DB1900221A70172308229B1814
:10A8B000DB191B781800BD4608B0B0BD0018006059
:10A8C0005819002000ED00E080B584B000AFEFF330
:10A8D00010833B603B68FB6072B6C0460E4B1800AD
:10A8E000FFF747FA0300BB60BB681A1DC023DB05F6
:10A8F00011001800FFF7A2F9C023DB051800FFF7CD
:10A900004DF9FB687B607B6883F31088C046C046C6
:10A91000BD4604B080BDC0460018006080B500AFE1
:10A92000C023DB051800FFF758F9031E08D1C02328
:10A93000DB051800FFF771F9031E01D100F01AFFC3
:10A94000C046BD4680BD000080B500AF034B63220A
:10A9500000219954C046BD4680BDC046581900200C
:10A9600080B582B000AF7860064BDB691900064AFB
:10A970007B681800F5F7A4FB03001800BD4602B081
:10A9800080BDC046581900203506000080B582B051
:10A9900000AF3A1D054B1100180000F03DFB02000E
:10A9A0000B0010001900BD4602B080BD58190020F0
:10A9B000B0B588B000AFF860B960BB68BB61002378
:10A9C000FB61FFF7E3FF38607960BB691B0DFA6933
:10A9D00015031D43BB691C030A2200232000290024
:10A9E000F5F73EFE02000B0038687968801859417F
:10A9F00002000B00F968080000F0AEFA02000F2414
:10AA000008256319DB191A70012000F053FC631943
:10AA1000DB191B781800BD4608B0B0BD90B587B0F3
:10AA200000AFF8603A607B603A687B68F9680800BC
:10AA300000F092FA020017243B191A70012000F06E
:10AA400039FC3B191B781800BD4607B090BD0000CB
:10AA500090B589B000AF7860284B8C229B587A68FB
:10AA60001100180000F052FC0300FB610F217B185D
:10AA700000221A707B6800221A73204B8C229B588C
:10AA8000FA699A4231D00C007A18FB69110018005B
:10AA900000F02AFB0200194B8C215A503B191B78FD
:10AAA000002B26D0EFF310837B617B69BB6172B60C
:10AAB000C046124B91229B5C0133104A9221525C9A
:10AAC000934203D10D4B91229B5C04E00B4B9122EE
:10AAD0009B5C0133DBB2094A91215354BB693B6152
:10AAE0003B6983F31088C04603E0044B8C21FA696C
:10AAF0005A50C046BD4609B090BDC0465819002006
:10AB000080B582B000AF00237B607B68FA1C0F4BDE
:10AB10001100180000F024FD0D4B95229B5C002BCA
:10AB200005D00B4B95220021995400F015F8094BE4
:10AB30001800FFF76DF9074B1800FFF777F90300CE
:10AB40007B60C046BD4602B080BDC046B019002043
:10AB5000581900200018006080B582B000AF0023B3
:10AB60007B607B68154B952200219954144B18008B
:10AB7000FFF7BEF8114B91229B5C01330F4A9221E3
:10AB8000525C934203D10D4B91229B5C04E00B4B32
:10AB900091229B5C0133DBB2084A91215354084B4C
:10ABA0001800FFF754F9064B1800FFF75EF9030091
:10ABB0007B60C046BD4602B080BDC046581900202B
:10ABC0000018006080B500AFC0460B4B1800FFF7BF
:10ABD00096F9031EF9D0084B17211800FFF756F914
:10ABE000064B180000F01EF8054BDA69044B1A6298
:10ABF000C046BD4680BDC0460010006068190020F8
:10AC00005819002080B500AF054B1800FFF769F90F
:10AC1000034B1800FFF746F9C046BD4680BDC0464D
:10AC20000010006080B582B000AF7860FFF7EAFFE7
:10AC3000C046074B1800FFF762F9031EF9D07B6886
:10AC4000180000F007F8C046BD4602B080BDC046FF
:10AC50000010006080B58AB000AF78602E4B1800FD
:10AC6000FFF72BF903007B6205E02B4B1800FFF781
:10AC700024F903007B62284B1800FFF71EF902003D
:10AC80007B6A9A42F1D17B6A002BEED0234BFB61A9
:10AC90007B6A1B12BB617B6AFF2213407B61FB69ED
:10ACA000BA695A437B69F9694B431B12D3181033B5
:10ACB0005A117B68DA607A6A7B681A60184B3B61CC
:10ACC000154B1800FFF703F903003B6205E0124B38
:10ACD0001800FFF7FCF803003B620F4B1800FFF76A
:10ACE000F6F802003B6A9A42F1D13B6A002BEED0A3
:10ACF0003B6A9B11FB60FB683A695343BB60BB68CE
:10AD000080331A127B689A603A6A7B685A60C04640
:10AD1000BD460AB080BDC04600100060F6BC080009
:10AD20005307000090B585B000AF78600A00FB1CA7
:10AD30001A70384B9B7BDBB2002B00DA0733DB1039
:10AD4000DAB20F243B1901321A707B689B69190033
:10AD5000314B1A001B20F5F7B3F902002D4BD2B28C
:10AD60005A712C4B9B79DBB2180000F06DF8030090
:10AD7000D9B27B683D229954264B1B7ADBB21A006C
:10AD80003B191B78D318180000F05EF80300D9B205
:10AD90007B68382299541F4B5B7ADBB21A003B194F
:10ADA0001B78D318180000F04FF80300D9B27B6865
:10ADB00039229954174B9B7ADBB2180000F044F803
:10ADC0000300D9B27B683A229954124BDB7ADBB28A
:10ADD000180000F039F80300D9B27B683B2299547F
:10ADE000FB1C1B78002B10D00A4B1B7ADBB21A001D
:10ADF0003B191B78D318180000F010F80300DBB2E1
:10AE00001B33D9B27B683C229954C046BD4605B07D
:10AE100090BDC046C00000202603000080B584B06D
:10AE200000AF78607B6868225343FB607B68DB225D
:10AE30005343BB60FB681A0ABB681B0CD31818008D
:10AE4000BD4604B080BD0000B0B588B000AFF8606A
:10AE500015494969396000217960F9680A000021C3
:10AE60000B0038687968F5F71BFC02000B00100036
:10AE7000190002000B0092185B4112184B41BA6195
:10AE8000FB61BA69FB698020C004002112184B41A4
:10AE90005901D40E0C43DD0E23007B617B69180041
:10AEA000BD4608B0B0BDC0465819002080B584B07A
:10AEB00000AF02003960BB1D1A80BB1D1B883968BA
:10AEC0000E4A1800F5F7FCF80300FB60FA688023CF
:10AED0005B019A4201DB0A4BFB60FB680F2B01DC34
:10AEE0001023FB60FB681B11DBB2064A190010003F
:10AEF000FEF70EFFC046BD4604B080BD260300002D
:10AF0000FF0F00000018006080B582B000AF7860CD
:10AF10000F4B1B7A01225340DBB2002B08D00C4BA5
:10AF20001B78002B01D0FFF76DFE094B01221A722E
:10AF3000FFF72CFD02000B006420002112184B418A
:10AF40000449080000F008F8C046BD4602B080BDC4
:10AF5000581900209819002090B589B000AFF8600A
:10AF60003A607B601323FB1800221A70FB681B7B7E
:10AF7000002B01D0012349E0F9683A687B680A6038
:10AF80004B60FB6801221A73224B8C229B58FA6893
:10AF90001100180000F05EF90200FB68934230D106
:10AFA00013243A19FB681100180000F09DF8020004
:10AFB000184B8C215A503B191B78002B23D0EFF3F0
:10AFC0001083BB61BB69FB6172B6C046114B912215
:10AFD0009B5C01330F4A9221525C934203D10D4B8B
:10AFE00091229B5C04E00B4B91229B5C0133DBB212
:10AFF000084A91215354FB697B617B6983F3108874
:10B0000001E000F0B7FB1323FB181B781800BD46C6
:10B0100009B090BD58190020B0B58AB000AFF860F3
:10B02000B960EFF310837B617B69FB6172B6C04648
:10B03000FB681A6F5B6F3A627B62294B1800FEF760
:10B0400098FE0200BB681A60BB681A68FB68802122
:10B050005B58D31ABB61FB68DB691900214ABB69E5
:10B060001800F5F72DF803003B6000237B603A6A77
:10B070007B6A3868796812184B413A627B62FB68D8
:10B080009A6FDB6F796A994205D3796A994215D133
:10B09000396A914212D2FB68DB691900114A012317
:10B0A0005B421800F5F70CF803001C0000231D009C
:10B0B0003A6A7B6A12196B413A627B62F9683A6AB2
:10B0C0007B6A8A67CB67FB693B613B6983F31088C6
:10B0D000C0463A6A7B6A10001900BD460AB0B0BD8E
:10B0E0000018006035060000B0B58EB000AFF86003
:10B0F000B960FB687B63FB683B63BB6800221A7026
:10B1000094E07B6B1B7B002B00D18CE0EFF3108372
:10B11000FB61FB69FB6272B6C0460E2308215B1817
:10B12000DB1900221A700F235B18DA19474B110044
:10B13000180000F015FA7B6B1C685D68FFF726FCB1
:10B1400002000B00A41A9D4122002B003A627B6290
:10B150007B6A002B05DC7B6A002B5AD13B6A002BF3
:10B1600057D03B4B9A6DDB6D796B08684968384C5A
:10B17000982564593C6000247C603C687D68001917
:10B180006941994202D81BD1904219D9304B6122B2
:10B190009B5C002B14D02E4B9A6DDB6D796B08688D
:10B1A0004968994213D801D1904210D8284B6122A6
:10B1B0009B5C002B0BD0264B95220121995406E075
:10B1C0000E2308229B18DB1901221A7000E0C046EA
:10B1D0003B6A0E2408256219D2191100180000F0EC
:10B1E00049FA6319DB191B78002B15D0184B622222
:10B1F0009A5C174B61215B5C1343DBB25A1E93418F
:10B20000D9B2134B62229954114B612200219954F7
:10B2100002E0BB6801221A70FB6ABB61BB6983F361
:10B220001088C04606E07B6B1B697B637B6B002B41
:10B2300000D066E7BB681B78002B01D03B6B00E0B9
:10B240007B6B1800BD460EB0B0BDC046B0190020E3
:10B250005819002080B586B000AF786039607B68EF
:10B260007B6100233B617B68FB6004E07B693B61A1
:10B270007B691B697B617B69002B0AD07B691A683B
:10B280005B683968086849689942EFD801D19042F3
:10B29000ECD83B687A691A613B69002B02D13B68A4
:10B2A000FB6002E03B693A681A61FB681800BD4622
:10B2B00006B080BD80B582B000AF0200FB1D1A70E1
:10B2C000FB1D1B78002B10D00E4B90229B5C0122A3
:10B2D0005340DBB2002B10D00B4B1800FFF714FECD
:10B2E000084B90220121995407E0074B1800FFF703
:10B2F000AFFB044B902200219954C046BD4602B0DA
:10B3000080BDC046581900209819002080B586B02D
:10B3100000AF786039607B687B6100233B617B68AC
:10B32000FB6004E07B693B617B691B697B617B6936
:10B33000002B03D07A693B689A42F3D17B69002BDA
:10B340000BD07A697B689A4203D17B691B69FB60E9
:10B3500003E07B691A693B691A61FB681800BD4606
:10B3600006B080BDB0B588B000AF786039607B684A
:10B37000FB610023BB617B687B613B687A681A6074
:10B3800000233B6121E0FB691B7B002B15D0FB698F
:10B390001C685D68FFF7FAFA02000B00A41A9D41D1
:10B3A00022002B00BA60FB60FB68002B11DCFB68FD
:10B3B000002B02D1BB68052B0BD8FB69BB61FB6975
:10B3C0001B69FB613B6901333B61FB69002BDAD1EF
:10B3D00000E0C0463B69002B05D0BB6900221A6122
:10B3E000FB697B6102E03B6800221A607B69180000
:10B3F000BD4608B0B0BD000080B590B000AF284B8E
:10B400001B78002B37D03B001800FFF723FC244BA0
:10B410009B6E9AB23B009B6819001000FFF746FD37
:10B42000EFF310833B633B6BBB6372B6C0461C4BB0
:10B430003422012199543B005A68194B5A613B0050
:10B440009A68174B9A613B001A68154B1A613B00CA
:10B45000DA68134BDA61124B180000F023F8BB6B6B
:10B460007B637B6B83F31088C0460D4B0021180073
:10B47000FFF758FC10E0EFF31083BB62BB6AFB637D
:10B4800072B6C046064B180000F00CF8FB6BFB626E
:10B49000FB6A83F31088C046C046BD4610B080BD2D
:10B4A00058190020B0B588B000AF78612A4B180059
:10B4B000FEF75FFC0300FB617B691B6ABB617B6974
:10B4C0009C6ADD6A7B6980229B58FA69D31A234AF9
:10B4D000B9691800F4F7F4FD0300BB600023FB60BA
:10B4E000BA68FB6812196B4179690A674B677B6917
:10B4F0001B78002B1DD17B6980229B58FA69D21AD8
:10B500007B691B6B9A4214D2144AB96901235B42CE
:10B510001800F4F7D5FD01007B691A6F5B6F396085
:10B52000002179603868796812184B4179690A6797
:10B530004B677B698021FA695A507B691A6F5B6F90
:10B5400079698A62CB627B69DA697B691A62C04673
:10B55000BD4608B0B0BDC04600180060350600000A
:10B56000B0B58AB000AF786039603B6800221A70CD
:10B570007B689B7A002B00D175E03D4B9A6ADB6AB1
:10B580003B4949680C0000210D0012196B413A62D9
:10B590007B62EFF31083FB60FB68FB6172B6C04611
:10B5A000FFF7F4F902000B003A617B617B681A68CF
:10B5B0005B68386A796AC824A402002500196941C9
:10B5C000994212D801D190420FD83A6A7B6AB920C9
:10B5D0004000002112184B417969994205D87969D8
:10B5E000994236D13969914233D97B681A685B68D0
:10B5F0004C204042C117801859413A697B690A249E
:10B60000002512196B41994202D81AD1904218D9DB
:10B610007B681A685B6810007B68197B7B681B7A03
:10B620001A0000F0D5F803001A003B681A707B6816
:10B6300000229A727B6801225A727B680122DA72B8
:10B640000BE00B4B6222002199543B6801221A70D7
:10B6500003E0074B9C2201219954FB69BB60BB6846
:10B6600083F31088C046C046BD460AB0B0BDC04690
:10B670005819002080B584B000AF786039602F4B36
:10B680009B6919002E4A7B681800F4F719FD030026
:10B690007B607B68202B00D220237B60294B180025
:10B6A000FEF767FB0300FB607A68FB68D31808337A
:10B6B000244A19001000FEF750FB224B1800FEF739
:10B6C00062FB204B1800FEF703FBC023DB051800CC
:10B6D000FEF783FA031E0DD1C023DB051800FEF729
:10B6E0009CFA031E06D13B681B7801225340DBB253
:10B6F000002B04D03B6800221A70FB681AE000F0AF
:10B7000023F8FA687B68D31808330F2293430D4A55
:10B7100019001000FEF70BFB0A4B00211800FEF782
:10B7200041FB084B1800FEF79FFA064B1800FEF786
:10B730002AFBFB681800BD4604B080BD58190020E4
:10B74000260300000018006080B500AF084B1B798D
:10B75000DBB2074A7F210B40DBB21371044B00229E
:10B760009A75034B0022DA75C046BD4680BDC046BF
:10B77000C000002080B582B000AF144B8C229B58D3
:10B78000FA1D11001800FFF7AFFC02000F4B8C21CF
:10B790005A50FB1D1B78012B14D10C4B91229B5C42
:10B7A00001330A4A9221525C934203D1074B912202
:10B7B0009B5C04E0054B91229B5C0133DBB2034AA6
:10B7C00091215354C046BD4602B080BD5819002097
:10B7D00080B58AB000AF786008001100FB1C021C25
:10B7E0001A70BB1C0A1C1A70FB1C1B78002B15D08E
:10B7F000BB1C1B78002B08D06E4B38229B5C3B6235
:10B800006C4B3C229B5CFB611DE06A4B39229B5CCC
:10B810003B62684B3C229B5CFB6114E0BB1C1B78C9
:10B82000002B08D0634B3A229B5C3B62614B3C226D
:10B830009B5CFB6107E05F4B3B229B5C3B625D4B8B
:10B840003C229B5CFB610C23FA185A4B1100180038
:10B85000FFF7E2FB02000B007B689B1A7B61554BF4
:10B860009B691900544A7B691800F4F729FC03000E
:10B870003B61504B9A6EFB69D318C8337A699A4280
:10B880002FD94E4B5B79DBB21A003B699A1A3B6A9F
:10B89000D31A7B62FA687B6AD318494A19001000F0
:10B8A000FEF745FA464B00211800FEF77BFAC0234D
:10B8B000DB051800FEF782F9C023DB051800FEF750
:10B8C0009DF93F4B1800FEF7CFF93D4B1800FEF7EE
:10B8D0005AFA3A4B5B79DBB21A003B6A9B183B621F
:10B8E00021E0344B3D229B5C1A003B699A1A3B6A6B
:10B8F000D31A7B62FA687B6AD218C023DB05110079
:10B900001800FEF79BF92E4B1800FEF7BDF9C02377
:10B91000DB051800FEF742F9264B3D229B5C1A001E
:10B920003B6A9B183B62FA683B69D218214B88211D
:10B930005A50224B1B79DBB22049802252421343DA
:10B94000DBB20B711D4BF0229A751C4BFF22DA758E
:10B950007A6A3B6AD2183B6A05339A4212D2C023F4
:10B96000DB051800FEF72AF9C023DB051800FEF7F7
:10B9700045F9134B1800FEF787F91B23FB1801222A
:10B980001A7010E00B4BDB6919000E4A3B6A180075
:10B99000F4F796FB0300D9B2064B842299541B237B
:10B9A000FB1800221A701B23FB181B781800BD46D9
:10B9B0000AB080BD5819002026030000C0000020F6
:10B9C0000018006035060000B0B584B000AF7860A4
:10B9D00039600823FA18124B11001800FFF71CFBFE
:10B9E00002000B0039680A604B60BA687B68D01AA5
:10B9F0000B4BDB6919000B4B1A00F4F761FB0300DA
:10BA0000FB603B681A685B68F9680C0000210D0058
:10BA1000121BAB4110001900BD4604B0B0BDC046BA
:10BA2000581900203506000080B500AF0C4B91225C
:10BA30009A5C0B4B92215B5C9A4208D1084B1B7AB3
:10BA400001225340DBB2002B01D0012300E0002390
:10BA50001A1C01231340DBB21800BD4680BDC0464E
:10BA60005819002080B582B000AF78601A4B1800DA
:10BA7000FEF71AF9031E08D0174B1800FEF763F9FA
:10BA800002007B681A60032322E0C023DB05180054
:10BA9000FEF7A3F8031E09D0C023DB051800FEF74C
:10BAA000D9F802007B681A60012311E0C023DB058E
:10BAB0001800FEF7B2F8031E09D0C023DB051800FA
:10BAC000FEF7C8F802007B681A60022300E000233A
:10BAD0001800BD4602B080BD0018006080B500AF00
:10BAE000FFF73AF807F07DFBC046BD4680BD80B544
:10BAF00000AF07F06FFBFFF703F8C046BD4680BDFF
:10BB000080B582B000AF00237B607B68C023DB057B
:10BB10005A6FC023DB0501210A435A67C023DB05A6
:10BB20005B6F7B60C046BD4602B080BD80B582B011
:10BB300000AF7860084B9A6A7B68D943064B0A408D
:10BB40009A62054BDA6A7B68D943034B0A40DA6292
:10BB5000C046BD4602B080BD0000504880B500AF71
:10BB6000044B1A68034B802149020A431A60C046FD
:10BB7000BD4680BD0000404880B500AF044B1A6848
:10BB8000034B04490A401A60C046BD4680BDC0460A
:10BB900000004048FFFFFEFF80B500AF074B1A686A
:10BBA00080239B021A4080239B029A4201D10123E9
:10BBB00000E000231800BD4680BDC046000040489C
:10BBC00080B582B000AF78600B4A9823D3580B4AF7
:10BBD0001A407B681B020849134398228B50064A7F
:10BBE0009823D35804498022134398228B50C0468F
:10BBF000BD4602B080BDC04600004048FFC0FFFF08
:10BC000080B582B000AF7860074A9823D35870227D
:10BC100093431A0004497B68134398228B50C04613
:10BC2000BD4602B080BDC0460000404880B500AFB0
:10BC3000074B9A68064B04218A439A60044B9A6822
:10BC4000034B02218A439A60C046BD4680BDC04670
:10BC50000000404880B500AF074B9A68064B0221B0
:10BC60000A439A60044B9A68034B04210A439A6082
:10BC7000C046BD4680BDC0460000404880B500AF0C
:10BC8000074B1A688023DB001A408023DB009A42AE
:10BC900001D1012300E000231800BD4680BDC0464D
:10BCA0000000404880B582B000AFC0460F4B1A6814
:10BCB00080239B021340F9D00C4B9A680B4B022156
:10BCC0000A439A6000237B6003E0C0467B6801332F
:10BCD0007B607B68052BF8DD044B9A68034B0421DD
:10BCE0000A439A60C046BD4602B080BD000040488D
:10BCF00080B582B000AF7860064B9B68064A13405F
:10BD00001900044B7A680A439A60C046BD4602B0E7
:10BD100080BDC04600004048FF7FFEFF80B500AFF9
:10BD2000044B1A68034B10210A431A60C046BD46F3
:10BD300080BDC0460000404880B500AF044B1A6883
:10BD4000034B10218A431A60C046BD4680BDC046E1
:10BD50000000404880B500AF054B1B68202213400F
:10BD6000202B01D1012300E000231800BD4680BD37
:10BD70000000404880B500AF044B1A68034B4021D7
:10BD80000A431A60C046BD4680BDC0460000404818
:10BD900080B500AF044B1A68034B40218A431A60F8
:10BDA000C046BD4680BDC0460000404880B500AFDB
:10BDB000054B1B6840221340402B01D1012300E0BA
:10BDC00000231800BD4680BD0000404880B582B009
:10BDD00000AF7860064BDB68602293431900044B88
:10BDE0007A680A43DA60C046BD4602B080BDC046EC
:10BDF0000000404880B500AF044B1A68034B042193
:10BE00000A431A60C046BD4680BDC0460000404897
:10BE100080B500AF044B1A68034B04218A431A60B3
:10BE2000C046BD4680BDC0460000404880B500AF5A
:10BE3000054B1B6808221340082B01D1012300E0A9
:10BE400000231800BD4680BD0000404880B500AF0B
:10BE5000044B1A68034B802189010A431A60C046CB
:10BE6000BD4680BD0000404880B500AF044B1A6855
:10BE7000034B04490A401A60C046BD4680BDC04617
:10BE800000004048FFDFFFFF80B500AF074B1A6896
:10BE90008023DB011A408023DB019A4201D1012378
:10BEA00000E000231800BD4680BDC04600004048A9
:10BEB00080B582B000AF7860064B9B68E022934368
:10BEC0001900044B7A680A439A60C046BD4602B026
:10BED00080BDC0460000404880B584B000AF7860A7
:10BEE0007B68002B01D1012340E17B681B68102295
:10BEF000134033D07B689B68002B02D1FFF796FE7E
:10BF000001E0FFF7A7FE7B689B68042B13D1FBF7CA
:10BF100047F80300FB6008E0FBF742F80200FB680B
:10BF2000D31A642B01D9032320E1FFF7A7FE0300F6
:10BF3000012BF1D012E0FBF733F80300FB6008E0BF
:10BF4000FBF72EF80200FB68D31A642B01D90323F8
:10BF50000CE1FFF793FE0300012BF1D17B681B6816
:10BF60000122134039D02020FFF72AFE3020FFF7AE
:10BF700047FE7B685A6880235B029A4202D1FFF732
:10BF8000EDFD01E0FFF7F8FD7B685B68002B12D048
:10BF9000FBF706F80300FB6008E0FBF701F802007E
:10BFA000FB68D31A642B01D90323DFE0FFF7F4FD0C
:10BFB000031EF2D011E0FAF7F3FF0300FB6008E084
:10BFC000FAF7EEFF0200FB68D31A642B01D90323B2
:10BFD000CCE0FFF7E1FD031EF2D17B681B68042271
:10BFE00013403AD07B681B69002B22D0FFF710FF6B
:10BFF000C046FFF71BFF031EFBD1FFF79DFE80230A
:10C000005B021800FFF774FEFFF7F4FEFAF7C8FFB3
:10C010000300FB6008E0FAF7C3FF0200FB68D31AD5
:10C02000022B01D90323A1E0FFF700FF031EF2D08A
:10C0300013E0FFF7EDFEFAF7B3FF0300FB6008E043
:10C04000FAF7AEFF0200FB68D31A022B01D90323D3
:10C050008CE0FFF7EBFE031EF2D17B681B68022227
:10C06000134049D0FFF7D4FEFFF766FEC046FFF746
:10C0700071FE031EFBD1C0239B011800FFF756FD84
:10C0800080231B021800FFF733FE2020FFF79EFEDF
:10C090007B68DB68102B02D1FFF740FE01E0FFF761
:10C0A0004BFE7B68DB68002B13D0FAF779FF0300A7
:10C0B000FB6009E0FAF774FF0200FB68D31A2D4A0F
:10C0C000934201D9032351E0FFF744FE031EF1D050
:10C0D00012E0FAF765FF0300FB6009E0FAF760FF82
:10C0E0000200FB68D31A234A934201D903233DE09F
:10C0F000FFF730FE031EF1D17B681B680822134056
:10C1000033D07B685B69402B02D1FFF733FE01E03F
:10C11000FFF73EFE7B685B69002B13D0FAF740FF08
:10C120000300FB6009E0FAF73BFF0200FB68D31A4B
:10C13000104A934201D9032318E0FFF737FE031E8C
:10C14000F1D012E0FAF72CFF0300FB6009E0FAF7E8
:10C1500027FF0200FB68D31A064A934201D9032342
:10C1600004E0FFF723FE031EF1D100231800BD46B3
:10C1700004B080BD8813000080B584B000AF786043
:10C1800039607B68002B01D1012398E04E4B5B683E
:10C190003022934319004C4B3A680A435A607B683B
:10C1A0001B68022B0ED1FFF741FDFFF767FD031E51
:10C1B00001D1012383E0FFF757FE7B685B6818001D
:10C1C000FFF776FE7B681B68002B24D1FFF756FD36
:10C1D000031E01D1012372E0FFF7DEFC031E01D133
:10C1E00001236CE0FFF732FEFAF7DAFE0300FB6092
:10C1F00008E0FAF7D5FE0200FB68D31A022B01D93A
:10C2000003235CE0FFF740FE031EF2D07B685B680F
:10C210001800FFF74DFE7B681B68012B17D1FFF755
:10C2200041FDFFF72BFD031E01D0012347E0FFF77F
:10C23000B3FC031E01D1012341E0244B9B68E022A3
:10C24000934319007B685A68204B0A439A601E4B3F
:10C250005B68302213403A689A421DD01A4B5B68E3
:10C26000302293431900184B3A680A435A60FAF790
:10C2700097FE0300FB6008E0FAF792FE0200FB68FD
:10C28000D31A022B01D9032319E00F4B5B6830222C
:10C2900013403A689A42EFD10023BB6003E0C046E6
:10C2A000BB680133BB60BB68052BF8DDF9F73EFFC7
:10C2B000FAF780FE03001800FAF718FE03001800D2
:10C2C000BD4604B080BDC04600100040000040489C
:10C2D00080B500AF024B1B681800BD4680BDC0464C
:10C2E000A033002080B582B000AF7860064B9B6819
:10C2F000064A13401900044B7A680A439A60C04604
:10C30000BD4602B080BDC04600004048FF7FFEFF32
:10C3100080B582B000AF7860064B1B6E0622934357
:10C320001900044B7A680A431A66C046BD4602B03B
:10C3300080BDC0460000404880B582B000AF786044
:10C34000064B9B68064A13401900044B7A680A435F
:10C350009A60C046BD4602B080BDC046000040485D
:10C36000FFEFFFFF80B582B000AF7860064B9B689F
:10C37000064A13401900044B7A680A439A60C04683
:10C38000BD4602B080BDC04600004048FFFF7FFFB1
:10C3900080B582B000AF7860064B9B68064A1340B8
:10C3A0001900044B7A680A439A60C046BD4602B041
:10C3B00080BDC04600004048FFFFBFFF80B582B08F
:10C3C00000AF78607B681B680122134004D07B6853
:10C3D0001B691800FFF79CFF7B681B680222134053
:10C3E00004D07B685B691800FFF7A6FF7B681B68B9
:10C3F0000422134004D07B685B681800FFF7B2FF8B
:10C400007B681B680822134004D07B689B68180077
:10C41000FFF7BEFF7B68DB682022134004D07B68F7
:10C42000DB681800FFF75EFF00231800BD4602B06E
:10C4300080BD80B582B000AF78607B68002B01D1F1
:10C4400001232DE07B685B7ADBB2002B06D17B6891
:10C4500000221A727B681800F9F7BEFB7B68022283
:10C460005A727B681B6800221A607B681B681B6815
:10C470000822934319007B685A687B681B680A434B
:10C480001A607B681B681A687B681B6804218A43F2
:10C490001A607B6801225A727B680022DA600023EE
:10C4A0001800BD4602B080BD80B582B000AF786094
:10C4B0007B68002B01D1012346E07B6888229B58D2
:10C4C000002B07D17B688422002199547B681800D7
:10C4D000FAF72EFC7B688822242199507B681B6820
:10C4E0001A687B681B6801218A431A607B689B6A13
:10C4F000002B03D07B68180000F0B4FE7B681800A6
:10C5000000F04AFD0300012B01D101231CE07B68F0
:10C510001B685A687B681B680D490A405A607B6833
:10C520001B689A687B681B682A218A439A607B682B
:10C530001B681A687B681B6801210A431A607B68C4
:10C54000180000F043FF03001800BD4602B080BD94
:10C55000FFB7FFFF80B582B000AF78607B68002B2B
:10C5600001D1012332E07B688822242199507B6825
:10C570001B681A687B681B6801218A431A607B6804
:10C580001B6800221A607B681B6800225A607B6867
:10C590001B6800229A607B681800FAF737FC7B68FA
:10C5A0009022002199507B688822002199507B6855
:10C5B0008C22002199507B680022DA667B68002279
:10C5C0001A677B6884220021995400231800BD4615
:10C5D00002B080BD80B58CB000AFF860B960BB1D03
:10C5E0001A80FB6888229B58202B00D08DE0BB6806
:10C5F000002B03D0BB1D1B88002B01D1012385E03C
:10C60000FB689A6880235B019A4209D1FB681B6929
:10C61000002B05D1BB680122134001D0012375E036
:10C62000FB68BA681A65FB68BA1D542112885A5211
:10C63000FB68BA1D562112885A52FB6800229A677D
:10C64000FB68902200219950FB6888222121995093
:10C65000FB685A6E80239B059A422AD1FB689A6830
:10C6600080235B019A4207D1FB681B69002B03D131
:10C67000FB68284A9A6702E0FB68274A9A67EFF34B
:10C680001083FB61FB69BB6201233B623B6A83F35E
:10C690001088C046FB681B689A68FB681B6880218D
:10C6A00009040A439A60BB6A7B627B6A83F3108841
:10C6B00029E0FB689A6880235B019A4207D1FB68F6
:10C6C0001B69002B03D1FB68144A9A6702E0FB68E0
:10C6D000134A9A67EFF310833B613B69FB620123C6
:10C6E0007B617B6983F31088C046FB681B681A680E
:10C6F000FB681B6880210A431A60FB6ABB61BB6947
:10C7000083F31088C046002300E002231800BD46D2
:10C710000CB080BD55DD041069DC0410ABDB0410E7
:10C72000F7DA041080B588B000AFF860B960BB1DBF
:10C730001A80FB688C229B58202B4AD1BB68002BA7
:10C7400003D0BB1D1B88002B01D1012342E0FB68F5
:10C750009A6880235B019A4209D1FB681B69002B10
:10C7600005D1BB680122134001D0012332E0FB68F0
:10C770000022DA66FB681B68184A934220D0FB68E7
:10C780001B685A6880231B04134019D0EFF31083F1
:10C790003B613B69FB6101237B617B6983F310880B
:10C7A000C046FB681B681A68FB681B688021C904C7
:10C7B0000A431A60FB69BB61BB6983F31088C046FA
:10C7C000BB1D1A88B968FB68180000F019FF030048
:10C7D00000E002231800BD4608B080BD00500041B3
:10C7E00080B588B000AFF860B960BB1D1A80FB68E7
:10C7F00088229B58202B00D079E0BB68002B03D007
:10C80000BB1D1B88002B01D1012371E0FB689A68D6
:10C8100080235B019A4209D1FB681B69002B05D17B
:10C82000BB680122134001D0012361E0FB68BA68B4
:10C830001A65FB68BA1D542112885A52FB68BA1D4A
:10C84000562112885A52FB68902200219950FB68A9
:10C85000882221219950FB68DB6F002B28D0FB68D0
:10C86000DB6F254ADA62FB68DB6F244A1A63FB68D8
:10C87000DB6F234A5A63FB68DB6F00229A63FB6815
:10C88000D86FFB681B6D1900FB681B6828331A0002
:10C89000BB1D1B88FAF744FD031E09D0FB689022DC
:10C8A00010219950FB6888222021995001231FE014
:10C8B000FB681B6840221A62EFF310833B613B69FF
:10C8C000FB6101237B617B6983F31088C046FB68B1
:10C8D0001B689A68FB681B6880210A439A60FB69A1
:10C8E000BB61BB6983F31088C046002300E00223CC
:10C8F0001800BD4608B080BD95D904102DDA04108B
:10C900004BDA0410B0B5AAB000AF78607B681B6842
:10C91000DB69A422B9180B607B681B681B68A02028
:10C9200039180B607B681B689B689C2439190B6065
:10C930001100BB181B68A24A13409822BD182B6037
:10C94000BB181B68002B1AD17B181B6820221340D0
:10C9500015D03B181B682022134005D13B191A68DB
:10C9600080235B0513400AD07B685B6F002B00D1EE
:10C97000E3E27B685B6F7A6810009847DDE29823FA
:10C98000FB181B68002B00D122E19C23FB181B68BD
:10C990008C4A134006D1A023FB181B688A4A134017
:10C9A00000D115E1A423FB181B680122134012D00B
:10C9B000A023FB181A6880235B0013400BD07B6810
:10C9C0001B6801221A627B6890229B5801221A433D
:10C9D0007B6890215A50A423FB181B680222134045
:10C9E00011D09C23FB181B68012213400BD07B68DD
:10C9F0001B6802221A627B6890229B5804221A4309
:10CA00007B6890215A50A423FB181B680422134012
:10CA100011D09C23FB181B68012213400BD07B68AC
:10CA20001B6804221A627B6890229B5802221A43D8
:10CA30007B6890215A50A423FB181B6808221340DE
:10CA400017D0A023FB181B682022134005D19C237C
:10CA5000FB181B685B4A13400BD07B681B680822DD
:10CA60001A627B6890229B5808221A437B689021A7
:10CA70005A50A423FB181A6880231B01134013D0BB
:10CA8000A023FB181A688023DB0413400CD07B68BA
:10CA90001B68802212011A627B6890229B58202218
:10CAA0001A437B6890215A507B6890229B58002B38
:10CAB00000D144E2A423FB181B682022134015D0A8
:10CAC000A023FB181B682022134006D19C23FB18CF
:10CAD0001A6880235B05134008D07B685B6F002BCE
:10CAE00004D07B685B6F7A68100098477B6890225F
:10CAF0009B5894217A1813607B681B689B684022BE
:10CB00001340402B04D07B181B68282213404CD0C4
:10CB10007B68180000F0D8FE7B681B689B68402289
:10CB20001340402B3CD1EFF310833B663B6E9020CB
:10CB30003A18136001237B667B6E83F31088C0462E
:10CB40007B681B689A687B681B6840218A439A60EF
:10CB50003B181B68BB66BB6E83F31088C0467B68BE
:10CB600080229B58002B16D07B6880229B58174A46
:10CB70009A637B6880229B581800FAF776FC031EA4
:10CB80001CD07B6880229B589B6B7A68802152580E
:10CB90001000984712E07B68180000F0E9F90DE0FA
:10CBA0007B68180000F0E4F908E07B68180000F0EA
:10CBB000DFF97B68902200219950C0E1C046BEE1B8
:10CBC0000F0800000100001020010004D1DA041059
:10CBD0007B68DB6E012B00D05DE1A423FB181B6892
:10CBE0001022134000D156E1A023FB181B6810222D
:10CBF000134000D14FE17B681B6810221A627B68EA
:10CC00001B689B6840221340402B00D0C3E07B6828
:10CC100080229B581B685A687E217B181A807B18DB
:10CC20001B88002B00D197E07B685C229B5A7A1806
:10CC300012889A4200D38FE07B687A185E211288AE
:10CC40005A527B6880229B581B681B682022134025
:10CC500070D1EFF310833B633B6BBB6701237B63B6
:10CC60007B6B83F31088C0467B681B681A687B68FF
:10CC70001B68B8490A401A60BB6FBB63BB6B83F388
:10CC80001088C046EFF31083FB63FB6B7B670123C7
:10CC90003B643B6C83F31088C0467B681B689A68D2
:10CCA0007B681B6801218A439A607B6F7B647B6C85
:10CCB00083F31088C046EFF31083BB64BB6C3B6703
:10CCC0000123FB64FB6C83F31088C0467B681B6800
:10CCD0009A687B681B6840218A439A603B6F3B657A
:10CCE0003B6D83F31088C0467B688C2220219950CD
:10CCF0007B680022DA66EFF310837B657B6DFB6651
:10CD00000123BB65BB6D83F31088C0467B681B683D
:10CD10001A687B681B6810218A431A60FB6EFB65EA
:10CD2000FB6D83F31088C0467B6880229B581800F7
:10CD3000FAF75CFB7B6802221A677B685C229A5ACE
:10CD40007B685E215B5A9BB2D31A9AB27B68110052
:10CD5000180000F015F9F4E07B685C229B5A7E22F3
:10CD6000BA1812889A4200D0EBE07B6880229B5868
:10CD70001B681B6820221340202B00D0E1E07B6859
:10CD800002221A677B685C229A5A7B68110018009D
:10CD900000F0F6F8D5E07B685C22995A7B685E2249
:10CDA0009B5A9AB28E203B188A1A1A807B685E22A0
:10CDB0009B5A9BB2002B00D1C5E03B181B88002B6F
:10CDC00000D1C0E0EFF31083FB60FB6888243A19C0
:10CDD000136001233B613B6983F31088C0467B6885
:10CDE0001B681A687B681B685B490A401A603B191C
:10CDF0001B687B617B6983F31088C046EFF3108367
:10CE0000BB61BB6984243A1913600123FB61FB6990
:10CE100083F31088C0467B681B689A687B681B6830
:10CE20004E490A409A603B191B683B623B6A83F398
:10CE30001088C0467B688C22202199507B68002294
:10CE4000DA667B6800225A67EFF310837B627B6AA5
:10CE500080243A1913600123BB62BB6A83F31088F4
:10CE6000C0467B681B681A687B681B6810218A4370
:10CE70001A603B191B68FB62FB6A83F31088C0468B
:10CE80007B6802221A673B181A887B681100180019
:10CE900000F076F857E0A423FB181B6880221340AB
:10CEA00016D0A023FB181B688022134006D19C23B8
:10CEB000FB181A6880231B04134009D07B689B6F02
:10CEC000002B42D07B689B6F7A68100098473CE04B
:10CED000A423FB181B68402213400AD0A023FB1890
:10CEE0001B684022134004D07B68180000F0ACFFA0
:10CEF0002CE0A423FB181A6880231B0413400BD0DA
:10CF0000A023FB181A688023DB05134004D07B683C
:10CF1000180001F0DDFC19E0A423FB181A68802337
:10CF20005B04134012D0A023FB181B68002B0DDA02
:10CF30007B68180001F0C4FC08E0C04606E0C0466B
:10CF400004E0C04602E0C04600E0C046BD462AB04C
:10CF5000B0BDC046FFFEFFFFDFFEFFFFFEFFFFEF9D
:10CF600080B582B000AF7860C046BD4602B080BDDB
:10CF700080B582B000AF7860C046BD4602B080BDCB
:10CF800080B582B000AF78600A00BB1C1A80C04632
:10CF9000BD4602B080BD0000B0B590B000AF786271
:10CFA0001B2320229B18DB1900221A707B6A9A68C7
:10CFB0007B6A1B691A437B6A5B691A437B6ADB697C
:10CFC0001343FB637B6A1B681B68A04A134019006C
:10CFD0007B6A1A68FB6B0B4313607B6A1B685B6898
:10CFE0009B4A134018007B6AD9687B6A1A68030061
:10CFF0000B4353607B6A9B69FB637B6A1B68954AA2
:10D00000934204D07B6A1B6AFA6B1343FB637B6A0F
:10D010001B689B68904A134019007B6A1A68FB6B77
:10D020000B4393607B6A1B68DB6A0F2293431800F3
:10D030007B6A596A7B6A1A6803000B43D3627B6A76
:10D040001B68844A93426AD1844B7B637B6B002BC1
:10D0500000D1E3E07B6A5A6A814B5200D35A19002F
:10D06000786BF3F7E5F80300BB627B6A5A6813003C
:10D070005B009B18BA6A9A4205D37B6A5B681B0304
:10D08000BA6A9A4206D91B2320229B18DB19012277
:10D090001A70C3E07B6BBB610023FB617B6A5A6A39
:10D0A0006F4B5200D35A3B6100237B613A697B6925
:10D0B000B869F969F3F7D4FA02000B00110E1D02EA
:10D0C0000D4314027B6A5B685B08BB600023FB6056
:10D0D000B868F968001969417B6A5B683B600023A6
:10D0E0007B603A687B68F3F7BBFA02000B00130021
:10D0F0003B633A6BC0239B009A4209D33A6B80236F
:10D100005B039A4204D27B6A1B683A6BDA6085E063
:10D110001B2320229B18DB1901221A707EE07B6AF8
:10D12000DA6980231B029A4248D14C4B7B637B6BAC
:10D13000002B00D172E07B6A5A6A494B5200D35AE5
:10D140001900786BF3F774F803005A007B6A5B6888
:10D150005B08D2187B6A5B6819001000F3F768F867
:10D1600003003B633B6B0F2B21D93A6B80235B029F
:10D170009A421CD23B6B9AB20E2020240319DB1971
:10D180000F218A431A803B6B5B089BB20722134036
:10D1900099B20319DB190219D21912880A431A80AD
:10D1A0007B6A1B680219D2191288DA6036E01B23E9
:10D1B00020229B18DB1901221A702FE0274B7B637A
:10D1C0007B6B002B2AD07B6A5A6A254B5200D35ABC
:10D1D0001900786BF3F72CF803001A007B6A5B6880
:10D1E0005B08D2187B6A5B6819001000F3F720F81F
:10D1F00003003B633B6B0F2B0AD93A6B80235B0226
:10D200009A4205D23B6B9AB27B6A1B68DA6005E0F2
:10D210001B2320229B18DB1901221A707B6A6A22C9
:10D22000012199527B6A6822012199527B6A00226E
:10D230005A677B6A00229A671B2320229B18DB19FE
:10D240001B781800BD4610B0B0BDC046F369FFCFD3
:10D25000FFCFFFFF00500041FFF4FF110024F40056
:10D2600040E5061080B582B000AF78607B689B6AAD
:10D27000082213400BD07B681B685B684A4A134046
:10D2800019007B689A6B7B681B680A435A607B684D
:10D290009B6A012213400BD07B681B685B68434A82
:10D2A000134019007B68DA6A7B681B680A435A607E
:10D2B0007B689B6A022213400BD07B681B685B680B
:10D2C0003B4A134019007B681A6B7B681B680A4352
:10D2D0005A607B689B6A042213400BD07B681B68F2
:10D2E0005B68344A134019007B685A6B7B681B6883
:10D2F0000A435A607B689B6A102213400BD07B68FC
:10D300001B689B682C4A134019007B68DA6B7B68AA
:10D310001B680A439A607B689B6A202213400BD0EB
:10D320007B681B689B68254A134019007B681A6C50
:10D330007B681B680A439A607B689B6A40221340A3
:10D340001DD07B681B685B681D4A134019007B6811
:10D350005A6C7B681B680A435A607B685A6C80234E
:10D360005B039A420BD17B681B685B68154A1340CC
:10D3700019007B689A6C7B681B680A435A607B685B
:10D380009B6A802213400BD07B681B685B680E4A47
:10D39000134019007B68DA6C7B681B680A435A608B
:10D3A000C046BD4602B080BDFF7FFFFFFFFFFDFF0F
:10D3B000FFFFFEFFFFFFFBFFFFEFFFFFFFDFFFFFB2
:10D3C000FFFFEFFFFFFF9FFFFFFFF7FF80B592B06A
:10D3D00002AF78607B68902200219950F9F7E0FD58
:10D3E0000300FB637B681B681B6808221340082B43
:10D3F0002DD1FB6B802291037868474A009200226E
:10D4000000F08EF8031E22D0EFF310837B627B6A5C
:10D41000BB630123BB62BB6A83F31088C0467B6891
:10D420001B681A687B681B6880218A431A60BB6B83
:10D43000FB62FB6A83F31088C0467B688822202148
:10D4400099507B68842200219954032360E07B6813
:10D450001B681B6804221340042B46D1FB6B8022FF
:10D46000D10378682C4A0092002200F059F8031E7C
:10D470003BD0EFF31083FB60FB687B6301233B61D0
:10D480003B6983F31088C0467B681B681A687B6819
:10D490001B6822490A401A607B6B7B617B6983F3BE
:10D4A0001088C046EFF31083BB61BB693B63012367
:10D4B000FB61FB6983F31088C0467B681B689A6830
:10D4C0007B681B6801218A439A603B6B3B623B6A25
:10D4D00083F31088C0467B688C22202199507B689A
:10D4E000842200219954032312E07B6888222021A2
:10D4F00099507B688C22202199507B680022DA6643
:10D500007B6800221A677B688422002199540023DB
:10D510001800BD4610B080BDFFFFFF01DFFEFFFF1A
:10D5200080B584B000AFF860B9603B60FB1D1A7035
:10D5300051E0BB6901334ED0F9F732FD02003B6880
:10D54000D31ABA699A4202D3BB69002B01D10323D3
:10D5500051E0FB681B681B68042213403BD0BB688A
:10D56000802B38D0BB68402B35D0FB681B68DB694B
:10D5700008221340082B11D1FB681B6808221A628D
:10D58000FB68180000F0A0F9FB6890220821995070
:10D59000FB6884220021995401232CE0FB681B685E
:10D5A000DA6980231B011A4080231B019A4212D1A1
:10D5B000FB681B68802212011A62FB68180000F0E9
:10D5C00083F9FB68902220219950FB688422002176
:10D5D000995403230FE0FB681B68DB69BA681340AA
:10D5E000BA68D31A5A425341DBB21A00FB1D1B78AA
:10D5F0009A429ED000231800BD4604B080BD0000B2
:10D6000080B598B000AFF860B960BB1D1A80FB68A8
:10D61000BA689A65FB68BA1D5C2112885A52FB6889
:10D62000BA1D5E2112885A52FB6800225A67FB68B5
:10D630009A6880235B019A420DD1FB681B69002B1D
:10D6400004D1FB6860227B4999522EE0FB6860227E
:10D65000FF21995229E0FB689B68002B0DD1FB68E4
:10D660001B69002B04D1FB686022FF2199521CE04A
:10D67000FB6860227F21995217E0FB689A6880233B
:10D680005B059A420DD1FB681B69002B04D1FB6836
:10D6900060227F21995208E0FB6860223F21995265
:10D6A00003E0FB68602200219952FB689022002170
:10D6B0009950FB688C2222219950EFF310833B6430
:10D6C0003B6CFB6501237B647B6C83F31088C04655
:10D6D000FB681B689A68FB681B6801210A439A6013
:10D6E000FB6DBB64BB6C83F31088C046FB685A6E4D
:10D6F00080239B059A4250D1FB6868229B5ABA1D31
:10D7000012889A4249D3FB689A6880235B019A4247
:10D7100007D1FB681B69002B03D1FB68464A5A6797
:10D7200002E0FB68454A5A67FB681B69002B19D069
:10D73000EFF310837B637B6BBB650123BB63BB6B28
:10D7400083F31088C046FB681B681A68FB681B6877
:10D75000802149000A431A60BB6DFB63FB6B83F3B6
:10D760001088C046EFF31083BB62BB6A7B65012360
:10D77000FB62FB6A83F31088C046FB681B689A68EB
:10D78000FB681B68802149050A439A607B6D3B63F7
:10D790003B6B83F31088C04647E0FB689A688023A0
:10D7A0005B019A4207D1FB681B69002B03D1FB6820
:10D7B000234A5A6702E0FB68224A5A67FB681B69E2
:10D7C000002B19D0EFF31083FB61FB69FB6401238D
:10D7D0003B623B6A83F31088C046FB681B681A688B
:10D7E000FB681B68902149000A431A60FB6C7B624E
:10D7F0007B6A83F3108818E0EFF310833B613B6989
:10D800003B6501237B617B6983F31088C046FB681D
:10D810001B681A68FB681B6820210A431A603B6D6D
:10D82000BB61BB6983F31088C04600231800BD4666
:10D8300018B080BDFF01000069E5041029E2041062
:10D8400065E00410A1DE041080B58AB000AF7860F6
:10D85000EFF31083BB60BB687B620123FB60FB6856
:10D8600083F31088C0467B681B681A687B681B6856
:10D87000C0218A431A607B6A3B613B6983F310884D
:10D88000C046EFF310837B617B693B620123BB6180
:10D89000BB6983F31088C0467B681B689A687B6805
:10D8A0001B6808490A409A603B6AFB61FB6983F385
:10D8B0001088C0467B68882220219950C046BD460A
:10D8C0000AB080BDFFFF7FFF80B58EB000AF7860EB
:10D8D000EFF310837B617B697B630123BB61BB69D1
:10D8E00083F31088C0467B681B681A687B681B68D6
:10D8F00026490A401A607B6BFB61FB6983F3108841
:10D90000C046EFF310833B623B6A3B6301237B62BB
:10D910007B6A83F31088C0467B681B689A687B68C3
:10D920001B681B490A409A603B6BBB62BB6A83F36E
:10D930001088C0467B68DB6E012B18D1EFF3108393
:10D94000BB60BB68FB620123FB60FB6883F310884C
:10D95000C0467B681B681A687B681B6810218A4375
:10D960001A60FB6A3B613B6983F31088C0467B68A1
:10D970008C22202199507B680022DA667B68002285
:10D980005A67C046BD460EB080BDC046DFFEFFFFF1
:10D99000FEFFFFEF80B58CB000AF78607B689B6ABC
:10D9A000FB627B681B681B682022134035D1FB6A31
:10D9B000562200219952EFF31083FB60FB68BB6293
:10D9C00001233B613B6983F31088C046FB6A1B68F7
:10D9D0009A68FB6A1B6880218A439A60BB6A7B61F4
:10D9E0007B6983F31088C046EFF31083BB61BB698A
:10D9F0007B620123FB61FB6983F31088C046FB6AED
:10DA00001B681A68FB6A1B6840210A431A607B6A1C
:10DA10003B623B6A83F3108804E0FB6A180008F05D
:10DA2000C7FEC046C046BD460CB080BD80B584B0C0
:10DA300000AF78607B689B6AFB60FB681800FFF7AB
:10DA40008FFAC046BD4604B080BD80B586B000AF39
:10DA500078607B689B6A7B617B6988229B583B610D
:10DA60007B698C229B58FB607B691B689B688022CA
:10DA70001340802B0AD13B69212B07D17B695622A9
:10DA8000002199527B691800FFF7DEFE7B691B6855
:10DA90009B6840221340402B0AD1FB68222B07D100
:10DAA0007B695E22002199527B691800FFF70CFF09
:10DAB0007B6990229B5810221A437B6990215A500F
:10DAC0007B691800FFF754FAC046BD4606B080BD1A
:10DAD00080B584B000AF78607B689B6AFB60FB68B0
:10DAE0005E2200219952FB681800FFF741FAC046F8
:10DAF000BD4604B080BD80B58AB000AF78607B6859
:10DB000088229B58212B4CD17B6856229B5A9BB272
:10DB1000002B32D1EFF31083BB60BB687B62012323
:10DB2000FB60FB6883F31088C0467B681B681A683B
:10DB30007B681B6880218A431A607B6A3B613B6972
:10DB400083F31088C046EFF310837B617B693B62EF
:10DB50000123BB61BB6983F31088C0467B681B68E7
:10DB60001A687B681B6840210A431A603B6AFB61A4
:10DB7000FB6983F31088C04613E07B681B6D1A783D
:10DB80007B681B689A627B681B6D5A1C7B681A65F0
:10DB90007B6856229B5A9BB2013B99B27B68562206
:10DBA0009952C046BD460AB080BD80B58CB000AF6A
:10DBB00078607B6888229B58212B51D17B68562244
:10DBC0009B5A9BB2002B32D1EFF31083FB60FB68B2
:10DBD000BB6201233B613B6983F31088C0467B68CD
:10DBE0001B681A687B681B6880218A431A60BB6ABD
:10DBF0007B617B6983F31088C046EFF31083BB61C0
:10DC0000BB697B620123FB61FB6983F31088C0461B
:10DC10007B681B681A687B681B6840210A431A608E
:10DC20007B6A3B623B6A83F31088C04618E07B68DE
:10DC30001B6DFB62FB6A1B881A007B681B68D205A0
:10DC4000D20D9A627B681B6D9A1C7B681A657B6893
:10DC500056229B5A9BB2013B99B27B68562299523D
:10DC6000C046BD460CB080BD80B58CB000AF7860BA
:10DC70007B6888229B58212B65D12E23FB187A685C
:10DC80006A21525A1A8059E07B6856229B5A9BB2ED
:10DC9000002B33D1EFF31083FB60FB68BB620123E1
:10DCA0003B613B6983F31088C0467B681B689A68B8
:10DCB0007B681B6826490A409A60BB6A7B617B6966
:10DCC00083F31088C046EFF31083BB61BB697B62AE
:10DCD0000123FB61FB6983F31088C0467B681B68E6
:10DCE0001A687B681B6840210A431A607B6A3B62A2
:10DCF0003B6A83F31088C046C04624E07B681B68FB
:10DD0000DB698022134013D07B681B6D1A787B6817
:10DD10001B689A627B681B6D5A1C7B681A657B685E
:10DD200056229B5A9BB2013B99B27B68562299526C
:10DD30002E217B181A887B18013A1A802E23FB1893
:10DD40001B88002BA0D1C046BD460CB080BDC0468C
:10DD5000FFFF7FFF80B58CB000AF78607B688822C2
:10DD60009B58212B6AD12E23FB187A686A21525ABC
:10DD70001A805EE07B6856229B5A9BB2002B33D1FF
:10DD8000EFF31083BB60BB687B620123FB60FB6821
:10DD900083F31088C0467B681B689A687B681B68A1
:10DDA00028490A409A607B6A3B613B6983F310888B
:10DDB000C046EFF310837B617B693B620123BB614B
:10DDC000BB6983F31088C0467B681B681A687B6850
:10DDD0001B6840210A431A603B6AFB61FB6983F3BD
:10DDE0001088C046C04629E07B681B68DB6980223A
:10DDF000134018D07B681B6DBB62BB6A1B881A007E
:10DE00007B681B68D205D20D9A627B681B6D9A1CD9
:10DE10007B681A657B6856229B5A9BB2013B99B27C
:10DE20007B68562299522E217B181A887B18013A5A
:10DE30001A802E23FB181B88002B9BD1C046BD46A1
:10DE40000CB080BDFFFF7FFF80B586B000AF78606B
:10DE5000EFF31083BB60BB687B610123FB60FB6851
:10DE600083F31088C0467B681B681A687B681B6850
:10DE700040218A431A607B693B613B6983F31088C8
:10DE8000C0467B688822202199507B6800229A67CF
:10DE90007B68180008F08CFCC046BD4606B080BD0B
:10DEA00080B594B000AF78604E203B187A6860214E
:10DEB000525A1A807B688C229B58222B00D0BFE0DC
:10DEC0007B681B685A6A4C217B181A807B181B8858
:10DED000DAB23B181B88D9B27B689B6D0A40D2B27C
:10DEE0001A707B689B6D5A1C7B689A657B685E2202
:10DEF0009B5A9BB2013B99B27B685E2299527B6828
:10DF00005E229B5A9BB2002B00D0A1E0EFF310835E
:10DF10007B627B6ABB640123BB62BB6A83F31088AC
:10DF2000C0467B681B681A687B681B684A490A40C0
:10DF30001A60BB6CFB62FB6A83F31088C046EFF388
:10DF400010833B633B6B7B6401237B637B6B83F3BD
:10DF50001088C0467B681B689A687B681B68012133
:10DF60008A439A607B6CBB63BB6B83F31088C046AB
:10DF70007B688C22202199507B6800225A677B683D
:10DF800000221A677B681B68344A93421FD07B6863
:10DF90001B685A6880231B04134018D0EFF31083CA
:10DFA000BB61BB693B640123FB61FB6983F31088A0
:10DFB000C0467B681B681A687B681B6828490A4052
:10DFC0001A603B6C3B623B6A83F31088C0467B68F7
:10DFD000DB6E012B2FD17B680022DA66EFF3108312
:10DFE000FB60FB68FB6301233B613B6983F31088A3
:10DFF000C0467B681B681A687B681B6810218A43CF
:10E000001A60FB6B7B617B6983F31088C0467B6879
:10E010001B68DB6910221340102B03D17B681B683F
:10E0200010221A627B685C229A5A7B6811001800E1
:10E03000FEF7A6FF0CE07B68180008F0CBFB07E0BA
:10E040007B681B689A697B681B6808210A439A6190
:10E05000C046BD4614B080BDDFFEFFFF005000414A
:10E06000FFFFFFFB80B594B000AF78604E203B18F7
:10E070007A686021525A1A807B688C229B58222B26
:10E0800000D0BFE07B681B685A6A4C217B181A805D
:10E090007B689B6DBB647B183A181B881288134001
:10E0A0009AB2BB6C1A807B689B6D9A1C7B689A65E0
:10E0B0007B685E229B5A9BB2013B99B27B685E22D1
:10E0C00099527B685E229B5A9BB2002B00D0A1E044
:10E0D000EFF310833B623B6A7B6401237B627B6AC4
:10E0E00083F31088C0467B681B681A687B681B68CE
:10E0F0004A490A401A607B6CBB62BB6A83F3108892
:10E10000C046EFF31083FB62FB6A3B6401233B6371
:10E110003B6B83F31088C0467B681B689A687B68FA
:10E120001B6801218A439A603B6C7B637B6B83F3A2
:10E130001088C0467B688C22202199507B68002281
:10E140005A677B6800221A677B681B68344A9342CF
:10E150001FD07B681B685A6880231B04134018D0AB
:10E16000EFF310837B617B69FB630123BB61BB69B8
:10E1700083F31088C0467B681B681A687B681B683D
:10E1800028490A401A60FB6BFB61FB6983F3108826
:10E19000C0467B68DB6E012B2FD17B680022DA66DC
:10E1A000EFF31083BB60BB68BB630123FB60FB68BC
:10E1B00083F31088C0467B681B681A687B681B68FD
:10E1C00010218A431A60BB6B3B613B6983F3108863
:10E1D000C0467B681B68DB6910221340102B03D1FB
:10E1E0007B681B6810221A627B685C229A5A7B68E3
:10E1F00011001800FEF7C4FE0CE07B68180008F060
:10E20000E9FA07E07B681B689A697B681B6808214C
:10E210000A439A61C046BD4614B080BDDFFEFFFFD1
:10E2200000500041FFFFFFFB80B5A0B000AF786059
:10E230007A23FB187A686021525A1A807B681B681F
:10E24000DB69FB677B681B681B687B677B681B68F7
:10E250009B683B677B688C229B58222B00D06BE12C
:10E260006E23FB187A686821525A1A8012E17B6883
:10E270001B685A6A6C217B181A807B181B88DAB2DB
:10E280007A23FB181B88D9B27B689B6D0A40D2B2F7
:10E290001A707B689B6D5A1C7B689A657B685E224E
:10E2A0009B5A9BB2013B99B27B685E2299527B6874
:10E2B0001B68DB69FB67FB6F0722134049D0FB6FCC
:10E2C0000122134010D07A6F80235B0013400BD0E3
:10E2D0007B681B6801221A627B6890229B5801228E
:10E2E0001A437B6890215A50FB6F022213400FD0D3
:10E2F0003B6F012213400BD07B681B6802221A621D
:10E300007B6890229B5804221A437B6890215A50C4
:10E31000FB6F042213400FD03B6F012213400BD040
:10E320007B681B6804221A627B6890229B58022239
:10E330001A437B6890215A507B6890229B58002B8F
:10E3400007D07B681800FEF713FE7B68902200213F
:10E3500099507B685E229B5A9BB2002B00D099E0BB
:10E36000EFF31083BB63BB6BBB660123FB63FB6BEB
:10E3700083F31088C0467B681B681A687B681B683B
:10E3800073490A401A60BB6E3B643B6C83F3108890
:10E39000C046EFF310837B647B6C7B660123BB6418
:10E3A000BB6C83F31088C0467B681B689A687B68E7
:10E3B0001B6868490A409A607B6EFB64FB6C83F3C0
:10E3C0001088C0467B688C22202199507B680022EF
:10E3D0005A677B6800221A677B681B685E4A934213
:10E3E0001FD07B681B685A6880231B04134018D019
:10E3F000EFF31083FB62FB6A3B6601233B633B6BDD
:10E4000083F31088C0467B681B681A687B681B68AA
:10E4100052490A401A603B6E7B637B6B83F3108822
:10E42000C0467B68DB6E012B2FD17B680022DA6649
:10E43000EFF310833B623B6AFB6501237B627B6ADF
:10E4400083F31088C0467B681B681A687B681B686A
:10E4500010218A431A60FB6DBB62BB6A83F310888C
:10E46000C0467B681B68DB6910221340102B03D168
:10E470007B681B6810221A627B685C229A5A7B6850
:10E4800011001800FEF77CFD0EE07B68180008F014
:10E49000A1F909E06E23FB181B88002B04D0FB6F49
:10E4A0002022134000D0E2E65A203B187A685E2111
:10E4B000525A1A8001007B181B88002B44D07B68BD
:10E4C00068229B5A7A1812889A423DD2EFF3108341
:10E4D000BB60BB687B650123FB60FB6883F310882E
:10E4E000C0467B681B689A687B681B681C490A40A9
:10E4F0009A607B6D3B613B6983F31088C0467B6803
:10E50000184A5A67EFF310837B617B693B650123EF
:10E51000BB61BB6983F31088C0467B681B681A68BF
:10E520007B681B6820210A431A603B6DFB61FB6915
:10E5300083F31088C04607E07B681B689A697B6894
:10E540001B6808210A439A61C046BD4620B080BDC1
:10E55000FFFEFFFFFEFFFFEF00500041FFFFFFFB4C
:10E56000FFFFFFEFA1DE041080B5A2B000AF78601E
:10E570008223FB187A686021525A1A807B681B68D4
:10E58000DB698422BA1813607B681B681B68FB6711
:10E590007B681B689B68BB677B688C229B58222B1F
:10E5A00000D075E17623FB187A686821525A1A80E8
:10E5B0001AE17B681B685A6A74217B181A807B6891
:10E5C0009B6D3B677B188222BA181B881288134008
:10E5D0009AB23B6F1A807B689B6D9A1C7B689A6528
:10E5E0007B685E229B5A9BB2013B99B27B685E229C
:10E5F00099527B681B68DB6984217A1813607B1849
:10E600001B68072213404ED07B181B680122134061
:10E6100010D0FA6F80235B0013400BD07B681B681F
:10E6200001221A627B6890229B5801221A437B6860
:10E6300090215A508423FB181B68022213400FD0EC
:10E64000BB6F012213400BD07B681B6802221A6249
:10E650007B6890229B5804221A437B6890215A5071
:10E660008423FB181B68042213400FD0BB6F0122C8
:10E6700013400BD07B681B6804221A627B689022CF
:10E680009B5802221A437B6890215A507B68902243
:10E690009B58002B07D07B681800FEF769FC7B684D
:10E6A0009022002199507B685E229B5A9BB2002BDE
:10E6B00000D099E0EFF31083FB63FB6BFB66012353
:10E6C0003B643B6C83F31088C0467B681B681A6808
:10E6D0007B681B6874490A401A60FB6E7B647B6C24
:10E6E00083F31088C046EFF31083BB64BB6CBB663A
:10E6F0000123FB64FB6C83F31088C0467B681B68B6
:10E700009A687B681B6869490A409A60BB6E3B65E2
:10E710003B6D83F31088C0467B688C222021995082
:10E720007B6800225A677B6800221A677B681B6837
:10E730005F4A93421FD07B681B685A6880231B0482
:10E74000134018D0EFF310833B633B6B7B660123D0
:10E750007B637B6B83F31088C0467B681B681A68F9
:10E760007B681B6853490A401A607B6EBB63BB6BB6
:10E7700083F31088C0467B68DB6E012B2FD17B684A
:10E780000022DA66EFF310837B627B6A3B6601232B
:10E79000BB62BB6A83F31088C0467B681B681A683B
:10E7A0007B681B6810218A431A603B6EFB62FB6A20
:10E7B00083F31088C0467B681B68DB691022134016
:10E7C000102B03D17B681B6810221A627B685C22C5
:10E7D0009A5A7B6811001800FEF7D2FB10E07B68A4
:10E7E000180007F0F7FF0BE07623FB181B88002BBF
:10E7F00006D08423FB181B682022134000D0D8E6E3
:10E800005E203B187A685E21525A1A8001007B18FC
:10E810001B88002B44D07B6868229B5A7A18128888
:10E820009A423DD2EFF31083FB60FB68BB65012386
:10E830003B613B6983F31088C0467B681B689A681C
:10E840007B681B681C490A409A60BB6D7B617B69D1
:10E8500083F31088C0467B68184A5A67EFF3108329
:10E86000BB61BB697B650123FB61FB6983F3108896
:10E87000C0467B681B681A687B681B6820210A43B6
:10E880001A607B6D3B623B6A83F31088C04607E0E9
:10E890007B681B689A697B681B6808210A439A6138
:10E8A000C046BD4622B080BDFFFEFFFFFEFFFFEF6A
:10E8B00000500041FFFFFFFBFFFFFFEF65E004108A
:10E8C00080B582B000AF7860C046BD4602B080BD62
:10E8D00080B582B000AF7860C046BD4602B080BD52
:10E8E00080B584B000AF78607B6884229B5C012B8C
:10E8F00001D1022327E07B688422012199547B689F
:10E900008822242199507B681B681B68FB607B6808
:10E910001B681A687B681B6801218A431A60FB68C0
:10E920000B4A1340FB607B6800225A667B681B68B9
:10E93000FA681A607B688822202199507B688422BB
:10E940000021995400231800BD4604B080BDC04684
:10E95000FFFFFFDF80B584B000AF786039607B686F
:10E9600084229B5C012B01D102232EE07B68842250
:10E97000012199547B688822242199507B681B6867
:10E980001B68FB607B681B681A687B681B68012139
:10E990008A431A607B681B689B68DB00D9087B6828
:10E9A0001B683A680A439A607B68180000F054F8C4
:10E9B0007B681B68FA681A607B688822202199505E
:10E9C0007B6884220021995400231800BD4604B0BE
:10E9D00080BD000080B584B000AF786039607B688E
:10E9E00084229B5C012B01D102232FE07B688422CF
:10E9F000012199547B688822242199507B681B68E7
:10EA00001B68FB607B681B681A687B681B680121B8
:10EA10008A431A607B681B689B680E4A1340190082
:10EA20007B681B683A680A439A607B68180000F0AC
:10EA300013F87B681B68FA681A607B6888222021BB
:10EA400099507B6884220021995400231800BD4608
:10EA500004B080BDFFFFFFF1F0B585B000AF786076
:10EA60007B685B6E002B08D17B686A22012199527A
:10EA70007B6868220121995243E00F26BB190822C6
:10EA80001A700E203B1808221A707B681B689B685E
:10EA90005B0EDAB20D243B1907210A401A707B681D
:10EAA0001B689B685B0FDAB20C257B1907210A40B3
:10EAB0001A703B181B787A19127814498A5C5A43E9
:10EAC00010007B191B78124AD35C1900F1F73AFC4D
:10EAD000030099B27B686A229952BB191B783A19D4
:10EAE00012780A498A5C5A4310003B191B78084A7D
:10EAF000D35C1900F1F726FC030099B27B68682209
:10EB00009952C046BD4605B0F0BDC04658E5061056
:10EB100060E50610F0B589B000AF78600A00BB1C54
:10EB20001A801F23FB1800221A707B681B78042BA5
:10EB300003D07B681B78822B48D17B6801333B6113
:10EB40007B681B78042B03D13B690233BB6105E072
:10EB50007B680133FB60FB680333BB613B691B7857
:10EB6000FF2B33D1BB69BB60BB681A785B781B0293
:10EB700013439BB21A00FC231B021A40C0231B0143
:10EB80009A4223D11723FB1800221A7015E017258B
:10EB90007B191A78144B9200D3581F26BC19BA68F7
:10EBA0001000984703002370BB191B78012B0CD071
:10EBB0007B191A787B1901321A700B4B1B7A1722BA
:10EBC000BA1812789A42E2D300E0C0461F23FB181D
:10EBD0001B78002B03D17B68180004F09FFBC04614
:10EBE000BD4609B0F0BDC046F8190020B0B58EB0E2
:10EBF0000CAF0400080011003B60FB1D221C1A70C2
:10EC0000BB1D021C1A703B1D0A1C1A803C683B1D70
:10EC10001A88BB1D1978FB1D1878282318255B1945
:10EC2000DB191B780A9324235B19DB191B780993E2
:10EC300020235B19DB191B7808933423FB181B78FE
:10EC400007933023FB181B7806932C23FB181B78A3
:10EC50005BB205932823FB181B7804937B6A03930C
:10EC60002023FB181B7802931C23FB181B780193AD
:10EC7000BB69009323000AF0FFFA03001800BD46A9
:10EC800002B0B0BD90B583B000AF04000800110021
:10EC90003B60FB1D221C1A70BB1D021C1A703B1D21
:10ECA0000A1C1A803C683B1D1A88BB1D1978FB1D85
:10ECB000187823000AF002FD03001800BD4603B0D7
:10ECC00090BD80B582B000AF3A60FB1D021C1A7087
:10ECD000BB1D0A1C1A703A68BB1D1978FB1D1B78F6
:10ECE00018000AF03FFC03001800BD4602B080BDCA
:10ECF00080B582B000AF0200BB1D1A80BB1D1B880F
:10ED0000180009F04BFEC046BD4602B080BD80B57C
:10ED100082B000AF0200FB1D1A70FB1D1B781800AB
:10ED20000AF080F8C046BD4602B080BD80B582B012
:10ED300000AF0200FB1D1A70BB1D0A1C1A70BB1D20
:10ED40001A78FB1D1B78110018000AF093F8C046D2
:10ED5000BD4602B080BD80B582B000AF0200BB1DD1
:10ED60001A80BB1D1B8818000AF012F9C046BD4668
:10ED700002B080BD80B582B000AF78607B681800BB
:10ED80000AF0BAF903001800BD4602B080BD80B594
:10ED900000AF0AF085F903001800BD4680BD80B5BC
:10EDA00082B000AF0200FB1D1A70FB1D1B7818001B
:10EDB0000AF05EFC03001800BD4602B080BD80B5BD
:10EDC00082B000AF0200BB1D1A80BB1D1B8818005B
:10EDD0000AF0E8FCC046BD4602B080BD80B582B0F6
:10EDE00000AF786039603A687B681100180008F05D
:10EDF000B3FD03001800BD4602B080BD80B582B0EF
:10EE000000AF786039603A687B681100180008F03C
:10EE1000CDFD03001800BD4602B080BD80B582B0B4
:10EE200000AF0200BB1D1A80BB1D1B8818000DF02F
:10EE3000ABFAC046BD4602B080BD80B500AF0DF054
:10EE400081FC03001800BD4680BD80B500AF0DF009
:10EE50007DFC03001800BD4680BD80B500AF08F002
:10EE6000D5FD03001800BD4680BD80B582B000AF5F
:10EE7000786039603A687B681100180009F09CF9E5
:10EE800003001800BD4602B080BD80B582B000AF5F
:10EE9000786039603A687B681100180009F0BCF9A5
:10EEA00003001800BD4602B080BD80B582B000AF3F
:10EEB000786039603A687B681100180009F0C8F979
:10EEC00003001800BD4602B080BD80B582B000AF1F
:10EED000786039603A687B681100180009F0D4F94D
:10EEE00003001800BD4602B080BD80B582B000AFFF
:10EEF000786039603A687B681100180009F004FAFC
:10EF000003001800BD4602B080BD80B582B000AFDE
:10EF1000786039603A687B681100180009F03AFAA5
:10EF200003001800BD4602B080BD80B582B000AFBE
:10EF3000786039603A687B681100180009F05AFA65
:10EF400003001800BD4602B080BD80B582B000AF9E
:10EF5000786039603A687B681100180009F068FA37
:10EF600003001800BD4602B080BD80B582B000AF7E
:10EF7000786039603A687B681100180009F07CFA03
:10EF800003001800BD4602B080BD80B500AF15F08B
:10EF900055FF03001800BD4680BD80B582B000AFAC
:10EFA00078607B68180016F0CAFF03001800BD46A1
:10EFB00002B080BD80B582B000AF0200FB1D1A70A8
:10EFC000FB1D1B78180017F0B9FC03001800BD46A4
:10EFD00002B080BD80B582B000AF0200FB1D1A7088
:10EFE000FB1D1B7818000DF091FD03001800BD46B5
:10EFF00002B080BDB0B584B002AF05000C001000B7
:10F000001900FB1D2A1C1A70BB1D221C1A707B1DC7
:10F01000021C1A703B1D0A1C1A703B1D1C787B1DBC
:10F020001A78BB1D1978FB1D18781C23FB181B7858
:10F0300001931823FB181B78009323000EF06AF944
:10F04000C046BD4602B0B0BD80B582B000AF020080
:10F05000FB1D1A70FB1D1B7818000EF0A4FD0300A9
:10F060001800BD4602B080BD80B582B000AF02007E
:10F07000BB1D1A80BB1D1B8818000FF089FBC04602
:10F08000BD4602B080BD80B582B000AF0200BB1D9E
:10F090001A80BB1D1B8818000FF014FFC046BD4628
:10F0A00002B080BD80B582B000AF78607B68180088
:10F0B00011F026F8C046BD4602B080BD80B582B0D2
:10F0C00000AF78607B68180011F09EF8C046BD461E
:10F0D00002B080BD80B582B000AF0200BB1D1A80B7
:10F0E000BB1D1B88180011F08BFEC046BD4602B048
:10F0F00080BD80B582B000AF0200FB1D1A70FB1D01
:10F100001B78180012F06BF903001800BD4602B01E
:10F1100080BD80B500AF12F0A3F9C046BD4680BDEA
:10F1200080B500AF12F016F903001800BD4680BD8F
:10F1300080B582B000AF0200FB1D1A70FB1D1B786A
:10F14000180012F011F903001800BD4602B080BD8E
:10F1500080B582B000AF0200FB1D1A70FB1D1B784A
:10F16000180012F00FFDC046BD4602B080BD80B54C
:10F1700084B000AFF860B9607A607A68B968FB68FB
:10F18000180013F023FEC046BD4604B080BD80B514
:10F1900082B000AF78607B68180014F0C9F9C046EF
:10F1A000BD4602B080BD80B582B000AF78603960E6
:10F1B0003A687B681100180014F0F6F9C046BD46A5
:10F1C00002B080BD80B582B000AF78607B68180067
:10F1D00014F006FE03001800BD4602B080BD80B5E5
:10F1E00082B000AF02003960BB1D1A803A68BB1DB7
:10F1F0001B881100180012F0DBFF03001800BD4649
:10F2000002B080BD80B582B000AF78607B68180026
:10F2100014F086FBC046BD4602B080BD80B500AF8D
:10F2200014F0A9FF03001800BD4680BDB0B58AB038
:10F2300008AF05000C0010001900FB1D2A1C1A70F5
:10F24000BB1D221C1A707B1D021C1A703B1D0A1C60
:10F250001A703B1D1C787B1D1A78BB1D1978FB1D8D
:10F2600018783023FB181B7806932C23FB181B7887
:10F2700005932823FB181B7804932423FB181B7881
:10F2800003932023FB181B7802931C23FB181B7885
:10F2900001931823FB181B780093230015F004FA40
:10F2A000C046BD4602B0B0BD80B582B000AF02001E
:10F2B000BB1D1A80BB1D1B88180016F043FEC046FC
:10F2C000BD4602B080BD80B582B000AF0200BB1D5C
:10F2D0001A80BB1D1B88180016F018FFC046BD46DB
:10F2E00002B080BD80B500AF17F070F8C046BD46D3
:10F2F00080BD80B500AF0AF05BFAC046BD4680BD58
:10F3000080B582B000AF0200BB1D1A80BB1D1B88F8
:10F3100018000AF0B9FAC046BD4602B080BD80B5FB
:10F3200082B000AF0200BB1D1A80BB1D1B881800F5
:10F330000AF01EFBC046BD4602B080BD80B582B05B
:10F3400000AF0200BB1D1A80BB1D1B8818000AF00D
:10F350003BFEC046BD4602B080BD80B582B000AF66
:10F360000200BB1D1A80BB1D1B8818000BF016FF86
:10F37000C046BD4602B080BD80B582B000AF02007D
:10F38000BB1D1A80BB1D1B8818000BF0C1FFC046B7
:10F39000BD4602B080BD80B582B000AF0200BB1D8B
:10F3A0001A807B1D0A1C1A707B1D1A78BB1D1B88D6
:10F3B0001100180007F0E2FF03001800BD4602B07C
:10F3C00080BD80B582B000AF0200FB1D1A70FB1D2E
:10F3D0001B78180008F057F803001800BD4602B06B
:10F3E00080BDB0B586B004AF05000C001000190058
:10F3F000FB1D2A1C1A70BB1D221C1A707B1D021CCF
:10F400001A703B1D0A1C1A703B1D1C787B1D1A7854
:10F41000BB1D1978FB1D18782023FB181B7802935D
:10F420001C23FB181B7801931823FB181B780093EF
:10F43000230008F031F803001800BD4602B0B0BD4B
:10F4400080B582B000AF02003960BB1D1A803A68F7
:10F45000BB1D1B881100180008F062F8030018009B
:10F46000BD4602B080BD80B582B000AF78607B68D9
:10F47000180008F061F803001800BD4602B080BD16
:10F4800080B582B000AF78607B68180008F058F84B
:10F4900003001800BD4602B080BD80B582B000AF49
:10F4A00078600A00BB1C1A80BB1C1A887B6811009C
:10F4B000180008F049F803001800BD4602B080BDEE
:10F4C00080B582B000AF78607B68180008F040F823
:10F4D00003001800BD4602B080BDB0B584B002AFD5
:10F4E00005000C0010001900BB1D2A1C1A803B1DD2
:10F4F000221C1A80BB1C021C1A807B1C0A1C1A705E
:10F500007B1C1C78BB1C1A883B1D1988BB1D1888E6
:10F51000FB6901931823FB181B880093230008F054
:10F520001BF803001800BD4602B0B0BDB0B584B0F2
:10F5300002AF05000C0010001900BB1D2A1C1A8028
:10F540003B1D221C1A80BB1C021C1A807B1C0A1C3F
:10F550001A707B1C1C78BB1C1A883B1D1988BB1DAC
:10F560001888FB6901931823FB181B88009323005C
:10F5700008F001F803001800BD4602B0B0BDB0B5F8
:10F5800084B002AF05000C0010001900BB1D2A1C3E
:10F590001A803B1D221C1A80BB1C021C1A803B00D7
:10F5A0000A1C1A803B001C88BB1C1A883B1D19884A
:10F5B000BB1D18881823FB181B880093230008F034
:10F5C0004FF903001800BD4602B0B0BD90B583B03E
:10F5D00000AF040008001100FB1D221C1A70BB1DA7
:10F5E000021C1A707B1D0A1C1A707B1D1A78BB1D29
:10F5F0001978FB1D1B7818000DF095F80300180012
:10F60000BD4603B090BDB0B584B002AF05000C009C
:10F6100010001900BB1D2A1C1A807B1D221C1A70A9
:10F620003B1D021C1A70FB1C0A1C1A70FB1C1C7868
:10F630003B1D1A787B1D1978BB1D18881823FB18F1
:10F640001B88009323000DF072F803001800BD46DC
:10F6500002B0B0BD80B594B000AFF860B9607A6018
:10F660003023FB18BB642023FB187B641023FB189A
:10F670003B640023FB640DE0FB6C7A68D218FB6CE2
:10F680000F21CB1A1900BB6C5B1812781A70FB6C37
:10F690000133FB64FB6C0F2BEEDD0023FB643DE0CC
:10F6A000FB6C0322D31A9B00FA68D3181A68FB6C10
:10F6B0009B0019007B6C5B18D2B21A70FB6C0322A2
:10F6C000D31A9B00FA68D3181B68190AFB6C9B00BD
:10F6D00001337A6CD318CAB21A70FB6C0322D31AA6
:10F6E0009B00FA68D3181B68190CFB6C9B00023353
:10F6F0007A6CD318CAB21A70FB6C0322D31A9B001F
:10F70000FA68D3181B68190EFB6C9B0003337A6CE4
:10F71000D318CAB21A70FB6C0133FB64FB6C032B69
:10F72000BEDD1023FA183023F9182023FB18180027
:10F7300000F094F80023FB6428E0FB6C9B0003338B
:10F740003A6CD3181B781A06FB6C9B000233396C99
:10F75000CB181B781B041A43FB6C9B000133396CDC
:10F76000CB181B781B021A43FB6C9B0019003B6CE7
:10F770005B181B781800FB6C0321CB1A9B00B9683F
:10F78000CB1802431A60FB6C0133FB64FB6C032B48
:10F79000D3DDC046C046BD4614B080BD80B584B040
:10F7A00000AF7860074B196E064B7A680A431A66F9
:10F7B000044B1B6E7A681340FB60FB68C046BD4675
:10F7C00004B080BD0000404880B582B000AF7860D2
:10F7D000064B1B6E7A6813407A689A4201D1012366
:10F7E00000E000231800BD4602B080BD0000404884
:10F7F00080B582B000AF7860044B196C034B7A6817
:10F800000A431A64C046BD4602B080BD00004048AD
:10F8100080B582B000AF7860054B1A6C7B68D94325
:10F82000034B0A401A64C046BD4602B080BDC046C4
:10F830000000404880B500AF0120FFF7C5FF031E60
:10F8400008D10120FFF7D4FF0120FFF7E1FF0120DD
:10F85000FFF7A4FF00231800BD4680BD90B587B018
:10F8600000AFF860B9607A60314B1B78DBB20133CE
:10F87000DAB22F4B1A7017243B192D4A12781A70DE
:10F88000C023DB05BA6812689A62BB681A1DC023E0
:10F89000DB051268DA62BB6808331A00C023DB0597
:10F8A00012681A63BB680C331A00C023DB051268A8
:10F8B0005A63C023DB05FA6812689A63FB681A1D55
:10F8C000C023DB051268DA63FB6808331A00C02323
:10F8D000DB0512681A64FB680C331A00C023DB05D1
:10F8E00012685A6400F026F8C023DB059A6C7B6826
:10F8F0001A60C023DA057B680433D26C1A60C02317
:10F90000DA057B680833126D1A60C023DA057B685C
:10F910000C33526D1A60064B1B78DBB23A19127821
:10F920009A42A8D100231800BD4607B090BDC0463A
:10F93000041A002080B582B000AFFB1D64221A704B
:10F94000C023DB05180000F01CF8FB1D1B78DBB2A0
:10F95000013BDAB2FB1D1A70C023DB05180000F072
:10F960001EF8031E05D0FB1D1B78DBB2002BECD16B
:10F9700000E0C046FB1D1B78DBB21800BD4602B09C
:10F9800080BD80B582B000AF78607B689B6D01223E
:10F990001A437B689A65C046BD4602B080BD80B5FB
:10F9A00082B000AF78607B68DB6D01221340012BD1
:10F9B00001D1012300E000231800BD4602B080BD44
:10F9C00080B582B000AF78607B689B6808221A43DC
:10F9D0007B689A60C046BD4602B080BD80B582B0EB
:10F9E00000AF78607B689B6804221A437B689A604A
:10F9F000C046BD4602B080BD80B582B000AF786021
:10FA00007B689B6801221A437B689A60C046BD46AA
:10FA100002B080BD80B582B000AF786002F04EF8D1
:10FA200000F092F802F074F8C046BD4602B080BD06
:10FA300080B582B000AF786002F040F802F068F85C
:10FA4000C046BD4602B080BD80B584B000AF0200A4
:10FA50003960FB1D1A70FB1D1B78012B02D1194B5D
:10FA6000FB600FE0FB1D1B78022B02D1164BFB60E5
:10FA700008E0FB1D1B78032B02D1144BFB6001E057
:10FA800001231BE00B23FB1800221A7010E00B204F
:10FA90003B181A78FB68D31819003B181B783A6892
:10FAA000D3180A781A703B181A783B1801321A706A
:10FAB0000B23FB181B781F2BE9D900231800BD4628
:10FAC00004B080BD6C04304890043048B404304821
:10FAD00080B500AF01F0D0FF074B1800FFF770FFB3
:10FAE000054B1800FFF77AFF034B1800FFF784FF60
:10FAF000C046BD4680BDC0460000304880B500AF5E
:10FB000001F0C6FF031E01D1032300E0012318000A
:10FB1000BD4680BD80B582B000AF094B1B78002B7D
:10FB200001D0012308E0074B1B687B607B68002B3A
:10FB300001D1002300E001231800BD4602B080BDC2
:10FB4000681A00200004304880B582B000AFFFF78B
:10FB5000E1FF0300012B0CD101F0B0FF194B032290
:10FB60001A60194B1B68174904225242100098472B
:10FB700024E000237B6007E0124B7A6892000021AA
:10FB8000D1507B6801337B607B68172BF4DD0D4B14
:10FB900019000120FFF758FF0C4B19000220FFF756
:10FBA00053FF0B4B19000320FFF74EFF01F086FFB8
:10FBB000054B1B68034A110000209847C046BD460C
:10FBC00002B080BD081A00206C1A0020281A0020FC
:10FBD000481A002080B584B000AF7860074B196DDB
:10FBE000064B7A680A431A65044B1B6D7A6813400A
:10FBF000FB60FB68C046BD4604B080BD00004048C5
:10FC000080B582B000AF78607B681B6804229343A4
:10FC10001A007B681A60C046BD4602B080BD80B540
:10FC200082B000AF78607B685B6801221340012BD3
:10FC300001D1012300E000231800BD4602B080BDC1
:10FC400080B582B000AF78607B685B6804221340A7
:10FC5000042B01D1012300E000231800BD4602B0AF
:10FC600080BD80B582B000AF78607B689B689BB236
:10FC70001800BD4602B080BD80B500AF8023DB0216
:10FC80001800FFF7A7FF0B4B1800FFF7B9FFC0469E
:10FC9000084B1800FFF7C3FF031EF9D0054B1800EF
:10FCA000FFF7CEFF031E01D0012300E00023180060
:10FCB000BD4680BD0000604880B582B000AF78606E
:10FCC000C046094B1800FFF7AAFF031EF9D0064BE8
:10FCD0001800FFF7C6FF03001A007B681A80002394
:10FCE0001800BD4602B080BD0000604890B585B0E8
:10FCF00000AF78607B68FB60C046114B1800FFF7CF
:10FD00008EFF031EF9D00E4B1800FFF7AAFF030069
:10FD10001A00FB681A80C046094B1800FFF77FFFE6
:10FD2000031EF9D0FB689C1C054B1800FFF799FFD8
:10FD30000300238000231800BD4605B090BDC046D7
:10FD40000000604880B582B000AF7860064B1B6849
:10FD5000012293431900044B7A680A431A60C04693
:10FD6000BD4602B080BDC0460000504880B582B09C
:10FD700000AF7860064B7A681204120C1A61044BCB
:10FD80007A68120C9A63C046BD4602B080BDC04678
:10FD90000000504880B500AF074B5A6980235B00D4
:10FDA0001A4080235B009A4201D1012300E0002326
:10FDB0001800BD4680BDC0460000504880B582B0E6
:10FDC00000AF7860084B9A6A7B68D943064B0A40BB
:10FDD0009A62054BDA6A7B68D943034B0A40DA62C0
:10FDE000C046BD4602B080BD0000504880B500AF9F
:10FDF000074B1A6880239B021A4080239B029A4279
:10FE000001D1012300E000231800BD4680BDC0469B
:10FE10000000404880B582B000AFC0460F4B1A6862
:10FE200080239B021340F9D00C4B9A680B4B0221A4
:10FE30000A439A6000237B6003E0C0467B6801337D
:10FE40007B607B68052BF8DD044B9A68034B04212B
:10FE50000A439A60C046BD4602B080BD00004048DB
:10FE600080B500AF084B9B6802221340022B07D1DC
:10FE7000054B9B6804221340042B01D1012300E0B1
:10FE800000231800BD4680BD0000404880B500AF8B
:10FE9000044B1A68034B10210A431A60C046BD4642
:10FEA00080BDC0460000404880B500AF054B1B68D0
:10FEB00010221340102B01D1012300E00023180071
:10FEC000BD4680BD0000404880B500AF054B1B68B3
:10FED00020221340202B01D1012300E00023180031
:10FEE000BD4680BD0000404880B500AF044B1A6895
:10FEF000034B04210A431A60C046BD4680BDC0467C
:10FF00000000404880B500AF054B1B680422134039
:10FF1000042B01D1012300E000231800BD4680BD61
:10FF20000000404880B500AF054B1B680822134015
:10FF3000082B01D1012300E000231800BD4680BD3D
:10FF40000000404880B500AF044B1A68034B0449D9
:10FF50000A401A60C046BD4680BDC0460000404809
:10FF6000FFDFFFFF80B582B000AF7860064B1B6EED
:10FF70007A6813407A689A4201D1012300E0002395
:10FF80001800BD4602B080BD0000404890B585B065
:10FF900002AF032002F064FA2B4B00221A702A4BA6
:10FFA00000225A70284B00229A70FFF759FF031E57
:10FFB00002D0254B01221A70FFF776FF031E0ED0E8
:10FFC000214B01225A7080235B0119000120F9F7AF
:10FFD0007BF880239B0119000120F9F775F8FFF7E2
:10FFE00091FF031E02D0184B01229A70032002F0E9
:10FFF00041FA164BB02201219950154C154A164969
:020000041005E5
:100000001248164B0193164B0093230002F010FE8A
:1000100000237B603B1D1800F8F78AFF114B180086
:10002000FFF7A4FE0020FFF78DFE0F4B1A690E4B61
:1000300004210A431A61052002F012FAF0F7BAF817
:10004000C046BD4603B090BD841E0020701A00203B
:10005000A41C0020A01C0020241B0020341E002013
:10006000001E0020FFBFFFFF00ED00E090B583B051
:1000700002AF314B5B78012B06D1C0239B011800E6
:10008000FFF79CFEFFF702FF2B4B9B78012B01D162
:10009000FFF72AFF294B1A69284B04218A431A616A
:1000A000274C284A28492948294B0193294B00937A
:1000B000230002F0D9FD052002F0DCF9042002F053
:1000C000CFF9C046FFF792FE031EFBD01A4B1B78F8
:1000D000012B03D1FFF79EFEFFF734FF164B5B7831
:1000E000012B04D1C046FFF7EFFE031EFBD0124BDD
:1000F0009B78012B04D1C046FFF714FF031EFBD0F1
:100100000120FFF72FFF031E04D0C046124B1B69CE
:100110000F2BFBD0114B9B68002B01D0F8F75AFF37
:10012000C046FFF737FE031EFBD0042002F0A2F901
:10013000C046BD4601B090BD841E002000ED00E029
:10014000A41C0020A01C0020241B0020701A0020EA
:10015000341E0020001E0020001800600400002053
:1001600090B585B002AF002002F07AF9264B00224C
:100170001A70254B00225A70234B00229A70FFF709
:100180006FFE031E02D0204B01221A70C0239B0178
:1001900000211800F8F770FE002002F06BF91B4BED
:1001A000B022012199501A4C1A4A1B4917481B4B7F
:1001B00001931B4B0093230002F03AFD194B1800EA
:1001C000FFF7D4FD01237B603B1D1800F8F7B0FE5C
:1001D0000020FFF7B7FD144B1A69134B04210A43A3
:1001E0001A61022002F03CF9EFF7E4FF022002F06E
:1001F00041F980239B0400211800F8F73DFEC0461A
:10020000BD4603B090BDC046841E0020701A002079
:10021000A41C0020A01C0020241B0020341E002051
:10022000001E0020FFBFFFFF00ED00E090B583B08F
:1002300002AF194B1A69184B04218A431A61174CF3
:10024000174A18491848194B0193194B009323007A
:1002500002F00AFD012002F003F9C046FFF7C6FDD7
:10026000031EFBD0134B1B78012B03D1FFF7D2FDEC
:10027000FFF768FE104B9B68002B01D0F8F7AAFE31
:10028000C046FFF787FD031EFBD0012002F0F2F805
:10029000C046BD4601B090BD00ED00E0A41C0020AA
:1002A000A01C0020241B0020701A0020341E0020F7
:1002B000001E0020841E00200400002080B500AF36
:1002C000F6F7A6FEF8F726FEC046BD4680BD80B50F
:1002D00000AFF6F7ABFEC046BD4680BD80B584B02A
:1002E00000AF78607B681B68FB607B6800221A8126
:1002F0007B6800225A817B6800229A817B680022F9
:100300009A73FB68BB60BB681B78FF2B0CD17B68C2
:100310005B689AB2FB689BB2D31A9BB2043B9AB259
:100320007B689A81002328E0BB681B78FE2B06D1EE
:100330007B681B8901339AB27B681A810CE0BB6829
:100340001B78002B06D17B685B8901339AB27B68EE
:100350005A8101E0032310E0BB685B88033303226A
:1003600013431A00FB68D3180133FB60FB685A1D66
:100370007B685B689A42C4D300231800BD4604B072
:1003800080BD80B586B000AFF8607A603B600B231B
:10039000FB180A1C1A7020203B181B88002B0AD05F
:1003A00010217A183B181B8853807B18FE221A7084
:1003B0007B187B6102E0FB685B687B61FB685A68C5
:1003C000FB689B689A4203D27B691B78FF2B01D1A3
:1003D00004234BE0FB681B7B002B03D0FB6800224F
:1003E0001A7319E0FB685B687A695288033203214B
:1003F0000A439B185A1CFB685A60FB685B687B6168
:10040000FB685A68FB689B689A4203D27B691B7839
:10041000FF2B01D1042329E07B691B78002B23D01B
:100420007B691B78FE2B01D003231FE00B22BB1836
:100430001B78FF2B05D07B695B78BA1812789A423B
:10044000C8D1FB685B6804331A007B681A607B695B
:100450005A883B681A807B6A002B03D07B695A78E4
:100460007B6A1A70002301E0C046B3E71800BD465E
:1004700006B080BDF0B58BB002AFF8600800110087
:100480007B600B23FB18021C1A7008221000BB189B
:100490000A1C1A80FB6B00221A801F26BC19162228
:1004A000BD181822BA180B23FB181978FB689C4654
:1004B0007B6C019338231B18DB191B8800932B00DE
:1004C0006046FFF75EFF03002370BB191B78002B0B
:1004D00002D0BB191B7827E01623FB181B880822C3
:1004E000BA1812889A4201D306231DE0BA6908247B
:1004F0003B191B88D118302308229B18DB191A8856
:100500001623FB181B8818003B191B88C31A9A4234
:1005100000DD1A007B6818001BF0D3FD1623FB18C2
:100520001A88FB6B1A8000231800BD4609B0F0BD85
:1005300090B589B000AFF8607A600A203B180A1CB9
:100540001A807B68BB6101007B181B889B089AB2EC
:1005500016203B1892001A807B181B88D9B23B18D2
:100560001B88DAB21523FB188A1A1A700023FB6164
:1005700013E0FB69BA69D1181023FB180422180094
:100580001BF09FFDFA69FB68D3183A691900002037
:10059000F6F7E0FFFB690433FB6116243B191B8867
:1005A000FA699A42E5DB01235B423B613B191B88F8
:1005B000BA69D1181523FB181A781023FB181800F4
:1005C0001BF07FFD3B191A88FB68D3183A691900A4
:1005D0000020F6F7BFFFC046BD4609B090BDF0B59C
:1005E00087B000AFF860080011007B600B257B1915
:1005F000021C1A7008243B190A1C1A801023FB18CD
:100600007B613B191B88013B9BB21BB20322134346
:100610001BB29AB23B1901321A807B69FE221A7012
:100620007B697A1912785A703A1920250826AB1975
:1006300008218C46BC44634412881B88D3189AB2A4
:100640007B695A803A69FB6819000020F6F782FF3F
:10065000FB68181D7A683B191B881900FFF768FFB3
:100660003B191A88FB68D318181D7A6BAB1908213F
:100670008C46BC4463441B881900FFF759FF0023D4
:100680001800BD4607B0F0BD80B586B000AFF86079
:1006900008007A6019000A23FB18021C1A8008233C
:1006A000FB180A1C1A80FB685B687B61FB685A6850
:1006B000FB689B689A4203D27B691B78FF2B01D1B0
:1006C00004232AE0FB681B7B002B03D17B691B788A
:1006D000FE2B01D0052320E07B695B880A22BA1833
:1006E00012889A4201D3062317E0FB6800221A738E
:1006F0000A23FB181A88FB685B68D31804331900B7
:100700000823FB181A887B6818001BF069FC031E7D
:1007100001D1002301E001235B421800BD4606B071
:1007200080BD90B587B000AFF86008007A6019000E
:100730000A23FB18021C1A8008231800FB180A1C45
:100740001A80BB6A00221A8024221318DB191B8826
:10075000002B0BD010217B181218D21912885A8046
:100760007B18FE221A707B187B6102E0FB685B68D5
:100770007B61FB685A68FB689B689A4203D27B697D
:100780001B78FF2B01D1042333E0FB681B7B002B7C
:1007900003D17B691B78FE2B01D0052329E07B69FF
:1007A0005B880A22BA1812889A4201D3062320E0F5
:1007B000FB6800221A730A243B191A88FB685B68DD
:1007C000D318043318000823FB181A887B695B8848
:1007D00019003B191B88CB1A9A4200DD1A007B686E
:1007E000010018001BF06DFC7B695A88BB6A1A80F7
:1007F00000231800BD4607B090BD000080B584B04E
:1008000000AF7860064BFB60FA687B681900002037
:10081000F6F7A0FE00231800BD4604B080BDC04618
:1008200000FFFFFFB0B584B000AF78607B685B6805
:10083000FB607B685A687B689B689A4203D2FB68BE
:100840001B78FF2B01D1042341E0FB681B78FE2BB2
:100850003CD1FB680B257C191800FFF7CFFF030084
:1008600023707B191B78002B02D07B191B782EE09C
:100870007B681B781A00184913009B009B189B008B
:10088000CB1808331B88013B98B2134913009B0017
:100890009B189B00CB180833021C1A807B681B78BE
:1008A0001A000D4913009B009B189B00CB180A33BC
:1008B0001B88013398B2084913009B009B189B00CA
:1008C000CB180A33021C1A80002300E0052318000D
:1008D000BD4604B0B0BDC046881E002080B588B0BB
:1008E00000AF78600A00FB1C1A707B680D4A9446C2
:1008F0006344DB0AFB6110217B1800221A60FA694D
:100900007B185A60FB1C1A787B189A600C23FA1823
:100910007B1811001800F6F7F7FEC046BD4608B078
:1009200080BDC0460000FCEF80B586B000AFF86027
:10093000B9607A607B685B055B0D07D1FB687A68FC
:10094000B96818001BF04CFB031E26D07B68013BE6
:10095000144A13430133DB0ADAB2FB6811001800B2
:10096000FFF7BCFF00237B6112E07A69FB68D118B6
:100970007B69002B00DA03339B109B00BA68D31805
:100980001B681A000020F6F7E5FD7B6904337B61E4
:100990007B697A689A42E8D800E0C046BD4606B056
:1009A00080BDC046FF07000080B582B000AF786010
:1009B0007B6801221A707B6800225A807B680022C3
:1009C0009A80C046BD4602B080BDF0B58DB004AF80
:1009D000F860B9603B60BB1D1A801E23FB18002223
:1009E0001A80BB1D1A88BB68FF2118001BF006FB8C
:1009F0001023FB18FE221A70BA1D1E257B191288BF
:100A00001B88D31A9AB21C23FB18043A1A80BB6BBA
:100A10001B78002B4ED07B191B880433BA68D11881
:100A2000BB6B9B881B26BC19F8681022BA180132D0
:100A3000039202931622BB1801931C23FB181B88F8
:100A400000930B000022FF21FFF714FD0300237029
:100A50001622BB181A88BB6B9A80BB191B78002B17
:100A600006D03B687A1912881A80BB191B78A1E05E
:100A70001623FB181A8810217B185A801E257B1913
:100A80001B88BA68D3180C007918042218001BF0D0
:100A900018FB3B195B8803339BB21BB20322134341
:100AA0001BB29AB27B191B88D3189AB27B190132F8
:100AB0001A8031E0BB6B59881E23FB181B88BA686B
:100AC000D518BB6B9B881B26BC191C22BA18128830
:100AD000F86801931623FB18009313002A00FFF710
:100AE00020FE03002370BB191B78002B02D0BB191A
:100AF0001B785FE01623FB181A88BB6B5B88D31A40
:100B00009BB2013B9BB21BB2032213431BB29AB2AE
:100B10001E23FB1801321A801623FB181A88BB6BA0
:100B20005B88D31A9BB2013B9BB21BB203221343D7
:100B30001BB29AB218217B1801321A807A181C2134
:100B40007B1812881B889A4210D9BB6B00221A703E
:100B5000BB6B5A887B181B88D3189AB2BB6B5A8020
:100B60003B68BA1D12881A80002323E01823FA1864
:100B70001C23FB1812881B889A420BD1BB6B0122E5
:100B80001A70BB6B00225A803B68BA1D12881A800B
:100B900000230FE01823FA181C23FB1812881B8867
:100BA0009A4200D328E7BB6B01221A70BB6B00226C
:100BB0005A8021E71800BD4609B0F0BDF0B5604C81
:100BC000A54402AF02005F4B842109015B18DB19C9
:100BD0001A705C4B5B18DB191A785B4913009B0099
:100BE0009B189B00CB180A331B88002B01D10023D4
:100BF000A0E0564BFC18564D7A19524B842109013E
:100C00005B18DB191B781100180000F0D3FC0300FF
:100C100023707B195B684F4ABA1813604E4BFB1860
:100C20001800FFF7C1FE494EBC194C4BFD1880233C
:100C30001A010C23F918464BF818474BFB18009380
:100C40002B00FFF7C2FE03002370BB191B78042B97
:100C500006D0BB191B78002B02D0BB191B7869E0AA
:100C60003E4BFB181A8880231B019A4204D0374B55
:100C7000FB181B78002BD6D0384ABB181B88002BDA
:100C800019D0BB181B881A000C23F918314C3B19DA
:100C90001B681800FFF748FE2200BB181B68802164
:100CA00009018C466344BA181360284BFB181B7863
:100CB000002B02D1B7E7C04600E0C046244BFB182A
:100CC0009B68013B264A1A4322497B181B68D31AAA
:100CD0000133DA0A23483B181A707B181B68224A32
:100CE00094466344DA0A214C3B191A7081210901A8
:100CF0007B1800221A603B191A787B185A603B183F
:100D00001A787B189A601A4BFA187B181100180091
:100D1000F6F7FAFC0B4B842212019B18DB191A78A8
:100D200013009B009B189B00074A9B181800FFF7B5
:100D3000D5FA03001800BD460E4B9D44F0BDC046D9
:100D4000B4F7FFFFC7F7FFFF881E00203B08000035
:100D5000240800003C0800001C08000036080000C1
:100D6000FF0700003A0800000000FCEF390800000F
:100D70000C08000044080000F0B57A4CA54402AF0E
:100D80007860794BFB1800221A70784BFB18002210
:100D90001A700023764ABA18136023E07B689968BA
:100DA000734BFB181A6813005B009B189B00CA1852
:100DB00070497B1812781A707B181A786E491300E4
:100DC0009B009B189B00CB180A331B88002B03D079
:100DD000664BFB1801221A70654ABB181B68013369
:100DE000BA1813607B681B791A00614BFB181B68EB
:100DF0009342D3DB5D4BFB181B78002B01D1002302
:100E0000ABE080231A010823FB18FF2118001BF018
:100E1000F5F80023564ABA18136051E07B689968C8
:100E200053483B181A6813005B009B189B00CA18B4
:100E3000504D7B1912781A707B6899683B181A68B4
:100E400013005B009B189B00CB185B688222120189
:100E5000BA181360494EBC1981231B01FA187B197B
:100E60001B781100180000F0A5FB03002370BB19CC
:100E70001B78002B01D000236FE0414D7B19180037
:100E8000FFF792FD0823FA18822000013B181B6827
:100E9000D1183B181B689BB280221201D31A9AB258
:100EA000384BFC1881231B01F8187B190093230091
:100EB000FFF78BFD2E4ABB181B680133BA1813606D
:100EC0007B681B791A002A4C3B191B689342A5DBEF
:100ED0007B681B6880221201082179181800FFF72F
:100EE00023FD00233A1913602CE07B689968204B9E
:100EF000FB181A6813005B009B189B00CA181D4959
:100F00007B1812781A707B181A7813009B009B18B4
:100F10009B00194A9B18194D7C191800FFF7DEF940
:100F2000030023702A00BB181B78002B04D00E4B43
:100F3000FB18BA1812781A700D4ABB181B680133D7
:100F4000BA1813607B681B791A00094BFB181B68E1
:100F50009342CADB044BFB181B781800BD460A4BB2
:100F60009D44F0BDC4F7FFFF2F08000027080000D4
:100F70002808000026080000881E00202508000020
:100F8000080800000E0800003408000090B587B083
:100F900000AF02003960FB1D1A7000237B6116E070
:100FA0000B2439192E487A6913005B009B189B00AB
:100FB000C31806331B780B703A19FB1D12781B7887
:100FC0009A4201D1022346E07B6901337B617B6950
:100FD000012BE5DD00233B6139E00023FB6026E0C7
:100FE00020493A6913005B009B189B00CB1808331B
:100FF0001968FA6813005B009B189B00CA180B2144
:101000007B1812781A707A18FB1D12781B789A4296
:101010000AD13A6913005B009B189B00114A9A1889
:101020003B681A60012316E0FB680133FB600D4941
:101030003A6913005B009B189B00CB1804331B78A4
:101040001A00FB689342CBDB3B6901333B613B6990
:10105000002BC2DB00231800BD4607B090BDC04680
:1010600080E50610B41E0020F0B53D4CA54402AF4B
:10107000020039603B4B832109015B18DB191A70B0
:1010800080231A012423FB18FF2118001AF0B6FF51
:101090000023354ABA1813604BE03B689968324C1C
:1010A0003B191A6813005B009B189B00CA182F4954
:1010B0007B1812781A707A182A4B832000011B18AB
:1010C000DB1912781B789A422DD014257A197B18D7
:1010D0001B781100180000F06DFA3B6899683B1905
:1010E0001A6813005B009B189B00CB185B68204CB0
:1010F0003A1913600C26BB191800FFF755FC24237E
:10110000FA183B191B68D1183B191B689BB2802247
:101110001201D31A9AB21223FC187819BB19009342
:101120002300FFF752FC104ABB181B680133BA18A2
:1011300013603B681B791A000B4BFB181B6893422A
:10114000ABDB3B681B688022120124217918180050
:10115000FFF7EAFB00231800BD46064B9D44F0BD97
:10116000C4F7FFFFD7F7FFFF2C0800002B08000093
:101170002408000034080000F0B589B002AFF86020
:10118000080011007B600B23FB18021C1A7008205A
:101190003B180A1C1A8001007B181B88013B9BB27C
:1011A0001BB2032213431BB29AB27B1801321A807E
:1011B000FB685B685A1DFB689B689A4210D3FB680A
:1011C0001B7819004A4A0B009B005B189B00D31840
:1011D0000A331B88002B01D00B2384E0022382E01A
:1011E000FB685B687B617B691B78FF2B1CD1FB680C
:1011F0009A68FB685B68D31A80225202934200D33C
:101200003C4B12217A181380C04608231800FB18A3
:101210001A8828231B18DB191B88D318DA1C7B18A3
:101220001B889A4227DB15E07B691B78FE2B05D0D3
:101230007B691B78002B01D0032354E0FB685B68BB
:101240007A695288033203210A439B185A1CFB68AF
:101250005A60ADE7FB681B781900254A0B009B001C
:101260005B189B00D3180A331B88002B01D00B237B
:1012700039E0022337E0FB6858681126BC197D6805
:1012800008231A00FB181B889C460B23FB181978AF
:101290007B6B019328239B18DB191B8800932B0081
:1012A0006246FFF79CF903002370BB191B78002BE3
:1012B00002D0BB191B7816E0FB681B781A000C499A
:1012C00013009B009B189B00CB1808331B8801332D
:1012D00098B2074913009B009B189B00CB1808335A
:1012E000021C1A8000231800BD4607B0F0BDC0469E
:1012F000881E0020FFFF0000B0B588B000AF0023BB
:10130000FB61CDE0A849FA6913005B009B189B00C4
:101310005B58FB600023BB61B1E0A349FA6913008D
:101320005B009B189B00CB1808331968BA6913003F
:101330005B009B189B00CA1813203B1812781A7088
:101340009949FA6913005B009B189B00CB1808337E
:101350001968BA6913005B009B189B00CB185B6887
:10136000BB609149FA6913005B009B189B00CB1886
:1013700008331968BA6913005B009B189B00CA18F0
:10138000BB1D12891A803B181A78884913009B00EC
:101390009B189B005B58002B03D13B181B78012B3B
:1013A00001D90123FCE013243B191A78F968BB68C2
:1013B000C8187E4913009B009B189B0058507A491F
:1013C000FA6913005B009B189B00CB1804331B7851
:1013D000013BBA699A420ED13B191A78FB68802109
:1013E00009015918714813009B009B189B00C318F2
:1013F000043319601DE06C49FA6913005B009B1807
:101400009B00CB1808331968BB695A1C13005B009A
:101410009B189B00CB1859681323FB181A78FB689C
:10142000C918624813009B009B189B00C318043323
:10143000196013203B181A785C4913009B009B1815
:101440009B00CB181033BA1D12881A803B181A78EB
:1014500013009B009B189B00544A9B1812257C1973
:101460001800FEF73BFF030023707B191B78002B4D
:1014700002D07B191B7893E0BB690133BB614A49F9
:10148000FA6913005B009B189B00CB1804331B7890
:101490001A00BB69934200DA3FE7FB690133FB6145
:1014A000FB69002B00DA2DE700237B6174E0132435
:1014B00039193F487A6913005B009B189B00C318D9
:1014C00006331B780B703B191A78384913009B00C0
:1014D0009B189B005B58002B03D13B191B78012BF9
:1014E00001D901235CE013243B191A78304879694B
:1014F0000B005B005B189B0018582C4913009B00E5
:101500009B189B0058502A497A6913005B009B186E
:101510009B00595826487A6913005B009B189B0072
:10152000C31804331B8818003B191A7809181F4880
:1015300013009B009B189B00C318043319603B19D0
:101540001A781B4879690B005B005B189B00C31875
:1015500008331888154913009B009B189B00CB1873
:101560001033021C1A803B191A7813009B009B1839
:101570009B000E4A9B1812257C191800FEF7AEFE40
:10158000030023707B191B78002B02D07B191B787A
:1015900006E07B6901337B617B69012B87DD0023DA
:1015A0001800BD4608B0B0BDB41E0020881E002043
:1015B00080E5061080B582B000AF02003960FB1DE7
:1015C0001A70FB1D1B78012B01D9012320E0FB1DA4
:1015D0001A78114913009B009B189B005A583B68CE
:1015E0005A60FB1D1A780C4913009B009B189B0046
:1015F000CB1804331A683B689A603B6801221A735F
:101600003B68FA1D12781A703B6800225A73002357
:101610001800BD4602B080BD881E002090B589B07C
:1016200004AFF860080011007B600B23FB18021C5C
:101630001A700823FB180A1C1A80FB681B78190013
:10164000124A0B009B005B189B00D3180E331B78CB
:10165000002B01D00A2315E07C680823FB181A88A8
:101660000B23FB181978F8680023039300230293D7
:101670007B6A01932023FB181B8800932300FEF74D
:10168000F9FE03001800BD4605B090BD881E00207D
:1016900090B587B002AFF86008007A6019000A239D
:1016A000FB18021C1A800823FB180A1C1A80FB680E
:1016B0001B7819000F4A0B009B005B189B00D31886
:1016C0000E331B78002B01D00A230FE00823FB18F0
:1016D0001C887A680A23FB181988F868002301938C
:1016E0003B6A00932300FFF71CF803001800BD4677
:1016F00005B090BD881E0020F0B5C64600B588B084
:1017000002AFF860080011007B600B231C00FB187F
:10171000021C1A7008203B180A1C1A801726B046B3
:10172000B8447D683B181A882300FB181978F868BC
:101730007B6B0193282308241B19DB191B8800935A
:101740002B00FFF719FD030042461370BB191B78ED
:10175000002B02D0BB191B782CE0FB681B7819000A
:10176000174A0B009B005B189B00D3180C331A8898
:1017700008231800F91828231B18DB1909881B886F
:10178000CB189BB2013B9BB21BB203210B431BB294
:101790009BB2D31A9BB2FA6812781100053B98B23B
:1017A000074A0B009B005B189B00D3180C33021CEC
:1017B0001A8000231800BD4606B080BCB846F0BDB4
:1017C000881E002080B582B000AF78607B6818006A
:1017D000FFF728F803001800BD4602B080BD0000E6
:1017E000B0B58CB000AF0200FB1D1A702B257C1920
:1017F0001823FA18FB1D1B7811001800FFF7C6FB11
:10180000030023707B191B78022B46D1FB1D1A782D
:10181000424913009B009B189B005B587B62FB1D99
:101820001A783E4913009B009B189B00CB18043389
:101830001B683B627B6A3A4A94466344DA0A1F207B
:101840003B181A703B6A013B364A1A437B6AD31A2B
:101850000133DA0A1E243B191A700C217B1800226E
:101860001A603B181A787B185A603B191A787B1853
:101870009A600823FA187B1811001800F5F744FF46
:10188000FB1D1A7813009B009B189B00234A9B1892
:101890001800FEF723FD00233BE02B23FB181B78E9
:1018A000012B35D1BA692A257C19FB1D1B78110043
:1018B0001800FFF7D9FB030023707B191B78002B5E
:1018C00022D10023FB6219E0BB699968FA6A130010
:1018D0005B009B189B00CA1829217B1812781A708C
:1018E0007B181A7813009B009B189B000B4A9B18CF
:1018F0001800FEF7F3FCFB6A0133FB62BB691B793E
:101900001A00FB6A9342DFDB2A23FB181B7800E0F6
:1019100001231800BD460CB0B0BDC046881E002093
:101920000000FCEFFF070000B0B584B000AF02007C
:10193000FB1D1A700F257C190823FA18FB1D1B7854
:1019400011001800FFF722FB030023707B191B789E
:10195000022B06D1FB1D1B781800FFF72FF903009F
:101960000BE00F23FB181B78012B05D1BB68180077
:10197000FFF702FA030000E001231800BD4604B09F
:10198000B0BD000090B583B000AFFC1D00F016F8AC
:1019900003002370FB1D1B787F2B08D8FB1D1B78D1
:1019A0001800FFF7C1FF044B18001AF0E9F90023F3
:1019B0001800BD4603B090BDA0D7061080B582B018
:1019C00000AF2B4B00229A56FB1D1A70FB1D1A7894
:1019D000284913009B009B189B00CB180A331B88D7
:1019E000002B28D0FB1D1A78224913009B009B185E
:1019F0009B00CB180C331988FB1D1A781D48130067
:101A00009B009B189B00C31810331B88994212D26D
:101A1000FB1D1B780133DBB25AB2154B1A70144B05
:101A20001B785BB2022B02D1114B00221A70FB1DF6
:101A30001B785BB217E0FB1D1A78FB1D01321A7090
:101A4000FB1D1B78022B02D1FB1D00221A70FB1D0F
:101A50001B78074A127852B29342B7D1044B002246
:101A60001A7001235B421800BD4602B080BDC0461B
:101A7000B01E0020881E002080B500AF034B01225D
:101A80001A6000231800BD4680BDC046B433002054
:101A900080B582B000AFFB1DFE221A70064B1B689A
:101AA000012B02D1FB1D00221A70FB1D1B785BB2BB
:101AB0001800BD4602B080BDB433002080B584B0AC
:101AC00000AF0F217B1800221A70EFF310837B60A8
:101AD0007B68BB6072B6C0460C4B1B68032B03D0FF
:101AE0007B18FE221A7002E0084B01221A60BB68C4
:101AF0003B603B6883F31088C0460F23FB181B78BC
:101B00005BB21800BD4604B080BDC046B4330020AF
:101B100080B500AFC046BD4680BD0000F0B587B0BF
:101B200000AFBA607B600F243B19021C1A700E23B1
:101B3000FB180A1C1A70BB6800221A807B680022FE
:101B40001A803B6B00221A803B191B780522134038
:101B500046D017257C19254B1800FDF784FC03009F
:101B600023707B191B78002B02D07B191B7838E07F
:101B70001F4B1800FDF7A4FC03001A00BB681A8075
:101B80001C4B1800FDF79CFC03001A007B681A80B0
:101B90001426BC19154B1800FDF772FC03002380B6
:101BA0003B6B00221A800E23FB181B78022B11D1ED
:101BB00017257C19BB191A880F4B11001800FDF767
:101BC0006CFC030023707B191B78002B02D07B195F
:101BD0001B7806E0094B1A000821002000F010F8DD
:101BE00000231800BD4607B0F0BDC0468434002075
:101BF000D0330020F43300203C34002098E5061058
:101C000090B585B000AF3A60BB1D021C1A803B1D29
:101C10000A1C1A800C4B1800FDF752FC03001A0036
:101C20000E203B1801321A803C683B1D1A88BB1DF0
:101C300019883B181888230000F02EF803001800BC
:101C4000BD4605B090BDC046D033002090B585B0EC
:101C500000AF3A60BB1D021C1A803B1D0A1C1A8093
:101C60000C4B1800FDF72CFC03001A000E203B184B
:101C700001321A803C683B1D1A88BB1D19883B182D
:101C80001888230000F008F803001800BD4605B0CE
:101C900090BDC046F4330020B0B586B000AF04005C
:101CA000080011007B600E23FB18221C1A800C23F5
:101CB000FB18021C1A800A23FB180A1C1A8017231F
:101CC000FB1800221A7021E01723FB181A78130062
:101CD000DB009B189B00434A9B1814257C191800B5
:101CE000FDF7EEFB030023807B191B88002B07D038
:101CF0007B191B885A1C0E23FB181B889A420BD099
:101D000017217B181A787B1801321A701723FB18D9
:101D10001B78042BD8D900E0C0461723FB181B788A
:101D2000052B01D1122359E00C23FB181A880A2332
:101D3000FB181B88D1181723FB181A7829481300A1
:101D4000DB009B189B00C31820331B689B889942BB
:101D500001DD122342E01723FB181A7821491300F2
:101D6000DB009B189B00CB1820331B68002B01D194
:101D7000122333E017243B191A781A491300DB00A9
:101D80009B189B00CB1820331B689A680C23FB1808
:101D90001B88D0180A257B191A887B6819001AF04D
:101DA00090F93B191A780F491300DB009B189B0030
:101DB000CB1820331B681B781A00022313400CD069
:101DC0003B191A7807491300DB009B189B00CB18BE
:101DD00020331B687A1912885A8000231800BD46E8
:101DE00006B0B0BDD0330020F0B585B000AF020022
:101DF0003960FB1D1A703B6800221A800F257C1980
:101E0000384B1800FDF72FFB030023707B191B785C
:101E1000002B02D07B191B7860E00C26BC19314BDB
:101E20001800FDF72DFB03002380FB1D1B7801220A
:101E3000134011D00F257C19BB191A882A4B1100A9
:101E40001800FDF72AFB030023707B191B78002B79
:101E500002D07B191B7841E0234B1800FDF730FBC3
:101E600003001A003B681A800F257C190C23FB180D
:101E70001A881E4B11001800FDF70FFB030023709A
:101E80007B191B78002B02D07B191B7826E00F25CD
:101E90007C190C23FB181A88154B11001800FDF74C
:101EA000FCFA030023707B191B78002B02D07B19EE
:101EB0001B7813E00F257C190C23FB181A880D4B97
:101EC00011001800FDF7E9FA030023707B191B7855
:101ED000002B02D07B191B7800E000231800BD46C0
:101EE00005B0F0BDC8340020FCE5061020E6061061
:101EF00044E6061068E6061080B582B000AF020026
:101F0000FB1D1A70FB1D1B787F2B09D8FB1D1B784E
:101F10001A001F231A40044B012191400A001A6045
:101F2000C046BD4602B080BD00E100E080B582B091
:101F300000AF0200FB1D1A70FB1D1B787F2B10D811
:101F4000FB1D1B781A001F231340084901229A40E9
:101F5000130080228B50BFF34F8FC046BFF36F8FAB
:101F6000C046C046BD4602B080BDC04600E100E0AC
:101F700080B500AF054B5B6904221340042B01D1EF
:101F8000012300E000231800BD4680BD000050483A
:101F900080B500AF034BDA698023DB0013401800E3
:101FA000BD4680BD0000504880B582B000AF78606B
:101FB000064BDB69064A13401900044B7A680A4352
:101FC000DA61C046BD4602B080BDC0460000504840
:101FD000FFFDFFFF80B500AF074BDA6980239B0050
:101FE0001A4080239B009A4201D1012300E0002384
:101FF0001800BD4680BDC0460000504880B582B084
:1020000000AF7860064BDB690F2293431900044B45
:102010007A680A43DA61C046BD4602B080BDC04658
:102020000000504880B582B000AF78608023DB05A7
:10203000996B8023DB057A680A439A63C046BD46E4
:1020400002B080BD80B582B000AF78608023DB0530
:102050009A6B7B68D9438023DB050A409A63C046AC
:10206000BD4602B080BD80B582B000AF02003960CD
:10207000FB1D1A70FB1D1B78002B09D18023DB058B
:10208000DA6A3B68D9438023DB050A40DA6207E05D
:102090008023DB05D96A8023DB053A680A43DA62CC
:1020A000C046BD4602B080BD80B582B000AF020020
:1020B0003960FB1D1A70FB1D1B78042B60D89A0039
:1020C000314BD3181B689F468023DB05196B802397
:1020D000DB053A680A431A638023DB055A6B3B68C9
:1020E000D9438023DB050A405A6349E08023DB059E
:1020F0001A6B3B68D9438023DB050A401A638023AF
:10210000DB05596B8023DB053A680A435A6337E0E5
:102110008023DB051A6B3B68D9438023DB050A402B
:102120001A638023DB055A6B3B68D9438023DB05A8
:102130000A405A6324E08023DB051A6B3B68D943CD
:102140008023DB050A401A638023DB055A6B3B685A
:10215000D9438023DB050A405A6311E08023DB0565
:102160001A6B3B68D9438023DB050A401A6380233E
:10217000DB05596B8023DB053A680A435A63FFE7A6
:10218000C046BD4602B080BD8CE6061080B582B068
:1021900000AF78608023DB05DB6B7A6813407A68D8
:1021A0009A4201D1012300E000231800BD4602B08D
:1021B00080BD80B582B000AF78608023DB057A688F
:1021C000DA63C046BD4602B080BD000080B584B071
:1021D00000AF7860074B596D064B7A680A435A6521
:1021E000044B5B6D7A681340FB60FB68C046BD46DC
:1021F00004B080BD0000404880B586B000AF02004A
:10220000FB1D1A70284B1B78002B01D0274B00E0D8
:10221000274B3B610F23FB1820221A701723FB1852
:1022200000221A7010E017217B181B783A69D31826
:102230001B785BB2FA1D127852B29A420DDD7B1800
:102240001A787B1801321A701723FA180F23FB181B
:1022500012781B789A42E6D300E0C04617217B181B
:102260001B783A69D3181B785BB2FA1D127852B208
:102270009A4203DA7B181B78012B07D81723FA1828
:102280000F23FB1812781B789A4205D117217B186F
:102290001A787B18013A1A701723FB181B7818005C
:1022A000BD4606B080BDC046F51E0020C0E6061043
:1022B000A0E6061080B584B000AF0200FB1D1A70C6
:1022C000104B1B78002B01D00F4B00E00F4BFB6035
:1022D0000B217B1820221A70FB1D1B78002B05D0C8
:1022E000FA1D7B1812781B789A4201D37F2305E0F0
:1022F000FB1D1B78FA68D3181B785BB21800BD462B
:1023000004B080BDF51E0020C0E60610A0E6061051
:1023100080B500AF1F231800BD4680BD80B500AF5B
:102320001F231800BD4680BD80B582B000AF0200FB
:10233000FB1D1A70FB1D1B78002B1DD02D4B1B782D
:10234000002B29D12B4B01221A7080235B0018002F
:10235000FFF73CFF01210220FFF7A6FE012100202C
:10236000FFF781FE0120FFF75DFE0120FFF721FF4F
:102370001920FFF7C1FD0FE01E4B1B78012B0BD17D
:102380001C4B00221A700120FFF75CFE1920FFF79A
:10239000CDFD0120FFF70DFFFFF71CFE031E24D12A
:1023A000FFF7F6FD02008023DB009A421DD0802358
:1023B0009B001800FFF7F8FDC046FFF7D9FD031E8C
:1023C000FBD1FB1D1B78002B03D00E20FFF716FE60
:1023D00002E00420FFF712FE0020FFF7E5FDC046F3
:1023E000FFF7C6FD031EFBD000E0C046BD4602B0AD
:1023F00080BDC046F51E002080B500AF164B1B788F
:10240000002B25D00120FFF7C1FE031E21D0134A67
:10241000A6239B00D358102213400AD00F4A9523BD
:102420009B00D3580D4902221A4395239B00CA50A2
:102430000AE00A4A95239B00D35808490222934395
:102440001A0095239B00CA500120FFF7B2FE00E05E
:10245000C046BD4680BDC046F51E00200014006089
:1024600080B582B000AF0200FB1D1A70C046BD46A9
:1024700002B080BD80B582B000AF0200FB1D1A70B3
:10248000C046BD4602B080BD80B500AF8023DB05ED
:102490001B680F2213401800BD4680BD80B500AFF9
:1024A0008023DB051B681B090F2213401800BD4663
:1024B00080BD80B500AF8023DB055B681800BD469A
:1024C00080BD000080B500AF034B1B681B041B0CD4
:1024D0001800BD4680BDC0461410004080B582B0D3
:1024E00000AF084B1B685B0C032213407B607B68CA
:1024F000002B01D101237B607B681800BD4602B030
:1025000080BDC0469000504880B584B000AF786070
:102510007B68FF221A70FFF7CCFF0300FB60FB68AB
:10252000184A934202D17B6803221A70FFF7B6FF64
:102530000300DAB27B685A70FFF7A6FF0300DAB235
:102540007B689A70FFF7B5FF02007B685A60FFF75F
:10255000B9FF030001339A007B689A60FFF7BEFF62
:10256000031E07D0FFF7BAFF030001339A037B680D
:10257000DA6003E07B68C022D201DA60C046BD4663
:1025800004B080BD41E00102002310B59208920022
:10259000934200D110BDCC58C4500433F8E700007A
:1025A000034B1B6D0340181A434258417047C04605
:1025B00000004048054B82B05A6D02435A655B6D7E
:1025C00018400190019B02B07047C046000040488F
:1025D000034B5B6D0340181A434258417047C04695
:1025E00000004048024A536D834353657047C0461C
:1025F00000004048034B9B6D0340181A434258416A
:102600007047C04600004048034B1B6E0340181A39
:10261000434258417047C0460000404810B504008E
:1026200080204000FFF7D4FF002805D08021402201
:102630002000C905FFF7A8FF0120FFF7C9FF002808
:1026400005D0200068220E494430FFF79DFF22008C
:1026500000238020AC321360C001FFF7B9FF0028CF
:102660000AD02300B0331B68002B05D18020013332
:102670001360C001FFF7B6FF024B5B68236410BD17
:10268000002000400010004010B504000120FFF7BA
:10269000B1FF002806D02000113024222C49FF3041
:1026A000FFF772FF80204001FFF7A4FF002806D04B
:1026B0002000353024222749FF30FFF765FF8020B6
:1026C000C001FFF797FF002806D0200059302422D0
:1026D0002149FF30FFF758FF1020FFF78BFF00283C
:1026E00005D0200058221D49B830FFF74DFF80204B
:1026F0004000FFF77FFF002805D020003022184956
:102700008830FFF741FF8020C000FFF773FF0028EB
:1027100005D02000302213495830FFF735FF8020C4
:102720008003FFF767FF002805D082212C222000BC
:10273000C905FFF729FF80200004FFF75BFF002891
:1027400005D020002C2208492C30FFF71DFF10BDBA
:102750000020004100300041007000410060004155
:10276000005000410040004100100041020010B53F
:102770000120FFF749FF002806D0952303499B005D
:10278000CB5802210B40136010BDC04600140060FE
:1027900010B504000120FFF703FF00280DD0200032
:1027A000912129302022C905FF30FFF7EDFE2000DE
:1027B000A02224498830FFF7E7FE8020C002FFF7FF
:1027C000EFFE002805D020000C221F497C30FFF7C7
:1027D000DBFE80204002FFF7E3FE002806D01B4B03
:1027E0001A6822675A6862679B68A3678020400165
:1027F000FFF7D6FE002805D02000182214495830D3
:10280000FFF7C2FE0420FFF7CBFE002805D0902181
:102810002C222000C905FFF7B7FE0820FFF7C0FEF5
:10282000002804D02C220B49A018FFF7ADFE0A4B5C
:10283000FC341A6BE2649A6B22651A6D62659B6DBB
:10284000A36510BD000070480000604800003048DB
:10285000000020480000104800004048044B1A685F
:102860001300503B02CB02C09A42FBD17047C046D6
:10287000000004100D4B0E499B6830B503600B68D7
:1028800004004360002308341A00C03292008D58BF
:102890009A000133A550082BF6D1064B1B688362C2
:1028A000054B1A68C2625B68036330BD00ED00E04F
:1028B00000E100E020ED00E010E000E070B5040071
:1028C00080204000FFF784FE002805D080204022B1
:1028D0002100C005FFF758FE0120FFF779FE002810
:1028E0000CD001222100666C636C064D93432800D6
:1028F000636467324431FFF747FE2E60226C024B5F
:102900005A6070BD002000400010004070B5040007
:102910000120FFF76FFE002816D023004021FC3372
:102920005E695A69554D8A43210011315A61280068
:102930000C22FF31FFF728FE2100213114225048DC
:10294000FF31FFF721FE2E6080204001FFF752FE8D
:10295000002816D023004021FC339E6B9A6B494D12
:102960008A43210035319A6328000C22FF31FFF79A
:102970000BFE2100453114224348FF31FFF704FECE
:102980002E608020C001FFF735FE002816D02300FE
:102990004021FC33DE6DDA6D3C4D8A432100593114
:1029A000DA6528000C22FF31FFF7EEFD21006931C6
:1029B00014223748FF31FFF7E7FD2E601020FFF7A4
:1029C00019FE002805D0210058223248B831FFF7FF
:1029D000DBFD80204000FFF70DFE002810D0210015
:1029E000012288310E680B682B4D93430B60280041
:1029F0002332FFF7C9FD2300B4331B68EB622E605E
:102A00008020C000FFF7F6FD002810D00122210031
:102A1000A66DA36D214D9343A36528002332583141
:102A2000FFF7B2FD23000833DB6FEB622E608020DE
:102A30008003FFF7DFFD00280CD0012282252668E5
:102A40002368ED0593432100280023601F32FFF720
:102A50009BFD2E6080200004FFF7CCFD00280CD0E9
:102A600001222100E56AE36A2C319343E3620C4CB6
:102A70001F322000FFF788FD256070BD0020004157
:102A80001020004100300041103000410070004132
:102A900010700041006000410050004100400041C2
:102AA00000100041020010B50120FFF7ADFD002825
:102AB00009D01368002B06D0952202230249920008
:102AC000885803438B5010BD0014006070B505009A
:102AD000FC35EA6C374B04001A632A6D01209A63B7
:102AE0006A6D1A65AA6D9A65FFF75AFD002818D01D
:102AF0002100912029312022FF31C005FFF744FD3C
:102B00002200002321008C3213602B48536188314E
:102B10009362D36313655366AB60A022EB61FFF74A
:102B200033FD8020C002FFF73BFD002805D02100C7
:102B30000C2222487C31FFF727FD80204002FFF75E
:102B40002FFD002806D0226F1D4B1A60626F5A605D
:102B5000A26F9A6080204001FFF722FD002805D077
:102B60002100182217485831FFF70EFD0420FFF707
:102B700017FD00280BD09020236AC0050362636A0A
:102B80002C224362636921004361FFF7FDFC0820AA
:102B9000FFF706FD00280BD02100E36C0A482C2229
:102BA0000362236D2C314362236C4361FFF7ECFC1D
:102BB00070BDC046000040480000704800006048FA
:102BC000000030480000204800001048044B1A68FC
:102BD0001300503B02C802C39A42FBD17047C04663
:102BE0000000041002680E4B30B59A6043680D492E
:102BF00005000B60002308359A00AC581A00C0325B
:102C0000920001338C50082BF6D1826A064B1A6071
:102C1000026B064B5A6000229A60C26A1A6030BD8D
:102C200000ED00E000E100E020ED00E010E000E059
:102C300070B50E00150000221C000A4B9A60FFF7C9
:102C4000EDFC3000FFF720FD2800FFF78FFD20008E
:102C5000FFF79EFD0598FFF701FE0498FFF70AFEB7
:102C600070BDC04604000020F8B51F000300AC335F
:102C700015001A6804000E00002A05D000228020EA
:102C80001A60C001FFF796FC0B4B9B68002B11D01C
:102C90000798FFF79BFF0698FFF7A4FF3800FFF7A0
:102CA00015FF2000FFF70AFE3000FFF72FFE280077
:102CB000FFF7F8FEF8BDC0460400002080B500AF65
:102CC000BFF34F8FC046044B044ADA60BFF34F8F07
:102CD000C046C046FDE7C04600ED00E00400FA052E
:102CE00080B500AFF1F790FDC046BD4680BD80B510
:102CF00000AF01F0C9FCFEF7BFFE0300013301D1B4
:102D0000F2F7BEFDC046BD4680BD0000F0B5C64628
:102D100000B59AB006AF4F23FB1800221A703C236F
:102D2000FB18180006231A00002119F067F94E233A
:102D3000FB1806221A703A23FB1800221A803A1D4B
:102D4000E54B1000190034231A0019F0BAF94D258B
:102D50007C193B1D180005F021F8030023707B1936
:102D60001B78002B0CD07B191B78DC4A01214942CF
:102D7000009313000022012004F040F8F2F780FDD8
:102D80004D257C19012201210020FCF71FFC0300C6
:102D900023707B191B78002B06D07B191A78D04B37
:102DA00019000020F0F784FB3C217B1834221A70B4
:102DB0007B1812225A707B182A229A707B18E12203
:102DC000DA707B1808221A717B1800225A714D257F
:102DD0007C197B181A000621002004F0B5FC0300C2
:102DE00023707B191B78002B0BD07B191B78BD4AF5
:102DF00001214942009313000022012003F0FEFF4D
:102E000006E0B94B012251420022012003F0F6FFF7
:102E10004D257C191821002004F09AFC0300237032
:102E20002A00BB181B78002B0BD0BB181B78AF4AAD
:102E300001214942009313000022012003F0DEFF2C
:102E400006E0AB4B012251420022012003F0D6FFE5
:102E50004D257C194A23FB1819000120FEF7C4FFF9
:102E6000030023707B191B78002B0BD07B191B7878
:102E7000A04A01214942009313000022012003F0DF
:102E8000BDFF06E09C4B012251420022012003F0CD
:102E9000B5FF4C217B1800221A707B187A18127823
:102EA00001210A431A704D257C194F23FB181B780A
:102EB0000021180004F05AFA030023707B191B78D4
:102EC000002B0BD07B191B788C4A012149420093BF
:102ED00013000022012003F091FF06E0884B01223D
:102EE00051420022012003F089FF4D257C19462321
:102EF000FD184823FA184F23FB1819784C23FB18A8
:102F000018784423FB1800932B00FEF707FE0300FC
:102F100023703C22BB185B791800BB181B791C007E
:102F2000BB18DB781D00BB189B781E00BB185B78B4
:102F30009C46BB181B789846724B01225142424670
:102F40000592624604920396029501940090002235
:102F5000012003F053FF4D257C196B4B1A0008210B
:102F60000020FEF74DFE030023707B191B78002B19
:102F70000BD07B191B78654A01214942009313004D
:102F80000022012003F03AFF06E0614B012251428A
:102F90000022012003F032FF4D257C193A23FB1853
:102FA0001A0002210020FEF751FE030023707B1956
:102FB0001B78002B0BD07B191B78564A0121494204
:102FC000009313000022012003F018FF06E0524B8B
:102FD000012251420022012003F010FF4F4B012239
:102FE0001A704E4B1B784D257C191800FCF7E9F937
:102FF000030023707B191B78002B0BD07B191B78E7
:10300000474A01214942009313000022012003F0A6
:10301000F5FE06E0434B012251420022012003F05D
:10302000EDFE3E4B01225A703C4B0822DA703B4BBE
:1030300010221A71394B00229A70384B9878374B0E
:103040005978364BDB78354A12794D26BC19002564
:1030500002950192009300230122FCF7C2F90300BC
:103060002370BB191B78002B0BD0BB191B782E4A81
:1030700001214942009313000022012003F0BEFE0B
:1030800006E02A4B012251420022012003F0B6FE45
:10309000224B9B78002B56D04D257C19012004F043
:1030A000A5F9030023707B191A78214B1900002021
:1030B000F0F7FEF92A007B191B78002B3CD0BB18D7
:1030C0001B781C4A01214942009313000022012071
:1030D00003F094FE37E0C046ECDC0610C4D70610BF
:1030E000E8D7061010D806106CD80610B8D806100D
:1030F000F8D8061028D9061068D9061098D90610F5
:10310000CCD90610F0D90610E0E606102CDA06102D
:1031100070DA0610A4DA0610E8DA0610F81E0020AD
:103120001CDB06105CDB06108CDB0610D4DB061003
:103130000CDC061030DC0610094B01225142002243
:10314000012003F05BFE074B0122514200220120C7
:1031500003F054FEC046BD4614B080BCB846F0BD76
:1031600088DC0610D0DC061080B500AF01210120FC
:1031700003F036FDC046BD4680BD80B500AF0120DE
:1031800003F010FA04F025FD012003F015FAC04603
:10319000BD4680BD80B500AFF6F7D2FFC046BD4644
:1031A00080BD80B500AF0021022003F019FDC046AC
:1031B000BD4680BD80B500AFFEF7E4FBC046BD460E
:1031C00080BD80B500AF0121042003F009FDC04699
:1031D000BD4680BD80B500AFFFF7E3FFC046BD46EA
:1031E00080BD80B500AFFFF7DCFFC046BD4680BDA7
:1031F00080B582B000AF78607B68180010F0F6FFF1
:10320000FFF7CFFFFFF7DDFFC046BD4602B080BD30
:1032100080B500AFFFF7A8FFC046BD4680BD0000E7
:1032200090B585B002AF334B1A000021012003F0A6
:10323000B3FC314B1A000021022003F0ADFC2F4BF0
:103240001A000021042003F0A7FC2D4B1A000021D6
:10325000082003F0A1FC2B4B1A000021102003F0E2
:103260009BFC294B1A000021202003F095FCFFF75E
:103270003EFDFFF74BFD254B00229A73234B0122A5
:1032800052429A81BC1DF0F79DFE03002370BB1DC6
:103290001B78002B0AD0BB1D1B781D4A0121494217
:1032A000009313000022012003F0A8FDFB1D002263
:1032B0001A7014E07C1D174B01220021012004F03C
:1032C00061F8030023707B1D1A78134B190000204E
:1032D000F0F7EEF8FB1D1A78FB1D01321A70FB1D8A
:1032E0001B78002BE6D0002000F066FDC046BD46EE
:1032F00003B090BD7B31051095310510B531051037
:1033000015460510DD3F0510E12C0510F81E0020C4
:1033100020DD0610E8E6061050DD0610F0B599B085
:1033200004AF78604B23FB1886221A707B681B78E9
:10333000042B04D07B681B78822B00D0EAE27B68E8
:1033400001337B647B681B78042B03D17B6C0233D5
:10335000FB6405E07B6801333B643B6C0333FB6437
:103360007B6C1B78FF2B00D199E100DDD4E23E2B72
:1033700045D000DDD0E2052B03D0102B00D1B8E200
:10338000CAE27B6C0233BB60BB685A789B781B0235
:1033900013439AB2E34B9B899A422DD1E14B012210
:1033A00052429A81DF4B00229A73DF4B0122514235
:1033B0000022012003F022FDBB685A789B781B0293
:1033C00013439BB21800BB68DB781C00D74B01226B
:1033D0005142019400900022012003F00FFDF0F70C
:1033E000FBFFD34B00221A70002000F0E5FCD14B0C
:1033F00019000020F0F75CF801F036F98FE27B6CE1
:1034000002333B623B6A1B780C2B00D1D9E000DD14
:1034100043E10A2B00D1E8E000DD3EE1012B00D1C1
:103420000FE1032B00D038E13B6A01337B61C24BD3
:10343000012251420022012003F0E0FC7B69DA788E
:103440001B791B0213439BB21800EFF7D3FA00223B
:10345000BA4BEEF7A3FB02000B0010001900EFF7C8
:103460008DFA06007B69DA781B791B0213439BB245
:103470001800EFF7BFFA0022B04BEEF78FFB020007
:103480000B001000190000220023EDF77DF8031E49
:103490003DD07B69DA781B791B0213439BB218007D
:1034A000EFF7A8FA0022A54BEEF778FB02000B001D
:1034B00014001D007B69DA781B791B0213439BB251
:1034C0001800EFF797FA00229C4BEEF767FB02001B
:1034D0000B0010001900EFF751FA03001800EFF786
:1034E00089FA02000B0020002900EEF73DFE0200E1
:1034F0000B00100019000022914BEEF74FFB020069
:103500000B0010001900EFF739FA02003AE07B696E
:10351000DA781B791B0213439BB21800EFF76AFAA3
:103520000022864BEEF73AFB02000B001000190058
:10353000EFF724FA03001800EFF75CFA04000D001F
:103540007B69DA781B791B0213439BB21800EFF7F3
:1035500051FA0022794BEEF721FB02000B0020000C
:103560002900EEF701FE02000B00100019000022F6
:10357000734BEEF713FB02000B0010001900EFF77E
:10358000FDF902007B6959799B791B020B439BB2C1
:1035900018007B69D9791B7A1B020B439BB2190077
:1035A0000B009B005B185B001C00664B012149422D
:1035B00003940290019200960022012003F01EFC69
:1035C0006CE03B6A0133FB6101F04EF8FB691B784C
:1035D0001A00FB69DB781800FB691B795A490093D4
:1035E00003000020EFF764FF58E03B6A0133BB6142
:1035F000BB691C78BB695A789B781B0213439DB248
:10360000BB691E79BB6905339C46BB69DA7D1B7EAD
:103610001B0213439AB2BB69597E9B7E1B020B436C
:1036200099B2BB69D87E1B7F1B0203439BB20293F6
:1036300001910092634632002900200000F090F9C9
:103640002CE03B6A01333B613B691C783B695A784B
:103650009B781B0213439DB23B691E793B6905337E
:103660009C463B69DA7A1B7B1B0213439AB23B6987
:10367000597B9B7B1B020B4399B23B69D87B1B7C1C
:103680001B0203439BB202930191009263463200F6
:103690002900200000F064F900E0C0463FE1FB6C27
:1036A000FB63FB6B1A785B781B0213439BB2274AC0
:1036B000934200D1C0E0254A934200DD15E1244A3F
:1036C000934200D1F3E0224A934200DD0DE18022D3
:1036D0001201934221D080221201934200DD04E1C5
:1036E0001C4A934249D01B4A934200DDFDE01A4A2E
:1036F000934237D08122D200934200DBF5E0174A93
:10370000934242D0154A934200DDEEE0042B00D1F3
:10371000EDE0134A934262D0E7E0FB6B0233FB62B9
:10372000E6E0C046F81E00206CDD061098DD0610AD
:10373000201F0020D8DD0610F0DD06100000F43F49
:103740000000594024DE061094DE0610190C00001B
:10375000010C00000A04000007040000020400003D
:10376000010400006F4B012251420022012003F0AE
:1037700045FBFB6B0233BB62BAE06B4B012251424B
:103780000022012003F03AFBB2E0684B01225142D3
:103790000022012003F032FB654B9B894B257C19ED
:1037A000644A11001800FBF74BFE030023707B19DD
:1037B0001B78002B0BD07B191B785F4A01214942F3
:1037C000009313000022012003F018FB90E05B4BF4
:1037D000012251420022012003F010FB88E0584BE7
:1037E000012251420022012003F008FBFB6B02334F
:1037F0007B627B6A9B78002B0FD07B6A9B781800DA
:103800007B6ADB781C004F4B0122514201940090EF
:103810000022012003F0F2FA06E04B4B0122514254
:103820000022012003F0EAFA484B01225142002213
:10383000012003F0E3FA5BE0454B012251420022F4
:10384000012003F0DBFAFB6B0233BB6337243B1927
:1038500008221A70BB6B1A795B791B0213439BB267
:1038600018003C4B0122514200900022012003F03D
:10387000C5FA3B1900221A70BB6B1A785B781B02E1
:10388000134398B2BB6B9A78DB781B02134399B24F
:10389000BB6B1A795B791B0213439AB23B191B78F5
:1038A0000024019400240094FBF740FE20E02A4B02
:1038B000012251420022012003F0A0FAFB6B0233E7
:1038C0003B633B6B1A795B791B02134398B23B6BEA
:1038D000083319003B6B9A79DB791B0213439BB2C7
:1038E000DBB21A00F0F792FD02E0C04617E0C046D6
:1038F00015E07B6C0233FB60FB681B78032B0DD853
:10390000FB681B781A00154B19000020EFF7D0FD5B
:10391000FFF7D4F9C04602E0C04600E0C046BD460D
:1039200015B0F0BDC8DE0610F0DE061020DF061070
:10393000F81E002007B2010048DF06107CDF0610E9
:10394000A4DF0610D0DF061010E0061028E00610F5
:103950002CE0061050E0061060E0061094E006101F
:10396000F0B5C64600B58CB006AF040008001100E3
:103970003B60FB1D221C1A703B1D021C1A80BB1DE4
:103980000A1C1A70FB1D1B78002B0ED0FB1D1B7828
:10399000C64A01214942009313000022012003F08E
:1039A0002DFAC34B00229A73F9E13B1D1B88C14AD3
:1039B00001214942009313000022012003F01EFA66
:1039C0003B6805331B7818003B6804331B781C00E8
:1039D0003B6803331B781D003B6802331B781E00D5
:1039E0003B6801331B789C463B681B789846B24B7A
:1039F0000122514242460592624604920396029584
:103A0000019400900022012003F0F8F930243B19C2
:103A10001B881800EEF7EEFF0022A84BEEF7BEF869
:103A200002000B0010001900EEF7A8FF06003B197A
:103A30001B881800EEF7DEFF0022A04BEEF7AEF871
:103A400002000B001000190000220023ECF79CFD7F
:103A5000031E36D03B191B881800EEF7CBFF00225F
:103A6000964BEEF79BF802000B0014001D0030236C
:103A7000FB181B881800EEF7BDFF00228F4BEEF7F6
:103A80008DF802000B0010001900EEF777FF03001D
:103A90001800EEF7AFFF02000B0020002900EEF740
:103AA00063FB02000B00100019000022844BEEF7AC
:103AB00075F802000B0010001900EEF75FFF02001E
:103AC00034E03023FB181B881800EEF793FF002228
:103AD0007A4BEEF763F802000B0010001900EEF7C6
:103AE0004DFF03001800EEF785FF04000D003023A2
:103AF000FB181B881800EEF77DFF00226F4BEEF7D6
:103B00004DF802000B0020002900EEF72DFB02000B
:103B10000B00100019000022694BEEF73FF802007D
:103B20000B0010001900EEF729FF02003423FB18E8
:103B300018883823FB1819880B009B005B185B0062
:103B40001C00604B012149420394029001920096AF
:103B50000022012003F052F930243B191B88180081
:103B6000EEF748FF0022554BEEF718F802000B0065
:103B700010001900EEF702FF06003B191B88180021
:103B8000EEF738FF00224D4BEEF708F802000B006D
:103B90001000190000220023ECF7F6FC031E36D0BB
:103BA0003B191B881800EEF725FF0022434BEDF769
:103BB000F5FF02000B0014001D003023FB181B88CA
:103BC0001800EEF717FF00223C4BEDF7E7FF02006D
:103BD0000B0010001900EEF7D1FE03001800EEF7FD
:103BE00009FF02000B0020002900EEF7BDFA0200D9
:103BF0000B00100019000022314BEDF7CFFF02003F
:103C00000B0010001900EEF7B9FE020034E030237B
:103C1000FB181B881800EEF7EDFE0022274BEDF78E
:103C2000BDFF02000B0010001900EEF7A7FE030015
:103C30001800EEF7DFFE04000D003023FB181B8890
:103C40001800EEF7D7FE00221C4BEDF7A7FF02008D
:103C50000B0020002900EEF787FA02000B0010008D
:103C600019000022164BEDF799FF02000B0010001F
:103C70001900EEF783FE02003423FB18188838235E
:103C8000FB1819880B009B005B185B000E49019321
:103C90000090130032000020EFF70AFC044B9B7BDE
:103CA000012B13D1024B03229A7312E0C8E00610D5
:103CB000F81E002000E1061044E106100000F43F69
:103CC0000000594088E10610F8E10610364B022248
:103CD0009A73354B3A1D12889A813B1D1B88180038
:103CE000F0F74EFBF2F76AFF031C7B61F2F752FF1D
:103CF000031C3B612D497869EDF7A4F9031CFC21F5
:103D00008905181CECF7DEFD031C0E257C19181C18
:103D1000ECF7F4FC0300238024493869EDF792F9AD
:103D2000031CFC218905181CECF7CCFD031C0C2698
:103D3000BC19181CECF7E2FC03002380F2F720FF0B
:103D400003001C00F2F75EFF030019002000F0F7EB
:103D500013FC7B191A88BB191B8811001800F0F797
:103D600043FC0B257C193B1D18880023009301237D
:103D700001220021FBF747FC030023707B191B780D
:103D8000002B07D07B191A78094B19000020EFF798
:103D90008FFB04E0074B19000020EFF789FBBD46BD
:103DA00006B080BCB846F0BDF81E00200000C84236
:103DB00034E2061054E20610B0B594B00CAF020025
:103DC000FB1D1A708023FB61A023BB61FB1D1B78C8
:103DD000052B32D89A00614BD3181B689F4680236D
:103DE000FB61A023BB6104237B6129E0C8231B0185
:103DF000FB61C8235B01BB6105237B6120E00023DD
:103E00007B611DE00623FB610C23BB6100237B610A
:103E1000FA235B003B6113E0514B9B890F257C1912
:103E200013211800FBF7B7FA030023707B191B78E6
:103E3000002B04D100F020FC01E0C04600E0C046A9
:103E4000FB1D1B78062B00D17FE000DD7FE0042BFB
:103E500068D000DD7BE0012B02DC002B03DA76E08A
:103E6000022B4DD073E00823FB18180006231A001C
:103E7000002118F0C3F80F257C19FA6900230A9372
:103E8000002309930123089300230793012306933A
:103E9000002305930023049300230393002302933C
:103EA00007230193BB690093130013220021002014
:103EB00003F0ACFA030023707B191A78294B190020
:103EC0000020EFF7F5FA7B191B78002B03D17B69F3
:103ED000DAB2234B9A730F257C19234B1E22032140
:103EE000002003F0C8FA030023707C190823FB1894
:103EF0001A000121012003F0C2FA0300237029E017
:103F00000F257C1900220021002003F0B8FA0300DD
:103F100023707B191B78002B1BD17B69DAB2104B05
:103F20009A7316E00E4B9889FB6999B2BB699AB2F5
:103F30007B699DB23B699BB20F243C1900932B0017
:103F4000FBF71DFB0300237004E0C04602E0C046FF
:103F500000E0C046C046BD4608B0B0BDF0E6061061
:103F6000F81E0020E8E20610F034002080B500AF13
:103F70000121102002F034FE0121202002F030FE49
:103F8000C046BD4680BD000080B582B000AF7860FD
:103F90000A00BB1C1A807B68074A934208D1BB1CED
:103FA0001A8880239B009A4202D1FFF7DFFF00E0CE
:103FB000C046BD4602B080BD0000104880B582B04A
:103FC00000AF78607A6880239B04134002D0FFF72B
:103FD000CDFF00E0C046BD4602B080BDF0B59BB04D
:103FE00002AFEFF737FD031E00D027E2E54B1B6859
:103FF0007B6000237B65FE239B053B603B1D180017
:10400000EFF778FD031E03D17A68DE4B1A6002E0F9
:10401000DC4B1B687B603B001800EFF7F5FD53237A
:10402000FB1800221A70EFF7E1FE0300FB65FB6D41
:10403000002B08D1D44B1A6813005B019B1A9B001C
:104040009B18DB00FB65D14B1A68FB6DD218CF4B78
:104050001A60CE4B1B68FA2291001800ECF7E8F8C2
:104060000300FB64C94B1968FA6C13005B019B1ACF
:104070009B009B18DB00CA1AC44B1A6078683A6828
:104080004B23FC18FB6C796DF2F7C2F90300237027
:10409000F2F780FD031C7B64F2F790FD031C3B6488
:1040A000BB49786CECF7CEFF031CFC218905181C7A
:1040B000ECF708FC031C3E257C19181CECF71EFBD2
:1040C00003002380B249386CECF7BCFF031CFC21D1
:1040D0008905181CECF7F6FB031C3C26BC19181CC0
:1040E000ECF70CFB030023805323FB181A78BB1951
:1040F00019887B191B881800F0F7BEFAA54B1B78AE
:10410000002B5CD01B257C19F2F762FD03002370A5
:10411000A14B1B782C003A1912789A4218D03B19FF
:104120001B780A211800ECF709F90B00DBB2002B11
:104130000ED1994B3A1912781A703B191A78974B8D
:1041400019000020EFF7B4F900210020F0F714FA6D
:104150001B23FB181B78642B27D1F2F725FD031CCA
:104160007B617869EDF742FB03003B613869EDF74D
:104170005DFB031C191C7869EDF7BEF8031C84492C
:10418000181CECF75FFF031C181CEDF72FFB030056
:10419000FB60FB683A6982490020EFF789F9814B9F
:1041A000012208211800F3F7B7FD4B23FB181B78F9
:1041B0005A425341DBB21A00764B1A702FE1786CE9
:1041C000EDF714FB0300BB63B86BEDF72FFB031C8B
:1041D000191C786CEDF790F8031C6D49181CECF76E
:1041E00031FF031C181CEDF701FB03007B63386CE7
:1041F000EDF7FCFA03003B63386BEDF717FB031C8C
:10420000191C386CEDF778F8031C6149181CECF7A1
:1042100019FF031C181CEDF7E9FA0300FB62624B5F
:104220001B68191C386CECF7CFF9031E0DD15E4BDF
:104230003A6C1A60F86A3A6B5C497B6B0193BB6B12
:10424000009303000020EFF733F9594B1B784B2103
:104250007A1812789A4203D0554B7A1812781A704D
:104260002B23FC18786CECF749FA03002370F2F763
:10427000A5FC031C7B624649786AECF7E3FE031C4D
:104280004C49181CECF7BAF9031E01D0FF2209E0D3
:104290003F49786AECF7D6FE031C181CECF72EFA9F
:1042A0000300DAB223257B191A702226BC19F2F713
:1042B000A9FC03002370404B1B784B22BA181278DC
:1042C0009A4212D13D4B1B782B22BA1812789A428F
:1042D0000BD13B4B1B787A1912789A4205D1394B96
:1042E0001B78BA1912789A4201D0012200E000220C
:1042F00021217B181A707B181B78002B35D02E4B90
:104300001B784B22BA1812789A4205D02A4B1B7898
:10431000002B01D0012200E0002220243B191A705A
:10432000254B4B257A1912781A70244B2B22BA1878
:1043300012781A70224B2322BA1812781A70214B65
:104340002222BA1812781A70786CECF7D7F90300A9
:10435000DAB27B191B781100180000F07BF83B19CA
:104360001B78002B01D0F0F7BDFAF2F719FE03001D
:10437000FB614B23FB181B78032B25D16423BB6502
:104380002DE0C046241F002010350020281F0020EB
:104390000000C842143500202C1F002000E3061046
:1043A00014E30610000010481835002044E30610FE
:1043B0002D1F002000007F432E1F00202F1F0020F4
:1043C000301F0020311F00204B23FB181B78022BCD
:1043D00003D1FA239B00BB6501E01A4BBB651A4B66
:1043E0001B68FA69D31ABA6D9A4218D8164BFA6943
:1043F0001A60786CECF782F90300DAB24B243B19AF
:104400001B781100180000F025F83B191A78B86BDA
:104410000E497B6B009303000020EFF749F80A2355
:10442000BB600B4B1B68BA689A4208D0084BBA684D
:104430001A60BB681800EFF73DFC00E0C046BD46BF
:1044400019B0F0BD60EA0000341F00206CE30610D4
:1044500010350020F0B589B002AF0200FB1D1A70C4
:10446000BB1D0A1C1A70F2F7A9FB031C7B615F4994
:104470007869ECF7E7FD031C5D49181CECF7BEF802
:10448000031E01D0FF2209E058497869ECF7DAFDF4
:10449000031C181CECF732F90300DAB213217B1865
:1044A0001A70544BFA1D12789A76524BBA1D127834
:1044B000DA76504B7A1812781A77F2F7A3FB0300DA
:1044C0001A004C4B5A7712257C194A4B1E220321A5
:1044D000002002F0D0FF030023707B191B78002B13
:1044E0000AD07B191B78444A0121494200931300EA
:1044F0000022012002F082FC404B9B89404A9342FB
:104500003BD0F2F747FB031C3849181CECF79AFD27
:10451000031CFC218905181CECF7D4F9031C102599
:104520007C19181CECF7EAF803002380F2F746FB2D
:10453000031C2E49181CECF785FD031CFC21890582
:10454000181CECF7BFF9031C0E26BC19181CECF75D
:10455000D5F803002380BB191A887B191B8811002A
:104560001800F0F741F8F2F74DFB03001A00FB1DAD
:104570001B7811001800EFF7FFFFFB1D1B78032BC2
:104580001BD1204B1B78002B17D11E4B01221A7018
:104590001A4B9B891A4A934223D10220FFF70CFC45
:1045A0000120FFF709FC184B184A9A60184A164B6D
:1045B00011001800F6F7FCF913E0FB1D1B78022B25
:1045C0000FD8104B1B78002B0BD00C4B9B890C4A3F
:1045D000934206D10220FFF7EFFB0020FFF7ECFB30
:1045E000FFE7C046BD4607B0F0BDC0460000C84268
:1045F00000007F43F034002094E30610F81E0020F2
:10460000FFFF0000201F0020081F0020514605105A
:104610001027000080B500AF0A4B1B78002B0DD08F
:10462000084B00221A70084B9B89084A934205D117
:104630000220FFF7C1FB0020FFF7BEFBC046BD46CE
:1046400080BDC046201F0020F81E0020FFFF000094
:1046500080B582B000AF78600121082002F0C0FA76
:10466000C046BD4602B080BD80B500AF012002F05B
:10467000E3FAC046BD4680BD80B500AF012002F020
:10468000F9FAC046BD4680BD80B500AFFCF734FEE8
:10469000074B19000020FCF78DFF064B1900012085
:1046A000FCF788FF044B024A1A60C046BD4680BD35
:1046B000381F0020481F0020581F0020F0B589B087
:1046C00002AFB96011007B600F243B19021C1A7005
:1046D0000C23FB180A1C1A803B191B78022B03D1F0
:1046E0001A4B1B4A1A6002E0184B1A4A1A60174B01
:1046F00018681726BC19BD680C23FB181B889C463C
:104700000F23FB1819787B680193282308229B1834
:10471000DB191B8800932B006246FCF7EDFF0300BA
:104720002370BB191B78002B01D1002309E017234C
:10473000FB181B78022B02D101235B4201E002230C
:104740005B421800BD4607B0F0BDC046581F0020B0
:10475000481F0020381F0020B0B586B002AF04000B
:10476000080011003B60FB1D221C1A70BB1D021CBF
:104770001A703B1D0A1C1A80BB1D1B78022B07D127
:104780002E4B2F4A1A600E23FB1801221A7006E0E6
:104790002A4B2C4A1A600E23FB1800221A70FB1DAC
:1047A0001B78022B12D1254B18680F23FC182023ED
:1047B000FB181D883A683B1D19880C23FB180093D1
:1047C0002B00FCF765FF0300237021E0FB1D1B7825
:1047D000002B08D1194B1A680E23FB181B78110007
:1047E0001800FCF7E7FE154B18680F23FC183D680E
:1047F0003B1D1A88BB1D19780C23FB18019320233D
:10480000FB181B8800932B00FCF708FF03002370A4
:104810000F23FB181B78002B01D1002309E00F2385
:10482000FB181B78042B02D103235B4201E0022317
:104830005B421800BD4604B0B0BDC046581F002002
:10484000481F0020381F002090B585B000AF3960A8
:104850001100BB1D021C1A803B1D0A1C1A800E4B46
:1048600018683B1D1C883A68BB1D19882300FBF79C
:104870000BFF0300FB60FB68002B01D1002307E066
:10488000FB68002B02DA3B1D1B8801E003235B421F
:104890001800BD4605B090BD581F002080B582B0FD
:1048A00000AF0200FB1D1A70FB1D1B78022B0AD102
:1048B0000B4B1A680B4B9A420DD0094B1B68180022
:1048C000FCF780FF08E0FB1D1B78032B04D10020C0
:1048D000FCF786FF00E0C046BD4602B080BDC04682
:1048E000581F0020481F002080B584B000AFF8603A
:1048F000B9607A607A68B968FB681800EBF702FC67
:10490000C046BD4604B080BD80B584B000AFF8603D
:10491000B9607A607A68B968FB68180017F06EFBB6
:10492000C046BD4604B080BD80B584B000AFF8601D
:10493000B9607A607A68B968FB68180017F050FBB4
:1049400003001800BD4604B080BD90B589B000AF2B
:10495000F860B9607A6010243B191800FDF7D4FDA7
:1049600021007B181A78FB681A707B185A78BB688C
:104970001A707B189A787B681A70C046BD4609B0D9
:1049800090BD80B584B000AFF860B9607A607A6895
:10499000B968FB681800FAF761FFC046BD4604B06D
:1049A00080BD80B582B000AF78607B68180018F0D9
:1049B00095FC03001800BD4602B080BD80B584B0F0
:1049C00000AFF860B9607A607A68B968FB6818006F
:1049D00018F01AFB03001800BD4604B080BD80B576
:1049E00084B000AFF860B9607A607A68B968FB6833
:1049F000180018F03DFC03001800BD4604B080BD4F
:104A000080B582B000AF78607B681800FBF754F97E
:104A1000C046BD4602B080BD80B582B000AF7860B0
:104A20007B681800FBF762F9C046BD4602B080BD46
:104A300080B582B000AF0200FB1D1A70FB1D1B7811
:104A40005BB21800FDF7D8FB03001800BD4602B0AA
:104A500080BD80B582B000AF0200FB1D1A70FB1D47
:104A60001B781800FDF726FC03001800BD4602B0B5
:104A700080BD80B500AFFDF74BFC03001800BD46BC
:104A800080BD80B500AFFDF749FC03001800BD46AE
:104A900080BD80B582B000AF0200FB1D1A70FB1D07
:104AA0001B781800FDF740FCC046BD4602B080BD33
:104AB00080B500AFF4F7E0FF03001800BD4680BDED
:104AC00080B500AFF5F762FF02000B00100019007F
:104AD000BD4680BD80B584B000AFF8603A607B60B1
:104AE0003A687B68F9680800F5F798FF030018003A
:104AF000BD4604B080BD80B582B000AF78607B68F1
:104B00001800F5F7A5FFC046BD4602B080BD80B5D0
:104B100082B000AF786008001100FB1C021C1A7004
:104B2000BB1C0A1C1A70BB1C1A78FB1C19787B680A
:104B30001800F5F783FD0300DBB21800BD4602B094
:104B400080BD80B500AFF5F741FE0300DBB2180071
:104B5000BD4680BD80B582B000AF78607B6818002C
:104B6000F5F78EFC02000B0010001900BD4602B0E4
:104B700080BD80B500AFF5F7A7FEC046BD4680BD3D
:104B800080B582B000AF7860074B5B687F229343AB
:104B900019007B687F221A40034B0A435A60C046C3
:104BA000BD4602B080BDC046C000002080B500AF49
:104BB000044B5A68034B80210A435A60C046BD46E5
:104BC00080BDC046C000002080B500AF044B5A68CD
:104BD000034B80218A435A60C046BD4680BDC04613
:104BE000C000002080B582B000AF7860074B1B6921
:104BF000074A134019007B681B02064A1A40034B00
:104C00000A431A61C046BD4602B080BDC000002004
:104C1000FF0000F000FFFF0F80B582B000AF020080
:104C20003960FB1D1A70FB1D1A7813009B009B183E
:104C30001B010D4A944663441B683F2293431800AE
:104C40003B683F2213401900FB1D1A7813009B009C
:104C50009B181B01044A9446634402000A431A60ED
:104C6000C046BD4602B080BDDC00002080B582B0E9
:104C700000AF0200FB1D1A70FB1D1A7813009B0089
:104C80009B181B01094A944663441968FB1D1A7856
:104C900013009B009B181B01044A94466344402266
:104CA0000A431A60C046BD4602B080BDDC00002049
:104CB00080B582B000AF0200FB1D1A70FB1D1A7890
:104CC00013009B009B181B010A4A94466344196811
:104CD000FB1D1A7813009B009B181B01054A944684
:104CE0006344402291430A001A60C046BD4602B0A8
:104CF00080BDC046DC00002080B582B000AF02005D
:104D0000FB1D1A70FB1D1A7813009B009B181B01DA
:104D1000094A944663441968FB1D1A7813009B00E6
:104D20009B181B01044A9446634480220A431A607C
:104D3000C046BD4602B080BDDC00002080B582B018
:104D400000AF0200FB1D1A70FB1D1A7813009B00B8
:104D50009B181B010A4A944663441968FB1D1A7884
:104D600013009B009B181B01054A94466344802254
:104D700091430A001A60C046BD4602B080BDC046DD
:104D8000DC00002080B582B000AF0200FB1D1A706D
:104D9000FB1D1A7813009B009B181B01074A9446C1
:104DA00063441B6880221340802B01D1012300E063
:104DB00000231800BD4602B080BDC046DC000020C4
:104DC00080B582B000AF02003960FB1D1A70FB1D78
:104DD0001A7813009B009B181B010E4A94466344EB
:104DE0001B680D4A134018003B681A02FC239B0104
:104DF0001A401100FB1D1A7813009B009B181B0121
:104E0000044A9446634402000A431A60C046BD4601
:104E100002B080BDDC000020FFC0FFFF80B582B083
:104E200000AF0200FB1D1A70FB1D1A7813009B00D7
:104E30009B181B01054A944663441B681B0A3F22CA
:104E400013401800BD4602B080BDC046DC00002003
:104E500080B582B000AF0200FB1D1A70FB1D1A78EE
:104E600013009B009B181B010A4A9446634419686F
:104E7000FB1D1A7813009B009B181B01054A9446E2
:104E80006344802212024A401A60C046BD4602B006
:104E900080BDC046DC00002080B582B000AF0200BB
:104EA000FB1D1A70FB1D1A7813009B009B181B0139
:104EB0000A4A944663441968FB1D1A7813009B0044
:104EC0009B181B01054A94466344802292030A43BF
:104ED0001A60C046BD4602B080BDC046DC0000205E
:104EE00080B582B000AF0200FB1D1A70FB1D1A785E
:104EF00013009B009B181B01094A944663441968E0
:104F0000FB1D1A7813009B009B181B01044A944652
:104F10006344044A0A401A60C046BD4602B080BDE0
:104F2000DC000020FFFFDFFF80B582B000AF020091
:104F30003960FB1D1A70FB1D1A7813009B009B182B
:104F40001B010E4A944663441B680D4A1340180027
:104F50003B681A06E023DB041A401100FB1D1A7897
:104F600013009B009B181B01044A944663440200F3
:104F70000A431A60C046BD4602B080BDDC00002076
:104F8000FFFFFFF880B582B000AF0200FB1D1A7072
:104F9000FB1D1A7813009B009B181B01054A9446C1
:104FA00063441B681B0E072213401800BD4602B065
:104FB00080BDC046DC00002080B582B000AF02009A
:104FC0003960FB1D1A70FB1D1A7813009B009B189B
:104FD0001B010E4A944663441B680D4A1340180097
:104FE0003B681A07E023DB051A401100FB1D1A7805
:104FF00013009B009B181B01044A94466344020063
:105000000A431A60C046BD4602B080BDDC000020E5
:10501000FFFFFF8F80B582B000AF0200FB1D1A704A
:10502000FB1D1A7813009B009B181B01054A944630
:1050300063441B681B0F072213401800BD4602B0D3
:1050400080BDC046DC00002080B582B000AF020009
:105050003960FB1D1A70FB1D1A7813009B009B180A
:105060001B01094A944663445B68FB1D1A781300D0
:105070009B009B181B01044A944663443A685A609B
:10508000C046BD4602B080BDDC00002080B582B0C5
:1050900000AF02003960FB1D1A70FB1D1A78130067
:1050A0009B009B181B01094A944663449B68FB1DA7
:1050B0001A7813009B009B181B01044A9446634412
:1050C0003A689A60C046BD4602B080BDDC00002050
:1050D00080B582B000AF02003960FB1D1A70FB1D65
:1050E0001A7813009B009B181B01094A94466344DD
:1050F0009B69FB1D1A7813009B009B181B01044A37
:10510000944663443A689A61C046BD4602B080BD89
:10511000DC00002080B582B000AF02003960FB1DCA
:105120001A70FB1D1A7813009B009B181B010D4A77
:1051300094466344DB69FF22934318003B68FF22D7
:1051400013401900FB1D1A7813009B009B181B01CC
:10515000044A9446634402000A43DA61C046BD46ED
:1051600002B080BDDC00002080B582B000AF02003C
:10517000FB1D1A70FB1D1A7813009B009B181B0166
:10518000044A94466344DB69FF2213401800BD467D
:1051900002B080BDDC00002080B582B000AF02000C
:1051A0003960FB1D1A70FB1D1A7813009B009B18B9
:1051B0001B010C4A94466344DB69FF22134018002C
:1051C0003B681902FB1D1A7813009B009B181B01FA
:1051D000044A9446634402000A43DA61C046BD466D
:1051E00002B080BDDC00002080B582B000AF0200BC
:1051F000FB1D1A70FB1D1A7813009B009B181B01E6
:10520000054A94466344DB691B0A1B021B0A18000B
:10521000BD4602B080BDC046DC00002080B582B033
:1052200000AF02003960FB1D1A70FB1D1A781300D5
:105230009B009B181B010C4A944663441B6A1B0C81
:1052400018043B681B04190CFB1D1A7813009B0003
:105250009B181B01044A9446634402000A431A62E5
:10526000C046BD4602B080BDDC00002080B582B0E3
:1052700000AF0200FB1D1A70FB1D1A7813009B0083
:105280009B181B01044A944663441B6A1B041B0CB5
:105290001800BD4602B080BDDC00002080B582B0A1
:1052A00000AF0200FB1D1A70FB1D1A7813009B0053
:1052B0009B181B010A4A94466344196AFB1D1A781D
:1052C00013009B009B181B01054A944663448022EF
:1052D00092050A431A62C046BD4602B080BDC04670
:1052E000DC00002080B582B000AF0200FB1D1A7008
:1052F000FB1D1A7813009B009B181B01094A94465A
:105300006344196AFB1D1A7813009B009B181B014C
:10531000044A94466344044A0A401A62C046BD46A1
:1053200002B080BDDC000020FFFFFFDF80B582B04F
:1053300000AF02003960FB1D1A70FB1D1A781300C4
:105340009B009B181B01094A944663445B6AFB1D42
:105350001A7813009B009B181B01044A944663446F
:105360003A685A62C046BD4602B080BDDC000020EB
:1053700080B582B000AF0200FB1D1A70FB1D1A78C9
:1053800013009B009B181B01034A944663445B6A0D
:105390001800BD4602B080BDDC00002080B582B0A0
:1053A00000AF02003960FB1D1A70FB1D1A78130054
:1053B0009B009B181B010C4A944663449B6A1B0E7E
:1053C00018063B681B02190AFB1D1A7813009B0084
:1053D0009B181B01044A9446634402000A439A62E4
:1053E000C046BD4602B080BDDC00002080B582B062
:1053F00000AF02003960FB1D1A70FB1D1A78130004
:105400009B009B181B010C4A944663449B6A1B0239
:10541000180A3B681906FB1D1A7813009B009B189D
:105420001B01054A9446634402000A439A62C0463F
:10543000BD4602B080BDC046DC00002080B582B011
:1054400000AF02003960FB1D1A70FB1D1A781300B3
:105450009B009B181B010D4A94466344DB6A1F2284
:10546000934318003B681F2213401900FB1D1A7854
:1054700013009B009B181B01044A944663440200DE
:105480000A43DA62C046BD4602B080BDDC0000209F
:1054900080B582B000AF0200FB1D1A70FB1D1A78A8
:1054A00013009B009B181B01044A94466344DB6A6B
:1054B0001F2213401800BD4602B080BDDC00002052
:1054C00080B582B000AF02003960FB1D1A70FB1D71
:1054D0001A7813009B009B181B010E4A94466344E4
:1054E000DB6A0D4A134018003B681A02FC239B013B
:1054F0001A401100FB1D1A7813009B009B181B011A
:10550000044A9446634402000A43DA62C046BD4638
:1055100002B080BDDC000020FFC0FFFF80B582B07C
:1055200000AF0200FB1D1A70FB1D1A7813009B00D0
:105530009B181B01054A94466344DB6A1B0A3F2201
:1055400013401800BD4602B080BDC046DC000020FC
:1055500080B582B000AF02003960FB1D1A70FB1DE0
:105560001A7813009B009B181B010C4A9446634455
:10557000DB6A1B04180C3B681904FB1D1A78130026
:105580009B009B181B01054A9446634402000A4392
:10559000DA62C046BD4602B080BDC046DC000020D5
:1055A00080B582B000AF0200FB1D1A70FB1D1A7897
:1055B00013009B009B181B01054A94466344DB6A59
:1055C0001B0C1B041B0C1800BD4602B080BDC0465E
:1055D000DC00002080B582B000AF02003960FB1D06
:1055E0001A70FB1D1A7813009B009B181B010C4AB4
:1055F000944663441B6B9B0D98053B689B02990A7C
:10560000FB1D1A7813009B009B181B01044A94464B
:10561000634402000A431A63C046BD4602B080BD1F
:10562000DC00002080B582B000AF0200FB1D1A70C4
:10563000FB1D1A7813009B009B181B01044A94461B
:1056400063441B6B9B029B0A1800BD4602B080BDE1
:10565000DC00002080B582B000AF786039607B68E4
:105660001B687B683A681A60C046BD4602B080BDC0
:1056700080B582B000AF786039607B685B680122DA
:1056800093431A003B6801210B401A437B685A6020
:10569000C046BD4602B080BD80B582B000AF786024
:1056A00039607B685B68042293431A003B689B0067
:1056B00004210B401A437B685A60C046BD4602B0C5
:1056C00080BD80B582B000AF786039607B685B6870
:1056D000102293431A003B681B0110210B401A4310
:1056E0007B685A60C046BD4602B080BD80B582B0BE
:1056F00000AF786039607B685B68202293431A00B2
:105700003B685B0120210B401A437B685A60C0460E
:10571000BD4602B080BD80B582B000AF78607B68C6
:105720005B6840221A437B685A60C046BD4602B09F
:1057300080BD80B582B000AF78607B685B688022F6
:105740001A437B685A60C046BD4602B080BD80B532
:1057500082B000AF78607B685B68802293431A0058
:105760007B685A60C046BD4602B080BD80B582B03D
:1057700000AF786039607B685B68074A1A403B6815
:10578000190280235B000B401A437B685A60C046B5
:10579000BD4602B080BDC046FFFEFFFF80B582B0AF
:1057A00000AF786039607B685B68074A1A403B68E5
:1057B000590280239B000B401A437B685A60C04605
:1057C000BD4602B080BDC046FFFDFFFF80B582B080
:1057D00000AF786039607B685B68074A1A403B68B5
:1057E00099028023DB000B401A437B685A60C04655
:1057F000BD4602B080BDC046FFFBFFFF80B582B052
:1058000000AF786039607B689B687B683A689A6013
:10581000C046BD4602B080BD80B582B000AF7860A2
:105820007B689B681800BD4602B080BD80B582B021
:1058300000AF786039607B68DB681B0D1A053B6838
:105840001B031B0B1A437B68DA60C046BD4602B0DF
:1058500080BD80B582B000AF78607B68DB68802255
:1058600052031A437B68DA60C046BD4602B080BD71
:1058700080B582B000AF786039607B68DB68074A2A
:105880001A403B6899058023DB030B401A437B6871
:10589000DA60C046BD4602B080BDC046FFFFBFFF14
:1058A00080B582B000AF786039607B68DB68074AFA
:1058B0001A403B68D90580231B040B401A437B68C0
:1058C000DA60C046BD4602B080BDC046FFFF7FFF24
:1058D00080B582B000AF786039607B68DB68074ACA
:1058E0001A403B68190680235B040B401A437B680F
:1058F000DA60C046BD4602B080BDC046FFFFFFFE75
:1059000080B582B000AF78607B68DB68802292044B
:105910001A437B68DA60C046BD4602B080BD80B5E0
:1059200082B000AF78607B68DB688022D2041A43C3
:105930007B68DA60C046BD4602B080BD80B582B0EB
:1059400000AF78607B68DB688022D2051A437B68F1
:10595000DA60C046BD4602B080BD80B582B000AFFF
:1059600078607B68DB68802212061A437B68DA6005
:10597000C046BD4602B080BD80B582B000AF786041
:10598000C023DB055B684F22134019007B684F2260
:1059900093431A00C023DB050A435A60C046BD4644
:1059A00002B080BD80B582B000AF7860C023DB0557
:1059B0009B690822934319007B68DB0008221A4088
:1059C000C023DB050A439A61C046BD4602B080BDD4
:1059D00080B588B000AF786008001100FB1C021C85
:1059E0001A70BB1C0A1C1A707B687B61FB1C1B783D
:1059F000012B05D10623BB60BB680233FB6115E0B8
:105A0000FB1C1B78002B05D10423FB60FB680233D1
:105A1000FB610BE0FB1C1B78022B05D102233B61D1
:105A20003B690433FB6101E00023FB61FB1C1B7835
:105A3000012B03D0FB1C1B78022B09D1BB1C1B784C
:105A4000012B02D1B523BB6113E04323BB6110E0FE
:105A5000FB1C1B78002B03D0FB1C1B78032B08D1ED
:105A6000BB1C1B78012B02D1B323BB6101E0412396
:105A7000BB61BA69FB69D3187A69D31A7B617B6908
:105A80001800BD4608B080BD80B582B000AF786018
:105A90007B681800FFF770FFC046BD4602B080BDAE
:105AA00080B500AF0120FFF77DFFC046BD4680BD39
:105AB00080B500AFFFF788F8C046BD4680BD80B511
:105AC00000AFFFF773F8C046BD4680BD80B582B019
:105AD00000AF0200FB1D1A70FB1D1B781800FFF7BA
:105AE0004FF8C046BD4602B080BD000080B582B010
:105AF00000AF78607B68034A13401800BD4602B0CF
:105B000080BDC04630DFCB0080B582B000AF78608A
:105B10007A688023DB0313401800BD4602B080BDC5
:105B200080B582B000AF786000231800BD4602B097
:105B300080BD80B582B000AF78607A688023DB05D5
:105B400013401800BD4602B080BD80B582B000AFE2
:105B500078607A6880239B0413401800BD4602B029
:105B600080BD80B582B000AF78607A6880239B01E9
:105B700013401800BD4602B080BD80B582B000AFB2
:105B800078607A688023DB0213401800BD4602B0BB
:105B900080BD80B582B000AF78607A6880235B02F8
:105BA00013401800BD4602B080BD80B582B000AF82
:105BB00078607A6880239B0313401800BD4602B0CA
:105BC00080BD80B582B000AF78607A6880239B008A
:105BD00013401800BD4602B080BD80B582B000AF52
:105BE00078607A6880231B0113401800BD4602B01C
:105BF00080BD80B582B000AF78607B68DB0FDB07CB
:105C00001800BD4602B080BD80B582B000AF78609C
:105C10007A688023DB0413401800BD4602B080BDC3
:105C200080B582B000AF78607B68402213401800D6
:105C3000BD4602B080BD80B582B000AF78607A68A2
:105C400080235B0413401800BD4602B080BD80B5C0
:105C500082B000AF7860C046BD4602B080BD80B55E
:105C600082B000AF78607B681800FFF770FDC04617
:105C7000BD4602B080BD80B582B000AF78607B6861
:105C800000211800FFF7F4FCC046BD4602B080BDFD
:105C900080B582B000AF78607B681800FFF7BCFD6C
:105CA00003001800BD4602B080BD80B582B000AFD1
:105CB00078607B6814220021180016F09FF9C04616
:105CC000BD4602B080BD80B582B000AF78607B6811
:105CD00001211800FFF70AFDC046BD4602B080BD95
:105CE00080B582B000AF78607B6801211800FFF7B3
:105CF000E8FCC046BD4602B080BD80B582B000AFB2
:105D00007860C046BD4602B080BD80B582B000AFAD
:105D1000786039603A687B6811001800FFF76EFD03
:105D2000C046BD4602B080BD80B582B000AF78608D
:105D30007B681800FFF7FDFCC046BD4602B080BD81
:105D400080B582B000AF78607B681800FFF7F6FD81
:105D5000C046BD4602B080BD80B582B000AF78605D
:105D60007B681800FFF7CCFDC046BD4602B080BD81
:105D700080B582B000AF78607B681800FFF7EDFD5A
:105D8000C046BD4602B080BD80B582B000AF78602D
:105D90007B681800FFF7C3FDC046BD4602B080BD5A
:105DA00080B582B000AF78607B6801211800FFF7F2
:105DB0008FFDC046BD4602B080BD80B582B000AF49
:105DC00078607B6801211800FFF766FCC046BD467D
:105DD00002B080BD80B582B000AF786039603A68AB
:105DE0007B6811001800FFF735FCC046BD4602B0C5
:105DF00080BD80B582B000AF78607B68002118005C
:105E0000FFF7B4FCC046BD4602B080BD80B582B08D
:105E100000AF78600A00FB1C1A70C046BD4602B095
:105E200080BD80B582B000AF78607B68012118002A
:105E3000FFF79CFCC046BD4602B080BD80B582B075
:105E400000AF78607B681800FFF765FCC046BD4670
:105E500002B080BD80B582B000AF78607B68012160
:105E60001800FFF705FCC046BD4602B080BD80B5F6
:105E700082B000AF78607B6801211800FFF78EFCCC
:105E8000C046BD4602B080BD80B582B000AF78602C
:105E900039603A687B6811001800FFF7C7FCC046FC
:105EA000BD4602B080BD80B582B000AF78607B682F
:105EB0001800FFF7CEFCC046BD4602B080BD80B5DD
:105EC00082B000AF78607B6801211800FFF7E8FC22
:105ED000C046BD4602B080BD80B582B000AF7860DC
:105EE0007B6801211800FFF7C3FCC046BD4602B025
:105EF00080BD80B582B000AF78607B68012118005A
:105F0000FFF764FC7B6801211800FFF747FCC046DF
:105F1000BD4602B080BD80B582B000AF7860396008
:105F20003B681B031B0B1800FEF75CFEC046BD461A
:105F300002B080BD80B582B000AF0200FB1D1A70B8
:105F4000C046BD4602B080BD80B582B000AF020041
:105F50003960FB1D1A703B68002B05D0FB1D1B78B8
:105F60001800FEF783FE04E0FB1D1B781800FEF707
:105F70009FFEC046BD4602B080BD80B582B000AF76
:105F80000200FB1D1A70FB1D1B781800FEF7A8FF0E
:105F9000FB1D1B781800FFF7A5F9C046BD4602B0EF
:105FA00080BD80B582B000AF0200FB1D1A70FB1DE2
:105FB0001B781800FEF770FFFB1D1B781800FFF719
:105FC0006DF9C046BD4602B080BD80B582B000AF5D
:105FD0000200FB1D1A70FB1D1B781800FFF7C8F9A3
:105FE00003001800BD4602B080BD80B582B000AF8E
:105FF00002003960FB1D1A70FB1D1B781800FFF7AB
:10600000CFFA0300DAB23B681A70FB1D1B78180048
:10601000FFF7C6FA03001A0A3B680133D2B21A70BE
:10602000FB1D1B781800FFF7FDFA02003B680233E6
:10603000D2B21A70FB1D1B781800FFF7F3FA0300A9
:106040001A0A3B680333D2B21A70FB1D1B78180082
:10605000FFF7E8FA03001A0C3B680433D2B21A7057
:10606000C046BD4602B080BD80B582B000AF020020
:10607000FB1D1A70FB1D1A7813009B009B181B0157
:10608000034A9446634438331800BD4602B080BDCD
:10609000DC00002080B582B000AF0200FB1D1A704A
:1060A000FB1D1A7813009B009B181B01034A9446A2
:1060B000634440331800BD4602B080BDDC000020C0
:1060C00080B582B000AF0200FB1D1A70FB1D1B786B
:1060D0001800FFF723FA0300DBB21800BD4602B038
:1060E00080BD80B582B000AF0200FB1D1A70FB1DA1
:1060F0001B781800FEF746FE0300DBB21800BD4611
:1061000002B080BD80B582B000AF0200FB1D1A70E6
:10611000FB1D1B781800FEF781FE0300DBB21800A0
:10612000BD4602B080BD90B583B000AF02003960BB
:10613000FB1D1A70FB1D1B781800FFF755F80200B5
:106140003B681A603B681C68FB1D1B781800FFF752
:106150008DF803001B0622001A433B681A60FB1DE2
:106160001B781800FFF782F802003B680433120A1C
:106170001A60C046BD4603B090BD80B582B000AF86
:106180000200FB1D1A70FB1D1B781800FEF742FF72
:106190000300DBB21800BD4602B080BD80B582B0FE
:1061A00000AF0200FB1D1A70FB1D1B781800FEF7E4
:1061B000E9FE0300DBB21800BD4602B080BD80B529
:1061C00084B000AF0200FB1D1A70FB1D1B78180085
:1061D000FFF75EF902000F217B181A707B181B78FD
:1061E0001800BD4604B080BD80B582B000AF02008B
:1061F000FB1D1A70FB1D1A7813009B009B181B01D6
:10620000084A9446634450220021180015F0F6FE17
:10621000FB1D1B7801211800FFF796FEC046BD4606
:1062200002B080BDDC00002080B582B000AF02006B
:106230003960FB1D1A703A68FB1D1B7811001800AD
:10624000FFF774F8C046BD4602B080BD80B584B08B
:1062500000AF02003960FB1D1A703B681B781A0002
:106260003B6801331B781B021343FB60FA68FB1D7C
:106270001B7811001800FFF76BF93B6802331B789D
:106280001A003B6803331B781B021A433B68043334
:106290001B781B041343FB60FA68FB1D1B7811007D
:1062A0001800FFF797F9C046BD4604B080BD80B521
:1062B00082B000AF02003960FB1D1A703A68FB1D06
:1062C0001B7811001800FFF769F8C046BD4602B000
:1062D00080BD80B582B000AF0200FB1D1A70BB1DEF
:1062E0000A1C1A70BB1D1A78FB1D1B7811001800C0
:1062F000FFF77CF8C046BD4602B080BD80B582B0D5
:1063000000AF0200FB1D1A70BB1D0A1C1A70BB1DDA
:106310001A78FB1D1B7811001800FFF7D1F8C04652
:10632000BD4602B080BD80B582B000AF0200FB1D4B
:106330001A70BB1D0A1C1A70BB1D1A78FB1D1B7836
:1063400011001800FEF73CFDC046BD4602B080BDFE
:1063500080B584B000AF02003960FB1D1A703B6845
:106360001A68FB1D1B7811001800FEF715FF3B682B
:1063700004331B681A023B681B681B0E1343FB6047
:10638000FA68FB1D1B7811001800FEF747FFC04696
:10639000BD4604B080BD80B584B000AF0200FB1DD7
:1063A0001A70FB1D1B781800FEF760FF02008023A7
:1063B0001B021343FB60FA68FB1D1B7811001800D9
:1063C000FEF72CFFC046BD4604B080BD80B582B04C
:1063D00000AF0200FB1D1A70FB1D1B781800FEF7B2
:1063E000ADFCC046BD4602B080BD80B582B000AFF6
:1063F00002003960FB1D1A703A68FB1D1B78110002
:106400001800FEF743FEC046BD4602B080BD80B511
:1064100082B000AF0200FB1D1A70BB1D0A1C1A706F
:10642000BB1D1A78FB1D1B7811001800FEF7C4FD78
:10643000C046BD4602B080BD80B582B000AF02004C
:106440003960FB1D1A703B681A68FB1D1B78110030
:106450001800FEF73DFE3B6804331A68FB1D1B78ED
:1064600011001800FEF756FEC046BD4602B080BDC2
:1064700080B584B000AF0200FB1D1A70FB1D1B78B5
:106480001800FEF771FE030080221343FB60FA68D8
:10649000FB1D1B7811001800FEF73CFEC046BD46F0
:1064A00004B080BD80B582B000AF0200FB1D1A7041
:1064B000FB1D1B781800FEF71FFCC046BD4602B04E
:1064C00080BD80B582B000AF02003960FB1D1A703C
:1064D0003A68FB1D1B7811001800FEF7B5FDC04699
:1064E000BD4602B080BD80B582B000AF0200FB1D8A
:1064F0001A70BB1D0A1C1A70BB1D1A78FB1D1B7875
:1065000011001800FEF710FDC046BD4602B080BD68
:1065100080B582B000AF0200FB1D1A70BB1D0A1CC3
:106520001A70BB1D1A78FB1D1B7811001800FEF7AE
:1065300085FFC046BD4602B080BD80B582B000AFC9
:106540000200FB1D1A70BB1D0A1C1A70BB1D1A78B5
:10655000FB1D1B7811001800FEF75EFBC046BD4610
:1065600002B080BD80B582B000AF0200FB1D1A7082
:10657000FB1D1B781800FEF76BFCC046BD4602B041
:1065800080BD80B582B000AF0200FB1D1A70FB1DFC
:106590001B78042B01D19D2300E012231800BD4677
:1065A00002B080BD80B582B000AF0200FB1D1A7042
:1065B000C046BD4602B080BD80B582B000AF0200CB
:1065C000FB1D1A70C046BD4602B080BD80B500AF4D
:1065D000C046BD4680BD000080B582B000AF786087
:1065E000054B1A6D7B68D943034B0A401A65C046B8
:1065F000BD4602B080BDC0460000404880B582B0B4
:1066000000AF7860054B9A6D7B68D943034B0A4015
:106610009A65C046BD4602B080BDC04600004048F5
:1066200080B582B000AF7860064B1800F0F780FBB1
:10663000F0F730FB044B7A681A6000231800BD465F
:1066400002B080BD78180020601F002090B583B094
:1066500000AF00F099F8FC1D1E4B1800F5F77AFF0B
:1066600003002370FB1D1B78002B05D01A4B002262
:106670001A6004235B4228E0164BDB6F002B0ED020
:10668000144BDB6FFC1D1800F0F7EEFD03002370C8
:10669000FB1D1B78002B02D004235B4215E00D4B41
:1066A00080229B58002B0FD00A4B80229B58FC1D48
:1066B0001800F0F7D9FD03002370FB1D1B78002B99
:1066C00002D004235B4200E000231800BD4603B063
:1066D00090BDC04678180020601F002080B582B0B1
:1066E00000AF78600849094B01221800F6F71AF844
:1066F0007B68002B02D0064B7A681A6000231800D2
:10670000BD4602B080BDC0465C1F00207818002046
:10671000641F002090B585B000AF78600A00BB1CF4
:106720001A800F23FB1800221A70164BDB6F002B08
:106730000BD00E23FC18BB1C1A887968114B18006B
:10674000F6F74EF8030023700AE00E23FC18BB1C7A
:106750001A8879680B4B1800F5F73CFF030023708B
:106760000E23FB181B78002B03D00F23FB18FE22EF
:106770001A700F23FB181B785BB21800BD4605B0DA
:1067800090BDC0467818002080B500AF8023DB00A4
:106790001800FFF733FF0820F0F749FD0120FFF74D
:1067A0001BFF1120F0F743FDC046BD4680BD000031
:1067B00080B582B000AF7860054B1B68002B03D01A
:1067C000034B1B6800209847C046BD4602B080BD01
:1067D000601F002080B582B000AF7860074B1B6857
:1067E00007480022012198470549064B012218005D
:1067F000F5F798FFC046BD4602B080BD641F00207B
:106800005C1F00207818002080B500AF044B0022E8
:106810001A60044B00221A60C046BD4680BDC046C7
:10682000681F00206C1F002080B586B000AF786024
:106830000A00FB1C1A70EFF310833B613B697B611C
:1068400072B6C046FB1C1B78002B08D0012B0ED162
:106850000C4B1A687B681A430A4B1A6008E07B6885
:10686000DA43084B1B681A40064B1A6000E0C0462A
:106870007B69FB60FB6883F31088C046C046BD4659
:1068800006B080BD681F002080B586B000AF78607C
:106890000A00FB1C1A70EFF310833B613B697B61BC
:1068A00072B6C046FB1C1B78002B08D0012B0ED102
:1068B0000C4B1A687B681A430A4B1A6008E07B6825
:1068C000DA43084B1B681A40064B1A6000E0C046CA
:1068D0007B69FB60FB6883F31088C046C046BD46F9
:1068E00006B080BD6C1F002080B584B000AFEFF310
:1068F0001083BB60BB68FB6072B6C046124B1B685E
:10690000002B06D0114B1B689847104B5B689847CB
:1069100010E00F4B1B68002B06D00C4B9B68984770
:106920000A4BDB68984705E0084B1B699847074B03
:106930005B699847FB687B607B6883F31088C0467F
:10694000C046BD4604B080BD681F002068E5061043
:106950006C1F002080B584B000AF78600800110083
:10696000FB1C021C1A703B000A1C1A807B68FB602F
:1069700005E0FB685A1CFA60FA1C12781A703B009A
:106980001B883A00591E1180002BF2D1C046C04628
:10699000BD4604B080BD000080B590B000AF786007
:1069A000754B1B68BB62744B1B687A681A40724B4C
:1069B0001A60724B1B68BB63714B1B687B63714B26
:1069C0001B683B63704B1B68FB6290E00023FB631A
:1069D00002E0FB6B0133FB636C4BFA6BD200D358C4
:1069E0003A6B1A40644B1B681340F2D0674BFA6B4A
:1069F000D200D3583A6B1A405F4B1B6813407B623E
:106A0000624AFB6BDB00D31804331B687A6A1340BD
:106A100007D15E4AFB6BDB00D318043301225242DC
:106A20001A605A4AFB6BDB00D31804331B687A6A7E
:106A30001340180000F07CF903001A00544B1A6050
:106A4000524AFB6BDB00D31804331A68504B1B68A7
:106A5000012199400B00DB431A404C49FB6BDB00E2
:106A6000CB1804331A60EFF31083BB61BB693B6240
:106A700072B6C046464B1B6801229A401300DA43A7
:106A80003E4B1B681A403D4B1A600223FB6313E028
:106A9000FB6B5A1E3D4BD200D1583D4B1B68012267
:106AA0009A401300DB43FA6B013A1940374BD2008E
:106AB000D150FB6B013BFB63FB6B002BE8D13B6AC6
:106AC0007B617B6983F31088C046314B1A68314B78
:106AD0009200D3589847294B1B68BB63284B1B680F
:106AE0007B63284B1B683B63274B1B68FB62BB6BBC
:106AF0003A6B1A40204B1B68134004D07B6BFA6A38
:106B0000134000D162E7224B012252421A601E4B11
:106B10001B687A6B134027D1ECF728FDEFF3108345
:106B20003B613B69FB6172B6C046144B1B68BB639B
:106B3000134B1B687B63134B1B683B63BB6B3A6B4C
:106B40001A400D4B1B68134006D10F4B1B687A6B24
:106B5000134001D1ECF70FFDFB69FB60FB6883F389
:106B60001088C04600F0DEF8034BBA6A1A60C046CF
:106B7000BD4610B080BDC04620350020701F0020EB
:106B8000741F00201C350020781F002000200020EA
:106B90007C1F0020801F002080B588B000AFF86007
:106BA000B9607A60EFF310837B617B69FB6172B639
:106BB000C046FB68180000F0BBF803001A00074B42
:106BC00092007968D150FB69BB61BB6983F310887F
:106BD000C046C046BD4608B080BDC046801F0020EC
:106BE00080B586B000AF78603960EFF31083FB604A
:106BF000FB687B6172B6C0460D4B1A687B681A430E
:106C00000B4B1A600B4B3A68D200D2587B681A4380
:106C10001100084B3A68D200D1507B693B613B6957
:106C200083F31088C046C046BD4606B080BDC0464E
:106C3000701F00200020002080B586B000AF786073
:106C4000EFF31083FB60FB687B6172B6C046084BB4
:106C50001A687B681A43064B1A607B693B613B6983
:106C600083F31088C046C046BD4606B080BDC0460E
:106C7000741F002080B588B000AF78601F4B1B6880
:106C8000BB611E4B1B68013302D10023FB6105E091
:106C90001A4B1B6801229A401300FB61184B1B68BA
:106CA0007B61174B7A681A6005E07A68FB6911000E
:106CB000180000F029F8134B1B687A681340F4D0D1
:106CC0000E4BBA691A60EFF31083BB60BB683B617F
:106CD00072B6C0467B68DA430A4B1B681A40094B00
:106CE0001A603B69FB60FB6883F31088C046044B65
:106CF0007A691A60C046BD4608B080BD7C1F00207E
:106D0000781F0020741F002080B582B000AF78602B
:106D100039607B68DB431800FFF73EFEC046BD4686
:106D200002B080BD80B500AFC046BD4680BD00004A
:106D300080B584B000AF78600F217B1800221A70F4
:106D40007B68BB60BA6880235B029A4205D27B18DD
:106D500010221A70BB681B04BB60BA6880235B04F6
:106D60009A4208D20F22BB18BA18127808321A7049
:106D7000BB681B02BB60BA6880235B059A4208D2DD
:106D80000F22BB18BA18127804321A70BB681B01A4
:106D9000BB60BB681B0F084AD15C0F203B183A1838
:106DA00012788A181A703B181B781F22D31ADBB28C
:106DB0001800BD4604B080BD18E7061080B500AFCE
:106DC0000A4B182200211800FFF7C4FD80235A0146
:106DD000074B00211800FFF7BDFD064B1B68064A54
:106DE0001000984703001800BD4680BD1020002009
:106DF0002820002008E706109570051008B490B50B
:106E00008CB000AFF860B9607A601623FB180022DE
:106E10001A802C23FB1800221A80414B1B7A1A007F
:106E2000FB68934202D905235B4272E03C4BDB686E
:106E3000BA681340BA689A4202D006235B4268E0FF
:106E4000374B5B68002B0AD07B68002B07D0344B94
:106E50005B681622B9181822BA1810009847402308
:106E6000FB18BB62BB6AFA6B802149002D4815F004
:106E70000BF802002C243B191A8000F033FA162379
:106E8000FB181A883B191B88D3189BB21422BA1816
:106E90001100180000F08CF90300013335D02E23C7
:106EA000FB1800221A8016E02E203B181B881424A1
:106EB0003A19128811001822BA18D25C1A4B5A5487
:106EC0003B191B8801339AB23B191A803B181A8868
:106ED0003B1801321A801623FB181B882E22BA1881
:106EE00012889A42E0D31423FB181B881A000E4B19
:106EF000D018BB6AFA6B8021490014F0C5FF00F07E
:106F00000DFA00F03DF8030003E000F007FA032358
:106F10005B421800BD460CB090BC08BC01B01847DD
:106F200010200020283000202820002080B582B0CA
:106F300000AF0200FB1D1A70034BFA1D12781A7283
:106F4000C046BD4602B080BD1020002080B582B092
:106F500000AF7860044BDA687B681A43024BDA6052
:106F6000C046BD4602B080BD1020002080B500AFF5
:106F7000C046BD4680BD80B500AFC046BD4680BDA1
:106F800090B589B000AF1F23FB1800221A700023B0
:106F9000BB61EFF310833B613B697B6172B6C04616
:106FA00000F0D8F9031E60D100F09CF9364B1A8A24
:106FB000354B5B8A9A4250D0334B9B78012B17D1CB
:106FC000314B1A88304B1B8AD31A9AB22E4B9A82B5
:106FD0002D4B02229A702C4B00221A802A4B9B8A3E
:106FE000002B05D1284B00229A70274B00221A82D1
:106FF000254B9B78002B16D1234B5A8A224B1B8A98
:107000009A4208D9204B5A8A1F4B1B8AD31A9AB22C
:107010001D4B9A8207E01C4B1B8A80225201D31A17
:107020009AB2194B9A82184B1B8A1A00174BD31825
:10703000BB617B69FB60FB6883F31088C046FFF788
:1070400095FF134BDB68104A918A1F22BC18BA695E
:1070500010009847030023700DE000F05FF97B6992
:10706000BB60BB6883F3108805E07B697B607B684D
:1070700083F31088C0461F23FB181B785BB21800EF
:10708000BD4609B090BDC046102000202820002039
:1070900008E7061080B588B000AF78600023FB6178
:1070A000EFF310837B617B69BB6172B6C0463D4BD9
:1070B0009B78022B06D13B4B00229A70394B002261
:1070C0001A820AE0374B1A8A364B9B8AD3189BB236
:1070D0001B051B0D9AB2334B1A82324B1A8A314B65
:1070E0005B8A9A424ED02F4BDB8A012B4AD12D4B23
:1070F0009B78012B17D12B4B1A882A4B1B8AD31A4A
:107100009AB2284B9A82274B02229A70254B002272
:107110001A80244B9B8A002B05D1224B00229A70A7
:10712000204B00221A821F4B9B78002B16D11D4B3F
:107130005A8A1C4B1B8A9A4208D91A4B5A8A194BF5
:107140001B8AD31A9AB2174B9A8207E0154B1B8AF7
:1071500080225201D31A9AB2124B9A82114B1B8A87
:107160001A00114BD318FB61BB693B613B6983F388
:107170001088C0460D4BDB680A4A918AFA691000F4
:1071800098470AE0BB69FB60FB6883F31088C04640
:10719000FFF7F1FE00F0C2F8C046C046BD4608B099
:1071A00080BDC046102000202820002008E70610DF
:1071B00080B586B000AF02003960BB1D1A80142371
:1071C000FB18012252421A80EFF31083FB60FB6828
:1071D0003B6172B6C046424B5A8A414B1B8A9A4267
:1071E00023D13F4B5A8A16203B18802149018A1A25
:1071F0001A80BA1D01007B1812881B889A4246D358
:10720000374B1B8ABA1D12889A4240D2344B012256
:107210009A70334B5A8A324B1A807B18304A128A42
:107220001A802F4B00225A8231E02D4B5A8A2C4B68
:107230001B8A9A4223D92A4B5A8A16203B1880214E
:1072400049018A1A1A80BA1D01007B1812881B880E
:107250009A421CD3224B1B8ABA1D12889A4216D21C
:107260001F4B01229A701E4B5A8A1D4B1A807B18A5
:107270001B4A128A1A801A4B00225A8207E0184BC6
:10728000198A174B5A8A1623FB188A1A1A80162352
:10729000FA18BB1D12881B889A4212D9104B5A8AC1
:1072A0003B681A800E4B5A8ABB1D1B88D3189BB2B1
:1072B0001B051B0D9AB20A4B5A821423FB1800229D
:1072C0001A803B69BB60BB6883F31088C0461423F7
:1072D000FB1800229B5E1800BD4606B080BDC0466C
:1072E0001020002080B584B000AFEFF310837B60E6
:1072F0007B68FB6072B6C046074BDB8A01339AB2EB
:10730000054BDA82FB68BB60BB6883F31088C0461C
:10731000C046BD4604B080BD1020002080B584B0BA
:1073200000AFEFF310837B607B68FB6072B6C046F2
:10733000074BDB8A013B9AB2054BDA82FB68BB60E4
:10734000BB6883F31088C046C046BD4604B080BD0C
:107350001020002080B500AF034BDB8A5A1E9341FA
:10736000DBB21800BD4680BD1020002080B5022889
:1073700001D9122080BD01F06BFC80BD80B501F009
:107380003FFE80BD7CB51C4615460E4601A908701F
:10739000084631461A4600F00BF8002800D07CBDA4
:1073A00001A8007831462A46234601F05BFE7CBDE9
:1073B000B0B504460078002801D0042801D312207B
:1073C00000E000201225002A2A4600D002460129AA
:1073D00000D81546002D07D108F0C0FA002803D1C7
:1073E0002078FD21014021702846B0BDE0B501A9FB
:1073F0000870012208461146FFF7DAFF002800D086
:107400008CBD01A8007801F011FE8CBDF0B593B0E1
:107410001F4615460E4612901C9C084611462246F1
:1074200001F016FF002824D122980D901FAB0DCB40
:1074300011901E980F901D980E901B980C901A9901
:1074400019981097189F089209930D9A0A9200971D
:10745000019002910C98039004940E9805900F9857
:10746000069011980790129831462A46109BF7F71C
:10747000BDFB13B0F0BD80B5F7F704FC80BD80B54F
:10748000F7F71FFC80BD80B5042801D9122080BD0C
:107490000EF0ECFF80BD0000F0B589B0054608464F
:1074A00028431224012836D80E9F072F33D3102FDC
:1074B00031D80F9810282ED8B8422CD30E461099E8
:1074C000022928D801910290039304920FF047FA01
:1074D000012806D1049902291DD8039A012A07D947
:1074E00019E0039A10460499084301D0112412E0D0
:1074F00005AC019820730948E080029860712771FB
:10750000E270A1706670257001F05AFD607320462C
:107510000EF0E2FF0446204609B0F0BD0707000068
:1075200080B5044A914201D9122080BD0EF0FEFFC1
:1075300080BDC0463F420F0080B504F099FB80BD7E
:1075400080B504F05BFE80BD80B504F041FC80BDD9
:1075500080B504F05DFE80BDBFB51C4602AB089D42
:107560005D801A80099A039200930123224604F059
:10757000B5FD04B0B0BD1CB5059C0194049C0094FD
:1075800004F034FE00201CBD00207047F0B587B029
:1075900014460D46064669480068002E01D1062DA6
:1075A00017D0062E01D1022D13D0082E01D1102D97
:1075B0000FD0182E01D1102D0BD0282E01D1022D65
:1075C00007D02A2E01D1022D03D02C2E09D1012D56
:1075D00007D1801921462A46FDF786F9002007B019
:1075E000F0BD2E2E07D1062D05D161798909032919
:1075F000EFD21220F3E7D02E05D1012D03D1207850
:10760000F7F7D8FCEBE7D22E05D1012D03D1217875
:1076100036228154E2E7D52E0AD1042D08D102A8E2
:1076200004222146FDF760F90298F7F7B6FCD6E789
:1076300005F075F8082D23D1D12E21D101281FD1B5
:1076400002A8019002263F4D21463246A847A11CC0
:1076500006AF38463246A847211D05AD28463246BA
:10766000384B9847A11D04AC20463246354B98470D
:1076700023882A883988019800880CF0A1FEAEE79B
:10768000302E05D1012D03D12078F7F7DDFCA6E7D8
:10769000D32E05D1012D03D120780CF063FD9EE798
:1076A000FF2E0AD1042D08D102A804222146FDF79D
:1076B0001BF90298FFF768FF0CE0FE2E0DD1052D97
:1076C0000BD102AD052228462146FDF70DF92846CB
:1076D00000F0AAFB002881D18BE72F2E05D1012DC8
:1076E00003D1207808F078F979E7322E12D1022DF3
:1076F00010D102AD022228462146FDF7F5F8288870
:10770000411EC908E02900D973E70D4909685A22CA
:10771000885263E71220332E00D060E7012D00D09D
:107720005DE702AD012228462146FDF7DDF8287805
:1077300001F086FD287808F018F94FE72C31002079
:1077400034310020E948051080B5FFF71FFF80BDE8
:1077500080B500F001F880BDF8B50E46054612244C
:10776000FDF787F9B04217D3012D15D80B480068F3
:10777000817A00918572477A46722846FDF789F929
:107780000024B74202D10098A84205D0FF207F22F2
:1077900001210B4609F0B2FC2046F8BD80310020E3
:1077A00080B504480068603000210422FDF7ACF881
:1077B00080BDC0468031002070B503460A48046889
:1077C000EFF3108072B6207D00252575257C0F26ED
:1077D0002E401E70237C1B090B70E1681160411E56
:1077E000884162B670BDC046803100200348006801
:1077F00000210175418201747047C046803100202C
:1078000010B586B01548046802A801A96A46FFF7BA
:10781000D3FF00281FD002A80178608AC840C007A3
:1078200019D0019A009B03A8082484701C0EC4720E
:107830001C0C84721C0A44720372C2718171FF2194
:107840004170822101700021417104220271C170D6
:107850000C21F7F75FF906B010BDC046803100205B
:10786000BFB501AC089D2581E380A28061802080A6
:10787000204604F06FFF04B0B0BD0000034800686C
:107880008821034A425000207047C04680310020C2
:1078900000000303054800688821415C8830807837
:1078A000814201D8002070470120704780310020BC
:1078B000054800688921415C89308078814201D87F
:1078C00000207047012070478031002010B5044629
:1078D0000A480068006990210122134600F0ACFAC2
:1078E000002804D001464460902000F042FB044888
:1078F00000688821425C521C425410BD3031002087
:107900008031002010B50446007AF7210140217231
:107910000A480068006990210022012300F08CFAD7
:10792000002804D001464460902000F022FB044867
:1079300000688921425C521C425410BD3031002045
:107940008031002010B50024C46106F00DFE8428AB
:1079500000D08124204610BDB0B5096883240022E0
:10796000002912D0CD690024CC61087AC00603D466
:10797000002005F0EBF902E0084604F087FC012244
:1079800000282946ECD083240CE0D0070AD0EFF37E
:10799000108072B6044800688921425C521E42542D
:1079A00062B60024E0B2B0BD8031002010B50C6892
:1079B000207BC00708D000210122204600F0F6F805
:1079C000207BFE21014021730E4800682C21405C81
:1079D000C00703D1204605F02BF902E0204604F051
:1079E00021FC002801D0832010BDEFF3108072B677
:1079F000054800688821425C521E425462B600204D
:107A000010BDC0462C3100208031002070B50B4CD9
:107A100001250422204629460DF06CFB084E3060FB
:107A20000622204629460DF065FB31680860306863
:107A30000168002088804880087070BD9031002067
:107A400028310020B0B50D460446411E8841511E24
:107A50001F220A43213291B20DF02AFA002806D0E3
:107A6000858001688160002C03D1402103E0002063
:107A7000B0BD7F21C9430173001DB0BD80B5411E5B
:107A800088410DF07DFA80BD80B5017A8A09012117
:107A90009143001F0DF046FA80BD80B50A46017A79
:107AA0008B090121994340680DF07EFA80BD10B525
:107AB00014460A464068194623460DF04FFC10BD97
:107AC00010B514460A464068194623460DF00DFCD1
:107AD00010BDE0B5022201ABFFF7F2FF002801D094
:107AE000002004E001A8017840780002401880B22C
:107AF0008CBDE0B501AB1A70120A5A70022200F078
:107B000001F88CBD10B514460A4640681946234654
:107B10000DF0B1FB10BD011F00220A6040687047E4
:107B2000F8B50F48006805682878411C29700D4F8A
:107B3000398A25314E09741C002809D100202146BC
:107B40000DF06EFA388A25304009401C6880B41C5C
:107B5000012021460DF064FAA8880019A880F8BD1C
:107B60002831002094310020F8B50E4800680668DE
:107B70003078401E30700C49098A25314F097C1C31
:107B8000000606D10025284621460DF09DFA758095
:107B9000BC1C012021460DF097FAB088001BB08074
:107BA000F8BDC046283100209431002070B59142C4
:107BB0000ED215460E46044640680DF046FC751B75
:107BC00060680DF017FB281881B22046FFF765FFAB
:107BD00070BD80B500200FF0CBF880BDF0B58FB040
:107BE00009930B920A9108900DF07EFA0124382136
:107BF00020460DF091FA3349C97A34228154324E2D
:107C000030600027077030684770306887703068D0
:107C1000E121C1700520C0013168888030200885CD
:107C20000EAD0DA90CAA2846FCF78FFE0C98000299
:107C30002978090101430D9800030843001D3168AC
:107C40004885182120460DF067FA2049086007751D
:107C50000FF084F81C9806901B9C05941A980490C9
:107C6000199803901898029017980190159D009507
:107C700008980A990B9A099BF7F7D8FAF7F785F94C
:107C80001D9F012C01D1F7F7E8F800F09BF9012FB7
:107C900001D100F0CBF830682C21405CC0070ED138
:107CA000012C06D11698F7F795F9F7F71BFBF7F7B4
:107CB00020FB0A980B992A46234600F02DFF0FB0AF
:107CC000F0BDC046943100202C310020D43100207A
:107CD000F0B595B00120810414912E480160BFF3E6
:107CE0004F8FBFF36F8FFDF7E3FEFCF72AFF0020F5
:107CF0001290C043FDF7C8FE04F011FD1390F7F792
:107D00009CF81190F7F78AFA109007F027FE0F9071
:107D10000EF025FE04F018FD0E9004F0DBFE0D9031
:107D200007F0C3FD0C9007F00AFE0B9004F094FBE3
:107D3000044604F0F6FC0546F7F787F8064608F017
:107D400060F8074600F075F8C0B2F9B208910990E2
:107D5000F0B2E9B2E2B20B9BDBB20C9CE4B20D9D37
:107D6000EDB20E9EF6B2129F009701960295039413
:107D700004930592069107901398C0B21199C9B265
:107D80000F9AD3B2109AFFF729FF034814990160A4
:107D900015B0F0BD80E100E000E100E0B0B50546BF
:107DA000C07A1224802829D8298C172926D3144870
:107DB000821D914222D8298A17291FD381421DD8BA
:107DC000A87E00281AD007F0BAFD002808D0E87E67
:107DD000002813D0802811D8287F401E0E280DD8E7
:107DE000084834222946FCF77FFD0DF0B9FB002836
:107DF00003D4FFF76DFF002400E087242046B0BDC8
:107E0000FA0300009431002080B50EF0F7FF00283F
:107E100004D104480068C07A002801D0002080BD49
:107E2000032080BD803100200020704770477047DC
:107E30007047002070470000FEB515460C46064608
:107E4000080614D402AA01AF304619463B4600F09A
:107E500053F8002821D0600638D402988178FC229B
:107E60000A40827001990180718001272FE0EFF3B1
:107E7000108072B602AA01AF304619463B4600F0A8
:107E80003BF800280BD002998A78FC2313408B70B2
:107E9000019A0A807280012702E0002703E0002790
:107EA00062B6002813D1EFF3108072B6A0060AD490
:107EB00010480068016808220A43026000200EF0A2
:107EC000A7FFFBF7A5F962B600260AE00027029E8D
:107ED000F570A00060210140B078032202405018E4
:107EE000B070002F04D000200EF092FFFBF790F945
:107EF0003046FEBD30310020F8B500924588AC0810
:107F00001C80491C8AB2A6188788BE4200D9091B6A
:107F10000A199200BE4200D96D1C03263540521941
:107F20001A80A3001B180833009C236092B20588B6
:107F3000521B1746374084886743354052199208D0
:107F4000D21995B2C688B54200D9C280A5420AD8D6
:107F500009B2002907D59978FC220A40511C997072
:107F6000083000990860A54201D90020F8BD012021
:107F7000F8BD80B5400605D48878FC220240901CEC
:107F8000887080BD084600F001F880BD80B5011DF5
:107F9000C278142A04D8426880788008904780BD4F
:107FA0003D2A03D8002000F0E9F880BD3F2A03D81D
:107FB000002000F0F5F880BD602A02D8002000F013
:107FC000E4F880BDF8B501201C21294A9047294FCB
:107FD0003860294DA88D401E03263043401C800880
:107FE000C01C04242146224A904739684860E88D25
:107FF000401E3043401C8008C01C21461C4DA84731
:108000002A46396888601C4D288E401E3043401C2B
:108010008008C01C214690473968C860FFF7E6FB1E
:108020003868426800211180518083681980D180AE
:10803000AF8D7F1E37437F1CBF0897805980D98042
:10804000EF8D7F1E37437F1CBF089F80C768398034
:1080500002614361F9802A8E521E3243521C9208FB
:10806000BA80798087612246FCF74EFCF8BDC04695
:10807000195106103031002094310020FEB53D4DDD
:10808000286810300021062905D004C8528801ABA9
:108090005A52891CF7E7EFF3108072B6286804681B
:1080A0000027076062B6E00702D0002000F064FC01
:1080B000A00702D5012000F05FFC600702D5022076
:1080C00000F05AFC200702D5032000F055FCE00622
:1080D0004AD5042000F050FC46E0780001A90E5A71
:1080E0000097BF002868C019006901880288B24261
:1080F0002AD08908891C89004418A17803220A40E3
:10810000012A02D0002A03D11EE0817A08300446F9
:10811000480603D42046FFF739FF0AE0E078132829
:1081200007D2800014490A58211D20469047002894
:1081300005D12868C019006921880180D5E7002091
:108140000EF066FEFBF764F8EFF3108072B6286855
:10815000C019006941880288914202D10021018042
:10816000418062B6009F7F1C032FB6D1FFF748FB0A
:10817000FEBDC0463031002028E7061080B5084615
:108180008978C91CF6F7C6FC80BD80B50846897899
:10819000C27812025118091D89B2F6F7BBFC80BDE6
:1081A00080B50846C978027912025118491D89B272
:1081B000F6F7B0FC80BD0000B0B50D460446087966
:1081C00049790902081801F061FC287969790902E6
:1081D00008180EF085FB287969790902081804F05F
:1081E0004DFF00F0D6FE2879697909020818FFF7DB
:1081F000BBFC084800683621405CC00601D4002062
:10820000B0BD1520E070A078BF210140A17084208E
:10821000B0BDC0468031002010B5044608794A79C7
:1082200012021218C97806200EF0E0FA074800681A
:1082300036214056002801D4002010BD1620E070E1
:10824000A078BF210140A170842010BD80310020A2
:1082500010B5044608794A7912021218C978072025
:108260000EF0C4FA074800683B214056002801D4AC
:10827000002010BD1720E070A078BF210140A17040
:10828000842010BD80310020B0B50D460446087929
:1082900000281DD16879A97909020818FFF740FC68
:1082A0006879A979090208182A7AE9792B460933ED
:1082B0000EF05AF96879A9790902081801F0C6FB8D
:1082C0006879A97909020818E97904F0C7FE2879C4
:1082D0006979AA7912025118EA7900F05BFE09481F
:1082E00001683D200A5C002092060AD53D31497A9A
:1082F000C90706D01820E070A078BF210140A17006
:108300008420B0BD80310020FEB50D4604460879BA
:10831000002823D16879A97909020818FFF700FC21
:108320002A7AE9796879AB792E4615362F460F37C8
:10833000009701961B0218182B4609330EF0AEF970
:108340006879A9790902081801F080FB6879A97990
:1083500009020818E97904F081FE28796979AA7977
:1083600012025118EA7900F015FE094801683D2013
:108370000A5C002092060AD53D31897A890706D524
:108380001C20E070A078BF210140A1708420FEBDB8
:108390008031002070B50446144D28683626805D73
:1083A00000280ED108794A79120210188A7BCB7BFB
:1083B0001B029A18891D0EF099F92868805D002823
:1083C00012D00B4801683D200A5C002092060AD5B5
:1083D0003D31497AC90606D51920E070A078BF2141
:1083E0000140A170842070BD002070BD2C310020A0
:1083F0008031002010B504460879491D0EF0B1FA0D
:108400000A4801683D200A5C0020920604D53D31EF
:1084100009228956002900D410BD1A20E070A078E6
:10842000BF210140A170842010BDC04680310020D2
:1084300010B504460879491D0EF094FA0948016800
:108440003D200A5C002092060AD53D31897AC90791
:1084500006D01B20E070A078BF210140A1708420CD
:1084600010BDC046803100200020704700207047BA
:10847000002070470020704710B504464A790879FB
:108480001146F6F753FC094801683D200A5C0020BC
:1084900092060AD53D31C97A890706D51F20E070BA
:1084A000A078BF210140A170842010BD8031002040
:1084B00001710023C370090A4171117881715178EB
:1084C00093780372C171D1781279827241727047C8
:1084D000002202710122C27041700270090A81708B
:1084E000704710B51378837153788C1E0472C37172
:1084F0000930911CE2B2FCF7F7F910BDF0B585B078
:108500001746039104465068407A04900621164DA0
:108510001046A847029008213846A84701900A2132
:108520003846A84706460C213846A8472A4605463D
:108530000E21384690476074290A2174E573310A88
:10854000A1736673019A110A2173E272029A110AE9
:10855000A1726272039A110AE171A27104992172E7
:10856000000AA07405B0F0BDD37A05101CB51F2910
:1085700003D801AA1180406805E0406801AC22469A
:108580000CF069FE2188401800791CBDF8B515462D
:108590000E4604465068407A009006211046FFF7C8
:1085A00098FA074608212846FFF793FAB91EE172A8
:1085B0006072009A2272320AE271A671000AA072F9
:1085C000CAB2A8890C34801D81B228462346FFF721
:1085D00077FAF8BD70B51C4605465E88100AE8704B
:1085E000AA70080A687029709889401C81B21846E0
:1085F000FFF7BCFFB11E0A0AAA7169712871A08930
:10860000EB1D8AB2801C81B22046FFF759FA70BD7B
:10861000B0B51C465B88150AC57082700A0A4270A4
:108620000170591E8A080271A589431D8AB2681C0F
:1086300081B22046FFF744FAB0BD70B51C4605462E
:108640005E88100AE870AA70080A68702970988914
:10865000401C81B21846FFF789FFB11E0A0AAA71B1
:1086600069712871A089EB1D8AB2801C81B22046F5
:10867000FFF726FA70BDB0B51C465B88150AC570B9
:1086800082700A0A42700170591E01710A0A427111
:10869000A589831D8AB2681C81B22046FFF710FAB3
:1086A000B0BDB0B51C465B88150AC57082700A0A59
:1086B00042700170591E01710A0A4271A589831D19
:1086C0008AB2681C81B22046FFF7FAF9B0BDB0B596
:1086D0001C465B88150AC57082700A0A42700170D8
:1086E000591E01710A0A4271A589831D8AB2681C4C
:1086F00081B22046FFF7E4F9B0BD70B51C460546CF
:108700005E88100AE870AA70080A68702970988953
:10871000401C81B21846FFF729FFB11E0A0AAA7150
:1087200069712871A089EB1D8AB2801C81B2204634
:10873000FFF7C6F970BDFEB51C4617460291054607
:10874000588801909889401C81B21846FFF7C1F9FA
:108750000646A089C01C81B22046FFF7BAF90199EC
:10876000491F0A0A6A722972A871320A6A712E7147
:108770003A0AEA70AF70029B1A0A6A702B70000AFC
:10878000E871A0890A358AB2401D81B220462B4685
:10879000FFF796F9FEBDF8B51C4617460E4605468E
:1087A000588800909889401C81B21846FFF791F9CB
:1087B0000099C91E0A0AEA71A97128713A0AEA7079
:1087C000AF70320A6A702E70000A6871A08908358D
:1087D0008AB2C01C81B220462B46FFF771F9F8BD62
:1087E000F8B51C4617460E460546588800909889ED
:1087F000401C81B21846FFF76CF90099C91E0A0A9D
:10880000EA71A97128713A0AEA70AF70320A6A7087
:108810002E70000A6871A08908358AB2C01C81B226
:1088200020462B46FFF74CF9F8BD7CB51D460446A3
:1088300002728171100A6072080AE071079EB089A5
:10884000C01881B2022201AB3046FFF739F9069811
:10885000801E20730199A172090AE172B189691819
:10886000891C89B20D34C2B230462346FFF728F97D
:108870007CBDB0B515460446059AC2710498607176
:108880002371A5702170130A2372000AA071280AAF
:10889000E070080A6070069881890934C91C89B2A1
:1088A0002346FFF70DF9B0BD70B515460446059A8D
:1088B00002720498A0712371A5702170160A667265
:1088C000000AE071180A6071280AE070080A6070F6
:1088D000069881890A34491D89B22346FFF7F0F8CA
:1088E00070BDB0B51C465B88150AC57082700A0A57
:1088F00042700170591E01710A0A4271A589831DD7
:108900008AB2681C81B22046FFF7DAF8B0BDB0B574
:108910001C465B88150AC57082700A0A4270017095
:10892000591E01710A0A4271A589831D8AB2681C09
:1089300081B22046FFF7C4F8B0BDB0B51446049A22
:10894000C2704170150A05710F252D020D40A10757
:10895000890C49199B03C918090A8170431D0598A0
:108960000021FFF7ADF8B0BD017000228270090A46
:108970004170704700207047E0B501AAD070012017
:10898000907010205070042111701046F6F7C2F854
:108990008CBD002070470020704700001CB51148B6
:1089A0000468FFF7F8FF882807D00C2805D05D344D
:1089B000002808D1022060701CBD05200EF028FAA6
:1089C000FAF726FC1CBD0020607020787F21014052
:1089D000217001A98620487080200870022000F0D4
:1089E000BFF91CBD34310020704770470749096842
:1089F0005D228A5C88231A4204D072310988414082
:108A0000080501D000207047012070473431002054
:108A100080B5406901490EF032FB80BD218A051006
:108A200080B5022807D0012809D0002806D10020EF
:108A3000F6F76DF980BD0020FFF7D7FF80BD00205D
:108A400000F002F880BD0000F0B587B0314804683E
:108A500006A9049100200190087005AE0120307035
:108A600000F050F95D200394275C781E3D46854157
:108A7000202038404442029044410498314600F09E
:108A800059FE002F01D101283ED12C4038D105A834
:108A90000078002834D0039C20465D30C07B00283D
:108AA00034D02834029D002D03D021780020FFF718
:108AB00070FF06A80078012802D10020F6F76FF9B0
:108AC00000F05EFB002804D10020012100F030FB03
:108AD0000190002D0AD021780120FFF75AFF0028CD
:108AE00004D00198002801D000F034FA06A80078DC
:108AF000012809D106200EF08BF9FAF789FB03E073
:108B00000120014600F014FB07B0F0BD0020012158
:108B1000F8E7C04634310020FEB51F4601920291AD
:108B200005460124782120460CF0F6FAE12189005F
:108B30005A228152244E3060012D17D10120062186
:108B40000CF0EAFA014630688163012F0ED101254D
:108B50000E27284639460CF0DFFA3168C8642846EB
:108B600039460CF0D9FA01463068016502990129AD
:108B70000BD10198012805D11C2001210CF0CCFA61
:108B80003168C8621148847E01E00021C16214216D
:108B900020460CF0C1FA316848650D4C04210122D1
:108BA00020460CF0A7FA316808620325022220460D
:108BB00029460CF09FFA31684862064A07230846A6
:108BC00029460EF083F9FEBD343100209431002097
:108BD00090310020118A0510B0B504460021082507
:108BE0002A46FBF791FE2078DF210143217060784F
:108BF000092101436170A1782943A17011490968D5
:108C00005C22895C890602D50F2108436070F6F763
:108C100005FB012807D16078122101436170A0781B
:108C200007210143A17006F040FEC0B2012807D120
:108C30006078E02101436170A07880210143A17038
:108C4000B0BDC0463431002080B5F6F7E7FA80BDEC
:108C5000F0B585B0054604A8002707701224012945
:108C600001D9204648E00E462448006800900EF0E6
:108C70000DFC002840D100995C310878C00711D163
:108C8000C87830430E46C87003A807210170002D34
:108C900012D0022D08D0012D20462DD104A810217C
:108CA000017009E00C2027E004A82021017003A92D
:108CB00000F0A4F900281FD1F6F769F800281BD1AD
:108CC00000986030F6F756F8002815D10498012175
:108CD00031740843307000F015F801AC2046FFF7FE
:108CE0007BFF204603F028FBF843019004480290E4
:108CF000204603F011FB384605B0F0BD34310020AA
:108D0000FF9F0020064800685C21415C8906890FAE
:108D100004D05C30C17802220A43C2707047C0465A
:108D200034310020B0B55C2806D10C4804685D34AD
:108D300000256057002800D4B0BD60780228FBD120
:108D4000557080201070C8B2114600F009F86570A7
:108D500020787F2101402170B0BDC0463431002011
:108D6000F8B5002916D00E46054609780024C80734
:108D700020461FD188070FD448070FD408070FD407
:108D8000C8060FD488060FD448060FD408060FD59E
:108D900007200FE012243CE001200BE0022009E054
:108DA000032007E0042005E0052003E0062001E0A1
:108DB0000020C0433070184800684E2140560028FB
:108DC00027D516482818032101430D31880883B29E
:108DD00013480068806902214722FFF72DF8002818
:108DE00016D00746001D29463246FFF77AFB0420BD
:108DF000787207203872E81C010AF971B871FF20F7
:108E000078718220387102203946FFF7B2F800E00D
:108E100007242046F8BDC04680310020FDFF030036
:108E200030310020BCB511480068446DF6F7F6F902
:108E3000002802D00E48807E00E00120C5B2113427
:108E4000002D11D0207800280BD020460F38007854
:108E5000800706D560786A46107000200121F5F77A
:108E600030FF14346D1EEBE7BCBDC046343100202A
:108E70009431002080B5084600F004F800F06AF84C
:108E800080BD0000F8B50446684600250570F6F779
:108E9000C5F9002805D06D462046294600F08AFA1B
:108EA0002D78F6F7BBF9002802D02648837E00E033
:108EB000012314267543244F3868416D4C19A57859
:108EC00002222A4002D0A41C002525701131DBB2F9
:108ED000002B0AD00C78002C04D00C460F3C2478D0
:108EE000A40726D45B1E1431F2E7002A21D0002407
:108EF00021460EF000F8154800684E21405CC0077E
:108F000017D01348006880694422022529462B4661
:108F1000FEF792FF00280CD001468571C4710472DF
:108F2000FF20487182200871042048722846FFF70C
:108F300020F86846007846433868406D8019002163
:108F40004174F8BD9431002034310020803100207C
:108F5000303100207CB50D4C25685C20285C8006F3
:108F6000800F12D05C35E878022630400DD101A880
:108F7000694600F0DFFB6978014306D1E8783043A9
:108F8000E870206801210DF0B6FF7CBD343100206F
:108F90007047704780B5002A03D00846F5F7DBFE1E
:108FA00080BDFFF721FD80BD044800685C21415C65
:108FB00030200840411E88417047C04634310020AF
:108FC000034800685F21415C012008407047C046AB
:108FD00034310020084800685C21415CCA0606D490
:108FE000890606D45C30C178012008407047012012
:108FF000704703207047C04634310020122070476C
:1090000080B504F0E3FE80BD80B5C00701D100202B
:1090100080BD0846114603F06DFB80BD80B5C007DA
:1090200001D1002080BD03F061FB80BD70B594B01C
:109030000446FFF7F3FF06466D463E3568460CF0E2
:109040003DFD00280BD1002E09D168464078012152
:10905000014020462A46FFF7D7FF0646EEE7F0B26A
:1090600014B070BDF8B51C4615460646002902D05E
:109070003046FFF7D3FF00273846AF420DD2002815
:109080000BD12178012904D8621C3046FFF7BCFFC0
:1090900000E08620E41D7F1CEFE7C0B2F8BD0000B1
:1090A000F0B58DB00BA8002484800B94104D114EA8
:1090B0002746A87E874218D200220A9201200890F3
:1090C000079206907F20059004920BA803900292CD
:1090D000072001900096F8B209900221202300F0A9
:1090E000CBF87F1C0028E4D000E020460DB0F0BD96
:1090F00094310020FFFFFF00F8B5044600200090E7
:10910000C64309480068476D1237084D761CA87E93
:10911000864207D238781437214603F093FA0028A4
:10912000F4D0F8BD0098F8BD34310020943100200F
:10913000B0B502461048006805465A35002908D1E6
:10914000A97889060024890F14D0697902230B407D
:1091500010D0002A01D0094B03E07D21C9002B88E3
:109160004B430124214622460DF0FBFE6879FD2188
:10917000014069712046B0BD3431002030750000D7
:10918000BCB50D4D28685F21405C800701D40C24DC
:109190000FE06C4620460CF0A1FD2046F5F7EAFDF5
:1091A0000446002805D12868663069460622FBF788
:1091B0009BFB2046BCBDC04634310020B0B50D46F7
:1091C00004460F4800685C21405C8006800F05D093
:1091D00001202870204600F015F80EE0FFF7FAFE97
:1091E000002805D001202870204600F01FF804E078
:1091F00000202870204600F00FF80020B0BDC046C7
:109200003431002080B50349096866310622FBF736
:109210006BFB80BD3431002080B50349096806220C
:10922000FBF762FB80BDC0462C31002080B50349AE
:10923000096860310622FBF757FB80BD34310020FE
:10924000024909686C2288547047C04634310020B6
:10925000431E022B09D300280CD0032809D101207A
:1092600001404942122008407047002A01D11046AF
:109270007047122070470000F0B59FB015460446B5
:109280001E93020912200E2A00D98DE02026032900
:1092900003D02A46324000D086E01B911DAF204605
:1092A000394600F087F839784048807E81422DD2D7
:1092B00068003040AA00082313401B1814204843BC
:1092C0003B490968496D0F187B707A1C6E070F9730
:1092D000109107D510261E4316702F0703D5502670
:1092E000334313701E462A99EB0702D001231E4315
:1092F00016702C9E042703290B4616900E9707D054
:10930000042B1B9907D10323119306E087204BE020
:1093100011971B9901E0002711972E9814902D9812
:1093200013902B9F299A1992289A2798179026987C
:10933000159025981290032E1B931A97189205D01A
:10934000042E169806D103273E4604E00E9F109A7D
:10935000169801E00027109A1154FFF73BFE1CA954
:109360000896139A0992149A0A92119A0B920C97E2
:109370000D91129900910190159802901798039001
:1093800018980490199805901B9806901A980790C1
:109390001EAA24AB2046294603F0A0F8002803D1DA
:1093A0000F9A9474012111741FB0F0BD9431002004
:1093B0003431002070B502460B48847E0B480068AB
:1093C000456D1035002003469C4208D02E78002EB3
:1093D00008D0AE78964204D014355B1CF4E72346DF
:1093E00000E001200B7070BD94310020343100206A
:1093F000F8B5284A927E12258A4225D9002800D144
:10940000014614224A4324480068436D99184C7859
:10941000A006C60F0020002E02D01027274014D12E
:10942000002E02D1082634400FD19E5C4C688889FA
:10943000214600F067F91949884208D0001981785F
:1094400048070BD4D42000E02846C0B2F8BD032E54
:109450002846FAD8F1001248C840F6E7032E2846FD
:10946000F3D8C0467E4436797600B74401060D0134
:109470000320014005D10846E7E703200140012908
:1094800006D02B20C043E0E7032001400229F8D199
:109490000020DAE79431002034310020FFFF000083
:1094A00000D4D40070B50346002900D10A462948EB
:1094B0000068416D012B0CD114235343CA5C012A6F
:1094C00033D0022A3ED1CA189478042020439070E9
:1094D0003AE014235343C9188E1C8978890721D593
:1094E000002421460DF007FD1B4800684E21405C1A
:1094F000C00717D019480068806944220225294610
:109500002B46FEF799FC00280CD001468571C471EA
:109510000472FF2048718220087104204872284696
:10952000FEF727FD0020307070BDC9184A788B788F
:10953000134302221A438A7000210122084B0DF0C6
:1095400010FD70BDC8188078C9184A7802438A7027
:1095500070BDC04634310020803100203031002001
:1095600020BF0200F0B585B005463F48807E8842A6
:1095700001D2122774E016460C463C480068406D44
:109580000290012D019514D10394641C3546641E8C
:1095900012D0287804A9FFF70DFF00283ED0AD1D9A
:1095A00004A801780120FFF723FF0028EFD0074629
:1095B00056E00C20009004E0FFF7E2FD0090019DD2
:1095C000039C28462146324603F040F8074600280F
:1095D00046D1002C24D0002C34D00394307804A938
:1095E000FFF7E8FE3079002802D17088002813D0F8
:1095F000022404A80778012128463A46FFF752FFC3
:10960000002D00D12C461420784302990818447488
:10961000B61D039C641EDEE70124EAE7D3271FE0A2
:10962000029E11360024104FB87E84420AD2E2B264
:10963000002501212846FFF735FF3570019D1436BE
:10964000641CF1E7012D08D10098002807D10027FC
:1096500038463946FFF76CFD02E0FFF77BFC002738
:10966000384605B0F0BDC0469431002034310020AA
:10967000FEB504460F4DA87E0F4909684E6D1136A0
:1096800000270097C1B28F4212D2317801290CD144
:1096900001AA0020107150807078107001212046BE
:1096A00002F0D4FF002804D1A87E14367F1CE9E71D
:1096B0000098FEBD94310020343100207CB5064670
:1096C00000090E2801D912207CBD1C4615463046E3
:1096D00009F004F9002800D07CBD01A93046FFF74D
:1096E00069FE0028EFD001A8007814214143044806
:1096F0000068406D40188581446000207CBDC046F4
:1097000034310020B0B50A4A03280FD300239DB29C
:109710004C5D022C03D16D186D78012D05D01B19FD
:109720005B1C9CB28442F2D300E01A4690B2B0BDFA
:10973000FFFF0000F8B505460026067001240091E1
:109740000C7016480068476DFFF77EFA002801D0BC
:109750001348847EE1B211373046324600290FD0DB
:109760003B78002B09D0022B00D101203A460F3A5A
:10977000137801229B0700D516461437491EEDE7E2
:10978000012A01D101212970012802D0F0B201285B
:1097900002D1002000990870D0B2F8BD3431002009
:1097A0009431002080B50120FFF762FF80BD0000EA
:1097B000F8B5012098210BF0AFFC2B4E30602B4FF9
:1097C000F87A397B0818142421460BF0A5FC32687E
:1097D00000255563D562F97A03462F46B9420AD06F
:1097E0001D615F701F703268D36225467D43451945
:1097F00014337F1CF2E7002313631C4A127B5218B8
:10980000CDB2AA420AD96543FF27475545192B61B6
:10981000697033681D63491C2B46F1E79006000E02
:10982000411C134C012220460BF064FC3168086295
:109830000E4DE87A297B08188006010E0222204688
:109840000BF058FC34686062E87A297B08188006BF
:10985000010E084A072320460DF038FB00F0F2F90C
:109860000EF07CFFF8BDC046383100209431002056
:10987000903100207998051080B5406901490DF0BC
:10988000FEFB80BDF19B0510E0B500200090064B6B
:109890000146024600F00AF8002804D007200DF027
:1098A000B7FAF9F7B5FC8CBD09990510F0B585B08C
:1098B000049301920291074602203840039001244C
:1098C0003C401048056834350A9E2D68002D16D09E
:1098D000002F0CD0002C03D02889029988420CD18B
:1098E0000398002803D068890199884205D1284649
:1098F0003146049A9047002802D11035E5E7002050
:1099000005B0F0BD38310020B0B504468088002590
:10991000C00501D4284606E06289218902200EF0A4
:1099200003F9002800D0B0BD20896189042902D143
:1099300000F0ACF8EEE700F017FB618920890EF02B
:10994000FEFF00202081094909684B6BA34205D026
:109950001A461B69A342FBD1103201E00A46343299
:10996000236913600A6B22610C63B0BD383100209B
:1099700080B50020FEF782F80D49098A2531490992
:1099800088420FD9491CE6F753FC024642200021C9
:109990000EF006FA002804D008200DF039FAF9F785
:1099A00037FC80BD082000210DF044FA80BDC04680
:1099B00094310020BCB50C46002813D025882046E1
:1099C00002F0CFFF0146284600F02EF8002809D00B
:1099D0006088002806D0A1891F2908D801A8018025
:1099E00060680AE02046FEF74FF80020BCBD6068C2
:1099F00001AD2A460BF02FFC298840180079C107D9
:109A000004D11B2808D01D2806D009E01E2803D346
:109A100002210843232803D120460EF0A3FEBCBD3B
:109A2000204600F027F9BCBD074A1268343212689C
:109A3000002A07D01389834202D153898B4201D077
:109A40001032F4E71046704738310020F8B504466C
:109A50000D4E3068C56A2969C1622F880021142221
:109A60002846FAF751FF042068811720E8802C81EE
:109A70002F803068416B45632961204600F070FA01
:109A800020460EF058FFF8BD38310020F8B50446E6
:109A90000DF04FF81C480068466B002E32D0374658
:109AA00036693889A042F8D100257A89E8B20328BE
:109AB00004D8214600F02AF86D1CF6E7204611462E
:109AC00000F052FA798920460EF039FF00203881E3
:109AD0000D480068426BBA4205D011461269BA427D
:109AE000FBD1103101E0014634313A690A607989CD
:109AF000042903D1C16A3961C762CEE7016B3961BC
:109B00000763CAE7F8BDC0463831002010B50446E7
:109B10000846114600F058F880000019C1B202480A
:109B200000680DF0E8F910BD38310020B0B50C46E2
:109B300005464888001D81B22046FDF7AEFF284645
:109B4000214603F039F8002804D02046FDF79CFF99
:109B50008120B0BD0020B0BD09888088084000D0B9
:109B600086207047098882880A43828000207047D7
:109B7000098882888A4382800020704707490968E3
:109B800034310968002904D00A89824203D0103197
:109B9000F7E7FF20704708787047C046383100204B
:109BA00010B504460846114600F00EF88000001972
:109BB000C1B2034800680022024B0DF0D2F910BD7B
:109BC0003831002030750000084A126834321268BB
:109BD000002A07D01389834202D153898B4203D0D4
:109BE0001032F4E7FF20704750787047383100207A
:109BF00080B581080A4800683430006800280ED01B
:109C000042788A4201D01030F7E7012109028288A8
:109C10000A43828007200DF0FBF8F9F7F9FA80BDBE
:109C20003831002010B54489042C00D00624611876
:109C30008AB201890020FDF705FF002800D0848149
:109C400010BD000010B5084C206840300DF0D2FA6D
:109C5000206838300DF0CEFA044805493C22FAF766
:109C600043FE01F0EFF810BD383100203C310020F8
:109C700074E70610F0B587B00446058802F071FE5F
:109C800001462846FFF7D0FE0546204600F058F86A
:109C9000064600F05BF80F2819D11E2E47D0402051
:109CA000304044D105212846FFF7BCFF002845D0AD
:109CB00007460021062230463B4600F0FDFA68893F
:109CC0003946FFF733FF0746002834D12FE00195CE
:109CD00000251E2E2F4616D0402006402F4612D1BA
:109CE000019B9888C00718D15A89198900263046E7
:109CF000FFF756FF0746002805D1019A90880121F9
:109D000001439180374602A8058006950595019983
:109D10000491039400F054F80DE00833422003212D
:109D200002220EF06BFC002801D0842703E02046BD
:109D3000FDF7AAFE0027384607B0F0BD8827FAE7EE
:109D400080B5818901F04DF880BD0000811E1E297B
:109D500016D800207944097949008F4418170F1745
:109D600019171B171D171F1721172317251717174B
:109D700027172917171717172B172D0001207047C2
:109D800052281BD0D22801D10A2070470F207047DB
:109D90000220704703207047042070470520704759
:109DA0000620704707207047082070470B20704737
:109DB0000C2070470D2070470E2070470920704717
:109DC000F0B585B004460078002807D16068FFF739
:109DD000B7FF6070A568E86800283CD06578284621
:109DE000FFF7B4FF0E2808D880005B490958002906
:109DF00003D020468847074607E0A068C3680021D3
:109E00000622284600F058FA86276168002919D0F2
:109E1000882F03D0842F0CD0072F10D14F48006813
:109E200040300DF0EBF909200CF0F2FFF9F7F0F9F2
:109E300008E04A48006838300DF0E0F909E00846CB
:109E4000FDF722FE862F01D0002F02D1A06800F07E
:109E500047FA05B0F0BD67683846FFF771FF064660
:109E6000FFF774FF7988EA88042302930023914264
:109E70003ED80E283CD801934200344B9A5A344BBA
:109E8000C340DB0705D180239A439142019B03D055
:109E90002EE09142019B2BD3411E032901D30728B9
:109EA0000DD104A903AA029238460F4600F049FFDB
:109EB0003B8802980088834218D8002B16D0666829
:109EC0003046FFF73DFF07463588304602F049FD32
:109ED00001462846FFF7A8FD05461E2F1DD040204D
:109EE00038401AD1162F1BD1718826E0012002902C
:109EF00086271E2E89D04020304086D1019305212F
:109F00002846FFF78FFEE86000281DD00346304644
:109F10000199029A00F0D0F977E70020E8605DE748
:109F20003846FFF713FF0E2800D96DE740000949B6
:109F3000095AE888814200D301462846FFF772FE9D
:109F4000E860002800D049E788275EE7B0E7061000
:109F5000CC4F0000CEE706103C3100203831002005
:109F600080B500F081FF80BD70B50C46054601F05C
:109F700021F8074E326840322846214600F00AF8A0
:109F8000326838322846214600F004F870BDC046D9
:109F900038310020F8B50D46064600921468002CB2
:109FA00011D02746E4693888B042F8D1384602F02B
:109FB000D8FCA842F3D1009839460DF02FF9384665
:109FC000FDF762FDEBE7F8BDF0B585B00F4F3868DF
:109FD00040300DF043F90446200414D06D460020B3
:109FE0002870386840300DF02FF90190068802F093
:109FF000B8FC01463046FFF717FD02902846FFF7F0
:10A00000DFFE641EE8E705B0F0BDC0463831002031
:10A01000F0B58BB00A9314460D460746FFF704FDD2
:10A02000002811D00646049780880C2741077FD46A
:10A03000022C01D180077BD402950394109C0A9BCB
:10A04000012B03D8032503E0122771E09800451C7B
:10A05000A01C1946002904D0028855190830491E51
:10A06000F8E7F088022B02D3A9B2814260D8A9B2E6
:10A07000814200D30546A9B230460691FFF7D2FDD2
:10A0800000280ED0074603980228079701960FD1A3
:10A09000B9891D22384600F089F80A9801280FD0A6
:10A0A0004EE008200CF0B4FEF9F7B2F888273FE044
:10A0B000B9890A9801283ED11B22384600F076F86B
:10A0C0002288B889401C81B23846FDF712FD6368CA
:10A0D000B889E91E8AB2C01C81B23846FDF712FD6C
:10A0E00007984580039D022D0CD101200499029A06
:10A0F000FFF756FD0028019C0CD007460798FDF796
:10A10000C3FC15E0E807019C04D0079A107A0821E7
:10A110000143117202980799FFF708FD0746022DC7
:10A1200006D1002F04D1A08802210143A18000277D
:10A1300038460BB0F0BD2322384600F037F80A98B5
:10A14000A71C012105950028CAD00A90079DA8895F
:10A150004018089181B2BB1E022428462246124EA6
:10A16000B047A889089E3018801C81B228460994FF
:10A1700022463B460C4CA047311DA88940188EB2A0
:10A1800006998A1B39888A4200DB0A4609997B585E
:10A1900081B294B228462246034DA847A119083738
:10A1A0000A98401E059DCEE7057B0510BCB51446F8
:10A1B0004068202904D301AD2A460BF04CF82988C9
:10A1C00040180471BCBDF8B51D4614460F4606463E
:10A1D000FFF7B6FD0E21C943D22800D00C3170889C
:10A1E000081882B20699BA4205D90D2008700020DD
:10A1F0002880862709E000270F702880B089C01CBE
:10A2000081B230462346FDF75BFC3846F8BD0000BE
:10A21000F0B589B01F4603920E460546FFF704FCD1
:10A22000002845D00446C068002841D002970F9806
:10A2300001900E9800901F48076838373F68002F3C
:10A240000FD03888A84204D1384602F08AFBB042C9
:10A2500001D01C37F2E717480068383039460CF057
:10A26000DDFFE068FFF76CFD411E0298002813D067
:10A27000C8B21E2807D04022114004D1E3680399D8
:10A28000029A00F019F8204600F02AF8002F0FD0AB
:10A290003846FDF7F9FB0BE004A8009A8281417073
:10A2A000012101700199089106940597FFF788FD37
:10A2B00009B0F0BD38310020BCB5002B0FD01C46D2
:10A2C0006B4699705870012018701A71080AD8707E
:10A2D000A189052520462A46FDF714FC6580BCBDF2
:10A2E00010B50446C068002815D04188091D89B200
:10A2F000FDF7D3FBE1686089FFF718FC002808D15F
:10A30000628921890020FFF701FCA0880121884390
:10A31000A0800020E06010BDE0B501A8022101800E
:10A3200000900020044B01460246FFF7BFFA863832
:10A33000414248418CBDC046599B051010B50A48A2
:10A34000046838342468002C09D02046FFF7F8FC54
:10A350001E2802D04021084003D01C34F2E7002020
:10A3600010BD012010BDC0463831002070B5084D29
:10A370002868846B002C0AD0E669286838302146AA
:10A380000CF04CFF2046FDF77FFB3446F2E770BD32
:10A39000383100207CB504468068418904291AD1EF
:10A3A00060688189491C89B2FDF793FB054617282F
:10A3B00000D817251D4E308A854200D30546A36874
:10A3C000988800070FD4198902202A460DF0E6FD6F
:10A3D000002814D07CBDC368022000210622FFF7AC
:10A3E0006BFF86207CBDD888A8420ED0083342205F
:10A3F000032102220EF002F90028EBD105E0A0684B
:10A40000C580818808220A438280308A01AB587057
:10A4100003251D70000A9870A068C468A1892046B1
:10A420002A46FDF76FFB658000207CBD943100203B
:10A43000F0B58FB00146406801918968CF680DADD5
:10A440000EAC2946224600F07CFC288807900EF0CE
:10A4500097FD02462088029000252B460095039523
:10A46000002A069550D050880790029988424BD810
:10A47000A8B2C01801998968C988884244D81C4686
:10A4800008AD05921046294600F0BAFF2E7C0398CD
:10A49000000606D00098864239D1C0080490069D77
:10A4A00016E0B98905223846FFF780FE102E01D04C
:10A4B000022200E00122069DB889401C81B2384684
:10A4C0000392FFF773FEAD1CF0080490841C009605
:10A4D000B889401981B23846079AFDF70AFBB88956
:10A4E0002818861C08A80CF080FE0346B1B2049818
:10A4F000C2B23846FDF706FBE0B22D1805980EF003
:10A50000A1FD02462346ABE70398000603D0069858
:10A510007880002007E0079881B204200A223B4699
:10A52000FFF7CAFE86200FB0F0BDF0B591B0074628
:10A5300009AC1020207478688189491D89B2FDF723
:10A54000C8FAA08178680FAE0EAD31462A4600F0F9
:10A55000F8FB368878680697B9684488C8688189A6
:10A5600007220290FFF722FEE01F298804910121B3
:10A57000059180B203900196059887B23C1D06981C
:10A580008068C08884423CD8B0B209AA049901F01E
:10A59000A7FA002835D0054610A80090002208AB85
:10A5A0000698294600F0E0FB862828D0002836D1FE
:10A5B0006E8808984368069840688189C91D89B2E9
:10A5C000039F3A46FDF773FA08990988B94216D1F4
:10A5D000002814D107AF3E70300A7870284600F08A
:10A5E00037FF0646B870000AF87002988189059A0C
:10A5F000891889B204223B46FDF784FA0594761C3B
:10A60000BAE7012F07D106200A220199029BFFF722
:10A6100053FE862003E0029805994180002011B086
:10A62000F0BDF0B597B00446406815A914AA00F033
:10A6300088FB0A9460688189491D428889B2072A8B
:10A6400005D1FDF746FA0FA98881102004E01022F9
:10A650000FABFDF735FA80200FA908740A984078EF
:10A66000102801D0022100E0042107910A9A916884
:10A67000CC68CB8805931278002A04940AD06588A8
:10A68000022D15D3A089401C81B2204600F0A9FB01
:10A6900006460EE015AA1588102812D10FA801F061
:10A6A00081F9002800D1B8E00895A18911221BE0AA
:10A6B0000026A089401981B22046FDF70AFA0890C9
:10A6C00018E00BA8058102220271149A42810B91B5
:10A6D0000FA90E9101F0A8F9862802D116A812221E
:10A6E0009DE00895A18909222046FFF75FFD01251D
:10A6F000658000260598801E019014A800880390AC
:10A700000996F6B20695AFB2B8190599884274D881
:10A71000089885B20FAA2846039901F0E1F90028AC
:10A720006BD00446029516A8009000250BAB0A9842
:10A7300021462A4600F018FB00284FD10B980088CC
:10A7400007990918012F11D1FF2900D3FF21019882
:10A75000814200D301990991CAB2049EB089401C7C
:10A7600081B23046FFF722FD022703E0B142049E8A
:10A77000069F5CD16588204600F06AFE0890B0898B
:10A78000C01981B230462A46FDF7B3F907980999F6
:10A790000A1A3C46BF1C0A98407810280AD1B08992
:10A7A000C01981B23046089D17462A46FDF7A1F927
:10A7B0003A46271D2C46B089C01981B20B984368D0
:10A7C000D5B230462A46FDF79DF97D1975800220E5
:10A7D0000A990870601C0890099E91E78628069ADD
:10A7E00016D084280546049821D18189891889B218
:10A7F000029AFDF77EF9842519E0012F06D116A8EB
:10A800000A22027015A80588049C09E000250EE0C4
:10A8100016A80278049C089D02E016A81022027077
:10A820000A984078A9B22346FFF746FD86252846B8
:10A8300017B0F0BDF0B58BB005468068C468C78816
:10A840002878002824D02E460C3605966868808922
:10A85000401C81B2042204AB2046FDF731F9308858
:10A8600069787F1E0C2903D1874253D20499401A7C
:10A8700080B2874200D30746BAB27368A089401CF1
:10A8800081B22046FDF73EF9781C608000204DE043
:10A8900068780C28029707D168688189C91C89B239
:10A8A000FDF717F90D2201E00B22002004AF039001
:10A8B0003880A1892046FFF779FC68688189491CA6
:10A8C00089B2FDF706F90646788007A806810127B8
:10A8D0000771A968079101F0A7F8862801D112270E
:10A8E00015E030460EF024FB002810D0014606A8E3
:10A8F000009005AB2846039A00F036FA002817D0DE
:10A90000842818D0862811D106A8077807E006A861
:10A91000077004E006A80B27077004A8468868782B
:10A9200031463A462346FFF7C7FC86200BB0F0BD00
:10A93000059E029F93E7A089401C81B2042204ABCC
:10A940002046FDF7DFF88420F0E7F0B58DB0816890
:10A95000CE68C988069101780029079009D07788C8
:10A96000B089C01981B23046FDF7B3F807990246A5
:10A970000CE040780E2801D0212200E00F22B1899E
:10A980003046FFF713FC0122174607994868807884
:10A99000801AC0B2450808780028029666D0079948
:10A9A00008460C300190EDB2FF35E8B20023039366
:10A9B000A84200D1B3E0BCB20698A04200D8AEE0F5
:10A9C000486881890592891889B202220CAB0492E9
:10A9D000FDF776F807990878012802D101980890C8
:10A9E0000DE00CA800880EF0A3FA014607988068D5
:10A9F000008908AA00F0C6FD0799842865D006984A
:10AA0000041B48780E2809D1B089C119089802881A
:10AA1000944200DB144689B2A2B213E0B089C01997
:10AA200081B2089A304616883246FDF762F8A41EB5
:10AA3000B44200D33446A2B2BF1C029EB089C019F2
:10AA400081B2089843683046FDF75CF83F1977807B
:10AA5000079948782028059A04D10698C01B80B22F
:10AA600002285CD304980870921C9CE70021059290
:10AA7000079C88B2A84292D20491490060688289FA
:10AA80005118491C89B202220CABFDF719F808A82D
:10AA9000012606710C990181A168089100F0C4FF9C
:10AAA00086282AD00CA800880EF042FA002827D069
:10AAB000079989680989012200F0EEFC00281ED15F
:10AAC0000499491C029E059AD3E70CA8038888685C
:10AAD000428901890020009002200DF0C5F9039001
:10AAE0000028059A1BD17780B089C01981B292B233
:10AAF0003046FCF7FEFF842010E0122600E00646F8
:10AB00000CA80188079840780E2801D10E2000E09B
:10AB100020203246029BFFF7CFFB8620039003984C
:10AB20000DB0F0BDF0B589B004460078002801D022
:10AB300000203BE06068A168C96806914688818969
:10AB4000491C89B2FCF7C5FF0546F11E6078002755
:10AB500052280CD0D2280ED1A0684089042824D1D4
:10AB60000F3E052201270020049005960EE0059176
:10AB7000042204970AE00591069EB189132230460B
:10AB8000FFF714FB012004907080032207AB2046DE
:10AB9000294600F036F9024608A80270002A07D0BC
:10ABA00060782946069BFFF787FB862009B0F0BD39
:10ABB000002F08D06168A06800890BF0F8FF00281A
:10ABC00001D00022ECE76168079808AA00F0DAFDDE
:10ABD0000028EBD0842812D16068A1684A890989CD
:10ABE000059B9BB20095019302900A20049B0DF0F7
:10ABF00075F90028DAD1002060608420D6E708A823
:10AC00000278CDE770B586B004460078002814D0ED
:10AC1000A589A068C188491FA94200D80D46AAB2DB
:10AC20002369C0688189491D89B2FCF76BFF681DE3
:10AC3000A168C9684880002040E060688189491C9B
:10AC400089B2FCF746FF0546032205AB204629469C
:10AC500000F0D7F8002808D00246A068C368162084
:10AC60002946FFF729FB862028E060688189C91CF6
:10AC700089B2FCF72EFF06466068A1684A890989F7
:10AC800043885B1F9BB20096019302900A202B46DB
:10AC90000DF08CFB002811D103AB5D70280A987071
:10ACA000DE7017201870300A1871A068C06881899A
:10ACB0000522FCF727FF00206060842006B070BDED
:10ACC00010B504460078002801D0002010BD60684F
:10ACD0008189491C89B200F084F80346A068428942
:10ACE000018902200DF090FB002800D010BDA06863
:10ACF000C06881891922FFF759FAA068C06801214C
:10AD00004180842010BDB0B5054680684289018924
:10AD100042200DF077F80446002810D1A868428937
:10AD200001890120FEF7F2FEA86881884A0603D552
:10AD300000F06CFEA8688188022291438180204641
:10AD4000B0BD70B514460D4606468089401C81B2E0
:10AD50003046FCF7BEFE2880B089C01C81B2304668
:10AD6000FCF7B7FE208070BDFEB51F460646089D65
:10AD700000242C700078012807D1306900281FD0EA
:10AD80000C363E600020287029E00292B0680089ED
:10AD900001913A462B4600F066FB002812D0842829
:10ADA0001DD101984388B0684289018902980090BA
:10ADB00002200DF059F8002811D17B20C0430EE08D
:10ADC0000E2005E038680188029A914203D20720DC
:10ADD0002870862003E04168891841602046C0B28F
:10ADE000FEBD1CB51F2903D801AA1180406805E0EB
:10ADF000406801AC22460AF02EFA218840180079FA
:10AE00001CBDF0B585B01E4614460F46054601A888
:10AE100001810271A968019100F006FE862801D126
:10AE200012200CE038460EF083F83060002805D080
:10AE3000A9680989224600F02FFB00E0012005B037
:10AE4000F0BD000080B506480089163080B20EF0D3
:10AE50000BF8044800685C210122425480BDC046C2
:10AE60009431002038310020F0B5A1B0044600F044
:10AE70009BF8012814D107A8454914252A4611F04A
:10AE80001CF902A843492A4611F017F944200F90F3
:10AE900001210DAA0CAB20460BF0EBFD002801D0E0
:10AEA00021B0F0BD0CA801780DA80FAA10AB0AF0D4
:10AEB0007EFE0028F4D10F984428F1D80120364DA9
:10AEC00002AA294600F00CFE002810D006462046B3
:10AED000FEF754FE10A90A7C3049C97A73681B6AD0
:10AEE0009B68009349084B1C042100F008FD2C4886
:10AEF0000168833110A81022F9F716FD00281FD031
:10AF0000012007AA294600F0EBFD0028C8D000F078
:10AF10003FFE0028C4D0054604212046FEF784FDEC
:10AF2000818840220A43828010A8427C204629461C
:10AF300000F026FD0B200BF06BFFF8F769F9AFE787
:10AF400001200EF01DF8064610AD12350027002E28
:10AF5000A6D0B8B26328A3D83178042912D1716879
:10AF60000A7D102A0ED1098A0E4A91420AD1022185
:10AF700032222B4600F0B0FC02462046314600F05B
:10AF8000FFFC7F1C30460EF05DF80646DFE7C0464A
:10AF9000ECE7061000E80610FFFF000094310020E7
:10AFA000383100200229000080B50BF098FD4142A5
:10AFB000484180BDF0B5A1B0042900D0DEE00746CD
:10AFC000FFF7F2FF6E4C6F4E012800D0A0E00BADF2
:10AFD0006D491422284611F070F810A83446002656
:10AFE00044223146F9F790FC012021462A4600F020
:10AFF00077FD00280FD004463846FEF7BFFD616894
:10B00000096A8B686149C97A49084A1C042100F021
:10B0100063FC10A90874042104973846FEF704FD68
:10B0200010A9097C012903D180880006800F06D170
:10B0300057480168833110A81022F9F755FC012008
:10B0400003900DF09DFF054610A812300290059662
:10B050004B4C002D34D0B7B2632F31D82878042858
:10B060000BD0022827D16868017D102921D1008AE0
:10B07000494988421DD103981CE06868017D102968
:10B0800019D1008AA04216D10498294600F0B0FDDB
:10B09000044602980090E2B202213223384600F0C2
:10B0A0002EFC0598012801D110A84474761C344C5C
:10B0B00001E00020059028460DF0C4FF0546C8E7D2
:10B0C000012109AA08AB049F38460BF0D2FC0028E6
:10B0D0001CD1B0B240002F4940188008133082B212
:10B0E00008A8017809A810AB0AF02FFD00280DD0A0
:10B0F000044606AD09A906222846F9F7F5FBAC710E
:10B100004220042107222B460DF078FA1D4E1C4CDC
:10B1100001200DF035FF0546002812D028780428BC
:10B120000BD16868017D102907D1008AA04204D1A3
:10B1300000223846294600F023FC28460DF082FF05
:10B14000E9E710AC10491422204610F0B6FF0120A8
:10B150003146224600F0C4FC00280FD00446384691
:10B16000FEF70CFD0949C97A6268126A926800927A
:10B1700049084B1C0421002200F0C1FB21B0F0BDA6
:10B1800002290000FFFF000000E8061094310020B3
:10B1900038310020FEFF0300052A0000F0B5D3B0CF
:10B1A00000250C950B950A950995412082000DAC60
:10B1B00020462946F9F7A8FB2571102044901690E7
:10B1C00009A80F902046F9F7ECFBDC34019401202C
:10B1D0000DF0D6FE06464EA80C300290484D002ECB
:10B1E00041D03078032839D04EAF3046394600F090
:10B1F00007F9387C102831D1708804A908804EA83E
:10B2000080893D49411805291CD33C49411804292E
:10B2100003D329210902884220D10DAF022404AAB8
:10B2200038462146A84738462146029AA8470020BA
:10B2300005AA314600F0A6F905984268018838460B
:10B24000A8470BE00DAC022704AA2046394600F0BF
:10B25000DBFC20463946029A00F0D6FC30460DF061
:10B26000F1FE0646BBE70198828C002A06D00DA8A5
:10B27000202101710146E031F9F7A0FB0DA84EAC89
:10B2800004AA2146F9F7ABFB05AD10260123284699
:10B29000214632460BF022FF1A4F39688331284687
:10B2A0003246F9F741FB002819D03868833005A9E8
:10B2B0001022F9F719FB03AD8220288000950024A5
:10B2C000114B204621462246FEF7F0FA4020288006
:10B2D00000950E4B204621462246FEF7E7FA3868D5
:10B2E0005C21425CFD23134043540B200BF090FD86
:10B2F000F7F78EFF53B0F0BDFFD6FFFF00D8FFFF7A
:10B3000009BC051038310020719B0510659B0510A4
:10B31000E0B50021009102200422074BFEF7C6FA97
:10B32000002801D0812800D18CBD0B200BF070FDCE
:10B33000F7F76EFF8CBDC0463DB30510B0B58AB0BF
:10B3400004468088400601D400254BE009A88021EE
:10B3500001802189009001200025244B2A46FEF718
:10B36000A5FAA18889073DD400283BD104AD204926
:10B370001422284610F0A1FE01201E492A4600F0A2
:10B38000AFFB002812D0054600F002FC00280DD0CB
:10B390000146208900F02CFC800712D4208900216E
:10B3A000012200F0BDFB054681281BD109A84021E0
:10B3B00001802189009001200022104BFEF776FACF
:10B3C0000FE00D48039001AA042050806888108087
:10B3D00003A8029061892089009202220123FEF7CE
:10B3E00017FE054628460AB0B0BDC046599B051059
:10B3F000ECE70610FFFF00000100FFFF719B051046
:10B4000080B510220A740278042A0DD87A44127981
:10B41000520097440A16120202004068031D1422CB
:10B4200008461946F9F760FA80BD0522D202406845
:10B43000007D012809D18A8180BD0520C002C01C81
:10B4400004E00520C002801C00E0501C888180BD03
:10B4500080B5017802220A43022A02D10DF006FECD
:10B4600080BD408880BDF8B51C4600920E46074658
:10B4700001220846394600F00FF820708625002882
:10B4800008D138463146009A00F07CF8862802D16F
:10B490000E2020702846F8BDF0B585B01546019104
:10B4A00001460478002702230E20032C1A463E464C
:10B4B00012D30BD0042C58D1486801788C07C907E7
:10B4C0008A0F002C00D54C32411C02E04868411C18
:10B4D0000278801C0E780778012D03D110461840A1
:10B4E000184642D00320032D02D1082111403CD040
:10B4F000042D02D10421114037D0052D02D1402165
:10B500000A4032D004A903AA02AB019C20460BF0EA
:10B510008AFA022802D1002F0FD125E0012D00D098
:10B52000FF08052D0BD104A80078022805D102A838
:10B530000078022814D1002013E00E2015E000202E
:10B54000002F12D003A90978FA0703D0032901D2EA
:10B5500005200AE07A0708D5022908D20F2004E066
:10B56000052001210F4000D1384605B0F0BD20462E
:10B5700031460BF0CEFAB62801D00020F5E70C20BA
:10B58000F3E70000F0B585B00D460978042911D81D
:10B590001446C0467944097949008F44020D4A692E
:10B5A0007E00734E306801467031C16668680BF0EA
:10B5B00007FE57E08626D3E06D4F386801467031AC
:10B5C000C1666B6801206E490026324600F0D6FA4B
:10B5D00001A90880002800D1ADE00DF0A9FCFFF71B
:10B5E00037FF02A9009108803868C06E01A90227C0
:10B5F0003A46F9F779F95E480068C06E801C0099F8
:10B600003A46F9F771F95A48006868270421C1538E
:10B6100069680A7C102A00D091E0C06E0C31001DD0
:10B620000222F9F761F952480068C15B891CC153D5
:10B6300085E04F4E306801467031C166696809780F
:10B640007022815469884A1C03A90A807130022241
:10B65000F9F74AF93068C16E6868001DC91C0BF023
:10B66000AFFDC01C3168682288526831216076E0E5
:10B6700069680A7D102A32D13F4A521C0B8A9342D4
:10B680002DD13B4801686831216000686821102293
:10B69000425201468331C16661E0696889690029C7
:10B6A00045D0334E31686831216069680A7D102ABF
:10B6B0003FD10A8A2F4B9A423BD13168682202243B
:10B6C0008C520A467032CA66294600F091FA04A9E3
:10B6D00008803068C06E2246F9F706F93FE0096A33
:10B6E000002924D0224E31686831216069680A7DC2
:10B6F000102A27D10A8A204B9A4223D13168682226
:10B7000001238B520A467032CA66FEF737FAFF28C9
:10B7100029D06968096A8B681849C97A49084A1C9E
:10B72000042100F0D9F831687022885417E084268B
:10B7300016E0886907E038686821002242526830C4
:10B7400020600DE0086A0178890701D5022100E038
:10B750000421415A806832686823D152D06600269D
:10B76000304605B0F0BD3068702100264654F7E73A
:10B770003831002002290000292B000094310020DC
:10B78000FFFF0000F0B589B017460D460646007869
:10B790007488042845D0032877D17168086A002886
:10B7A0007DD00A7D102A74D1098A494A914270D10C
:10B7B0000097012107AA08AB2846FEF704FD0028E0
:10B7C0006ED12888FEF7DAF907AA117807230B4013
:10B7D000059313707168096A8B683E49C97A4908F4
:10B7E0004A1C042104900392029300F075F8059A14
:10B7F00001461140814257D10298009004210498DB
:10B80000039B00F07CF87068006A0078C0073AD0AB
:10B810002E88284601F0A5F8024608A8008807A946
:10B820004CE071688869002839D00A7D102A30D12F
:10B83000098A264A91422CD10097022106AA08AB18
:10B840002846FEF7C0FC00282AD106A800880590EB
:10B850007088801E81B202200DF0A0FC002821D04B
:10B8600005998907890E406800780840884219D1F7
:10B8700006A802882888314600F082F8706880693E
:10B880000078C00712D100200AE00320387086201B
:10B8900006E021462A463B4600F047F800E08420B7
:10B8A00009B0F0BDFD20F1E71320EFE72E88284610
:10B8B00001F057F8024608A8008806A900900191F7
:10B8C0000220314623460CF0D9F8E9E702290000AE
:10B8D000292B00009431002010B54843C408A4B2BD
:10B8E000944201D9002010BD072210401A5DC240C9
:10B8F0002020411A0020C043C840104010BDB0B500
:10B900004843C408A4B29C420ED8049B0725284093
:10B910002025691A0025ED43CD402A40824085400C
:10B92000185DA84310431855B0BDFEB516460C4629
:10B93000054682688188009302AB3046FEF743FCDF
:10B94000002800D0FEBD2878810703D4A98802AA68
:10B95000118001E002996980C00701D10020FEBD7D
:10B960003788304600F0FDFF024602A80088A9682B
:10B97000009001910220394623460CF07FF8FEBD6D
:10B98000BCB514460D46FEF7F9F8696889698B88DD
:10B990008968009103210C4002212246FFF7AFFF86
:10B9A000BCBD000070B58AB0044605AD0DA11426DB
:10B9B0002846324610F081FB68460FA1324610F04F
:10B9C0007CFB204629460BF0CBFB002807D06946BC
:10B9D00020460BF0C5FB01464042484100E00120F3
:10B9E0000AB070BDFB349B5F800000800010000037
:10B9F0000028000010000000FB349B5F80000080E6
:10BA0000001000000128000010000000E0B501AAAD
:10BA1000C22111800189009201200022014BFDF713
:10BA200045FF8CBD719B0510F0B587B0054602AC93
:10BA300027491422204610F040FB0120254E3146B4
:10BA4000224600F04DF8002700283CD00146286827
:10BA50008288520637D52A79FE2313408624042B88
:10BA600032D00089012200F05BF881282BD02868B1
:10BA700081880A0625D480273943818028790228C5
:10BA800022D1288901281FD16889B0421CD1EA68D7
:10BA9000107C102818D190890F49884214D10120B8
:10BAA000314600F01DF800280ED001A80780296853
:10BAB0000989009001200024084B2246FDF7F6FE7C
:10BAC00002E0FFF7A3FF3C46204607B0F0BDC046AA
:10BAD00000E80610FFFF00002A2B0000659B051000
:10BAE000F0B585B014460D460DF04AFA0646002022
:10BAF000002E12D07188A9420FD86F4630463946C1
:10BB0000FFF77EFC204639460BF013FB002803D0DC
:10BB100030460DF097FAE9E7304605B0F0BD000079
:10BB200070B586B014460E46054601A81049142289
:10BB300010F0C3FA002E07D101200E4901AAFFF729
:10BB4000CFFF0646002810D02846FEF717F8716888
:10BB5000096A8B680849C97A49084A1C0421FFF719
:10BB6000BBFE204201D0002000E0812006B070BD65
:10BB700000E80610FFFF00009431002080B50DF0B2
:10BB800029FA002801D0408880BD002080BD000037
:10BB900070B58AB0054605A810A1142210F08DFAE0
:10BBA0002878FE2101400024022914D128460DF0F6
:10BBB00049FA054600280ED0287802280BD06E4698
:10BBC00028463146FFF71CFC05A831460BF0B1FAB8
:10BBD0000028EBD12C4620460AB070BDFB349B5F99
:10BBE000800000800010000002290000100000000A
:10BBF00010B50C46FDF7C2FF616889698B688A88B9
:10BC00000221FFF769FE10BDF0B585B003920C4626
:10BC100001210902411804910290E03001902004B2
:10BC200023D004980088102807D110220298019987
:10BC3000F8F7C4FE00200499088010210D1AA9B25B
:10BC4000A2B2914200D32546AFB202990818E03063
:10BC5000039E31463A46F8F747FE049908882818AB
:10BC60000880641BF6190396D9E705B0F0BD000003
:10BC7000FEB5044600F09CF80C25002825D01226BD
:10BC8000002C23D0207D401E01281FD8207C802836
:10BC90001ED010281AD1A089012188430321C9028E
:10BCA000884215D101200DF06BF9002810D00178E1
:10BCB000002907D141680A7C102A03D18989A28909
:10BCC0008A4202D00DF0BEF9EFE72E463046FEBDA7
:10BCD00000200DF04DFA002806D04168C98A0029DD
:10BCE00004D04088401804E0012002E00DF0EEF995
:10BCF000401C82B200263046314623460DF0C4F87F
:10BD0000002820D0F743E18A491E02910090019457
:10BD10007F1C217E8F4218D2E18A002904D0029A2A
:10BD200011043AD0521E0292351D401C019CE1695B
:10BD30008B5982B2012000210DF0A6F800282E4672
:10BD4000E6D187262EE08726C0E7184800685C21E8
:10BD5000425C0223134343540A200BF059F8F7F7CF
:10BD600057FA606A00260028B0D02020205C002806
:10BD7000ACD021462031029100252F460195854205
:10BD800000990CD2606AC01900F022F8002808D18E
:10BD90002437029800786D1CF1E7122602E0019E1C
:10BDA00094E70646009800F0A3F88FE738310020AA
:10BDB00010B5FEF7C3FA0024002806D1FEF7ACFA4E
:10BDC000002802D1FEF7D2FA0124204610BD00005F
:10BDD000FEB50E460446FFF7EBFF002866D012259D
:10BDE000002C64D0207D802813D010285FD1208AB9
:10BDF0003C4988420DD1206A002858D082883A49AF
:10BE0000C97A4908491C8A4251D380680021F8F751
:10BE10007BFDA0782421084203D06078C01F092848
:10BE200045D830460DF084F8002840D0064600780A
:10BE300000283CD1207E811C304600F083F8054666
:10BE4000002834D13046FFF703FB05460DF070F8AB
:10BE50000146681C86B202273846324623460DF05A
:10BE600013F8B04225D130460DF062F80146A81C07
:10BE700082B2032023460DF007F8002829D001974D
:10BE80000296E069002816D0207E002813D00026F4
:10BE9000374687420FD2E0698019029900F06CF8AA
:10BEA000002818D11C36207E7F1CF2E70C2528467E
:10BEB000FEBD8725FBE70D4800685C21425C019BC5
:10BEC0001A4342540A200AF0A3FFF7F7A1F900250C
:10BED000EDE7872501E00546029E304600F0D4F8E4
:10BEE000E5E7C046292B00009431002038310020BE
:10BEF00010B50446FFF75CFF00280AD020460DF07D
:10BF000017F801461220002902D00A78002A02D030
:10BF100010BD0C2010BD08460DF0A8F801462046C3
:10BF20000DF0E4F8064800685C21425C02231343EC
:10BF300043540A200AF06CFFF7F76AF9002010BD9D
:10BF400038310020B0B50D460446FFF781FA61682C
:10BF5000C98A002908D0C04308186188401880B2F7
:10BF6000A84206D30020B0BD00200DF001F9A04288
:10BF7000F8D00C20B0BD0000F8B50E460446FFF71F
:10BF800017FF002875D01225002C73D0207D802843
:10BF900001D010286ED1102808D1218A292212023E
:10BFA000921C914202D1A169002963D0A178242278
:10BFB000114203D06278D21F092A5BD8102815D10C
:10BFC000208A2F4A8218052A10D801239340312253
:10BFD00013420BD02278012A4CD100294AD12921C1
:10BFE0000902884202D1A069002843D030460CF0F3
:10BFF0009FFF00283ED00746007802283AD100254E
:10C00000284631460DF0CAF8002835D02E460121C9
:10C01000FFF798FF054600282CD13846FFF718FA9D
:10C0200005460CF085FF01466D1CAAB2042023468C
:10C030000CF02AFF854221D1207D10280BD1208AC7
:10C0400029210902891C884205D1A069828880685B
:10C050000021F8F759FC0B4800685C21425C022380
:10C06000134343540A200AF0D3FEF7F7D1F83546BC
:10C0700000E00C252846F8BD8625FBE78725F9E773
:10C0800000D7FFFF3831002010B50446FFF790FEBF
:10C0900000281ED020460CF04BFF0146122000293C
:10C0A00016D00A78022A13D108460CF0DFFF0146A9
:10C0B00020460DF01BF8084800685C21425C022312
:10C0C000134343540A200AF0A3FEF7F7A1F8002017
:10C0D00010BD0C2010BDC04638310020F0B585B031
:10C0E00004911224002839D01D4616460746022B1B
:10C0F0000AD3022E32D0002104223846FFF710FD69
:10C10000812801D10C2429E00A98022E039002957F
:10C1100001960FD26D1C06466D1E17D03288083668
:10C1200010233846049900F01DF804460398002CAB
:10C13000F2D013E0022E11D1028820233846049950
:10C1400000F010F804460398002C07D10090384600
:10C150000499019A029BFDF75BFF0446204605B057
:10C16000F0BD0000F8B51D4616460446FDF75CFC20
:10C170001227002824D001461B4800685C22825CFC
:10C18000812092072CD48988490629D4701E80B258
:10C190000CF0CEFE01460028384621D048680078D1
:10C1A00028421ED00846FFF7F3FC00280AD00646B6
:10C1B00003222146FFF770F9002805D0C020F8BD02
:10C1C0003846F8BD8620F8BD102D01D0022500E0CC
:10C1D000012520463146FFF70BFD054201D0002026
:10C1E000F8BD0C20F8BDC046383100201CB5059CB8
:10C1F0000194049C0094FEF70BF81CBD80B5034627
:10C20000012002490022FFF7B9FC80BDFFFF0000BA
:10C2100080B50346012002490222FFF7AFFC80BD32
:10C22000FFFF0000F0B585B004468778781E032133
:10C23000049108430930800883B2207A0390208853
:10C24000029011480068806902253E222946FBF7CA
:10C25000F3FD002814D00646009701940498039A31
:10C260000240301D002702993B46FCF766FB357102
:10C2700028463146FBF77DFE2046FBF705FC00E033
:10C280000727384605B0F0BD30310020B0B5044670
:10C29000018802200CF030F90546002802D1204622
:10C2A000FBF7F2FB2846B0BDF8B5174908680D4604
:10C2B00024210024445425301122144F2146B8472C
:10C2C00028683630FF2605223146B84729683B20CA
:10C2D0001F230B540122550308463B308552C3727D
:10C2E0004731072208462146B847074D28684E3097
:10C2F00008223146B847064800683521445428686A
:10C3000004490162C465F8BD803100200949051067
:10C310002C310020BEFDFFFF10B53621054A3E2915
:10C3200006D04318363B1B7814686354491CF6E763
:10C33000002010BD8031002010B54621054A4E294D
:10C3400006D04318463B1B7814686354491CF6E733
:10C35000002010BD80310020054A12683523D35CCF
:10C36000034201D00C207047353211700020704715
:10C370002C310020034909683522895C0840411EA0
:10C38000884170472C310020F8B50024204600F089
:10C39000ABFE054601222F4B274600921868342138
:10C3A000405C84424FD22C20285CFE2101400229AF
:10C3B0003DD119200601A85B80060CD5698F0020AD
:10C3C00004F096FC3A28009A10462ED0A81901884D
:10C3D000202291430180284603F04FFB0028009A59
:10C3E000104622D1284607F0E9FF009A002810469F
:10C3F0001BD1E6B2304603F0FEFC009A002810463E
:10C4000013D1304603F0FBFC009A002810460CD1F3
:10C41000284603F05AFF009A0028104605D13046FE
:10C4200004F06DFE009A411E88410A4B00E0002096
:10C43000411E88413906174600D107463320C00007
:10C440002D18641CAAE7380603D0122001210AF037
:10C45000F1FCF8BD2C31002000207047F0B58FB002
:10C460000292074607A8019010250C4E2A46B047B5
:10C470000BAC204639462A46B04703AF0026019848
:10C4800021463A4633460AF0D9FF029839462A46F1
:10C49000024B984730460FB0F0BDC046E948051042
:10C4A000B0B50C46054601F08BF8FF2805D00020FA
:10C4B0002946224604F0C3FAB0BD0220B0BD10B533
:10C4C000044601F07DF8FF2805D081200022214696
:10C4D00004F0B5FA10BD022010BD0000F0B589B01F
:10C4E000009316460F460446012002252946FFF711
:10C4F00033FF002806D101A80470200912240E2859
:10C5000002D9204609B0F0BDF2F79FFC002801D106
:10C51000F8075CD101A84780F80604D4F8070ED1CB
:10C520003807EED411E0132F13D008203A46824387
:10C53000152A0AD038462843122806D0E1E73D40A4
:10C5400008203A4602405019DBD1B80601D5B80799
:10C55000D7D1274601AC201D314605F003FE083433
:10C560002046009905F0FEFD0298202801D23846A9
:10C57000C8E7039920293A4627D3884225D80E9840
:10C5800001A90873400720D00F9801AC607300F038
:10C59000ABF8617B8142EAD8109801A98873012821
:10C5A000E5D8129C119901AD28460F300622F8F704
:10C5B0009BF96C75032CDAD8149C1B9D13987F286B
:10C5C00007D11F480068407A05E010469AE711201D
:10C5D00098E7F8F72DFA01AEB075F8F73AFA287037
:10C5E000F475FD212140112001298BD11699159A4E
:10C5F00001AB99765A76002984D0032982D81A98FB
:10C60000199901AAD07611760429B0D80428AED899
:10C6100001A8012C03D0408810210140A7D1179810
:10C6200001A908770F28A2D8189801A948770128EE
:10C63000384600D966E701A806F036F862E7C0463A
:10C640008031002080B505F0F3FF80BDFEB51446B3
:10C650000D46064601200221FFF77EFE00280BD181
:10C660001221012E07D81F48807EA84203D3002E36
:10C6700004D0002D02D10846C0B2FEBD01910027B2
:10C6800030462843394607D10022009230462946D9
:10C69000134605F063FE0146FBB2AB420846EBD2FF
:10C6A0000297062108465843225C17090E2F16D818
:10C6B0005B1CDFB2AF4204D24F43E75D9742F7D134
:10C6C0000DE020184388007900903046294605F097
:10C6D00045FE029F7F1C00210028DDD0CCE7019899
:10C6E000CAE7C046943100200120704780B503F0AE
:10C6F00075F880BDE0B5022801D3FF280DD10022D6
:10C7000000926B4618700192581C0622F8F7ECF85C
:10C710000199009803F07CF88CBD12208CBD00209C
:10C7200070470020704780B504F0F1FC80BD10B563
:10C73000029C24042018120251181A04891804F0CB
:10C740000BFD10BD0120704700207047012070478D
:10C7500000207047F0B587B001890491C188059128
:10C760008488468807880020069006A9384600F08D
:10C770009FF8054600285AD10396029406988078BF
:10C78000C00751D10024102220463946FBF75AF940
:10C7900000284BD007462A48039A911F89B21225D8
:10C7A00081423DD2029E062E3AD3801D864237D268
:10C7B000B24235D8059A91087C2931D8511C714371
:10C7C000049B9A0091422BD80A2B29D3834227D26B
:10C7D000019478681221017278680699097941728A
:10C7E00006210825174C38462A46A04738462946D0
:10C7F000039AA0470A21384632462546A0470C2412
:10C8000038462146059AA8470E213846049AA8477B
:10C810007C800520394600F0CFF900280AD0812518
:10C820003846FBF731F902E00C2500E08825284660
:10C8300007B0F0BD0699122000F04FF8019DF6E711
:10C840007B0C0000F37A051070B50B49C97A1422ED
:10C850004A43143209490B6800210D460C46143432
:10C86000A24206D0DE6A755B85422546F7D13119B2
:10C870001439084670BDC04694310020783100203C
:10C88000B0B50949CA7A09490B68002421468A4291
:10C8900006D0DD6A2D5B854203D01434491CF6E7CF
:10C8A0001146C8B2B0BDC046943100207831002096
:10C8B000B0B50C460546FFF7C7FF014620600220D1
:10C8C000002D09D0002907D00879002803D08978E5
:10C8D0000620084000D00C20B0BD88710879C871CE
:10C8E0008878062202438A7070479071517190785F
:10C8F0000421014391707047F8B504461420604349
:10C90000144B1B68DD6A2D18A87846078120002E7D
:10C910001FD5AE79761C8E4201D0012919D1E97953
:10C92000914216D1AE1CAF1DE81D0090184621465D
:10C930000AF0E1FA00203870009908703178FB2283
:10C940000A40327029794A1CD1B2914200D00121AB
:10C950002971F8BD7831002080B50846FBF794F8BE
:10C9600080BD80B50221FBF7B4F880BDF0B585B07D
:10C970001E4604920D460746FFF766FF00280FD0BB
:10C980000446039640791226A8420AD10499022946
:10C9900007D8A078800707D4012907D0042006E033
:10C9A0000226304605B0F0BD0C26FAE70220002929
:10C9B00000D108460290821D002630463946019279
:10C9C000FBF740F8002827D0074640680121017294
:10C9D000786845720298801C82B206213846FBF7BF
:10C9E00088F808213846049D2A46FBF782F8002D76
:10C9F00005D00A213846029A039BFBF783F8019879
:10CA000078800520394600F0D7F8002806D038464F
:10CA1000FBF73AF88126C4E78826C2E7A671A0781A
:10CA2000FB210140A170BCE770B5044622201049EB
:10CA3000085CA0421BD90F4D296830200A5C521CAB
:10CA40000A543422544330314868001983781B0754
:10CA500005D5C378112B02D34B785B1E4B704689EA
:10CA60000021F7F751FF2868406B0019468170BD1F
:10CA70009431002078310020FEB50C460546222076
:10CA800012490290085C00270326114B0195C1B2A0
:10CA90008F4219D21968496B8A19D21E1288AA428C
:10CAA0000FD1FF2C02D0895DA1420AD1F8B22546F0
:10CAB0001C46FFF7B9FF23462C46019D0298034907
:10CAC000085C34367F1CE2E7FEBDC046943100208E
:10CAD0007831002000207047002070477047704771
:10CAE000002070477047704780B5406901490AF0DF
:10CAF000C6FA80BDF9CA051080B50349C97A8142DA
:10CB000001D300F077FA80BD94310020F8B50546D6
:10CB10000120682108F000FB234F3860234EF07A93
:10CB20001424214608F0F8FA01463868C162012D44
:10CB300010D15C300AF05EFB2225705D342108F0D4
:10CB4000EBFA39684863705D4000102108F0E4FAA0
:10CB500039688864F07A411C154D0122284608F096
:10CB6000C9FA39680862F17A0222284608F0C2FA46
:10CB70003D686862F17A0F4A072328460AF0A6F951
:10CB8000386817210185318C172901D28620F8BD1C
:10CB90004185F17A4C43C06A00212246F7F7B4FE82
:10CBA000FFF79AFFF8BDC04678310020943100208D
:10CBB00090310020E9CA0510FEB50C46011F06465B
:10CBC000022921D86288002520462946FAF791FFDC
:10CBD0000227204639463246FAF78BFF2582E58147
:10CBE000257360686061A0616088001D6080207AA4
:10CBF000384320722046FAF7A5FE002814D060883A
:10CC0000001F608081250FE0A0253F280CD0203830
:10CC10005F2809D801A886802221044A515C8171CD
:10CC20000194FFF75DFF05462846FEBD94310020C4
:10CC3000F0B5C3B004460088FFF706FE00287CD09C
:10CC40000546207A0327074028692A460C32022F1E
:10CC5000039208D100282FD011888426042954D3A8
:10CC60000121029131E000284AD06688002E26D0AA
:10CC70000021019104A8029020463246029BFAF757
:10CC80001FFF2869406800902046FAF744FF0146DC
:10CC9000009808F0D4FBA98928693246029BFAF76C
:10CCA00031FFA8898019A88181B22869FAF7F5FEB9
:10CCB000039A0198608002E02C616088A881108846
:10CCC00004281BD328690026029600210191FAF757
:10CCD00000FF001D81B2AA898A4216D812D12969A3
:10CCE0004880012000F032F800282DD028698426E1
:10CCF000A04226D10198A881286122E0002618E0F0
:10CD0000002602E00298002813D0A87810210143E1
:10CD1000A9704220012102222B460BF06FFC2869EA
:10CD2000002806D0FAF7B0FE002028610399002001
:10CD30000880002E05D1012F03D12046FAF7A4FE6A
:10CD40000026304643B0F0BD0198EEE7BCB50C4676
:10CD500005464888001F48800846FFF702FE011F6D
:10CD600002290CD806281AD005281DD0042811D174
:10CD70000420A08128462146FCF71CFE18E03F282D
:10CD800008D020385F2805D86846057001940CF05B
:10CD9000FBFD0DE028462146FFF7DEFD0EE02846AC
:10CDA000214609F0E1FD03E02846214600F008F89D
:10CDB000002803D06188091D6180BCBD0020BCBD76
:10CDC000F0B585B00C4606460F883846FFF758FD8B
:10CDD00005468048C17A8D4206D2142068437E4AB7
:10CDE0001268D26A101802906268107A0023012E2D
:10CDF0001CD0002E3CD11E468D4212D219280BD8D1
:10CE0000012181407948014206D07348006801221F
:10CE1000774B29460AF0A5F8029A9078FD21014047
:10CE200091702046FAF730FE3046D0E08D4200D3B4
:10CE3000C8E0567A13281DD8012100918140674A25
:10CE4000114217D0012821D01421634A1268D26AF6
:10CE500013283ED0122800D0B4E00193084668435E
:10CE600010188378DF0766D14671208800229DE084
:10CE70001846ACE001930CF085FD002800D191E04C
:10CE800003A8057103940CF07BFD93E0012728466D
:10CE9000394632460193FFF72FFD019B002800D051
:10CEA00090E026884E480068806942215222032380
:10CEB000FAF7C2FF019B002800D183E00546314606
:10CEC000061D30462246FBF761FBF8020A300821B6
:10CED00058E0694350188078C00773D11321284661
:10CEE00032460193FFF708FD019B00286AD1082113
:10CEF0002046FAF7EEFD019B06463A4800684F21AE
:10CF0000405C80075ED527883548006880694221EB
:10CF10004C220323FAF790FF019B002852D00546CC
:10CF200006738772300A6873380AE8722E1D0098FB
:10CF3000C002062126E05807019B43D469435218DA
:10CF400012203146FFF7D1FC019B264800684F2193
:10CF5000405CC00736D0278821480068806942219C
:10CF60004D220523FAF768FF019B00282AD00546C9
:10CF7000061D304639462246FBF7C0FA0098C0022B
:10CF8000801C0F21FF22727082223270020A6A72A4
:10CF900028720020E871A97142202946FAF7E9FFBA
:10CFA000019B0FE002984671002238463146134635
:10CFB000FFF7DCFC019B122809D8012181400A4AB5
:10CFC000114204D020461C46FAF75EFD204605B00B
:10CFD000F0BDC046943100207831002002000C00E2
:10CFE0003031002080310020050004004000940210
:10CFF0003075000070B514244443144D1448006883
:10D000004F21405C000713D52868C06A065B1148B1
:10D0100000688069062202210B46FAF70DFF0028FE
:10D0200006D001460C4848600E810220FAF7A1FFA5
:10D030002868C06A011900228A718A78F92313408E
:10D040008B70005BFF21FFF717FD70BD783100206A
:10D050008031002030310020C5850610B0B50C4667
:10D0600005460020FFF7F0FB002805D00121818054
:10D070000580614261418170B0BD0000F8B5044691
:10D08000FFF7FEFB05461048C07A85421BD20F4EC3
:10D090003068294609F02FFF14276F433068C06AB3
:10D0A0000025C553C0190069002809D0FAF7ECFC27
:10D0B0003068C06AC01905613068C06AC0198581CE
:10D0C0002046FFF70CFDF8BD943100207831002098
:10D0D000704770470348006894214058C06B00684F
:10D0E0007047C046803100203321C90041430448C5
:10D0F000006894228058C06B406840187047C04652
:10D100008031002010B5014600200D4A914215D013
:10D110000C4A12683423D25C521C0B4B1B689424BB
:10D120001B59DB6B5B68521E08D03324E4001C19CA
:10D130005B8F8B422346F6D10448201810BDC046B1
:10D14000FFFF00002C3100208031002068FEFFFF2F
:10D1500010B50446F1F771FE012809D10E20604395
:10D160000449096894228958C96B8968081810BD58
:10D17000002010BD80310020FEB53E4C2068942573
:10D180004059C06B02683220002616543A48406964
:10D19000010C192901D3192000041060029250607B
:10D1A00000F0BAFA20684059C06B0768FFF7B7FA79
:10D1B000012801D01B2000E0FB203882FFF7AFFAE6
:10D1C00004462920C0000090A9200501F1F735FE92
:10D1D000012C019507D10128284D009C0CD0284D29
:10D1E000FFF73AF905E00128009C05D0FFF734F974
:10D1F0002546012800D108357D82FFF790FA0128E5
:10D2000001D01B2000E0FB20B882FFF788FA05461A
:10D21000F1F713FE012D07D10128019D17490DD00B
:10D22000FFF71AF9164906E00128019D294605D0A5
:10D23000FFF712F92146012800D108317C831B2019
:10D240003883FD81BC817C813881F98201F030FB1B
:10D25000F1F766FF029802F0F1FB0A4C20683421D6
:10D26000415CF0B2884203D200F00EF8761CF5E77C
:10D27000FEBDC04680310020943100209042000065
:10D28000480800002C31002010B53321C90041436B
:10D290001C4A12689423D258D26B526854182E211B
:10D2A0001F226254802100226250302160548C2160
:10D2B0006250E32162544121FF2363542F2107234D
:10D2C0006354A285012121850F4961871921090431
:10D2D000A165E1652166214690311B224A80902399
:10D2E000E2520A4A0A4B4B608A602922D2008A81A4
:10D2F00001F024FB204602F0B6FB7834204609F00A
:10D3000079FF10BD80310020FFFF000048011B00A5
:10D310001B004801F0B589B0012B00D0A2E000ABA2
:10D3200007C30F990E98039029204F4C205C421E92
:10D3300090410843E17F089107F018FA0690E67AD9
:10D34000049601271821494C3846A0472346484CEB
:10D35000216894254959C86338213846984721687F
:10D360004959C96B08603320C400304621463F4A02
:10D3700090473F4909684959C96B486008988740F8
:10D3800001F0CCFAF8B20821384A904738490968C8
:10D3900008954959C96B0968242200268E540862F1
:10D3A00024314F700594049844430794069D089CCB
:10D3B0000798B0421BD001273846294607F0ACFE3B
:10D3C0002B4909680959C96B496889198422885011
:10D3D0003846294607F0A0FE254909680959C96B56
:10D3E000496889198822885005983618E0E700981E
:10D3F0000128049C09D10E21204607F08DFE1C490E
:10D400000968089A8958C96B88600198012809D170
:10D410000821204607F080FE15490968089A8958B6
:10D42000C96BC860029801280FD12021204607F05F
:10D4300073FE0F4D2968089A8958C96B086101204D
:10D44000112107F069FE296848660398012809D16F
:10D450001C21204607F060FE05490968089A895892
:10D46000C96B486109B0F0BD943100201951061014
:10D4700080310020882140580188024A0A400280F9
:10D480007047C046FFFE00008421405801880122F9
:10D490009143018070478821405801888022914340
:10D4A00001807047FEB50C468021415C49060CD4D2
:10D4B0008030218A6288521A93B2458AAB4209D9D8
:10D4C000207AF7220240227201E0218A257B102077
:10D4D000019005E0E069431E984100010190154666
:10D4E000002902D1207A800701D4012000E0022027
:10D4F00002900E4800688C27C059001DE28951181F
:10D500001F260E40A9198AB2A16907F066FF606163
:10D510002573064B1868C05930180199029A1143B7
:10D5200081701868C0593018C570FEBD8031002068
:10D53000F8B505462C20285C012403283DD1288F0E
:10D5400000283AD02846F8F7A3FB2946283188421C
:10D5500033D12F462C375420385C0006800F2CD155
:10D560002846E3300078800727D42846FA30008820
:10D57000002822D138790124214601F033FC0646E7
:10D580003879002101F02EFC304302D1288F441C51
:10D5900013E0C920400028180188C9070DD0F98A76
:10D5A0004088401A81B2022907D3441EA1B2288FB5
:10D5B000401C82B2914200D30446A0B2F8BD0000E4
:10D5C000F8B50446FF250A4884420FD00026094FCB
:10D5D00038683421415CF0B2884207D2FFF784FDFD
:10D5E000408FA04201D0761CF2E73546E8B2F8BD84
:10D5F000FFFF00002C310020890040188421405892
:10D60000801C7047002901D0022100E00321802204
:10D610008258CA4001201040704784214058018838
:10D62000012008407047882140580088C005C00F7D
:10D630007047882140580088C0B2C00970478821CF
:10D64000405801880320084070470000FEB5074697
:10D650004124005DF8F7A2FD0546385DF8F78DFD21
:10D6600092236C1EE1B2029792377025032605299A
:10D6700032460195294605D861B28A001949895870
:10D68000194CA258029CE35A7C88401EC5B2052D55
:10D6900006D840B28000134D2D580195124D2E58DA
:10D6A0009340581800024721CD0040190F49E2F776
:10D6B000BFFD0090B44001982018000240190B49AA
:10D6C000E2F7B6FD0646FC8807F0A4F800990818B2
:10D6D000B1B28C4200D821464018CD300299C866BC
:10D6E000FEBDC0462CE8061014E8061071020000CA
:10D6F000F8B50A460146074800689423C058C06B35
:10D70000006802AB019303AB00932030012309F0C2
:10D7100013FE8FBD8031002080B50548006894213C
:10D720004058C06B0068203009F085FE80BDC046BF
:10D7300080310020F8B50A46014607480068942366
:10D74000C058C06B006802AB019303AB009320305C
:10D75000012309F034FE8FBD80310020BFB50C4697
:10D760000546FFF7B7FC3221405C002801D00020BD
:10D7700011E00A48006894214058C06B0168086AAB
:10D78000496A03AA012300930192FE2295432A4687
:10D79000234609F06DFD04B0B0BDC04680310020C5
:10D7A00070B50D4604461A4800682C21405CC0073D
:10D7B000C10E01D111220AE0164800683D22825CA8
:10D7C000920624D53D30C07A800720D51F224E20F6
:10D7D000C0434140104800684069CEB2032331463F
:10D7E000FAF72AFB002812D0014684720020087341
:10D7F0004D7208721220C871062088713E2048714F
:10D8000004200871200AC8723046FAF7B2FB70BDD6
:10D810002C3100208031002030310020F0B58DB057
:10D820000446954800682C21405CC007C50E6F2057
:10D83000C6436E4002F083F8904909683D228B5C34
:10D84000202213403D31002866D0002B00D110E18A
:10D85000887BC00763D0002D00D11222A08A0C90D3
:10D86000A77DE07D0890608A0B90208A0990A089AE
:10D870000A902068059060680790A0680690207E56
:10D880000390607E0490E589A07E02907C48006849
:10D890000069F1B20A23FAF7CFFA002800D1E8E0D4
:10D8A0000446019707461F37457203982073049872
:10D8B000E07202982072280AA07220460D300625D8
:10D8C00005992A466F4B98472046133006992A46F9
:10D8D0006C4B98476B4B2046193007992A4698475E
:10D8E0002120099921542520089A225420462130CC
:10D8F000090A41700A99080A787039700B99080A68
:10D90000787139710C99080A787239720198F87136
:10D91000201D29212222A2E0002B00D1A9E0887A33
:10D92000800745D4487AC00700D1A2E0082005430B
:10D93000E07D0C90608A0B90208A0990A0890A9063
:10D9400020680890207E0690607E0790E789A07E80
:10D9500005904B4800680069F1B206232A46FAF7A1
:10D960006BFA002800D184E004460546133547725F
:10D97000069820730798E07205982072380AA07202
:10D9800020460D3006220899F6F7AEFF0999080ADD
:10D99000A07561750A99080A687029700B99080AC0
:10D9A000687129710C986076201D0121132256E0C0
:10D9B000002D01D01C2200E00D22E07D0A90678A34
:10D9C000208A0B90A0890C902068079060680990CD
:10D9D000A0680890207E0590607E0690E589A07E74
:10D9E0000490274800680069F1B20923FAF724FA85
:10D9F00000283ED00446039707461F374572059816
:10DA000020730698E07204982072280AA0722046BB
:10DA10000D30062507992A461A4B984720461330A1
:10DA200008992A46174B9847164B204619300999F2
:10DA30002A46984721200B9A225425200A992154DE
:10DA4000201D21462131120A4A700C9A110A797060
:10DA50003A70039A110A79713A710A211F2204233C
:10DA600023713E234370E171A271F0B22146FAF7AF
:10DA700080FA0DB0F0BDC0462C310020803100206E
:10DA800030310020E9480510B0B50D460446124873
:10DA900000683D21415C89061CD53D30C07A0007F5
:10DAA00018D50E4800684069A1212C220223FAF7FC
:10DAB000C3F900280ED00146047285721420C87183
:10DAC000042088713E224A710871200A4872A12000
:10DAD000FAF74FFAB0BDC046803100203031002047
:10DAE00010B5A823C150C9214900435A20241C4322
:10DAF00044524018428010BD10B5A423C150C92122
:10DB00004900435A08241C4344524018428010BD27
:10DB1000882140580188012212020A43028070477E
:10DB200088228058002907D0012903D001881022BB
:10DB30000A430280082100E0102102880A43028083
:10DB4000704788228058002907D0012903D0018816
:10DB500040220A430280202100E0402102880A433B
:10DB60000280704788214058018880220A43028041
:10DB7000704788214058018804220A430280704778
:10DB800080B588228058028803239A430280194076
:10DB900002880A430280152009F03AF9F5F738FBAC
:10DBA00080BD10467047B0B504463225FFF792FAA3
:10DBB00044550020B0BD0000F0B587B00446007E9B
:10DBC000617E09020E18721E082A00D30822A07E68
:10DBD0000490E07E0390607D0121274F0191B847BA
:10DBE0000546A07DE17D0902081800210691324614
:10DBF000B8473346029606462E431920C201062135
:10DC000018460592B8473B4605463543039800023F
:10DC100004994718FF22F432384606999847064679
:10DC20002E43781C02994843800881B20A2900D803
:10DC30000A21207F627F12021018059A0E4DA84714
:10DC400006432320215C1F20084005211022A847FD
:10DC5000304301D006980CE0204622300078C00600
:10DC600006D11E202228F5D0215C401C0029F9D0C5
:10DC7000019807B0F0BDC046AD430610FEB504469E
:10DC8000C9204200A05AC30725462C35002B7FD05F
:10DC9000A6187288511A0B0404D008B2002877D550
:10DCA0002820FEBD41050FD4010716D4800638D4C4
:10DCB0002879F1F71EFA00285FD028790121002287
:10DCC000134603F01BFA58E028791146FFF700FAD3
:10DCD00030883249014031804FE0606CAF6F796825
:10DCE00040186064B9683A68287802280291019265
:10DCF00028D1687DF8F752FA042801D0062800D10F
:10DD00000220029B796999420A4600D31A4622658D
:10DD100080002018816501984008616C08186064D3
:10DD20001AE02746E237E96F687DF8F78FFA38780E
:10DD3000012804D1E96FBC34204601F071FC308821
:10DD4000202118E0FFF7C6F9029B01996163406842
:10DD5000984200D318462065F86820873869E16C3E
:10DD60000A186266A066994203D0E364204601F077
:10DD70007AFE3088082188433080308802210143B0
:10DD8000012081433180152009F042F8F5F740FA6F
:10DD90002879F1F7DDF90020FEBDC046FFFB000049
:10DDA000426E511A4166491E01D4002070478021FD
:10DDB000405C800601D5082070473E20704780B542
:10DDC000FFF792F92C210022425480BD10B50C4679
:10DDD0000146020A12200E2A11D81A2C0FD801224D
:10DDE000A240084B1A420AD00846FFF78BF90028D8
:10DDF00006D0112109014018214600F0A5FF10BDF1
:10DE0000022010BD2000080410B504462D20215426
:10DE10002D34207D06F090FF207D06F0DFFF10BD41
:10DE2000F0B5ABB00746C07AFFF75EF90646FFF7DC
:10DE300051F91E903D682220295C1F221692114044
:10DE40002954687D1090A87B1F90E87B1890287C4F
:10DE50001A90687C1C90A87C1790E87C1290287D12
:10DE60001590A87D0A90E87D0E90287E1490687E1B
:10DE70000F90A87E1190E87E0C90287F1390687F09
:10DE80000B9028781B90284622304478B87BF8F70E
:10DE900085F9209005F0DCFF0D90422000223252DF
:10DEA0002D203254F0203250EC203254E4207F21D7
:10DEB00031542F2007213154099416980440312001
:10DEC000199434542197B87B41217054F87A302149
:10DED00070548820305802608420305802608020BE
:10DEE000089032503746F0371D927A60012434850D
:10DEF0000F98000214994018149080B203210F91DA
:10DF0000890241434002F0640B980002139A801882
:10DF1000139080B200037166B066129800021799E0
:10DF20004018159909044018159070650C98000266
:10DF3000119940181190308706F026FC219BED21A5
:10DF40000C94745470871920000130181790189899
:10DF500000021F9940181A99090440181C990906D3
:10DF60004018189030462C301F903246E2321E3551
:10DF70001A950D980128129206D1187C012803D118
:10DF800020201B99084004D1187BFE210140022962
:10DF90001BD101201070987B1A9C2146F8F756F986
:10DFA0003546BC352846214601F03AFB1F98407D96
:10DFB0000022009218990191029229461992134663
:10DFC00001F049FB219B1D9001E01D981070344623
:10DFD00090349F20B877F948B883F9487883179A26
:10DFE0001088202188431080D87AF1F7A1F82920E1
:10DFF000C500A9200701FEF792FB0128209916D140
:10E000001E9800891B280DD1042907D11E98C089AC
:10E01000B84207D11B20A08020800EE01E98808986
:10E02000A84204D0179B1888089A104318801B2018
:10E03000A0802080042900D02F460E980502278159
:10E04000E780A7811B2060816080678227821E9FF6
:10E05000F88A1C94E081219CE07A02F035F9E07A9C
:10E0600003F03AF8E07A01F0C8FE3846314601F094
:10E07000EFFCE07A03F034F8E07A01F062FC30461D
:10E0800002F0A0FE11200001301800F06DFE209873
:10E09000F8F777FA217BCB4A12681768032904D076
:10E0A00002290BD1381A3E3812E00E21209C20465E
:10E0B00006F05AF9381A3E38219F0BE02199497B26
:10E0C000381A002901D0903002E08121490040181F
:10E0D000219F209C1B9B0A995A066918042C0F9DAE
:10E0E00007D03D7BFE232B40022B0C9D00D11D460B
:10E0F0001B9BDB090D93D20F0E9269184D02291854
:10E100003B68787B00282BD00C911B93099844091D
:10E1100006F046F907461794204601F0B7FC0321A4
:10E120001F9A1170109949027163C0197085F16CC2
:10E130001E9A5268914200D31146316580B2294639
:10E1400006F009F90D304100726B8A181B9B9B1C6D
:10E1500002210F910E991E91219F1C9C0C9D1AE08B
:10E160000D4602211F98017000207085042C00D0FC
:10E17000214689007118896DF26C8A4200D30A46E3
:10E180003265109909026D18083385210F910D9998
:10E190001E9117901C9C7564B06422A80021818098
:10E1A0001B912291874800683D21415C89061092AD
:10E1B00006D53D30817BC90704D1807A800701D420
:10E1C0001E9F38E0786801681D46FE230B4022AA96
:10E1D000022B00D01546C9B21E91797B00290CD0C4
:10E1E00022A90D9A002A16D039684A7BC023134011
:10E1F00022AA402B0ED011460DE022A90E9A002A29
:10E2000009D03A68D179C0230B4022A9402B02D112
:10E21000911C00E00831BA7A24AB9A753A899A8247
:10E22000259526911E9AFE2A03D003210A401746FF
:10E2300000E00127431C1B9D65620120384024211A
:10E240006054A56220462430401C062219461C4614
:10E25000F6F74AFB24A8857607761799C1751399B6
:10E2600041821199018214998181718FC181219F0D
:10E27000797B41762494FFF7D1FAF87B002803D00C
:10E28000B97A708FFFF78CFA12980178708FFFF7C8
:10E29000FBFB1C99486A896AFFF72AFA7C7BBF7BE3
:10E2A0003846F7F78CFF1E903846F7F79DFF384643
:10E2B000209D2946F8F717F938462946F8F7A7F8B8
:10E2C00038461A99F7F7C2FF38461899F7F7ACFFA6
:10E2D00038461D99F8F731F938461999F8F70EF8CC
:10E2E00038461599F7F7E3FF38463146F8F7E9F86D
:10E2F0003546143538462946F8F777F838461E99DA
:10E30000F8F706F9FEF7A8F8002802D13846F7F723
:10E3100011FE3846002C02D0F8F758F801E0F8F763
:10E32000C1F834462834FEF7FAF9FF2101280DD050
:10E33000209101F0BAFA2099012807D001F0A6FA3D
:10E34000012801D0169901E01B98C143C9B2384693
:10E35000F7F7BFFF304621463A4600F035FA002174
:10E3600028463A4600F030FA3046F7F7C2FD284614
:10E37000F7F77DFD2198817B2091407C3446443421
:10E380001CCC1F998D78CF780F4907910F490691C2
:10E390000F4905910F49049103970295D11A0191F4
:10E3A0000094002801D00D4C00E00B4C109B0F9AFC
:10E3B00020983146A0472BB0F0BDC046FF040000B6
:10E3C000FBF7000080310020A3990610319B061056
:10E3D000D9990610639A0610014D06109D48061043
:10E3E000F0B589B00446FE26855BC76CF6F768FB7E
:10E3F000E321625C324062543521090146187D43B5
:10E4000068003018EFF3108172B6616CC943401890
:10E4100000D487E007972046E2300890304606F0A7
:10E4200079FA002804D041490968C97B03296FD1D2
:10E430000690204631300590204642300490606CB2
:10E44000801B002608214AB2002A0CD4CBB22A46EF
:10E450009A40904202D301279F40F619821A00D3B6
:10E460001046491EEFE70899888B4643049A1088A6
:10E47000801B1080B5B2059F387C097801290FD127
:10E480001646F7F7A2FD36883A7C002300930190E8
:10E4900002932146BC311046324601F0DCF810E010
:10E4A000F7F70EFE2521081A0890464338783018F1
:10E4B00080B201F0A5F838700899081880B201F010
:10E4C0009FF80146387CF8F738F807984543606CA8
:10E4D000401B6064608D294605F03DFFA26C8242BE
:10E4E00004D9121A0D2A00D80D22A264606E4019B8
:10E4F0006066E06E51000918606C821A387C06F084
:10E50000B1F9069800280DD1387C06F025FA09E00B
:10E51000089A5078012101435170142008F078FCCA
:10E52000F4F776FE62B609B0F0BDC0468431002033
:10E5300010B500242046FEF7D7FD0A4909683422A9
:10E54000895C2C30A14207D00278002A06D0332201
:10E55000D2008018641CF5E7FF2401E0012101705E
:10E56000E0B210BD2C310020F8B505460088FEF75A
:10E57000C9FD002811D0044606462C36EFF3108062
:10E5800072B620467830294608F038FE30780328E5
:10E5900005D12046FFF724FF1AE00220F8BD707D68
:10E5A000274D2968497B884212D1F6F789FA2968F4
:10E5B0000968C943401801218902401808D5706DC7
:10E5C0004021014004D12046FFF733F8002802D053
:10E5D00062B68420F8BD2046F7F75AFB0546204670
:10E5E000283085420AD001212046FFF705F88542F0
:10E5F000EED02878102101432970E9E7114800681E
:10E600008C214058A66F318AF28951181F220A4086
:10E610001718BD1C20462946F7F777FB20463146E0
:10E62000FEF740FF6667F8780028D1D00121204628
:10E63000FEF7E8FF0128CBD16878001D6870C7E7B6
:10E640008431002080310020F0B585B00F460446AB
:10E650004120205CE221615C25462C3501290DD149
:10E66000F7F7B3FCEA8A6E7D0023009301900293D2
:10E670002146BC31304600F0EEFF10E01646F7F7B9
:10E680001FFD04970746464368793618B0B200F07C
:10E69000B7FF6871F01B049F80B200F0B1FF014624
:10E6A000687DF7F74AFF287802280CD12046F7F753
:10E6B000D1FB2046F7F738FB687DF7F7F3FE626C75
:10E6C000216D687D2DE0A66C608D394605F043FE16
:10E6D0008019A16C002900D10D30E16C49083E3948
:10E6E000884201D9082022E0A064616B4000002923
:10E6F00001D00F1805E0E16E0818276DB84200D868
:10E700000746264614363046F7F7A4FB3046F7F79F
:10E710000BFB687DF7F75AFE606CA16C421A687DAE
:10E72000394606F09FF8608E401C6086002005B0D8
:10E73000F0BD000070B5044606462C360546AC35E3
:10E74000F0F77BFB01280BD130790E2141430E48B5
:10E75000006894228058C06B80684018C07900E03F
:10E760000120F7F70EFF09494843000A10302860DE
:10E770003278032A07D1626BA36C5B009A1851436D
:10E78000090A0818286070BD80310020710200005D
:10E7900070B500242046FEF7A7FC0546094E3068F8
:10E7A0003421415C8C420CD2E321695CC90703D05F
:10E7B0002846FFF715FE30683321C9006D18641C28
:10E7C000EEE770BD2C31002070B516460D460446AC
:10E7D000F7F76BFA2046F7F783FA2046F7F7BCFA0B
:10E7E00020462146F7F7F6FA2046F7F727FB2046A2
:10E7F0003146F7F70BFB2046F7F755FB2046F7F7B6
:10E8000029FB2046F7F790FA2046F7F7D6FA002DB5
:10E810000DD0942000210A46F7F7DAF80146204689
:10E82000F7F732FB20462946F7F76FFA70BD12481A
:10E83000006890214558962001210022F7F7C8F87A
:10E8400001462046F7F720FB2046F7F791FA2046CD
:10E85000F7F7A6FA2046F7F797FA2046F7F770FA87
:10E86000A91C2046F7F751FA2046F7F7DAFA2046B6
:10E87000F7F732FB70BDC0468031002003480068C6
:10E8800094214058C06B00683430704780310020BC
:10E890003321C90041430548006894228058C06B69
:10E8A000406840181121090140187047803100204C
:10E8B00010B501201249134CA04703201249A0476C
:10E8C00005201249A04708201149A04700201149FE
:10E8D000A04702201049A04702F045FAF0F719FCC2
:10E8E00001F030F801F0EAFC02F00BFC01F08BFAC9
:10E8F00001F095FA01F0C3F801F09AF810BDC04696
:10E90000D50206108DED0510950A0610751D06102E
:10E910006110061035FE0510E9FC051080B51220C7
:10E92000042106F0F9FB0449096894228958C96B4F
:10E930000968486380BDC046803100203321C9008A
:10E9400041431048006894228058C06B40684018CA
:10E950001121090141180222002A09D00023CB808D
:10E96000FF234B717D235B040B604031521EF3E7A4
:10E97000CB214900FF2242541921090100224250B3
:10E980007047C04680310020491C514306224A434B
:10E99000101880B270478221425A80239A43425213
:10E9A00070478221405CC009704700002A2804D8C3
:10E9B000032141430248405C704714207047C04621
:10E9C00044E8061010B50C46FFF762FFA10140189D
:10E9D000007910BD10B5002306A11A46042B03D000
:10E9E0008C5C531C8442F8D1042A01D3002010BD52
:10E9F000012010BD0100161F414248417047000030
:10EA00002A2805D8032141430248401880787047DE
:10EA10001420704744E8061070B50D4604461648A9
:10EA200000682C21405CC007C10E01D1052206E020
:10EA3000124800683622805CC0061CD515226F2063
:10EA4000C04341400E4800680069CEB202233146FF
:10EA5000F9F7F2F900280ED0014604728572002001
:10EA6000C8710420887105224A710871200A487211
:10EA70003046F9F77EFA70BD2C310020803100203D
:10EA8000303100208221425A802313434352704781
:10EA90004B424B41990140188179CB070020002B54
:10EAA0000BD0022A05D0012A05D0002A05D18807FB
:10EAB00002E0080700E04807C00F7047B0B51446F1
:10EAC0000D46FFF7E5FE022C08D8A9014018801D6D
:10EAD000E100034ACA40017811430170B0BDC0464D
:10EAE00002040800B0B5034600202A2B67D803248F
:10EAF0005C43364D2C1964788C4260D1D11E48425B
:10EB000048412A2B5AD89A0001A39A589746C046E2
:10EB1000BFEB0510BFEB0510BDEB0510BFEB0510FB
:10EB2000BDEB0510BDEB0510BDEB0510BDEB0510F1
:10EB3000BFEB0510BDEB0510BFEB0510BDEB0510DD
:10EB4000C1EB0510BDEB0510C5EB0510BDEB0510C5
:10EB5000BDEB0510BDEB0510C1EB0510BDEB0510BD
:10EB6000C1EB0510BDEB0510C1EB0510BDEB0510A9
:10EB7000BDEB0510BDEB0510C1EB0510BDEB05109D
:10EB8000C1EB0510C1EB0510BDEB0510BFEB051087
:10EB9000BDEB0510BDEB0510C1EB0510C1EB051079
:10EBA000BDEB0510C1EB0510C1EB0510C1EB051065
:10EBB000C1EB0510C1EB0510C1EB05100020B0BD85
:10EBC0000120B0BD481E81410846B0BD44E8061092
:10EBD000B0B5034600202A2B00D9B2E003245C43E1
:10EBE000584D2C1964788C4200D0AAE0D41E6042A3
:10EBF00060412A2B00D9A3E0990001A251588F4609
:10EC000043ED051043ED0510ADEC051043ED051087
:10EC1000B1EC0510B1EC0510ADEC0510ADEC051034
:10EC200043ED0510ADEC051043ED0510ADEC0510FE
:10EC3000ADEC0510ADEC0510B1EC051041ED051083
:10EC400041ED0510ADEC0510ADEC0510ADEC051077
:10EC5000BFEC0510BFEC0510D1EC0510D7EC05108A
:10EC6000E1EC051041ED0510C5EC0510C5EC0510F3
:10EC7000E7EC0510ADEC0510ADEC0510CBEC051084
:10EC8000EDEC0510CBEC0510F7EC0510B9EC051018
:10EC9000B9EC0510B9EC0510FDEC051007ED0510F9
:10ECA0000DED05101FED05102FED05100120B0BD75
:10ECB000601E84412046B0BDFDF733FD3DE0FDF709
:10ECC0002EFD3AE0FDF7C8FB37E000F0DFFD1FE066
:10ECD000F0F7B3F831E0601E8441F0F7AEF822E0BF
:10ECE000F0F7ABF814E000F0E0FD22E0601E844194
:10ECF00000F0CCFD17E000F0C9FD1EE0601E84416D
:10ED0000FDF726FD0FE0FDF723FD01E001F079F8A6
:10ED10000146401E8141604260410840B0BD601E16
:10ED2000844101F06EF8411E88412040B0BD00F0E2
:10ED300006FE002804D0FDF707FD411E8841B0BD46
:10ED40000020B0BD44E8061080B58022825A9207A8
:10ED500008D480308171152008F05AF8F4F758FA79
:10ED6000002080BD3A2080BD0021802908D07D226E
:10ED700052044250421801231B02D3804031F4E771
:10ED80008021425A0123134343527047B0B50C46C9
:10ED90008500FFF773FD00684451B0BDB0B514465F
:10EDA0000D46FFF775FDAA0181180B79A34204D126
:10EDB0007D235B04835000208871B0BD70B51C4674
:10EDC00015460E46FFF764FDB10140180571002C91
:10EDD00001D0212100E001218279DE231340C918EE
:10EDE000817170BD10B50C46FFF752FDA1014018AE
:10EDF00081790120084010BD10B50C46FFF748FD91
:10EE0000A1014018083010BD10B50C46FFF740FDB9
:10EE10008221425A012313434352A10140188179B0
:10EE200040220A43827110BD10B50C46FFF730FD39
:10EE3000A1014018817910220A438271152007F040
:10EE4000E7FFF4F7E5F910BD10B50C46FEF74CF9F5
:10EE5000A10141188B2252008B5C40241C438C542E
:10EE6000FEF787FE10BD10B5FEF73EF904460021FF
:10EE7000FEF7C2FB8078FF21983160541920000111
:10EE8000215A10220A43225210BD70B502467D203D
:10EE9000430400200446802C12D01519AE79F607E1
:10EEA0000BD02D79FD26354207D015596E1E06D49C
:10EEB0009D421E4600D86E1A16514034EBE72220C0
:10EEC00070BD000070B500242046FEF70DF9054620
:10EED000094E30683421405C84420CD2284600F050
:10EEE0000DF8002802D0284600F008F83320C000B2
:10EEF0002D18641CEDE770BD2C310020F0B58DB0ED
:10EF00000746ED20385C39462C310028079161D046
:10EF1000FF2403945634192000013D183846FEF7AB
:10EF20008EFB03280AD12888010707D50021E97143
:10EF30000822904328803846FEF722FE0B953819A8
:10EF40000490384600F01EFA00280A9774D0112069
:10EF500000013D1807980479012100262846324611
:10EF6000FFF796FD0746284631463246FFF790FDEB
:10EF700038430A9F60D10C9400213846FEF73CFBD1
:10EF80000646417884780798027820460991FFF771
:10EF90001FFE00284AD00498807804280AD10498DB
:10EFA0000078A04248D001223046294600F0F9F905
:10EFB000002841D10398163038188178042900D1EF
:10EFC000D3E1012935D10798027820460999FFF746
:10EFD00089FDD3E148780024002800D1C2E13E46F3
:10EFE000B436B86F3D467835497D0C91002801D084
:10EFF000F8F788FC284608F0FDF803CEFEF79AFBE8
:10F00000079D6978788FFFF707FD384602F010F802
:10F010002879FEF739F9287900F0D2FC002800D1D0
:10F02000A0E1012028700C9868759BE10C98FFF70F
:10F030001AFF3846FEF728FA452080003C181120B8
:10F0400000013818069000200890C5430B9E012D42
:10F0500000D186E1681C0C9030880321099108409A
:10F06000012808D1B079FF2805D03846FEF7E7FA25
:10F07000002800D1ACE0E078401E042800D93AE135
:10F080007844007940008744022B617D9200002D76
:10F0900000D1BCE00A9800F075F9002800D12AE1FF
:10F0A00004988078042804D10B980088400700D485
:10F0B00021E1002101220A9800F090F900280B9D1F
:10F0C00000D111E1079800790021FFF78BFE00289D
:10F0D00000D109E1A078400600D403E1052002E157
:10F0E0000A98FEF7ACFA05900C98C6B20122069F6A
:10F0F00038463146FFF7CCFC0546002238463146FB
:10F10000134600F057FAA178C90600D4F3E0059938
:10F11000002900D0EFE0002D00D0ECE0002800D066
:10F12000E9E0207800F05EFA074601250A982946B2
:10F13000FEF762FA034607980079062231461E461A
:10F14000B847A078C1076AD1E570D4E00A98FEF705
:10F1500076FA032800D0CEE0207800F043FA064685
:10F16000079800790C99C9B200252A462B46B0476A
:10F1700060700A982946FEF703FDA078C10768D1A0
:10F180000120B7E00A9800F0FDF8002800D1B2E0B5
:10F190000C98C5B203220A9E3046294600F01EF99B
:10F1A00000285DD0A078C10776D1012093E00B98AC
:10F1B0004088800700D49EE0207800F013FA0028F1
:10F1C0007BD006460B98408840076DD508226CE03E
:10F1D000012638463146FEF70FFA02218170417050
:10F1E000099A02700B9A9279C2700B9800880843B2
:10F1F0000B99088038463146FEF7C2FC0798007923
:10F200000422002331460B9EFFF7D8FDA6E00498A8
:10F210004078C0076FD00220049988706BE009998C
:10F22000E17003996170EF210840A07001250A98F0
:10F230002946FEF7A5FC70780821801CC0B2009119
:10F2400001900296002029462A462B46F8F7EFFD4A
:10F2500051E040063CD46078FF284AD0042049E0C1
:10F260002846FFF7C9FB0B9909884A072BD482016E
:10F27000B218039B1833D25C042A03D0002822D191
:10F28000012A20D1042001430B980180152007F0AA
:10F29000BFFDF3F7BDFF2EE040061BD46078FF28CA
:10F2A0000B9A1AD1022017E00722079800790C99CF
:10F2B000C9B20023B0470120E0700B9A50880621A4
:10F2C0008843508017E0042081430B98018012E0AE
:10F2D00005200FE005200B9AE07010880421884378
:10F2E000108008E00220E0702888042188432880EC
:10F2F00001E00220E0700B9E3088C0060A9F26D5F0
:10F300003846FEF79CF9002821D1002101220698F9
:10F31000FFF7BEFB00281AD1012638463146FEF71A
:10F320006BF90721817002214170099901700B99D5
:10F33000C979C1700B9800880821014310208143CE
:10F340000B980180384631460B9EFEF719FCE07899
:10F35000FE210140022901D10120089040340C9D7A
:10F3600075E6089CE0B20DB0F0BD0078A04200D177
:10F3700062E600223046294600F013F8002800D04B
:10F380005AE656E610B50446FEF747F9002804D0C1
:10F390002046FEF754F9032801D1002010BD0120BA
:10F3A00010BD70B5920189180E794088C1B2012450
:10F3B0000D2901D1012E0FD0112901D007290AD121
:10F3C000050A2846FFF7F2FA864204D12846FFF7DD
:10F3D00017FB002800D10024204670BDF0B58DB089
:10F3E00005920E4604463020205C0C9000210A91C4
:10F3F0002046FEF701F94178049111210901079493
:10F40000641809904788FAB20125204631460892CF
:10F410002B4600F0CFF80A9A0B90F81FC0B20B28C9
:10F4200000D31546624FC7402F4020463146FFF7B4
:10F430002FFB0546B00120180690407903900A96EC
:10F440003046FFF7D9FA0646800121184879C97974
:10F450000B9A002A07D0042911D1089988420ED1AD
:10F46000002D04D114E0002D12D004293BD1002F2F
:10F4700033D0099821463246FFF793FF31E00C98CC
:10F480003146FFF79FFA054601200B90042432E035
:10F4900000250598032854D001284DD1079F3846F0
:10F4A0002C30027808980499FFF71CFB0028099E6D
:10F4B00042D001240C982146FFF794FC00280B94BD
:10F4C00071D0AB204000381805780898FFF782FA11
:10F4D0000121002863D10C4662E00899401A411EC0
:10F4E000884100282BD00C983146FFF76BFA05466F
:10F4F00001200B900524079F099E70781021801C25
:10F50000C0B2009101900296012100200A460346F4
:10F51000F8F78DFC284600F065F8002808D005466D
:10F5200033460698461D0C980A992246A847307023
:10F530003846FDF7A9FF0B9D28460DB0F0BD00250C
:10F54000FAE70B950C980A9D2946FFF73BFA0590C0
:10F55000002F0CD0099E304621462A46FFF721FF96
:10F560000028079F0B9DE7D003240B9008E0089824
:10F5700003998142079F099E04D101200B90032427
:10F58000059DBAE705980128D5D13846FEF74BF816
:10F5900000280B9DD0D0012505240B95ADE7022452
:10F5A000A80600D40C460898FFF700FA0546A4E721
:10F5B00041040000B0B50C460546002B03D01046B0
:10F5C000FFF708FA04E0A001281880798006C00F30
:10F5D000002805D0022228462146FFF759FAB0BD7F
:10F5E0000020B0BD10B501461239032901D2002018
:10F5F00010BD8400FFF742F90068005910BD0000FB
:10F6000006494143090C2422D2434A43101881B2CF
:10F61000242900D92538C0B27047C046EB06000047
:10F6200070B50D460446401C002625223146F5F7EC
:10F630006BF93046252E0CD207213140F208AA5C26
:10F64000CA40D10703D0C1B261184E70401C761C6D
:10F65000F0E7207070BDF0B58BB0059317460D46EE
:10F6600009A9F6F7C2FC119C10980690002818D042
:10F670000495129E00250698A84210D00498039085
:10F6800009A8029008A8019007A80090EBB22046B4
:10F690003946059A00F012F870556D1CEBE730788A
:10F6A0000AE0039509A802900022019200922046E8
:10F6B0003946134600F002F80BB0F0BDF0B589B042
:10F6C000154608AA00261670002D06931A4600D18A
:10F6D0002A46070C474011980790002D04D10023BB
:10F6E000069801281C4638D810980590794051405A
:10F6F0000C46022E07D8A0B200F04EF8112141436B
:10F70000CC19761CF5E72046784086B23046FFF7E4
:10F7100077FF242815D8C108059A525CC900411A00
:10F72000C9B2CA40D1070CD008A90870079A511C69
:10F73000127800239A420DD0CE5C86420BD05B1C1F
:10F74000F8E7079908784643330CC818407808A9A9
:10F75000087000E02523002D0ED10F990E9808ADFA
:10F76000BAB200900192079802900395A2B2DBB260
:10F77000069800F00FF8287809B0F0BD10B50446DF
:10F78000012007F05FFEC0B22178E0F7D7FD6018D6
:10F79000407810BD7047000041000A4A0A40400806
:10F7A0000949014088188100084A0A408008084930
:10F7B000014088180101074A0A4000090649014032
:10F7C00088187047AAAA010055550000CCCC070044
:10F7D00033330000F0F000000F0F0000B0B501243B
:10F7E000204602F021FD0546204600F008F9284396
:10F7F0000AD106480068942140580C3007F01BFEDF
:10F8000000F0AFF80020B0BD0C20B0BD803100206A
:10F81000F0B587B00C4605460691059001263046A6
:10F8200002F002FD0746304600F0E9F838431DD1EA
:10F83000E8B2FF2805D10590FF2109060C40069487
:10F840000546104800689421405803A9019104A975
:10F8500000910C3001232946224607F06DFD002857
:10F8600006D005A8012100F07BF805E00C2006E099
:10F8700003A80078002801D0002000E0072007B08E
:10F88000F0BDC04680310020002070470020704746
:10F890007047002070470020704700207047704775
:10F8A000002070470020704770470020704710B557
:10F8B000846F00F009F8FF2804D0C000E1690968EE
:10F8C000081810BD002010BDFEB5846F267D8A1B70
:10F8D000457A00D25219D3B2174F3F7FAF4200D3BF
:10F8E0002F46BB4224D20293254622350F4623469B
:10F8F000423329780191697800911B7839460125B6
:10F90000BE422E4608D919466A23C05A238CC01A13
:10F910000B463946464246410298854001980542C9
:10F9200006D00098054003D18B4201D0002E00D1B3
:10F93000FF22D0B2FEBDC0469431002070470020A7
:10F940007047704780B509200021FFF71FFA80BD7E
:10F95000704700207047704770477047002070471D
:10F960007047704770477047704770478C2141431C
:10F9700004480068942280584068806B00680068E2
:10F980004018704780310020704770477047000072
:10F9900010B5012810D101290ED1012A0CD1002463
:10F9A0002046FFF7E3FF14300449897F002903D084
:10F9B00004608C30491EF9E710BDC0469431002028
:10F9C0000020704702480068942140584068704702
:10F9D000803100207047704710B50446FCF7B4FE34
:10F9E000012808D1601E062807D8FFF7EBFFEF219A
:10F9F0004454002010BD112010BD122010BDB0B520
:10FA000005460024FCF7A0FE01280DD1FFF7DAFF20
:10FA1000EB21415CC90707D0002D04D0EA30007803
:10FA20000124044000E001242046B0BD00207047BE
:10FA300080B511200021FFF7A9F980BD0021034AFC
:10FA40008162C2621921C90101867047010001006B
:10FA500080B5034601200002081828330A221946FF
:10FA6000F4F742FF80BDF82100224250F830012116
:10FA7000090441607047704770470020704780B5A7
:10FA800010200021FFF782F980BD00004007000F21
:10FA90000149085A7047C046C6E80610801EC0B229
:10FAA000032801D3002002E0C1000248C840C0B2D0
:10FAB0007047C0460104060080B500F00BF8000254
:10FAC0002721C90040180249E0F7B2FB80BDC046BB
:10FAD0007102000010B5801EC3B2022B06D840B2DE
:10FAE000830006A0C05808A4E35801E05020032377
:10FAF00099400818D100401810BDC0462C000000E5
:10FB0000D0020000CE01000002000000060000004C
:10FB100004000000F0B591B01746189A00921A46FA
:10FB200008900028079119D0164608466D30CD6F11
:10FB3000C722002F03D107998C6FE7890799AA5C28
:10FB40000C928A880692009A1680324600780590B8
:10FB5000086D01900820049009200FE00846B83095
:10FB6000002F00D1CF8DC17B0C9100880690012021
:10FB70000590002001900320049004200390089831
:10FB80004542454100207F33044600D017980C9928
:10FB9000022901D30A9401E014210A91089900294D
:10FBA00001D108990A91002B01D016990A910121DF
:10FBB0000B9123461094029406460997BFB2002F7A
:10FBC00004D1002D02D110B200285FD40B98C0B22E
:10FBD000002815D01546012803D102200B90049867
:10FBE00002E000200B90039806990C9A059B04F004
:10FBF0005BFAC0B20899079A04F0F2F9431C2A464E
:10FC000010B200240D900028204600DC032099B299
:10FC1000CF190546FF35AF420F940E9601D8381A1A
:10FC200000E0E0431C46164691B2002900D10A913B
:10FC3000C1B20A98C2B20C98FFF73EFF109908189B
:10FC4000AF4204D80F9D2F463246234605E0099F58
:10FC500023463F19FF3F32460F9D0E9C0D99CD3034
:10FC60001090C813C043121820062846A4D001984B
:10FC70001099814204D90298C0B2009908800024EA
:10FC80000298401C02900025204695E71098002815
:10FC900000D0CD3811B0F0BDB0B5014600791F28B5
:10FCA00011D8002002460346252A0FD0072414400D
:10FCB000D5084D5DE540EC0703D05B1CDCB2022C9F
:10FCC00003D0521CF0E70020B0BD0120B0BD000001
:10FCD00080B5044909689422895848310522F4F70F
:10FCE00003FE80BD80310020F0B585B01F4614466C
:10FCF00005460391FFF780F802902846FDF7F4F9D6
:10FD0000611E062974D806462C30C046794409790C
:10FD100049008F4403036D2F6D345F000078032882
:10FD200066D1FC1C2046FFF7B7FF012858D1387A6E
:10FD300001907F7A05222046029C214607F0F0F9C7
:10FD400038020199401882B230462146FDF7C8FEBC
:10FD500000240226284621463246FEF7AFFE012344
:10FD6000284621463246FFF729F828460399FFF72F
:10FD70004BF83DE0B878012836D02A2135E03146ED
:10FD8000FE310A88318FC08AFEF7FEFD04A9019179
:10FD90000880029C20462946FFF79AFF0120B87090
:10FDA0000820787003203870F91C0522204607F0DF
:10FDB000B7F908370222019C2046394607F0B0F90E
:10FDC000228830460299FDF78BFE28460399FFF7FB
:10FDD0003BF80DE0022228460399FEF7DFFF07E01B
:10FDE0002846FFF740F803E023213046FEF70CF8E1
:10FDF000FF2005B0F0BD002070477047704700201D
:10FE000070470020704710B50C2000242146FEF7F3
:10FE1000BDFF0D202146FEF7B9FF10BD704710B59C
:10FE20000E2000242146FEF7B1FF0F202146FEF7E9
:10FE3000ADFF10BDF0B591B00C93144605460B9183
:10FE4000FEF7DAFF0A902F462846FDF74DF9611EAE
:10FE5000072900D9D6E005462C350646FE36C046B1
:10FE60007944097949008F440303CD1FCD2C7BC809
:10FE70002978032900D0C5E009900C9C6389228968
:10FE8000E18830880E4600210091019102903046B1
:10FE9000314608921D4600F00DF9002800D1B4E06B
:10FEA0003846FEF7E0FFADE00C998B7823210F2B4D
:10FEB0000A4600D02A22002B00D01146FDF7A4FFED
:10FEC000A0E00C99891C07910446FDF703F90890FE
:10FED00032880994218FE88AFEF756FD05462820CE
:10FEE000012106910A9C2154208B618B081840083F
:10FEF0001090A08B0490E68B0DA8077110A90F91AC
:10FF00000D94EFF7CFF810982083059529048919EF
:10FF1000664A049D2B04034307980CC001606448A3
:10FF20000C9908800320400232032146E5602261DB
:10FF3000069A520205C408980068628B1202083CB7
:10FF4000904200D31046486110984002886009989A
:10FF5000059AFDF7D1FD38460B99FEF775FF51E084
:10FF600028210A9E715C01293D4643D104460DA813
:10FF700005710D96EFF7A2F84A4800683D21415CF3
:10FF8000890632D53D30407A40072ED5F08B0C9053
:10FF9000B08B0990378B668F4348006800698021D9
:10FFA000242204242346F7F747FF00281DD00146EA
:10FFB0000B304E7207700A97099F4F730C9B0371A9
:10FFC00000220A720322CA710A228A713E224A71F1
:10FFD0000C71320A8A720A9A120A42703A0A8A73B9
:10FFE0001A0A42718020F7F7C4FF002128460A460A
:10FFF00000F0BFFE0022284601E0002238460B999F
:020000041006E4
:10000000FEF7CCFEFF2011B0F0BDE078002800D153
:1000100046E7711E082900D3082181420C9900D2BD
:100020003EE78A88B24200D93AE733460A9E29461B
:10003000F583089DB5833383738309031C465B02F4
:10004000520240022DC63160099EF26C01209A4294
:1000500006D1B26E914203D1308F281A411E8841D9
:1000600028210A9D685410940DA8077110A90F91BA
:100070000D95EFF717F8022238460B9C2146FEF744
:100080001DFD0022012338462146FEF797FE0C98FD
:10009000828930462946FDF72FFD38462146FEF776
:1000A000B3FEAFE7803100203031002000030100B3
:1000B000030C000070B504461220062C1CD3192531
:1000C000ED01AC4218D8062916D3A94214D8A14292
:1000D00012D394087C2C0FD8059C049EB4420BD3F9
:1000E0000A2B09D3AB4207D80698521C4A43424315
:1000F0009008834201D8122070BD002070BD00001E
:10010000FEB50646876804792046FCF7EDFF0546F4
:100110002046FDF71DF8002844D08079042841D1FD
:100120007802E96C81423DD028462C300295923508
:1001300039683D2212016B889B019A18EB889A421C
:1001400000D81346184A4A431146366800780228F8
:100150000BD116481818814207D201911249009319
:10016000E0F766F8009B019938602888F0844B20FE
:1001700080001818091A00D2002168892A8A904242
:1001800000D310468142029B00D8084682B2A921C2
:1001900009018A4200D80846B0840121204632462F
:1001A00000F006F8FEBDC046E2040000BC0B0000F3
:1001B000F8B51C4615460E461F469037FCF7C8FF9B
:1001C000002802D00088022801D0012000E003208E
:1001D000A98C0B4A8918C1400A480818C00881B286
:1001E0003888884200D30846002E02D0E98C81422C
:1001F00000D3014679802046FDF728FAF8BDC046B5
:1002000088FEFFFFB5FF0700FEB50568067930469A
:10021000FCF76AFF07463046FCF79AFF002847D0F4
:100220008079042844D13C469034A88CE1888142EE
:100230003ED0E080002130462A463B46FFF7B8FF1B
:100240001C4800683D21415C890631D53D30407A2B
:1002500040062DD52689A588E08801902088029047
:100260007F8F1548006800698021262204242346D8
:10027000F7F7E2FD00281BD0014606748573019B49
:100280000373029A827207720720C8710B2088716B
:100290003E2048710C71300A4874280AC873180A45
:1002A0004873100AC872380A48728020F7F761FE56
:1002B000FEBDC046803100203031002080B50A20CC
:1002C0000021FEF763FD80BD704700207047704736
:1002D00070477047F0B58DB0099316460F46044637
:1002E000FEF78AFD054608942046FCF7FDFE03460E
:1002F000052E07D13D211846FDF786FDFF26304625
:100300000DB0F0BD044607952A46283205462C3527
:10031000287802282AD11078401EFF260B28EED814
:100320004000C04678448088400087440B00A2000B
:10033000A500C000CA00CE0028012C0154016401B0
:10034000730176010A2009998870FF26304604302F
:1003500008800121089815460A461C46FEF7AEFBA8
:100360002046FDF7FFFB02202870C8E7012E2ED1A2
:1003700000205070069200251F4618462946FDF7BA
:1003800041F909998978032955D100283B46079EF0
:10039000B0D1099CE01C3146303108220492184B40
:1003A000984720460B3031462E310222144B984795
:1003B00020460D303146049A114B984715342036AB
:1003C0000422204631460E4B9847052039E05078EC
:1003D000FF260D2893D8EC344000C046784480882E
:1003E000400087440F0010005D0165016E0192011D
:1003F000D2011C02E5013C02E901F90110023002C0
:1004000021710610B6E70B20099988700220507000
:10041000FF26304604300880002401220898214637
:100420001D46FEF74BFB2846FDF79CFB2846214660
:10043000FDF787FB63E701283B4600D05AE701251B
:100440002846089E069C607025710024304621468F
:100450002246FEF733FB3846FDF75AFB304621466D
:10046000FEF7E2FC0122304621462346FEF7A6FCB9
:1004700044E70320107019E1099880780B2800D018
:1004800038E704201070022118461D46FDF759FB7D
:100490000124089F38462146FEF7C6FC0022384654
:1004A0002146FEF70BFB2846FDF732FB27E70B2022
:1004B0000999887005201070FF26304604300880A6
:1004C0001DE7062010700121D1E10496099FBE1C92
:1004D0000025F949284605930692884704460B9063
:1004E0002846F54988470C902846F34988470390E9
:1004F000F24939800A90069D287A0002697A090437
:100500004018A97A09064018C01C3060079F384679
:10051000333000F011FA70602006F98D09020818D6
:10052000E97B4018B0600BAC601C00F005FAF0608D
:100530000398000661794018A17909024018E17911
:100540000904401830610AAD6878A97809020818D2
:10055000E978090440187061049E08222046394653
:1005600006F0DEFD203704222846394606F0D8FD85
:10057000072006990870012108980A46FFE0082024
:1005800010700426BBE609988078112861D00728EE
:100590005FD00D285DD00428079E00D0AAE6092070
:1005A0001070099FF81C3146083108221C4606F0DD
:1005B000B7FD0B37314624310422384606F0B0FD32
:1005C0002E66012100220898FEF778FA2046FDF7F2
:1005D0009FFA052693E609988078112846D00D28C1
:1005E00044D0052800D085E6144601210898FEF77E
:1005F0001BFC0A200CE0062009998870FF26304673
:1006000004300880022118461446FDF789FA0B20B1
:10061000207074E60C201070CCE0099880780628D1
:1006200000D067E6002015461070BE4800682C21F7
:10063000405CC007C10E6F20C04348401C465A8F23
:100640002979C0B2012900D015E1114600F0B2F9B4
:100650001CE0B44800682C21405C0001C0438021AC
:100660000143902008405A8F1A210BE0AD480068E2
:100670002C21405C0001C0438021014390200840B0
:100680005A8F06211C46002300F062F92046FCF731
:1006900002FF2046FCF7EEFE012108980A46FDE025
:1006A0000320507001211846FDF74BFA0B2626E671
:1006B000099880780B2800D01CE60420507003268F
:1006C0001DE6099880780328079F00D012E60520D0
:1006D0005070099CE01C3946303108252A46954B5C
:1006E000984720460B3039462E310222914B9847CD
:1006F00020460D3039462A468E4DA84715342037FE
:10070000042220463946A847B0E000250395884CCE
:10071000284605930692A0470B902846A0470C90C8
:100720002846A04704210291099CA1700D21617007
:10073000032121700A90E11C0BA801900496082661
:100740007C4B324698470B340AAF38462146029D0F
:100750002A46784B9847079C214608310198324633
:10076000049E744B9847734B2434384621462A46DE
:100770009847062006994870012208980399FEF7C9
:100780009DF90598FDF7EEF9B9E5674800683D2148
:10079000415C890604D53D30407AC00600D580E032
:1007A000002108981446FEF73FFB20460D27B7E0CE
:1007B000092050700626A2E50620099988700B20B2
:1007C0005070FF263046043008800125184629461F
:1007D000FDF7A6F9257092E5002009905070514868
:1007E00000682C21405CC007C10E6F20C043484008
:1007F00011465A8F097901290593C0B23ED111469D
:1008000000F0D8F83EE018461546FCF744FE0024F8
:10081000012208982146FEF7C1FA6C706FE5D07886
:10082000012810D105200999887007982866FF26AD
:10083000304604300880002118461446FDF770F950
:10084000082060705BE5099819461C46154600F0C3
:10085000E3F80C2068702046FCF70CFE4FE5099881
:100860008078062800D045E50A20507000210898BD
:10087000FEF7DAFA43E50021012305E70021012311
:1008800000F066F80598099921700446FCF703FE0C
:100890002046FCF7EFFD012208983946FEF77EFA64
:1008A0002DE5204800682C21405CC007C00E04964E
:1008B000069205D0192204E05374061003170000B5
:1008C0000A22079F6F21C9434840C1B2F88D0890A2
:1008D0005C8F164800680069042509912B46F7F7DC
:1008E000ABFA39460727002818D006460472200ABA
:1008F000707230460A3030310822F3F7F5FF08995C
:10090000080AF074B1740520F0710D20B0713E201A
:100910007071357109983146F7F72BFB049E0698E4
:100920004770ECE42C310020803100203031002071
:100930005374061021710610017842781202511882
:10094000827812048918C0780006081870470000E1
:10095000F8B51E4615460F460446C00606D4134891
:10096000006836214056002804D4F8BDBF2004405A
:10097000062200E016220E4800686107C90E4018E2
:10098000006902232146F7F757FA0028EDD0014607
:1009900005728672C7710420887108224A71087135
:1009A000280A48722046F7F7E4FAF8BD80310020A3
:1009B00030310020B0B50D460446C00606D41448B8
:1009C00000683B214056002804D4B0BDBF2004403D
:1009D000072200E017220F4800686107C90E40187F
:1009E000006902232146F7F727FA0028EDD00146D7
:1009F00005720020C87103208871302048710420DE
:100A00000871280A48722046F7F7B3FAB0BDC0460D
:100A100080310020303100200322027085235B00EA
:100A2000C95C490703D406230D21022203E00621F5
:100A3000017111211346C370817042707047F8B57F
:100A4000144606460846FCF75DFB30214156002956
:100A500005D42C300078022803D1122518E0022595
:100A600016E0CFB2002538462946FEF7DDF93846B4
:100A70002946FEF7C1F901462B30002E01D0057042
:100A800006E00122027010311022204606F048FBD9
:100A90002846F8BDF0B585B01C4615460F460646FB
:100AA000FEF7AAF9039002963046FCF71DFB0646B6
:100AB000FF20062D00D99EE0049785214900731878
:100AC00037462C377D442D796D00AF440308942AB6
:100AD00094944F000499012965D109208BE0A178F5
:100AE0000E2902D0082900D085E0E41C03990831C2
:100AF0000546082220461E4606F012FB0522304617
:100B00002146F3F7F1FE029E3046049C2146FEF793
:100B10008BF90322002330462146FEF74FF9284681
:100B200069E0A17807294AD0092964D1074619202C
:100B300000013518E41C052218462146F3F7D4FEBF
:100B40000398407C002805D0728F80200021234626
:100B500007F0F6FC01204002298801432980032286
:100B600002980499FEF71AF9384644E002900920E9
:100B70000190607003202070E61C304600F03EF8C3
:100B8000A079F7210140A17108253046039E314626
:100B90002A4606F0C5FA0498012808D138780228B8
:100BA00026D1A57026E00446032202981CE0019895
:100BB000A070E078317A0140E17031741AE0397840
:100BC000032918D104461878F72101401970039BB6
:100BD000587C002805D0728F083380201A2107F036
:100BE000AFFC032202980499FEF7D8F8204602E0F1
:100BF0000E20A070029805B0F0BD0000FEB5009078
:100C0000FBF78DFD0546FEF7A9FEC0B2C0214143AA
:100C10002806C50C0D4309200602EEF70EF9C7B2EF
:100C200077432F43EEF7FAFA05033D432C4EB047C6
:100C3000C0B22C4F47432F430D208506FEF726FEFA
:100C4000C4B26C433C4373204504FBF705FCC7B2B8
:100C50006F432743FBF700FC0546B0472840C0B26E
:100C60000325EC0444433C43FEF70EFE8007474255
:100C7000274303F0EDF8800338431B4901430191FA
:100C8000FBF74FFDC0B20E244443FFF7BAF800064D
:100C9000470C2743B047F921090104010C403C43AC
:100CA0002E02EEF7BBFA0546754325430120C40228
:100CB000FBF74AFD0006000B0419FEF740FEC0B228
:100CC000604328436121014308480068006A0840E6
:100CD000029001A908220098F3F706FEFEBDC04667
:100CE000ABF80510002000031D0000088031002033
:100CF00070B504460846FCF705FA00281CD00646E5
:100D00002C363178032907D1852149004018007815
:100D1000000701D41A2424E030790121FEF762F89B
:100D200000280DD0002C09D130790121FDF74AFEB1
:100D3000032803D1002414E0022412E03A2410E036
:100D4000307901252946FEF757F844743079294651
:100D5000FEF76AF830790322002429462346FEF77D
:100D60002DF8204670BD80B506200021FEF70EF854
:100D700080BDB0B515460C46FCF7B6F9E621435ADE
:100D8000002D1A4600D02246C46C0146E6310D8B78
:100D90006543008F0A306843000B84B2641D94429F
:100DA00000D3224694B2A3420BD048800A8008792F
:100DB000012806D002200871132006F029F8F2F766
:100DC00027FAB0BD10B5C26C0146E6310B8B534318
:100DD000028F0A325A43120B93B2084CA34200D836
:100DE00023465B1DE6240353012008714A8013202B
:100DF00006F00EF8F2F70CFA10BDC046B30B000077
:100E0000F0B589B000242046FCF76EF9009001206F
:100E10000890414800683421405C84427AD23320F3
:100E2000C0000594604300990D182C20285CFE2119
:100E3000014002296BD10121009C20460791FCF75B
:100E4000E1FB0646002120460191FCF7DBFB411E39
:100E50008841002E0899049100D104902B46284621
:100E6000E83003902846E6300290EA33089F069364
:100E70001C78F02626400F252540032D1FD0022D7B
:100E80000BD0012D2BD1049800282CD01320012148
:100E900005F0D0FF069B022525E003980088029903
:100EA0000988081A0A2343431C4800680599C9B2F7
:100EB000A830012206F055F8069B032513E0A00692
:100EC00011D5049800280CD00598C0B200F028F87D
:100ED000002801D0D02626400898069B04E00198FF
:100EE00002E0D02626400898EFF3108172B61978F8
:100EF0008C4203D12E431E70002102E007990F405F
:100F000039464A1E914162B600270842B0D1059C7D
:100F1000641C7EE709B0F0BD2C3100208031002038
:100F200070B505460121FDF75DFF0446012804D197
:100F30001320012105F07EFF0AE0012628463146F4
:100F4000FDF772FF0822002328463146FDF736FFE1
:100F50006042604170BD0000FEB50446FCF7C4F875
:100F600005462C20285CFE21014002295AD102941A
:100F70002F46E6373A79D00619D4F024019214406E
:100F800001212846FCF73EFB064600212846FCF7D7
:100F900039FB304306D00298FFF7C2FF012801D089
:100FA00020200443019A10262643788827E0C02693
:100FB0001D4800684021405600281CD5688F0190CC
:100FC0001A480068806942211446232202252B46D4
:100FD000F6F732FF224600280DD00146019AC27171
:100FE00085715720487104200871100A0872422048
:100FF000F6F7BFFF2246164078883988081A0A2378
:101000004343EFF3108072B638798242029902D1DD
:10101000032006433E7162B603480068A8300122EF
:1010200005F09FFFFEBDC04680310020303100201A
:1010300010B50446EA20205C01280DD0204630304F
:10104000017806480068A83005F055FFE620002129
:101050002152E6346180217110BDC04680310020EC
:1010600070B5FF24062A35D80546900001A2105815
:101070008746C0469110061099100610D51006102C
:10108000B1100610D5100610D5100610B5100610B8
:10109000012917D113241DE0002628463146FDF70B
:1010A000C3FE0822284631463346FDF787FE11E08D
:1010B000012108E00120587003201870012907D091
:1010C000132006E0002108222846FDF767FE01E014
:1010D00012209870204670BD704770477047704767
:1010E00080B5FCF701F84121405C03490968497A61
:1010F000F5F70EFA80BDC046803100207047002011
:10110000704780B50B200021FDF740FE80BDF8B58B
:1011100015460C460126064004D11121072C19D88A
:10112000002C17D00221084004D11121072D11D81D
:10113000002D0FD00727002801D03D4600E03D409C
:10114000FBF7C8FFC577002E01D03C4600E03C40CD
:10115000847700210846F8BDF0B58BB00E460546F1
:1011600080B2FBF7CFFF002811D00446FF200C30DF
:1011700020180078092108420BD03034207801274C
:101180003946FDF72FFE002806D03A2002E0022063
:1011900000E01A200BB0F0BD310AF30705D1CAB246
:1011A0001120072AF6D8002AF4D0320CB007069096
:1011B00007D41E46D3B21120072BEBD8002B3346A1
:1011C000E8D02D0C022D01D91120E3E7049307206C
:1011D000014008AB029319700390024007AE3270D1
:1011E0002478FBF777FF01460698002801D50E46C4
:1011F0001F3606912046FBF777FF059001942046A5
:10120000FBF7A6FF347804990029029901D00699CA
:101210001E310A788270C47003990D4000D0058099
:101220000425E107294600D0394606920222A30789
:1012300000D511460492C679B14200D10C46069AF7
:10124000D30700D03D46930700D5049D0394049036
:101250008779BD42059A00D1069514462C34B142D7
:1012600017D1BD4215D10320710700D50646528F14
:101270000096790700D50746022000213B4600F082
:10128000FBFC032F57D10498008801284FD004217C
:101290004EE092320121019D284605911646FDF748
:1012A000ABFD07463088F88109A80571099700F061
:1012B0008BF82078032825D1059D049B9A7904207A
:1012C000042A0146039C069E0BD07107014608D4F0
:1012D000012A2A46294600D03146C907114600D1C5
:1012E0000221DA790097042A2A4601D02040820898
:1012F0000123019D284600F0F5FC28463146FEF703
:10130000E6FF04E000203874039C069E019D3C75B6
:10131000FE7400207874012428462146FDF784FDE0
:101320000722284621462346FDF748FD0FE0062107
:10133000607DF5F7D8F8032E09D1049800880128BC
:1013400001D0042100E00621607DF5F760F800205F
:1013500020E7000080B5FBF7BDFE0249C161002017
:1013600080BDC04602000707F8B50546FBF7F0FE52
:10137000002827D00446FBF7ADFE06462846FBF7BB
:10138000B3FE054600210E222046F3F7BDFAF08B8E
:101390006080B08B208041270095E85DF4F7FEFE69
:1013A0000125042801D1064601E02E46864000981A
:1013B000C05DF4F7E2FEA671042801D1054600E005
:1013C0008540E5710020F8BD0068A92109018181EF
:1013D0002922D200C2804181018182807047F8B504
:1013E0000546FBF781FE04462846FBF7B1FE07469B
:1013F0001120000125182846FDF7D3FA06460028DB
:101400002CD02C3420780228009506D1387A002878
:1014100000D1B879B8717D7A05E0787A002800D1DA
:10142000B879B8713D7A002D00D1FD79FD7104289D
:1014300004D13888012803D0042102E0410800E0EB
:101440000621607DF5F74FF8042D00D06D08607D12
:101450002946F4F7DCFF0098FDF79DFA3046F8BD09
:1014600080B507200149FDF791FC80BD711406107D
:10147000F0B587B01E4617460D460446FDF7BCFC86
:10148000039004942046FBF72FFEFF22072F00D97C
:101490009DE103460295552080001D181C462C3402
:1014A0007F00C0467F44BF887F00BF4407001C0008
:1014B000440050006A0090012600710020780299D3
:1014C000012900D0BCE0022800D00BE1039E307C53
:1014D000032800D166E1012800D078E102200399B9
:1014E0000874172273E1F07805A988703079C87004
:1014F0000498144600F0E1FA68E1652080001D18A8
:1015000020780299012974D10228039900D0D3E0F0
:10151000087C022800D15DE1002800D057E11620A8
:10152000B070032070703070C87CF070087D30712E
:10153000012008744BE1F17805A881703179C17000
:101540002D781646072D00D194E0022193E0B07863
:10155000072800D1D7E01128049F00D1F0E0182817
:1015600000D103E1172800D031E105A9002008715E
:10157000F07888703079C8703846144600F0DFF98A
:1015800024E1B0781446162800D189E02A2188E0A9
:10159000019296330093049E3046039F394600F033
:1015A000B1F9617D3046FEF793FE009B798838885B
:1015B0001A88904202D15A8891420AD059801880E4
:1015C000EFF3108072B601204002E98F0143E987F2
:1015D00062B6EFF3108072B601200002E98F01437A
:1015E000E98762B6072204980299FDF7D7FB019AB2
:1015F000EDE00228039968D1087C0528049F00D1FA
:1016000008E1002800D0E2E0009301923846FBF7A1
:101610009FFD1821B1700521717003243470017A87
:10162000F170407A3071711D0222284605F078FD74
:101630000398047428880028D9D038460299E6E037
:1016400002284BD1039E307C1446032800D0A6E02C
:10165000707C05A90871049D2846324600F0FAF80E
:10166000002800D1B2E02846314600F04BF90722AD
:10167000284679E00121049F817100213846FDF759
:10168000BBFB04463846FBF72FFD2C21405C0228AB
:101690000BD1FF2006302082072D25D02A2024E000
:1016A00023211846FCF7B0FB90E0072D29D105A9AE
:1016B000384600F002FA24E01620B0700320707063
:1016C0003070C87CF070087DACE01720B07003204B
:1016D00070703070487DF070887DA3E0022204981D
:1016E000FDF7ECF9182272E02320A074002438469C
:1016F0002146FDF799FB0722012338462146FDF7D5
:101700005DFB324663E0154605A90720887000207E
:101710004870F0780870039F787CC870049E30464B
:1017200000F0A3F92078032803D13046394600F0B1
:10173000E9F8072230460299FDF730FB2A4646E0D9
:1017400005A911208870F078087030794870039DE1
:10175000687CC8703846144600F087F93846294638
:1017600000F0D0F80722384602992DE0009301924C
:10177000F01C05AC0522214605F0D2FC039D687CD7
:101780002071384621462A4600F064F800284BD0E4
:101790003846294600F0B6F80722384624E70722E3
:1017A000049811E01446707C05A90871049D284630
:1017B000324600F04FF8002849D02846314600F064
:1017C000A1F8012107222846FDF7E8FA2246104633
:1017D00007B0F0BD00930192049F3846FBF7B8FCB8
:1017E0001821B1700521717003243470017AF170F1
:1017F000407A3071711D0222284605F091FC039851
:1018000004742888002800D1F1E601213846FDF74C
:101810001BFB15E01620F0701120B07003207070D3
:101820003070887C3071D2E7029C012C04D10121F8
:1018300002223846FDF742F938462146FDF7E4FA20
:101840001120000100990818FDF71CF9CFE60420CB
:101850003074BBE7FEB501920C460646FBF744FC2C
:1018600007463046FBF774FC05462C200297395C8E
:10187000032913D127780120042F30D8032F2ED02D
:101880006278042A2BD8032A29D065239B0002986A
:10189000C3186A722F7262881A8000E02F7A002FB4
:1018A00002D16A7A002A16D00020032917D1697A5A
:1018B000002914D0EA79019B00933A405207D20FD5
:1018C00004460123304600F00DFA697A3046FEF7EF
:1018D000FEFC204603E021790120002900D0FEBD56
:1018E0000446E97903204A0700D50146029A528F3F
:1018F000AB790091590700D503468020002100F004
:10190000BBF9E6E7BCB50D460446FBF721FC002811
:1019100007D08179C079042807D128460C300122EC
:1019200005E0A81D0022012101E0A81D0022008879
:10193000688000950023204600F0D4F9BCBDFEB5B8
:101940000D460446FBF704FC064628790128029060
:1019500014D1002520462946FDF74EFA0746027DA0
:10196000C37C9342019505D1032B02D3042B019D27
:1019700000D10125F0781840B37814E00121204609
:101980000191FDF739FA0746AB784375EA7882751D
:101990000025934204D1032B01D3042B00D1012550
:1019A000387D1840FB7C1340002D02D08342034653
:1019B00007D10021002B0A460AD0DA0704D0012201
:1019C00003E0002211460DE004229B0700D502220D
:1019D000002807D0C10701D0012100E004218007C1
:1019E00000D50221B37900209A42034600D0134665
:1019F0003372F279914200D0084670722046FBF7AC
:101A000073FB652189004518717A002902D1317A6A
:101A100000291AD0034642330146FE310A88018F5D
:101A20001888FCF7B1FF2880317A00290FD0F079AF
:101A3000009708404007C20F0123204600F052F9EA
:101A4000317A2046FEF743FC01E00020288002980E
:101A5000012809D02046019D2946FDF7E5F902221B
:101A600020462946FDF72AF8FEBD7CB50D46064600
:101A7000FBF76EFB04463046FBF736FBA9780729D7
:101A800007D1FF210C31425CF623134043541A2145
:101A900000E06978EA78002A00D07CBDE679032569
:101AA000720700D52E46428FA3790096580700D5BD
:101AB0002B46802000F0E0F87CBDF0B585B00F46E5
:101AC0000446FBF711FB0546002120460291FDF775
:101AD00093F90646012001907074B878F074F87894
:101AE00030759220285AF08103A804710396FFF7FD
:101AF0006BFC2C20285C2C35022808D1707C3871B6
:101B000020463946FFF71BFF0298307425E0204637
:101B1000FBF71EFB81787175C778B775337D0B4075
:101B2000DBB2002B19D081798B4216D0D90702D0B5
:101B3000019A114601E00221019A5B0700D50421B8
:101B4000F37C1F407B0703D4C079001F424242410F
:101B500000960123204600F0C5F8002620463146B5
:101B6000FDF762F90722012320463146FDF726F9E9
:101B70002878022804D1002102222046FCF79EFF8B
:101B800005B0F0BDF0B587B00446FBF7ADFA0546E9
:101B9000C9204700EE192046FBF7DAFA0446EF5B4E
:101BA000B8052B4648D5304800683D21415C890680
:101BB0003ED53D30407A40063AD59035288901908F
:101BC000A8880290E888039028880490588F059090
:101BD00026480068006980212622042506932B46AA
:101BE000F6F72AF9069B002822D00146019A0274D2
:101BF000029B83730398087304988872059808728F
:101C00000720C8710B2088713E2048710D71100AA1
:101C10004874180AC8730398000A48730498000AA5
:101C2000C8720598000A48728020F6F7A2F9069B50
:101C300030880F4901403180F80512D5E179032041
:101C40004A0700D501465A8FA3790091590700D55C
:101C500003468020002100F00FF83088054901403C
:101C6000318007B0F0BDC046803100203031002007
:101C7000FFFD0000FFFE0000F8B50446C0062CD4AE
:101C80000F46164800683D21415C890625D53D3048
:101C9000807A000721D51E46154611480068610765
:101CA000C90E40180069272203232146F6F7C4F81D
:101CB000002812D0014606984D720873CE720F723A
:101CC0000C20C871062088713E20487104200871DC
:101CD000280A88722046F6F74CF9F8BD80310020BA
:101CE00030310020FEB5029301920E460546FBF707
:101CF000FBF90446074690342846FBF729FA089971
:101D0000042E06D1002804D0019A002A0CD00A2201
:101D10000BE088880880012E02D1C0080E3801E04F
:101D200080080F38029E0FE00822029E8A5A0A801D
:101D30000088022801D0012000E003200B4BD218BC
:101D4000C2400B481018C00883B222889A4200D3C0
:101D50000246002E03D093B2C889984200D31046A1
:101D600060803846FBF772FCFEBDC04688FEFFFF70
:101D7000B5FF0700F0B587B01E4614460F4605466E
:101D8000FDF73AF804902846FBF7AEF9FF22062C3F
:101D900000D9A2E00346C0467C4424796400A744ED
:101DA00003199C449C9C5F00012F6AD119200001FB
:101DB0001C18185AC10404996FD5284600F0A4F8DD
:101DC000012105222846FCF7E9FF21884C480840FC
:101DD000FF2263E002930392284600F0CFF8002828
:101DE0007AD1F01C05220192049C214605F098F955
:101DF000029E31463C312046019A05F091F91920A6
:101E000001017018715A0A056AD5012212031143A3
:101E10000180052228463946FCF7C0FF708F214615
:101E200000F084F82846214617E0B0780C2854D1F9
:101E3000F01C0524049E314603922246029305F0CD
:101E40006FF9284639462246FCF7A8FF0298408FD2
:101E5000314600F06BF82846314600F055F83BE07B
:101E6000039206A830210180012F20D11920010101
:101E7000585A820416D5012105222846FCF78EFF08
:101E800015E01446052228463946FCF787FF284608
:101E9000049900F039F822461FE00C22194901404C
:101EA00021801AE059180122D202104308800D2027
:101EB000F0700C20B0700620707003203070311D5F
:101EC00006A80224224605F02BF905A8042101806A
:101ED000B11D224605F024F9039A104607B0F0BD63
:101EE000012252031143018028463946FCF79CFF2A
:101EF0000522002328463946FCF760FFECE7C04680
:101F0000FFEF0000FFF7000010B50C46FBF7ECF800
:101F10000146192000010A5A01231B0213430B52E8
:101F20003C310522204605F0FBF810BD70B50C468B
:101F30000546104800683721405C000719D50E4857
:101F400000688069022121220323F5F775FF00282C
:101F50000FD00646001D29462246F6F7A9FA0820AA
:101F6000B0710C2070710420307102203146F6F7F8
:101F700000F870BD803100203031002080B5FBF7C3
:101F8000B3F8FF219231415C0120084080BD000080
:101F90000248006894214058006D7047803100204D
:101FA000704770477047002070470000B0B50E487A
:101FB0000068A4214458FF20A0770025E577FAF7B0
:101FC0004BFA01280FD1FFF7E3FF242207498A5C6F
:101FD000002A2A4600D00268A2622322895C0029D6
:101FE00000D04568E562B0BD80310020943100200A
:101FF00010B5017C022909D10124047401688268AA
:10200000C3680CC0A12006F033FB00E0002420468A
:1020100010BDF8B51E4617460D460446F3F745FEBB
:102020002046F3F750FE2046F3F7C7FE2046214630
:10203000F3F7D0FE20463946F3F767FE20463146D7
:10204000F3F722FF069F002E02D02046F3F72BFF66
:102050002046F3F704FE2046F3F77EFE2046F3F712
:1020600048FF2046812F09D12946F3F7CFFE2046AD
:10207000F3F7F0FE2046F3F722FFF8BDF3F72CFF4D
:102080002046F3F7B6FEF8BDF8B51E4617460D46D6
:102090000446F3F70AFE2046F3F715FE2046F3F751
:1020A0008CFE20462146F3F795FE20463946F3F78D
:1020B0002CFE20463146F3F7E7FE079F002E02D0A4
:1020C0002046F3F7F0FE2046F3F7ABFE2046F3F789
:1020D000C6FD2046F3F740FE2046F3F7FDFE2046FE
:1020E000F3F746FE2046F3F7C2FE812F07D12046C4
:1020F0002946F3F78BFE2046F3F7BDFDF8BD2046D9
:10210000F3F7A8FEF8BD0000F8B51D4616460F46C9
:102110000446F4F769F811492046F4F785F81049A8
:102120002046F4F7C4F820463946F4F7F1F9204682
:102130003146F4F7C6F920462946F4F756F90698D1
:10214000812803D12046F4F7ADF9F8BD2046F4F715
:102150003DF901212046F4F7D1F8F8BDD6BE898EAD
:10216000555555008A7812044B781B029A18097845
:10217000511801607047000070B5044602F0FCFA87
:102180004D21415C094D0022BE2391420BD00668CF
:10219000F65AA642164600D02E4601252D025B199E
:1021A000521C3546F1E7A8B270BDC046FFFF0000E3
:1021B00070B50C460546084600F00DF80646204668
:1021C000294600F023F88019E16F884201D80020E9
:1021D00070BD452070BDFF2168310246C232D27801
:1021E000042A0B4600D0B323032A01D0194600E08D
:1021F000F331C222805C012202408307DB0F9A1870
:102200004007C00F10184843BB307047F8B50A4666
:10221000014600200090019002907E23DB43FDF7F1
:1022200079FC04B080BD0000F8B5044602F0A4FAC1
:1022300001464D20085C020200200D4B0546AA42D3
:1022400013D00E687619BE27F75B9F4203D0CE27C6
:10225000F75D012F03D001263602AD19EFE7002C00
:1022600004D0C320305C411E8841F8BD0120F8BD78
:10227000FFFF0000B0B50446D620205C800701D4E3
:102280000020B0BD254684352846FDF76DFBA16FC3
:102290002846FDF761FBA06F08300021FDF758FBD1
:1022A000606FA16F6167A0670120B0BDF0B585B018
:1022B00004920E4605464D2402F05EFA055506606E
:1022C00003904D300121029041700191CB04002612
:1022D0007C27049AE8B2864226D203980068C3514C
:1022E000C519542011492952522400202853422450
:1022F00029535E2428555C24FF2129555A2168540E
:10230000462107246C52286168616B60049900299A
:1023100002D050652C3D2A60019800023F185C32C3
:1023200002980578761CD5E705B0F0BDFFFF0000E8
:1023300010B502F021FA4D21425C0021BE238A42F1
:1023400008D00468E45A240B05D1012424021B1987
:10235000491CF4E7FF21C8B210BD0000F0B58FB0F2
:102360000E9317460D460646054302F005FA04464D
:10237000002D07D03846FFF7FFFEA749884218D145
:1023800042204AE025464D35002637460E962878ED
:1023900086420CD22068C019CE21415C012901D1AE
:1023A00000F07AFA012000023F18761CEFE70E9841
:1023B00033E0010222685418CE21615C012E24D141
:1023C00000021518D620285C01273840002926D0A5
:1023D00000280AD08C202858A96F2A468C325268CF
:1023E00005C1686FA96F6967A867942028580026FF
:1023F000002808D094357D2044010E984443F2F71C
:102400005FFB20182860304607E00020012904D136
:102410000546204600F040FA28460FB0F0BD0028DF
:1024200007D08C202858002803D190202858002855
:1024300006D0B820285AC10704D0E98DF52901D962
:102440001220EAE7122301461A461940022903D155
:102450004221695A002940D000070FD56D48BE219E
:10246000695A814201D00E9800E08020802801D96D
:102470001046D2E70E9000281046CED01498BA210C
:1024800068527D2671010E9A51439422A95000286A
:1024900001D0CF216F54BC2168522046ECF792FE48
:1024A0000028BAD12946D631284664302A4654320B
:1024B0006A67A8672B4678330978C9070D930ED150
:1024C00000210160A9665548016820466530062252
:1024D000F2F70AFA0D98006808E00C209DE78C21BD
:1024E00069582A468C32526806C008382946943109
:1024F0000E91842169582A46843252688160C260F4
:102500002046FFF7B7FE00280C9602D0FDF72AFA06
:1025100006E02846743001680D9B1A680260196055
:102520000E992646CE362846B8300D900868002809
:1025300005D0F2F7C5FA0E9A1168081810603770C6
:10254000C420295CD027E85D81220E9200922E469D
:10255000143622463346FFF7D7FDE85D2521F3F711
:10256000B8FE2F46D0370D980088C00603D4204609
:10257000ECF748FE42E0F2F7A3FA9C210B91685079
:1025800002F0E4F8099002F0E9F80A90387808902F
:10259000942000210D910A46F3F71AFA03460E988B
:1025A000009020460899099AFFF733FD3878099082
:1025B000962001210D9AF3F70BFA03460D9800902F
:1025C0000E980190304609990A9AFFF75DFDE96F70
:1025D0000B982A583878124B0793124B0693124BDC
:1025E0000593124B0493142303931F2300AE0EC6CE
:1025F0000C99CB0021460E9A02F050F99C242959DF
:10260000387802F027F92859397802F0D7FB0020F2
:1026100003E7C046FCFF0000FFFF00002C31002054
:10262000B9290610412E0610B12C0610C12906103A
:10263000F8B50C460646FFF79FFD0546184885424B
:102640002BD000942C0202F097F807683819BE21AD
:102650004652B821405CC00707D028023818CE2166
:10266000405C012801D10C2518E00E480068563066
:102670000626009C21463246F2F736F92802381821
:102680008C210122425001468C3100254D608D3055
:1026900021463246F2F728F900E012252846F8BD17
:1026A000FFFF000080310020F0B5C3B0044602F007
:1026B00063F80546207803AFFFF75EFD6C4988425A
:1026C0002DD0020229688D18CE22AA5C0C26012A80
:1026D00000D1CAE06288D30605D50302CB18DB8D92
:1026E0001F2B00D9C1E00296082316469E43152EE3
:1026F00004D10302CB18DB8D002B78D1000208181F
:10270000016D002923D0496D0029029E78D0097AF5
:10271000002975D033210A426DD01226A5E0FFF7BB
:1027200007FEFF2865D0000229680D182078BE2119
:1027300068528C20002129504C20295438202954DB
:10274000E9632964A962E96228468C304160207BF4
:10275000C22168542F46C237607D7870A07DB87062
:10276000607E3871207FB872237EFD2213400420E2
:102770000321012B034600D00B46E67D032E00D03B
:102780003346FB70E37E1340012B00D00846A17E48
:10279000032900D0084678712846B63000F06CF85E
:1027A000A06800028021685060680190A07B0090C2
:1027B000627B6388617F2E468036002070600290C5
:1027C000B060F97233873A75009878750198000205
:1027D000E867A07B3071284685300F3406222146F9
:1027E000F2F782F8308F000701D52248E867029E91
:1027F0003BE0072639E0C721415CA37E8B4234D100
:1028000039468031C237C38D03AE0296F3850A87FD
:10281000227B3A70627E3A71A26812020A60227EBE
:10282000FD263240042103230193012A0B4600D0E8
:10283000019BE27D032A00D01346FB70E27E32400A
:10284000012A00D00199A27E032A00D01146797195
:1028500000211791616809022291C08D0299ECF75D
:10286000BEFC002800D172E74526304643B0F0BDDB
:10287000FFFF0000DC05000010B50446002004F056
:10288000E1FD044901402088401A424242414A4049
:10289000228010BDFF0F0000B0B50446EFF310809A
:1028A00072B62546CE35A87801F0E6FFD120205C2F
:1028B00001F0E2FF62B6A87802F090FACE20002183
:1028C0002152A87AFF2801D0FBF779FAFF20A872DD
:1028D000287A800701D5FDF746F8B0BDFEB5029312
:1028E00014460F46054601F047FF0646304885422C
:1028F00001D11F2007E001200221F9F72DFD00285A
:1029000000D0FEBD2B481221A04201D20846FEBDD8
:1029100001912846FFF730FC000231680E1820466E
:102920003146ECF75CFC0028EBD1CE20315C38203E
:10293000305C042F12D1002938D00028019A1BD016
:102940001B48854218D1F08D002815D0B820305A88
:102950001021014021431046D3D10FE035463835D0
:10296000002911D0032F09D102202870F4860020FD
:10297000B08602993163FEBD1046FEBDB6363046C4
:10298000FFF77AFF0020FEBD374628370028029A5D
:1029900005D03968A120029A05F06AFE029A3A60D1
:1029A00001202870F4850020B085FEBD0198FEBD91
:1029B000FCFF000072060000D021FF224254704745
:1029C000F0B58FB00746D020385C2C235843684AB6
:1029D00012681018807D3C4694343A46B432059211
:1029E0003E46D6361428049602930AD1F2F768F8C8
:1029F000054601F00FFF059B28183230A060012525
:102A00001BE0A268561800253046114601F0FEFE74
:102A1000002805D0F86FA1680A18A2606D1CF3E7C2
:102A2000059B9888000708D4012004F012FD059B3F
:102A300050490140A0684018A060988803210140D7
:102A4000481E814148001880987B0122014601926E
:102A500011408207D20F89184007C00F0818401E86
:102A6000987738461E4600F08BF80146307FF3F722
:102A70005AFC307FF3F716FD00200390049948714B
:102A800038462830FFF7B4FA064638463C30FFF7A0
:102A9000AFFA002E049E02D03179C90704D1002874
:102AA00005D03079800702D53846FFF7E3FBA168EF
:102AB0002068059BDA88002A02D1DA7E012A03D039
:102AC00088424CDA00284AD0987E002847D098885F
:102AD000000720D50DA80090039981800D9106A8CC
:102AE000019A42763C228276FF228275C181224A77
:102AF00082827A6F137A03768181C175009B079376
:102B0000093206920A910893FAF788FE3078800716
:102B100001D5FCF728FF0220F9F72CFC012819D178
:102B2000059BDA88002A01D03C2000E04320019078
:102B3000124800680299405C0001C0431946A12375
:102B40000343B12018400B7A9A1AD3B28A7A0199BA
:102B500000F05EF8384600F095F8A168059B187FF4
:102B600001F078FE0398707128460FB0F0BDC046A2
:102B700088310020FF0F0000FFFF00002C310020F3
:102B8000FEB50446C220275C01253D40BA07D00FA0
:102B900028187907C90F4018401EC0B2C234267CDD
:102BA000B0420FD101920120029004F04BFC012EA3
:102BB0000AD0022E0ED1C0B20621DDF7BFFB12A053
:102BC000405C12E0607C11E002990840002D04D1C5
:102BD0000CA108E0B808381A07E00199002901D4CF
:102BE00007A100E005A10818007860747100C2B266
:102BF000CA40032010402430FEBDC0460609000034
:102C0000070D00000B0E00001B1E272D363900009B
:102C1000F8B51F4616460D460446C0060BD41748A5
:102C200000683D21415C890627D53D30C07A800788
:102C300023D51F2202E0BF20044011221048006863
:102C40006107C90E4018006903232146F5F7F4F81F
:102C5000002812D001460F20C872FF2088720F731F
:102C60004E720D721220C871062088713E20487184
:102C7000042008712046F5F77CF9F8BD803100206A
:102C800030310020B0B50446D120205C01F0F4FDC5
:102C90002546CE35A87801F0EFFDCE200021215247
:102CA000A87AFF2801D0FBF78AF8FF20A872B0BDF0
:102CB00070B50446C520205CFCF7F0FE05462646AC
:102CC000C536F07A2946F3F70EFCF07A2946F3F779
:102CD0009EFBF2F7F4FE01F039FD0246B07D21467D
:102CE00000F001F870BDF8B514460D4606460F46D3
:102CF000B8370420002E01460DD139884A0707D481
:102D0000032211404A424A41022903D0510002E005
:102D1000012100E006212170002E07D139880140F1
:102D200004D12E20285C801D60700FE0002E04D09E
:102D3000284642300078801D00E00C20607020465C
:102D40000830696F09310622F1F7CEFD696FA01CCA
:102D5000491C0622F1F7C8FD20782F21014021707F
:102D6000686F0078C007400E40182070696F097ABC
:102D7000C9010818207001F06BF821784001084360
:102D80002070714271413888042202409008084046
:102D900001D1082700E00E27002801D00C2011E007
:102DA000002E01D03C2000E028202958002E01D020
:102DB000422000E02E202D5AE0192A46F1F794FD1A
:102DC0007819801E60700020F8BD0000F0B585B055
:102DD00016460D460446F2F74EFFF1F7B2FE032009
:102DE000C043C11C68460181012101824173BE219B
:102DF000615A81722746BE37BA7EC272BA7C82732C
:102E00000E4A891A4A1E9141C173017301960095B9
:102E1000FBF706F820462830FFF7EAF83C34204656
:102E2000FFF7E6F800203874B87C01F095FD387E95
:102E3000800701D5FCF797FD05B0F0BDFCFF000051
:102E4000F0B58FB0044601F089FC06908B4D2868E0
:102E5000F2F7CFFE06462868F2F7E2FE0546D027D5
:102E6000E05D2C214143864A12685118897D14295E
:102E700003D10A21032201F035FF2046B430079028
:102E80000894DB340594002E39D000250E950D955D
:102E9000069C2078C0090DA908707A480068C05DBA
:102EA0000390481C2146083106263246F1F71CFDE6
:102EB0000C9504950B9520784006C00F0BA908705F
:102EC000481CA11C3246F1F70FFD20780F26064062
:102ED000052E01D1F1F735FE079FFB7B3A79049C63
:102EE000029409AD01950898843000900BA83146F2
:102EF00007F0EAFB41087E2908D8014607E00126D1
:102F00000024002D5AD0089D079F5AE00121297006
:102F1000089D696F0A680D9B9A422DD149680E9AE7
:102F2000914229D10446FF3C611E8C41032E23D1DE
:102F3000FF2821D0B888012480071DD503980128D7
:102F40001AD12846F2F797FE787E012809D17889B0
:102F50004D49884205D009AA1178C0B2521C00F030
:102F600097F8387FF3F79EFA0120059908702846F4
:102F7000FFF79EFE002624E0B888C0071AD0052E71
:102F800018D10698FAF718FE012813D10A99099862
:102F9000FAF7E4FB41424141214001290AD103985B
:102FA000012807D109AA28460699ECF7E0F801267E
:102FB000002406E000243C80012602E0079F3C80BC
:102FC000089D3988B87F002822D0002922D1401ED0
:102FD000B877B88803210140481E814148003880F5
:102FE0002846FFF7CDFD0146387FF3F79CF9387F7F
:102FF000F3F758FA2846F2F72DFFF1F7A2FD00206B
:10300000059908702846FFF753FEF1F7B2FD2AE054
:10301000002919D019480068F2F702FE002822D0D2
:103020002846F2F717FF787C012801D0174900E005
:10303000462114352846F2F76EFF3888401E388046
:10304000F2F73DFD00260EE0F1F77BFD2846F2F792
:1030500001FFF888401EF88000212846FFF7B0FCE9
:10306000387F01F079FC002C02D03888401E38806F
:10307000F4F7DEFE30460FB0F0BDC0467C310020D4
:103080008831002080310020FCFF0000EE020000AB
:10309000F8B50E460546154800683D21415C890695
:1030A00022D53D30C07A40071ED51446104800682E
:1030B0004069A1212B220323F4F7BEFE002813D080
:1030C0000746467205720A3006222146F1F70CFCCB
:1030D0001320F8710920B8713E20787104203871EE
:1030E000A1203946F4F745FFF8BDC04680310020E5
:1030F0003031002070B50E46044605469C356868A0
:103100000D4941182046D030407801F0A3FB2046FD
:10311000FFF761F88019E16F081A2946224600F08E
:103120000DF8204600F050F89C202158D020205C5B
:1031300001F090FB012070BDFFFFFF0FF0B585B0DF
:10314000144603911746B43700210197002836DC56
:1031500004900026BD5F002D13D4B87C471BB81C1B
:1031600080B2214601F009F80290781C80B2214615
:1031700001F003F8002D0BD00299081A019F049E5C
:1031800010E0012004F065F90E490840049E0BE0B0
:10319000012004F05EF9019FBD5F0A490840012D3E
:1031A000049E01DB691E3980E16F0918039B1A68D0
:1031B000891819608019E16F40180121C6E7C8B26B
:1031C00005B0F0BDFF0F0000F0B589B00446D9206E
:1031D000002525540120049004F034F908A9088042
:1031E000206D03954586204640300290204694305D
:1031F00005902046B43006902046D4300790322700
:10320000324E522F0AD008A801F0F0FA3040216D5A
:10321000CA5B1018C9194880BF1CF2E72046FEF7A8
:10322000DAFF0190E56F069EB77C3846214600F034
:10323000A4FF039AB281791C31800221079BD971C6
:10324000A28502990A807D43019949190818C8305E
:10325000059D6860A9684018E860B07B049A024048
:103260008107C90F51184007C00F0818401EB077DA
:1032700000F08EFF07990870F288A9682868002A74
:1032800002D1F37E012B03D088421CDA00281AD029
:10329000B07E002817D0002A01D03C2100E0432155
:1032A0000B4800682C23C05C0001C043A1230343EA
:1032B000B1201840337A9A1AD3B2B27AFFF7A8FC39
:1032C0002046FFF7DFFC09B0F0BDC046FF0F00004D
:1032D0002C310020FEB50446C720205CFCF7DEFB45
:1032E0000546D126A05D2946F3F7FDF8A05D2946E5
:1032F000F3F78DF8A05DF3F7D5F8D420215CA05D3D
:10330000F3F711F8F2F7DBFBDB20205C2546B8353C
:103310002646DB36062801D0052802D127463C3751
:1033200001E0274628372046FCF7BAFA02462988EA
:10333000307800940197002300F001F8FEBDF0B54D
:1033400093B01E4607460FA8059010A8049011A838
:10335000039012A8029019980B900190189C009469
:1033600038460A9100F0B2FD0D9001F0EFF90546E4
:10337000002E07D011A801782A1D2046FCF794FAE8
:10338000002691E0281D11A90A78D10708900C9217
:1033900002D100260E960AE0616F491C06220E92A9
:1033A000F1F7A2FA0C9A606F0078C007460E9007FA
:1033B000099411D508980E9C00190999496F093193
:1033C0000622F1F791FA0C9A0998406F007AC00131
:1033D0008619A41D0E94099C234698332146C431B6
:1033E00010070791069311D5087AD98B089A0E9C7D
:1033F000115512190F231B020B4007990003C01827
:10340000000A50700C9AA41C0E94099CD00616D584
:10341000F81E032805D800F0BBFE07990246487441
:1034200000E00A7C08980E9C0019CB780699096880
:1034300000F017FE0799E41C0E940C9A099C900664
:103440001BD506988168206D406D0690FCF72AFA1E
:1034500000280CD008980E9C0019069958311222A9
:10346000F1F742FA12340E94099C0C9A04E0DF2022
:103470000C9A024011A802700799500601D40899CD
:1034800009E008780C9200F05DFF0C9A08990E9BF9
:10349000C8545B1C0E9350B2002805D50E9809182D
:1034A000206D406DFCF74AFA0D9C12986870072F4A
:1034B00001D0072000E0082006432E7011A80088E4
:1034C0007F210140E970FE210F40022F01D0002131
:1034D00001E00A99890110AA13883F221A40511865
:1034E000A970C0050BD50FA802780B9EB088811873
:1034F000B180316809185819C01CF1F7F5F9204658
:1035000013B0F0BDD121FF2242547047D021FF22D9
:103510004254704710B50446F1F713FBBA20215A04
:10352000491E2152D120205C01F016FA10BD000086
:10353000F0B587B00446F1F704FB02A819490181F0
:10354000002606820121C173FF210191043181818E
:10355000BE21615C81722746BE37B97EC172D1251A
:10356000615D81732146DC310291216D2831039127
:10357000FAF756FC20462830FEF73AFD20463C304C
:10358000FEF736FDB87C01F077F93E74605D01F01E
:10359000E3F901986055387E800701D5FCF7E3F91F
:1035A00007B0F0BDFFFF000070B5044600250D70A8
:1035B000006DF2F760FB2646C736F2F780FA072067
:1035C0003075606F8560606FC560606F017A727D75
:1035D0005206D20F0A430272606F2146DE31093073
:1035E0000622F1F781F9206D3021405C636F0833CA
:1035F00001222946FCF7ADF9C720205C29462A465E
:10360000FCF75AFA7B30982160502046FFF762FEA3
:1036100098340148A08370BDF9FF0000F0B589B06F
:103620000D460446D020205C2C214143574A1268A5
:103630005118897D264698362746B837142909D16E
:10364000F1F73EFA044601F0E5F8211832317160D5
:10365000387E09E00497002D0AD01C21715E0029F4
:1036600006D571684B4A891801F0F4F8012788E003
:103670006842311D2246FFF761FD0746002D00D14B
:103680002F462546D9357168B08B002818D0022006
:10369000A870B068401A3060049C0D46A17A0122DF
:1036A0000A408B07DB0FD2184907C90F5118491E72
:1036B000A17605A906AA00F06FF8294641195DE038
:1036C000287800281DD002910320A87008AA039230
:1036D00007AB214600F0C2FB0190039801780498E3
:1036E000C07B0022FCF7E8F90921C9430931B18305
:1036F000D0303060049800788007254808D0B08327
:1037000015E020460C46FFF75FFD2146049C35E09E
:103710000199002938D0206D03907D20800002217E
:103720000122F2F755F901460398F2F7ADFB204666
:103730002830FEF75DFC039020463C30FEF758FC35
:1037400001460398084313D02046B6300191FFF795
:1037500093F801990398002802D06878C00704D133
:10376000002905D06878800702D52046FEF782FD43
:10377000B168049C607E01F06DF80299207E01F032
:1037800069F8384609B0F0BDC01DB8E7883100209F
:10379000F6FF0000A0860100B0B50C461549414374
:1037A0000D0A154988420DD301201070144A0021DA
:1037B00028460B46DCF774FF681A40084018000AD8
:1037C00010490CE0002111700C4A28460B46DCF72A
:1037D00067FF681A4008401800091D21C94341438A
:1037E0002060481900022721C90040180149DCF770
:1037F0001FFDB0BD710200001F89010012111111DF
:103800004F1BE8B4D4FEFFFF7CB50446FFF7B8F9C0
:103810000146D026A05DF2F786FDC520205CFCF7AE
:103820003DF90546A05D2946F2F75DFEA05D2946FB
:10383000F2F7EDFDDB20205C2146B831062801D0EF
:10384000052802D122463C3201E02246283209886E
:103850000094019200221346FFF771FD7CBD000029
:10386000FEB504462B4E3068F2F7DAF905463068AB
:103870002746D037F2F73AF9064601207872D02071
:10388000205C2C214143244A12685118897D142957
:1038900003D10A21072201F025FA002E04D038783E
:1038A00001F05AF80120FEBD26469836002D23D09F
:1038B000B878002820D0F1F744F92046F2F7CAFA88
:1038C000B068164909680D687B35401B306002A955
:1038D00001AAFFF761FF401901210A46F1F717F924
:1038E0000546B878401EB8702046FFF78DFFF2F706
:1038F000E6F8002DD3D1D5E71C20305E002806D491
:10390000F1F71FF900212046FFF788FEC7E7F2F71D
:10391000D6F8C7E77C3100208831002080310020B4
:10392000F0B595B007460446C434FEF754FC0F903A
:10393000A0780E90F86F0C90002638463146FEF7BE
:1039400065FC0B9000F002FF05460D9000F006FFAD
:103950001190217B81201290009038462A463346F0
:10396000FEF757FB3846F2F75CFA9C201090395866
:10397000207BFA6F414B0793414B0693414B0593D4
:10398000414B0493142303931F230A930293019141
:1039900000920E9A0C9951430B9B5918521C0F9B85
:1039A0005A438B183946129D2A4600F077FF384655
:1039B0003146FEF72BFC0F90F1F782F80E90C420F1
:1039C000395C607B3A6D009513461433FEF79CFB1F
:1039D00013A90A980871F0431390607BF2F736FC44
:1039E000607BFF21F2F775FC607B0C9009943D6DC4
:1039F0009420089631463246F1F7EAFF0346129EBC
:103A0000009628460C990D9AFEF703FB607B0D90FB
:103A10003D6D96200121089C2246F1F7D9FF03460F
:103A200000940196143528460D99119AFEF72CFB47
:103A3000386DF2F7F6F9F1F743F8C830109978507D
:103A40003846FFF7C1FB0998407B104907911049A0
:103A500006911049059110490491062103910A210C
:103A600002910E490E9A5218019200910F9B8033D9
:103A70003946324600F012FF15B0F0BD0D35061084
:103A800061380610093806101D3606100535061077
:103A9000A13A0610D5320610F5300610FFFFFF0FD1
:103AA000F0B591B004460CA80021089101700AA855
:103AB00001250570C5480068D021465CC44F3868B0
:103AC0000994B834F2F712F8002805D0F1F739F864
:103AD000607E00F041FF37E1012E04D03868F2F734
:103AE0009FF80028F2D03D46099F3E469836286848
:103AF000F2F77FF80796B28BB6498A4220D1064684
:103B00002868F2F78DF8002817D00AA8002505705C
:103B1000607EF2F75BFC3E6D942029462A46F1F761
:103B200057FF01463046F2F7AFF9E07B401E02280E
:103B300018D37D208100FA3115E00798828B30463A
:103B40003E46DB36A4495118062914D87944097930
:103B500049008F440310106376108C003846EBF751
:103B600016FBEDE046210998006D1430F2F7D3F909
:103B7000F1F7A5FFE4E0002800D1A3E0386D143090
:103B8000F2F786F8054600780F2303406878052B86
:103B900002D0032B00D0D3E0222800D9D0E0039636
:103BA000821C3846DC308D4E29460693B047089F6C
:103BB00010970F972878C0090FA90870481C29464C
:103BC000083106263246854B98470E970D97287880
:103BD0004006C00F0DA905910870481C0495A91C4A
:103BE000069D32467D4B9847E37A22780998006D0E
:103BF000014630312830099E84360096099E019096
:103C000002910598294606F05FFD316D28228F54F8
:103C1000174641087E2957D8014656E0386DF2F71D
:103C200019F93D6D7D20800002210122F1F7D0FEBF
:103C300001462846F2F728F906203070617F217787
:103C400024E0F0F77EFF386DF2F704F93D6D942023
:103C500000210A46F1F7BCFE01462846F2F714F9A6
:103C60006088401E6080607E00F076FE68E0607FC5
:103C700020773D6D7D20800002210122F1F7A8FE12
:103C800001462846F2F700F9042030700CAE0BAB69
:103C90003946324600F0E2F805463178E07B0022F2
:103CA000FBF70AFFD03007990860384600F082FA27
:103CB0003846FFF70FFB002D42D14648C01D07993B
:103CC00088833DE0384639E00121326DD35D0B43F6
:103CD000D355716F0A680F9B9A4213D14968109AA5
:103CE0009142049B0FD10246FF3A511E8A4108922D
:103CF000032D08D1FF2806D02088800727D4012073
:103D0000089000E0049B2088C00716D0052D14D130
:103D10001846F9F751FF01280FD1316D886AC96A39
:103D2000F9F71CFD4142414108980140012904D1A5
:103D30000AA93046EBF737FA02E03046FFF7EAFB14
:103D4000F4F776F80AA80578284611B0F0BD0AA85D
:103D500000210170306DF1F78EFF05200399087086
:103D60000CAA0BAB314600F079F8002812D01948A4
:103D7000801D0897079FB883356D7D208000022144
:103D80000122F1F725FE014628463D46089FF2F73D
:103D90007BF803E00F48C01D079DA883F1F78FFE55
:103DA0000CA80178E07B0022FBF786FED03028606B
:103DB0003046FFF78FFA607D0128C1D1326DD15DA9
:103DC000A0792832521CFFF763F9B9E7803100204F
:103DD0007C310020F6FF00000700FFFFE9480510D6
:103DE000F8B50446D820FF212154B820255A0127D0
:103DF0002F402646D836002F04D0FAF799FB3070B2
:103E0000FF2822D0B83400F0ABFF2076FF2813D073
:103E10000021E8061AD40D4600F0A2FF294660767C
:103E2000FF2813D1002F02D03078F9F7C8FF207E89
:103E300000F0B8FF072109E00721002F06D03078F5
:103E40000C46F9F7BCFF214600E00C210846F8BDFE
:103E500080B500F091FC4E21405C80BDF0B58FB084
:103E60001F460D460446FE202040082803D1AE6FB1
:103E7000E86F08360DE020460A38C0B280280AD81C
:103E80000AAE284621460792324606F057FC079AAA
:103E9000E86F012309E0601FC0B2022801D3282087
:103EA00000E03C202E1800232846B821415A08A8DB
:103EB000059009A8049003970292019600950022AC
:103EC000204600F003F80FB0F0BD0000F0B587B059
:103ED0001E46144605900C9A002B03D0D06F17464F
:103EE000154602E0002517461046C722825C0123D2
:103EF0000598069300F0D8F8002C01D0044602E0A3
:103F0000202104468C43002E11D06D35A97800295C
:103F100004D0E9794B424B41069303E004218C43E2
:103F2000012106912978002901D108218C43C50679
:103F3000E0B231463A4600F053F803900698002864
:103F4000214602D0102021468143ED0F0491C8B2D2
:103F500031463A4600F044F8E1050022002901D438
:103F6000019512E00D998B88C988C91A0B0409D0F4
:103F7000FE22131A8DB2AB4229DA0399511A01229B
:103F8000019203E0019515490C40114602940E9BE5
:103F90008AB255425541059A921E561EB2412A4098
:103FA00000D10398119D109E0F9F0C18641C1C706B
:103FB000002A049B00D1029B3B8030802970069927
:103FC00048424841002A00D1019807B0F0BD069A46
:103FD000534253410193049C0390D7E7FFFE000036
:103FE00010B5C30701D0072300E00123840700D5E3
:103FF0009B1D4407E40F1B19040700D59B1CC40636
:1040000000D5DB1C840600D512334406E40F1C19CE
:1040100040B2002823D5002A21D0002910D0D07A20
:10402000002800D00934D06FBE21405C05F0B5FCFB
:10403000002814D04068807F00280FD03B340EE069
:10404000106D00280BD0406D002808D0417A00295F
:1040500005D0007A022802D10A3400E02334E0B20D
:1040600010BD7CB5154604465E1E00208029024620
:1040700008D301AB6A4608461946FFF78DFB009846
:10408000C20101983F210D401543257060701F212A
:10409000090400020840022E00D3022671054018D0
:1040A000000CA0707CBD0000F0B54524A4004D06B6
:1040B000ED0F861E072E0AD8201DC0467E44367995
:1040C0007600B7440A0F03130317191DF0BD8B28A0
:1040D0001BD1002D20D0B1202BE01821002D1DD1A7
:1040E00008461CE088071ED580241DE0002D1FD047
:1040F000C5201EE00320F0BD002B1CD088202DE041
:10410000002B00D008342046F0BD0A38802822D881
:10411000002B22D0782021E071200AE05820022ACA
:10412000D4D80846F0BD6C34002806D0082005E03D
:1041300085202018F0BD802010E038204A08022396
:1041400013408906C90FC91808182043A901014363
:1041500001204840F0BD0020F0BD70202118A801CA
:104160000843F0BD10B54442444100F005FB4E2128
:104170004454002010BD01207047096D52228A5A14
:10418000030953430007C00E0818408E18187047E3
:1041900010B58AB0064800689421415848316C46F1
:1041A0002046FBF73DFA2046FBF7E8FA0AB010BDBF
:1041B00080310020B0B50446C720205CFBF76EFCC0
:1041C0000546C734A07A2946F2F78DF9A07A294628
:1041D000F2F71DF9A07AF2F765F9617BA07AF2F7A0
:1041E000A2F8F1F76CFCB0BD70470000F0B583B0E9
:1041F00004464C4804602046F1F7D7FC05462046AB
:10420000F1F7A3FC06466846F0F7A4FC0099091AEA
:104210004B0B45490A681146D031002B02D1106082
:10422000012000E00020087040480068447B002125
:10423000FF2C0AD02C2060433D4A12681018827C63
:10424000002A02D0416AC068FFE70127002E03D090
:10425000002D01D1002911E0002D15D0354A8B1A0F
:104260005A425A41344BCD1A6B426B41334D4E1B6F
:1042700075427541002907D013431D432A4E294D2D
:1042800004D08847002701E0274E264D2868F1F723
:1042900080FC002801D0042520E02868F1F734FCD8
:1042A000002801D0012519E02868F1F739FC002821
:1042B00001D0022512E02868F1F783FC2946052584
:1042C00000280BD10868F1F788FC002806D11548B2
:1042D0000068F1F70BFC002820D000250120A84041
:1042E000174909680A6802430A60002002F090FD3D
:1042F000EEF78EFFF0F725FC204600F02DFB34682A
:10430000607D012808D1217C0F200840E26809095E
:10431000FFF76AFF0020607503B0F0BD002FE9D100
:10432000EDE7C0467C310020803100208431002040
:104330008831002011A806100DA8061015A8061037
:104340003031002010B5F0F784FB044600F0E6F9A8
:10435000201840B210BDFF220E324243100A8908D5
:104360004143880C401C7047042805D0012806D121
:10437000FF20A430074A04E0044A054801E0064A49
:10438000064841438818000A7047C046E9260100E4
:10439000381A000006120000C62000004703000083
:1043A00001480068008B704780310020904201D89E
:1043B000884201D2122070470020704700207047C9
:1043C0001220704780B54069014902F058FE80BD57
:1043D000D543061080B50349C97A814201D9FCF75B
:1043E000BBFD80BD94310020F0B591B005930B92D8
:1043F0000D910C90A848017F0891C17E0991817EA2
:104400000791C17A0A91C57F0126E021A34C30466D
:10441000A047A34F386058213046A04739689422FE
:1044200006928850284606F077F90721294005981A
:1044300006F09CF91798059001901C98009019AB14
:104440000ECB0D9804910D93EAF7D4FD2C250A9814
:104450002946A04739689C2288500B99012900D031
:1044600007960020012900D00990012900D008906A
:1044700041208600012909D131462031012000F078
:104480004BFE874909688C22885036E025218248F6
:104490000A91415C30462030002901D0014600E0FD
:1044A00044212C4626277C4AD25D002A00D00146B2
:1044B0002925794A525D002A00D001460C9A012A2A
:1044C00000D10146012000F027FE754909688C22C1
:1044D00088500C980128314610D06F48405D002864
:1044E00031460BD16C48C05D0028314606D16A4880
:1044F0000A99405C0028214600D0314618980A905D
:104500001698029001273846644CA047644D2968EC
:104510009022885010213846A0472968982203929B
:10452000885004213846A0472968A02288503421A9
:104530000C973846A0472968A42288500798C5B22E
:10454000311F2846A04706460B9C012C05D15C2153
:10455000284600F0E1FD024600E0002228463146F0
:10456000FDF7A4FE10AB0898D870099898700D9FBD
:104570005F700A9818702046059E31462A4606F05C
:10458000DBF8029D28462146FBF725FA28462146FE
:104590003246FBF7FAF92846214632463B4606F0FA
:1045A000E4F800972846214632460A9BFBF7F0F9CB
:1045B000FBF775F9012C07D1012E05D105F0ECF9B7
:1045C000012D01D105F0EBF90D98012801D105F07D
:1045D000E7F9FBF75DF90498294622463346FDF7D3
:1045E000E0FC2D4FF87A411C2E4D28460C9A00F025
:1045F00081FD2B4F3968C82288502748C17A022292
:10460000284600F077FD39680A46983250630398CF
:10461000085878605068B8602046FBF7DBF9FBF774
:10462000B3F900F0FDF8FDF7C1FC06F086F8FDF7E0
:10463000B7FCF7F739FEF0F724FA396800248C72DA
:1046400048722046F0F725FAF3F7AAF83868406E6A
:10465000FCF743FD3868069D40590C3002F0EBFE34
:104660000C9E3046FBF777F93868415940228C544C
:10467000094A128B02831F200F90E0430E904831AD
:104680000EA8052202F04CFD38684059F102542270
:10469000815211B0F0BDC04694310020195106106E
:1046A0008031002090310020B0B588B0129C069473
:1046B000119C0594109D04950F9D03950E9D0295E8
:1046C0000D9D01950C9D0095FFF78EFE012C10D1DC
:1046D000FBF75CF9F8F750FD0748C17A0748006816
:1046E000A830074A052302F0F1FBF3F7C7F8FBF700
:1046F00085FB08B0B0BDC046943100208031002059
:10470000C543061000210A46062905D0435C002B4C
:1047100000D00122491CF7E7D0B270470448006876
:104720005C21405E0D2141434031C8117047C046B5
:1047300080310020044800685E21405E0D21414325
:104740004031C8117047C0468031002002480068DF
:104750008C2140587047C0468031002002480068D4
:10476000902140587047C04680310020002801D079
:10477000302070472020704702480068942140583C
:104780007047C04680310020FEB51548006894216E
:104790000291415854200190085ACF6B124C451C8D
:1047A000A9B2090A0E2901D90E494518002F0FD0C8
:1047B000002620683421415CF0B2884208D2F8F724
:1047C00093FC761CA9B2408F8142F2D12846E6E7DD
:1047D000034800680299405801994552A8B2FEBDAD
:1047E0008031002002F1FFFF2C3100200188054AB2
:1047F0008918018088B204494143080C484080B2BE
:104800007047C04615FCFFFFAB020000C0434018D4
:10481000C00F7047014800688068704784310020ED
:104820000948C07A094909681231002804D00022D9
:104830000A802C31401EF8E7054800680021C1734A
:10484000FF210902818170479431002088310020C6
:10485000843100202C224243014800688150704777
:10486000883100202C23434302480068C250C018FE
:104870004160704788310020FF280BD02C21414334
:10488000054800684018817C082901D0102100E00B
:10489000202181747047C04688310020F0B588B06F
:1048A00007932C2747431A480668F019847C012C8B
:1048B0002BD103461233149D0695139D0595129D29
:1048C0000395119D0295049110990F9D0E9C0094E3
:1048D00001920D9A079C44608260009AF2511F2257
:1048E000154045751140817501210175019AC27409
:1048F00001820299C1610399016205994162069999
:1049000081620499C1600220187008B0F0BDC046F1
:104910008831002080B50A4909680A7B012A06D13E
:10492000CA7B032A05D10020FBF780F880BD002058
:1049300080BD0968081A03494018C00F80BDC046F1
:10494000843100200BFEFFFF024909684A680260BB
:10495000887B704784310020F0B5B3B00746DC484F
:1049600000680B9001200190099000210B98817341
:10497000D84803680A911972FF2008900230988283
:10498000187CF02101400A0988181874598AD1400E
:10499000C907D14909680791059306D0002002F0A4
:1049A00037FAEEF735FC059B187C0F210291084081
:1049B00018749621099841430B9812918160012047
:1049C0000490C04379B2814210DC7F2007402C253F
:1049D0007D43079C60190A906659F0F771F8301A08
:1049E000BE49401800D5EFE0384604E0F8B2FF2891
:1049F0000ED000210A912C21414307984018012133
:104A00000175817C082902D11230042101700897B8
:104A1000F0F756F812990C18AF48076828370025A8
:104A20002846AF49CA7A95423AD23E46163E317878
:104A30000A07520F1ED004213170394628390968FF
:104A4000CA43A21829D4611A38461C3800683A466D
:104A50000C3A12689047394618390A8812180A80A9
:104A6000394614390A7880187F2800D37F200870CF
:104A7000317801208906890F0FD03968002906D0C6
:104A800038461C38006888473078012804D0002058
:104A9000307039461539087001202C376D1CC0E77D
:104AA0000028B5D18C480068034612330024214603
:104AB000A24209D01D78042D03D1CDB213AE745596
:104AC000491C2C33641CF3E70A0674D0CAB20E9258
:104AD000002206920C46039216460D910E9A9642BB
:104AE0006ED012961094E3B200272C463E46BB428D
:104AF0000DD013AAD25D2C2555434559002F02D065
:104B0000F243AA1801D53C462E467F1CEFE7129DC2
:104B10004A1BD2B2511E13AA535CE4B2175D57541C
:104B200013550F91CBB2D35C002D2ED01D46119999
:104B3000CAB213ACA45C2C277C430259911B041904
:104B40006368C91895314AD4D1430C9A511849D495
:104B50006F43C1198A7D0B7D9340497D0126324602
:104B60008A409A4200D81346A17D277D8F40617DFF
:104B70008E40BE420F9D00D837469F422B460D996E
:104B8000109C00D3119B129E11E00D990E9A012AE0
:104B900001D102220692109C129E0F9D2C225A4394
:104BA0008358821852689A1896320C922B46641ECB
:104BB000761C119392E700200B99486088732DE0D2
:104BC000039A1646069B13E06019807C102800D1DA
:104BD0000AE7202800D107E700243D4621E0963E61
:104BE000049B04E00D98401E119000263346039A62
:104BF0001198C0B213A90D5C0B9842608373FF2D0E
:104C00000CD02C20684307990918D8B201280A91C2
:104C100005D10868301A0B99486000E0FF25019C17
:104C2000089FF0F73DFF2A480068FF2D2FD011970D
:104C30001294044608200A9FB874FDF7B4F965730E
:104C40003A6AF868796890473E680B94266028466F
:104C5000F0F73CFFF0F733FF1298002823D0F87CE0
:104C6000C10901223046EFF752FF00281DD00998F4
:104C7000400009901028119F00D276E6FDF792F9C6
:104C8000A12006210022134603F0B8FC09E00446E7
:104C9000EFF757FFF0F70CFF0020E073FF20000252
:104CA000A08104990FE0EFF764FF049B0B990B734D
:104CB000F87CC873059AD660117C029C21400001E3
:104CC00008181946107403480068017233B0F0BD2B
:104CD000843100208031002088310020D4FEFFFF85
:104CE0009431002010B51F231A402C24444303485C
:104CF0000068001982751940417510BD8831002087
:104D0000B0B52C2444430B480068059D055100199B
:104D1000049C8460C1600B9981620A99416209997F
:104D200001620899C1610799817506994175C2743C
:104D30004360B0BD883100202C2141430248006807
:104D40004018102141827047883100202C224243B4
:104D500002480068801881747047C046883100207E
:104D600010B50E480168283100200D4AD37A9842C8
:104D70000BD2EFF3108372B60B46163B1C78002C57
:104D800005D062B62C31401CF0E7FF2004E0002281
:104D90000A600121197062B6C0B210BD88310020CE
:104DA00094310020FF2806D02C214143024800689E
:104DB00040180021418270478831002010B50C4610
:104DC000EFF3108172B6FFF7A5FD62B6002800D0A0
:104DD00010BD2046FFF7C0FD10BD0000B0B5044671
:104DE0001348C07AA04222D9EFF3108072B6FF2593
:104DF000EC35EFF765FE4019FFF78CFD0D4A13689F
:104E00000021197262B601280CD1106841600A4A6B
:104E1000436893420BD8037A002B07D143685B1C8D
:104E20004360F5E72046FFF797FDB0BD0172B0BDC6
:104E30009431002080310020FFE10400F8B5184CC7
:104E400001250422174E20462946B047164F3860E8
:104E5000102220462946B047396808600C222046B7
:104E60002946B04739680968C860104DE98924228D
:104E70002046B047014638680268D068816000214A
:104E8000082903D000235352891CF9E7E989D1800E
:104E900000211181E989418000F048F9F8BDC04640
:104EA00090310020F55006108C3100209431002004
:104EB000FEB51A4A12681368EFF3108272B6062222
:104EC0009C5EE2172746974340000090185E144A04
:104ED0000291891849094D1C0128019505DB421BE7
:104EE000564212B2D51335403F18D8680022865E6C
:104EF00009B28E420EDD3EB28E420BDD009959188A
:104F0000621BDA800A88019BD21A0A80029900F09B
:104F100043F9024662B61046FEBDC0468C31002001
:104F2000FFFF1F00B0B50D46044600F05BF90146D7
:104F3000284600F00BF8044800680068C068214665
:104F400000F00FF9B0BDC0468C31002010B50B4AFF
:104F500012681268EFF3108372B64300D05E4418F3
:104F6000D4520BB2C318012B02DB4342C10B1940D0
:104F7000D0880818D08062B610BDC0468C310020A1
:104F8000084909680A68EFF3108172B60621515E7C
:104F9000CB1799434000105E002800DD091888B245
:104FA00062B670478C310020FEB58124002832D0D3
:104FB0000646029101941948006800680090501E4E
:104FC0001F2101434C1CA7B2304600F013F90546DF
:104FD00087420CD9601B81B20298FFF769FF002855
:104FE000019C18D00146304600F029FA12E0AF4289
:104FF00010D20098C06831463A4600F007F90446DE
:10500000781E4009691E4909081A81B20298FFF703
:105010009DFF00E000242046FEBDC0468C310020EC
:10502000BCB50C4601461C48006805682889EA683A
:105030005288131AA34226DAA11A081801A9088077
:10504000164800688069422140220323F2F7F4FEEB
:10505000002817D004460222C2720920A0722046FE
:105060000C3001A9EFF740FC00206072062121728C
:10507000E071A171FF2060718220207142202146E1
:10508000F2F777FFBCBD0320224600F009F828891B
:1050900000192881BCBDC0468C3100203031002071
:1050A00010B5084B1B681B68EFF3108472B6400004
:1050B0001C5AA41A1C524800195A8918195262B66F
:1050C00010BDC0468C310020B0B50C4605490968BA
:1050D0000D6803212246FFF7E3FF2889001B288182
:1050E000B0BDC0468C310020014841680160704766
:1050F0009031002070B5144605464C430068401EB0
:10510000032101434E1C002130462246EFF7FCFBF1
:1051100030192860304670BD80B50A460146024805
:10512000FFF7E8FF80BDC04690310020F0B581B0A8
:10513000054640888624002810D0AE68002E0DD089
:1051400000246C602C80274634602846314600F0ED
:1051500008F824367F1C68888742F5D3204601B0C2
:10516000F0BD10B5002915D000220C462346521C74
:105170002468002CFAD1EFF3108472B644684160C1
:105180001C6001888918018062B6002001F068FE69
:10519000EEF73EF810BD0000F0B5114A8918490934
:1051A0004A1C94B2EFF3108172B60021002C13D088
:1051B00003889C4210D8641E41680D4606D0002624
:1051C0000D462D68761CB7B2BC42FAD82C684460F4
:1051D00000242C609A1A028062B60846F0BDC046D0
:1051E000FFFF1F000021002802D00068491CFAE7D9
:1051F00088B27047002806D000210068491C0028AA
:10520000FBD1480100E0002080B2704770B5002457
:1052100000290AD000260D460968334620339EB285
:1052200096420ED20029F6D101E023462546D11A36
:1052300089B2FFF7B1FF286000280AD17920C44362
:1052400007E0002904D0FFF78CFF00242C6000E069
:105250000024E0B270BD002908D0002809D08BB22C
:10526000202B04D3006820390B04F6D100211180D3
:10527000704700207047F0B581B00646500904061B
:1052800004D0002E2DD03668401EF8E71C465B1E69
:1052900020469841002C1FD0002E1DD01F20024018
:1052A0002020851AA8B2A3B2984200D325460095C3
:1052B000AFB2B018001D3A460D46EFF715FB009847
:1052C000241AA1B24A1E08469041002904D0E919C7
:1052D00036680022002EE3D1002803D07E20C04390
:1052E00000E08120C0B201B0F0BDF0B581B00D4644
:1052F0000646002A08D0002E2AD090B2202806D3D5
:105300003668203A1004F6D1002E21D00022002B5E
:1053100020D02020841AA0B299B2884200D31C4623
:10532000A7B290B23018011D28463A460093EFF715
:10533000DBFA009B1B1B180404D0ED193668002211
:10534000002EE6D198B2002805D07E20C04302E0AE
:10535000812000E00020C0B201B0F0BDF0B583B004
:1053600002910646002A08D0002E33D090B22028A1
:1053700006D33668203A1004F6D1002E2AD0002237
:10538000002B019320D000271D4690B21F2814D86F
:1053900020218C1AA1B2AAB2914200D32C46A2B20B
:1053A000B9B2029B59183018001DEFF7BDFA00285A
:1053B0000FD12D1BE719002200E0203A280404D069
:1053C0003668002EE1D100E00027B8B2019B1B1A1D
:1053D00000E00346184603B0F0BD10B5521E1F236F
:1053E00013439AB2531C9AB29A4201D000220DE0A4
:1053F00053090A460021541864684450091D2029A5
:10540000F9D1116820305B1E1C04F2D1104610BD8A
:10541000B0B5521E1F2313439AB2531C9AB29A423C
:105420000CD15209031D00240D591D51241D202C9F
:10543000FAD100682031521E1304F3D1B0BD0246E8
:1054400000680028FBD111607047F0B58DB0914223
:1054500000D383E01346064600290CD00C4635469F
:10546000002D0BD0A0B2202809D32D68203C2004A9
:10547000F6D1002403E00024354600E000251F4655
:105480003246002A08D0B8B2202806D31268203F3E
:105490003804F6D1002700E0002220040AD002914F
:1054A000291D0492A2B205A80393EFF71DFA0299F1
:1054B000039B049A002E019506D000203668401CFC
:1054C000002EFBD1400100E00020002A3DD0C91A87
:1054D0000D18280439D004922021C81B82B2ABB227
:1054E0009A4200D32846029582B20D1BA9B291427E
:1054F00000D30546AAB2A0B205A90818B9B2049E05
:105500007118091DEFF7F0F92C19EF190397B8B2CC
:10551000202803D132680020039000E03246A0B278
:1055200020280AD1019C201D05A904922022EFF712
:10553000DBF9049A246801940024039F002A07D011
:105540000298451B2804C6D102E0A0B2202805D04D
:105550000198001DA2B205A9EFF7C6F90DB0F0BD84
:10556000F0B597B0E54C6720C543E9F76EFCE44E13
:10557000012802D0F07A002810D027462C46383473
:10558000E9F763FCF17A6143784338184418E9F786
:105590005CFCF17A4143DB48484324182634E9F7A0
:1055A00054FC01280ED128466030318941432846F9
:1055B0004430B27A4243501829464831327B4A433C
:1055C000801800E000200390F0890A90F7F7A7F810
:1055D000012801D0E9F722FEE9F72FFC01281194F8
:1055E00009D12C463834E9F730FC6043F17A414365
:1055F0000839099101E000200990F2484C301390DD
:10560000E9F70CFE012815D0F7F789F8012811D029
:105610002920305C00280DD12520305C002809D1DC
:105620002620305C002802D0E6484C3001E02846B5
:1056300024301390E3486C301290E9F7EFFD012815
:1056400015D0F7F76CF8012811D02920305C00281C
:105650000DD12520305C002809D12620305C00289F
:1056600002D0D8486C3001E028463C301290E9F76F
:10567000D5FD1090B07E0090F07F0F90E9F7E5FB2C
:105680000790F07F0190FAF769F90890F07F029097
:1056900001F065F90027F7F757F801283846159506
:1056A00016974FD1707F0A2800D30A202C46383431
:1056B0004443C03C0025FAF7F8F801282F4620D1D2
:1056C000E9F7C3FB01280E9503D0159B184654300B
:1056D00002E0159B18464830BA49E431B27F4A438C
:1056E000101835461E466036E97F32468A408718D4
:1056F000E9F7ABFB012802D1E87A4643BF192E46F1
:105700000E9DE0191490FAF71AF90746FAF7CDF84A
:1057100004463C40E9F799FB2040012808D1F07E7F
:10572000401E03210143B07FB0224243D043451ABB
:1057300014984419E9F772FD6043A24908182C3007
:10574000159D169F0690E9F780FB0128394609D17F
:10575000F7F7C0F90128394604D12220305C2946E8
:10576000143141430591FAF7A0F80128384621D1B8
:105770009448D430B17E414328464830F27A4243BF
:1057800054180027FAF7DBF8012810D1E9F75DFB80
:1057900001280CD1159A10465830317F41431046EC
:1057A0006030F27E424350188438B77E4743E01998
:1057B000159D169F0E90F6F74FFE0128384633D1FF
:1057C000E9F743FB012802D02F465C3704E0284666
:1057D0006030F77A47430C3F2325705D0024002892
:1057E000204605D0E9F731FB705D40420321884334
:1057F000C0192427F15D159A64324A438518F6F7DB
:10580000A3FF01280DD1E9F709FD012809D1FAF715
:105810004CF8012805D1F45D002C159801D0044600
:1058200050342819159D169F0D90E9F70EFB01289D
:10583000394609D1F6F775FF0128394604D12846C3
:105840004830F17A414314390C91E9F7FEFA012806
:105850003A4608D1FAF7D5FA01283A4603D1284644
:105860004C30F27A42432620315C2520345C6318A8
:105870002920305C0493002B149010D02820335C36
:10588000284660305843F83848432723F35C5435A2
:105890005D434C4B5B19483363431F181498002831
:1058A00016970B920DD002462A20305C454D2B46B0
:1058B000B033434337462E46C8365643F318483B69
:1058C00003E02A20305C002337462826BE5D714362
:1058D000091827263D46BE5D74432418601813D06E
:1058E000159F3E464C3666433C4634344C43A11922
:1058F0003C465C3444430C19143C07E010FCFFFFA9
:10590000943100207CFDFFFF0024159F03990A9E1F
:1059100011980818394644317143401809994018C4
:1059200013994018129941183846603006460F9A6C
:1059300096408919109A012A06D1224E009A5643A0
:1059400071184526B60089192E46079D059A012D26
:1059500002D1019DA84009180898012805D13846B0
:105960001830029DA840411870390698049D081807
:1059700080180E9940180D9940180C9940180B99F1
:1059800040181499CD4201D0381858301699401853
:10599000C0180419F2F74DFA012800D1E419706813
:1059A00020180321C943F28DD21C0A40B38DDB1CA1
:1059B0000B409A18338EDB1C0B40D118401A17B0DD
:1059C000F0BDC04690FEFFFF80B501F096F980BDA6
:1059D000B0B594B004464178012529403E306A466E
:1059E00000F019F800280CD1694650222046EEF745
:1059F0009BFF002808D06946487828403E3100F0D7
:105A00003BF86078102801D2002002E0204601F027
:105A100069F914B0B0BDFEB51446064601250291E1
:105A2000012905D17079C0210140402900D100250C
:105A300001F040F920463E30019027461E372046AF
:105A400001F03EF9002815D1002D0BD0607801211E
:105A5000014002988142F2D1062201983146EEF7C8
:105A600063FF03E03046394600F080F90028E6D1B4
:105A70000020FEBDB320FEBDF0B595B00C46054636
:105A800001F018F901AE3E36B32701A801F018F96C
:105A9000002810D1062230462146EEF745FF01A925
:105AA000497801220A40AA42EFD10028EDD101F045
:105AB00037F90027E9E7F8B215B0F0BDB0B50446F4
:105AC000074D2878002803D101F0F4F80120287050
:105AD000204601F0F5F8002801D000212970B0BD62
:105AE000C8310020BFB50D46044601AA084621462C
:105AF00000F07FF8002801D101F012F92846214674
:105B0000FFF7BAFF04B0B0BDFEB5144601910646DA
:105B100001F0D0F827464437204601F0D1F800289C
:105B200011D16078C006F7D502AD384601992A46F2
:105B300000F07AF8022228463146EEF7F5FE0028FA
:105B4000EAD10020FEBD8120FEBDF0B585B01E4625
:105B500017460D46044602AA0846214600F049F8B9
:105B600000280BD10498B84206D1BAB20C203146B5
:105B7000EEF76AFE002816D001F0D2F8019602AEC8
:105B80003570701C06222146EEF7AEFE04973046B3
:105B9000019901F082F8002805D0064628462146E2
:105BA000FFF76AFF00E00026304605B0F0BDB0B553
:105BB00098B01C46154601AAFFF72DFF002816D104
:105BC00001A94A78012010403E3115AA00F011F8D1
:105BD000002801D0B3200AE029681798884201D92B
:105BE000872004E0286081B2204601F04BF818B00D
:105BF000B0BDF8B514460D46064601F01DF8671C09
:105C0000204601F01FF800280BD10622284639460D
:105C1000EEF78AFE0028F3D12078B042F0D10020C0
:105C2000F8BDB320F8BD0000F0B591B0019200912D
:105C3000054608A90320088007AA002414801448F8
:105C40000068183003AF3B4600F024F80DAE102278
:105C500030462146EEF758FE082230460099EEF70E
:105C600043FE09AC384631462246F6F7F7FB02AE52
:105C7000022230462146EEF737FE2878029941404D
:105C8000019A1170707869784140517011B0F0BD7F
:105C90002C310020BFB50D786C46257049786170B5
:105CA0001178A1705178E170002103910291019166
:105CB00021461A46F6F7D2FBBFBD0000E0B5034609
:105CC00001A9012008806A4600201080024800686F
:105CD0001830FFF7DFFF8CBD2C310020F0B587B006
:105CE000009003AE3046FFF7E9FF0027384601F089
:105CF000A9FB010A02AD69703F24044040343846D4
:105D000001F0A0FBAC70287001AF304629463A463E
:105D100000F00EF80326009C204639463246EEF786
:105D2000E3FDE01C29463246EEF7DEFD07B0F0BD8C
:105D3000F0B589B000920F46054605AE002110224D
:105D40003046EEF7E1FD0324304639462246EEF7B1
:105D5000CBFD01AF284631463A46F6F77FFB009867
:105D600039462246EEF7C0FD09B0F0BDBCB50A4683
:105D70000446C11C01AD10462A46FFF7D9FF032295
:105D800028462146EEF7D0FD002800D08120BCBD7A
:105D9000F0B585B000931746054601AE3046083091
:105DA00008242246EEF7A0FD304639462246EEF79B
:105DB0009BFD28463146009AF6F750FB05B0F0BD32
:105DC000E0B50B46014601AA012010800248006898
:105DD0000830FFF75FFF8CBD2C310020F0B595B087
:105DE000019317460391002514951395129511956B
:105DF00011A90DAC04902246F6F730FB0F2002905B
:105E0000265609A9204600F085F8002E67D409A877
:105E10000299445605A900F07DF8002C6CD411A815
:105E2000002410222146EEF76FFDFDB2112D21D383
:105E3000201D81B210220DAB0398F1F741FE002026
:105E4000102807D00DA9095C11AA135C4B4013540C
:105E5000401CF5E711AD0DAE049829463246F6F721
:105E6000FDFA102228463146EEF73EFD103F103471
:105E7000A4B2DAE7102D08D1201D81B210220DAB9B
:105E80000398F1F71DFE09A814E00DA800211022C7
:105E9000EEF73AFD380608D00DA8431B1033201D3D
:105EA00081B203982A46F1F70BFE0DA8401B802112
:105EB000C17305A8019A0021102909D00DAB5C5CC3
:105EC000435C634011AD6C5C5C406C54491CF3E76F
:105ED00011A90498F6F7C2FA002015B0F0BD11A878
:105EE000872101700F2D92D009A8415D11AA525D42
:105EF0004A4042556D1CF5E711A88721017000202A
:105F00000F288CD005A90A5C11AB1B5C53400B54C5
:105F1000401CF5E710B5027852000A70491C0022B7
:105F20000F2A0BD083185B785B008B548456002CAF
:105F300002D5012423438B54521CF1E710BD0C20E1
:105F400070470000F8B500276B4B6C4A3D46186857
:105F50003421405C854200D3CDE01068A421405834
:105F6000002800D1B2E0C4192089002800D1ADE09A
:105F7000A07A0146D13905295DD3002800D1A5E0DA
:105F8000FE2800D18AE0A22859D0AA2800D181E0B9
:105F9000B22854D0B42800D18AE0BA287AD0BF28D9
:105FA00000D189E0F02800D18BE0102800D090E0EB
:105FB0000121204604F00AFD002800D196E00026C9
:105FC000A672F2F7F1FF00284B4B4C4A7ED06020BE
:105FD000205CC0077AD004F06AFC484A464B00288F
:105FE00074D0E079C021014040296FD14448006855
:105FF0004F21405C000769D52489424800688069C8
:10600000482202210B46F1F717FF3C4A3A4B002881
:106010005CD001460420487208220A72CE71887151
:106020008C72FF20487182200871200AC8720220F9
:10603000F1F79FFF48E0204605F07EFA44E0E07D5E
:1060400001260007304613D5204605F07AFD0028CA
:1060500006D0122804D00E2000F0DAFEEDF7D8F8B2
:10606000E07D60210140603948424841224B234A8B
:10607000E17C022904D1E17B10220A4016091F4A63
:10608000002823D0002E21D06020205CC00724D01F
:106090004B2023E0204600F037F815E06020205622
:1060A000002813D5002170222046EEF72DFC0BE0CE
:1060B000204605F0ABF807E00021204605F0F3F993
:1060C00002E0204604F004FD0C4A0B4B70376D1CB7
:1060D0003DE7204600F019F80AE05B20C043A072BB
:1060E0000E2000F095FEEDF793F801E0F120A0728C
:1060F000014B024AEAE7F8BD2C310020CC310020E8
:10610000803100203031002070477047FEB5604F6D
:10611000604C38680168002900D1B8E001F094F8BB
:106120000546008805F09EFC0028F2D00646386837
:10613000B021405C00280ED0082100220123304607
:1061400004F07EFD00280ED0FD2800D096E0284601
:10615000F1F79AFCDDE76868007A05280CD128463B
:10616000314604F041FD2846F1F78EFC0E2000F088
:106170004FFEEDF74DF8CCE7B17AF12901D00029B7
:106180000AD16021725C0121114001D10B28DED1BE
:10619000002901D00128DAD1F07D000706D502964A
:1061A000019501A800F094F8FC28CBD16020305C68
:1061B000C00707D10296019501A800F08BF8FC28D2
:1061C000C0D122E06868007A042831D0032837D093
:1061D00001281AD1B07A002803D0FB2847D0F12833
:1061E000B5D1308905F01EFC024600200146234649
:1061F00000F08EF8307E810702D503210843307607
:106200002846314604F0F0FED9E72846314605F02D
:1062100061FAFC2803D0862899D0842892D1F07D99
:10622000000794D50296019501A800F04FF889E780
:10623000B07AB6288BD12846314605F09FF8BEE7E4
:10624000B07AB22809D0B42807D0B52800D07EE7AC
:106250002846314604F09CFFB1E7F07C022800D0CC
:1062600075E738684021415C032908D16FE70921AF
:1062700000220123304604F0E3FCA0E738682946F9
:1062800000F0C3FF0F2000F0C3FDECF7C1FFFEBD1F
:10629000CC31002030750000F8B50A4D05400A4E9B
:1062A00030680768002F0CD03C46FF692088A84260
:1062B000F8D13068214600F0B1FF2046F1F7E4FB49
:1062C000F0E7F8BDFF0F0000CC3100201F20704721
:1062D0001F2070471F20704780B50648C17A0648C6
:1062E00000680830C91CC9B2044A072300F0EEFD5B
:1062F00080BDC04694310020CC31002001630610DF
:1063000080B54069014900F0BAFE80BDA96306105E
:1063100010B5002906D0862401291BD1022A19D8DC
:10632000002100E0032101280AD0002811D188189B
:10633000C1B2094800680830012200F012FE06E0F0
:106340008818C1B204480068083000F0D4FD044643
:1063500000E00024204610BDCC310020FEB50546EB
:106360007020029045430F480068A42101914058D5
:10637000471939890220012400262246334602F0BB
:10638000B1F93846214604F00BFC3889FFF784FF49
:10639000044800680199405840193146029AEEF7C6
:1063A000B3FAFEBDCC31002080B5022802D805F03A
:1063B000A9FA80BD0449C97AC91C814203D9C01E0B
:1063C000C0B2FFF7CBFF80BD94310020F8B5292083
:1063D000C1000124204D2046A847204E3060204FA8
:1063E000F87A7021A8473168A422885005F012FA83
:1063F00028212046A8473168AC228850F87AC01C72
:10640000C0B2411C174D28462246FEF773FE316884
:106410008862F87AC01CC1B202222846FEF76AFEE2
:106420003168C862084600F0E5FEFFF755FF3068A6
:106430004221002545524021032242540A49046367
:1064400041638563443010212A4601F008F828464C
:1064500005F074FBF8BDC04619510610CC31002080
:1064600094310020903100200710070710B5044632
:1064700000F00CF8002801D00C2010BD0248006884
:1064800040214454002010BDCC31002070B510488C
:1064900000683421405C702141430E480268A432F8
:1064A00000200346994212D01468E518AC7A6026A1
:1064B000AD5DED0704D16034E4B2512C04D205E0A7
:1064C0005034E4B2412C01D37033EBE7012070BDAE
:1064D0002C310020CC31002010B50446FFF7D6FF48
:1064E0006178012903D1002805D1024604E0002883
:1064F0000FD00C2216E00C220B4909684023CB5C1C
:10650000032B01D16E22D243032B0BD0002802D0E3
:1065100008E0054801683031102208462146EEF7B0
:10652000E3F90022D0B210BDCC31002010B50C46EA
:1065300005F098FA002810D0C17C02290FD1094932
:1065400009688C63C17B10220A43C2730E2000F0DD
:106550005FFCECF75DFE002010BD022010BD0C209A
:1065600010BDC046CC310020F0B589B0049315466B
:106570000591074606AE08AC30462146F2F71EFEEE
:1065800022780020009504990191029038460599DF
:10659000334600F003F809B0F0BD0000F0B587B055
:1065A0000293009201913A4909683423CA5C70272A
:1065B00057430025EC43374B1E68A4360C990691CF
:1065C0000E9903910D9905910494AF425ED0336802
:1065D000591909897035641C0029F6D1944255D2A5
:1065E0005F193946683908803846703805210170CE
:1065F00038460F38009901703846103800900199DC
:10660000017038460E380622234B029916469847E9
:10661000FE20069A104001210A40022800D01146AF
:1066200006923C466F3C217002280598039900D0E1
:1066300001463D466E3D28463246174B9847384640
:106640001738069901703846163805993246124BAC
:1066500098473846583800210422EEF755F9381F7C
:10666000663F10213970049901602078294605F0B1
:10667000B9F9002805D000980078C00701D0FB20A8
:1066800038700E2000F0C4FBECF7C2FD07B0F0BD7F
:106690002C310020CC310020E9480510F0B589B03C
:1066A00004931746059106460E9C2046FEF72AF8ED
:1066B0000F9D002808D007A806222146EEF714F9FE
:1066C00006A80122027005E007A806AC2146F2F7F1
:1066D00075FD2278009704980190029507AB30462B
:1066E0000599FFF75BFF09B0F0BD0000F0B589B078
:1066F00015460E4605F0B6F9002870D00446807A9B
:10670000BC2806D1278908A8002101802646283602
:1067100056E027463037E17D090709D42046283066
:1067200008223146EEF7E0F83D70280A7870A07A2A
:106730002189029108A900220A8026462836BC2811
:106740003DD025461C35F1280FD1E07D000736D419
:1067500007AA019228463146FFF766FA02220198FD
:106760003946EEF7E1F8002821D038463146224676
:1067700004F09BF900281AD0029D2846F5F79FFEE9
:10678000207E80070CD0284605F04CF902460120F7
:106790000021154BFFF7BCFD207EFC210140217636
:1067A000022003220023294601F09CFF17E00D4838
:1067B0000068083008AA29463346FFF76BFA029FA3
:1067C00003AD002110222846EEF79EF8227C2846D1
:1067D0003146EEF789F838462946F5F761FE09B0EB
:1067E000F0BDC0462C31002030750000F8B50E46D3
:1067F0000546104605F036F9002856D004460746EF
:10680000002E0BD00020B87208340122062D32D1A0
:1068100039891546062E0ED005220DE0F97A0120A1
:106820000843F872F97C891E022910D8F97D0907FE
:1068300008D5042107E004220220002301F052FFC2
:106840002A4618E00221F92210404018F872B87A5E
:10685000AD2805D0AE2805D0BC2827D1BF2002E046
:10686000AF2000E0F020B87208340E2000F0D0FA1B
:10687000ECF7CEFC00226020385CC0070BD1B87E5C
:10688000C10605D5EF210140B97641B2002918D4DF
:10689000002A19D109E0387EFC2101403976032114
:1068A0000140481E81410A430ED1F8BD062DDBD1BF
:1068B000F128D9D1398902200022134601F012FFB4
:1068C000D2E76F210840B876208805F0ABF8024681
:1068D00001200021014BFFF71BFDF8BD30750000C2
:1068E00010B505F0BFF8002825D00446008905F052
:1068F00099F80246012000210F4BFFF709FD20897E
:10690000FFF7CAFC6020205CC007A07A04D1603089
:10691000C0B2512804D307E05030C0B2402803D899
:106920000221204604F03CF9FE20A0720E2000F067
:106930006FFAECF76DFC10BD30750000B0B5054680
:106940000024204605F0DAF8002801D00C2404E0E9
:10695000012D02D1012005F0F1F82046B0BD002044
:106960007047704770470000B0B50C460546088870
:1069700005F078F8002825D0002D0FD0012D21D169
:10698000608841281ED812480068214600F036FC75
:106990000F2000F03DFAECF73BFC16E06168097A45
:1069A0000B2909D1017E03220A40012A0AD1FC22C7
:1069B0001140891C017605E08A1FD2B2042A01D851
:1069C00004F05EFE2046F1F75FF80020B0BDC0463F
:1069D000CC31002010B5C37A5C07A20F09D0012288
:1069E00013405A425A41037C0320102B09D003461E
:1069F00008E0DA070AD1807A0122F12809D013468B
:106A000008E00423002C05D4034603E002230022FF
:106A100000E00223002A01D1184600E001200029ED
:106A200000D0184610BDF8B51C4616460D4600218C
:106A300029701170197005F015F8002817D0074655
:106A400001212970807AF12810D100910021384667
:106A5000FFF7C0FF3070012809D102202870F97AB1
:106A60004907890F00D10098207000E031700020A4
:106A7000F8BDF8B51C4615460F4604F0F3FF002894
:106A800016D00646811C06222846EDF72DFF7078A9
:106A900069460870002F1FD000281DD0012809D199
:106AA000F1798A090120022A16D8402903D213E07D
:106AB0000220F8BDF179C0200840402808D169467D
:106AC00030462A4603F0DAFF002803D08120F8BDC3
:106AD0008620F8BD6846007820700020F8BDB0B56B
:106AE00004F0C0FF002811D004460025294603F019
:106AF0006DFF00280BD0A17AF12905D1A17BCA072F
:106B000002D0890700D50020054600E0022528466E
:106B1000B0BD10B50C4604F0A5FF002805D0817A61
:106B2000F12902D1007CA04201D2B62010BD002084
:106B300010BD80B504F096FF002806D06021425CAD
:106B4000802313434354002080BD812080BDF0B5D5
:106B500089B00E4604F086FF002825D005461C307B
:106B600005A90091FFF72CF974882B466833271D7F
:106B7000B9B204223046F0F7C5FFFAB201AF00986F
:106B800031463B46FFF72AF908372046083081B2E4
:106B9000082230463B46F0F7B5FF0C347480A86EEF
:106BA000401CA866002000E0022009B0F0BDF0B54E
:106BB0008DB00D464F8804F055FF002805D00446DF
:106BC000407C400603D4B12034E0022032E021466C
:106BD000483105A81022EDF787FE083FB9B20C2214
:106BE00002AE28463346F0F76BFF30787178090221
:106BF0000818B17809044018F17809064118E06EC8
:106C0000814201D8401C10D10191FAB205A809AE09
:106C100029463346FFF7E2F802A8001D083608228D
:106C20003146EDF781FE002801D0052002E00198F1
:106C3000E06600200DB0F0BD0148002101707047F2
:106C4000D0310020BCB50346064D28780C210091B8
:106C5000012400222146EDF77FFD2C7000F004F89E
:106C6000BCBDC046D0310020C01CC0B2042802D335
:106C70007E20C04302E0C1000148C840C0B2704756
:106C8000B3B7B400E0B503460091022001210C2205
:106C9000EDF762FDFFF7E8FF8CBDE0B50B4601465E
:106CA0000089009001200C22EDF708FDFFF7DCFFC2
:106CB0008CBD00000148002101707047D1310020D7
:106CC0001CB50346064C20785021009100210A464D
:106CD000EDF742FD01212170FFF7C6FF1CBDC04644
:106CE000D1310020E0B5014600200090502203463B
:106CF000EDF7E4FCFFF7B8FF8CBDBCB500242146DE
:106D000020460D460094C0B2214622462346EDF7A8
:106D100023FDC21C691C0120002AF2D1E8B2BCBDCF
:106D200080B50220EDF7BAFD80BDE0B50346262010
:106D30000090022100200246EDF70EFD002800D051
:106D400081208CBDE0B5014600230093022026225D
:106D5000EDF7B4FC002800D081208CBD034800680A
:106D600000218160C160016101607047D431002061
:106D700070B5204D2968EFF3108272B60A680026BC
:106D80000E604B6813434B6062B600280ED0286833
:106D90004168CA070AD0012251404160EFF31080D8
:106DA00072B6286801681143016062B62C6810341D
:106DB000206800280FD0204600F066F8800029687F
:106DC0000818EFF3108272B6826886604868104334
:106DD000486062B6ECE72868041D074D206800286B
:106DE00006D0204600F050F8810069588847F5E742
:106DF00070BDC046D4310020D8E8061003480068B2
:106E0000016800690843411E88417047D431002061
:106E10001F21014001228A40EFF3108172B604491C
:106E20000968400980000B5813430B5062B6704745
:106E3000D43100201F22024001239340EFF310823F
:106E400072B68900054A1268511840098000081876
:106E500081681943816062B67047C046D431002012
:106E60001F21014001228A40EFF3108172B60549CB
:106E7000096840098000081801691143016162B680
:106E80007047C046D4310020EFF3108172B601681C
:106E90004A420A405140016003485043C00E03A1DA
:106EA000085C62B67047C046DF3A6504000102061E
:106EB000030B0710040E0C150817111A1F050A0FF3
:106EC0000D1416191E0913181D121C1B10B51224BF
:106ED00000280ED0002A0CD00B2B0AD8417003706A
:106EE000036A5954491E4B1CFAD3026100240475ED
:106EF000C061204610BDF8B505461220002D1BD0FC
:106F00000C466A788A4217D92B6A195DA14201D1D1
:106F10000020F8BD17463E46DF5D974201D0A742EC
:106F2000F9D10020974205D09955964202D12846C2
:106F300000F003F8296A0C55F8BD10B542788A4272
:106F400007D1017D0024002909D00830EDF7D3FDD9
:106F500005E04900426A515E00F06AF804462046A6
:106F600010BDF0B585B0122600285ED01F460D4634
:106F7000044643788B4258D9207805210903814083
:106F80008F4252D804920293EDF79AFD024623787D
:106F9000206A405DA8420CD00498002845D02046C5
:106FA0000391294604931646FFF7A5FF039932463D
:106FB000049B332078430E46010A0818010C081878
:106FC0007107D20851184218581DC0B2C24001952D
:106FD0006800616A04920A52EDF772FDC0080390DE
:106FE0006278206A17463B46C75D97420DD07D0008
:106FF000666A755B2678761D0399F1406D1A2DB28D
:10700000049E711A09B28D42EDDDC15C019A815472
:10701000206AC2540298834206D1049801B22046E5
:1070200000F006F8064600E00026304605B0F0BD48
:10703000FEB50191044607460837EDF741FD029081
:107040000D462678207D002804D03846EDF753FD04
:10705000227800E03246701D029CE108C140019890
:10706000401A00B2401EC1170832D9F757FA021968
:107070004D4138462B46EDF72DFDC0B2FEBDFEB5A5
:10708000029105464778006AC45DEDF719FDC00816
:1070900001902046C2B2BA420DD053006E6AF35A34
:1070A0002E78761D0199F140591A09B2012903DCA5
:1070B000286A805CEEE73846296AC855C6B2284679
:1070C0003146FFF73AFFE0B2B04206D0296A0F5CC2
:1070D0000C54029988473C46F5E7FEBDF0B5002AFE
:1070E0000BD00024E543002B264600D056190F5D37
:1070F00087556D1E641CA242F5D1F0BD70B50346E4
:107100000120002909D0002426462546965D9E428E
:1071100004D16D1CEEB28E42F8D370BD204670BD16
:10712000002A05D003780B70521E491C401CF7E75B
:10713000704780B5027C0B7C9A4206D1202A07D08A
:10714000102A09D18989808908E00020C04380BDC8
:107150001022EDF7E9FB80BDC968C068401A80BD08
:1071600070B58AB00C46014605AD14262846324655
:10717000EDF7BAFB684621463246EDF7B5FB287CB1
:10718000802807D005AC0D490C222046EDF7ACFB5A
:107190000020E0816846007C802807D06C460749C3
:1071A0000C222046EDF7A0FB0020E08105A86946EF
:1071B0001022EDF7B9FB0AB070BDC04630E90610E9
:1071C00010B50A460146007C202804D0102805D1BD
:1071D0000C31022403E00C31042400E0102410469A
:1071E0002246EDF781FB204610BD017C802900D0AE
:1071F0000C30704700210160406070470022CA6176
:10720000426811601C31416070470268CA61002AFF
:1072100002D10A461C3242600160704703688B420B
:1072200009D01A46DB698B42FBD1CB69D361002BB5
:1072300007D11C3204E0CA690260002A01D102466B
:1072400042600020C861704701460068C2690A6058
:10725000002A00D149600021C16170470021006807
:10726000002802D01C30491CF9E788B270470000A2
:10727000F0B587B0044608060D9D52D00195FF2059
:1072800015468543012605930C9B1F460096374003
:1072900003977E421640F2B252190692254D059F81
:1072A0003A462A401E469D07ED173D4004900306CE
:1072B0002B409B18022030400290481E0590C8B217
:1072C00041080026C8B2C200A018456802980028EC
:1072D00001D118480540A0580246049FBA43039FB5
:1072E000002F01D1384600E0C0B2821806989042C3
:1072F00001D1AB4218D0AB4203D804D106989042DA
:1073000001D94E1C01E0481E05900598801BC0B2B3
:10731000401CC2B2510889198242D3D00020019D7D
:1073200004E00021084601E0019D0098297007B0A3
:10733000F0BDC046FFFFFF00F0B589B015460F460F
:10734000044606790068616808AA009301923A46EB
:107350002B46FFF78DFF00210F9B0E9A0028079206
:1073600026D106976779BE4222D2029303900495F4
:1073700008A90878059686420DD0059F2268FDB2BF
:10738000ED0056193346083B0ACB515173607F1EFE
:10739000F9B28142F2D12168C000069A0A50081859
:1073A000049941600598401C207101210398029BBB
:1073B000089A079C22701870084609B0F0BDF0B515
:1073C00087B00F460146007900260C9C00282FD07C
:1073D0000390086804914968059206AD00930195F1
:1073E0003A46059BFFF744FF002821D00290059400
:1073F0000D9A049C236806A90978CD005B19DB79F6
:1074000013700398401E0390C0B2814223460BD0F4
:107410001D68CEB2F600AF19BA68FC68AA517C604C
:10742000491CCAB28242F3D103981871029E059C8E
:10743000267007B0F0BD00210171704780B5EDF7EF
:10744000A0FA80BD1CB501AC2046EDF7D9FA208822
:107450001CBDE0B501A8EDF7DFFA01988CBD7CB545
:107460000C4605460020C6B2A6420ED20020FFF709
:10747000E9FFA85501A90870000A69460870711C47
:10748000A14200D26854B01CEDE77CBDF0B595B0C8
:107490003948006800900BA8FFF747FC002831D05E
:1074A00001AF06240025354B384621462A46984729
:1074B0007879C021014379710BAE30462030304BD2
:1074C00039462246984707AC1027204639462A46B7
:1074D0002A4B9847304621463A46294B984703ACF9
:1074E000204639462A46254B9847304610302146DB
:1074F0003A46234B98473046FFF724FC002803D137
:10750000054603E0002501E00E20C5431D4C22681E
:107510002E320026062730463946FFF7EFFD0BA92D
:10752000002801D0203101E021682E310098603020
:107530003A46EDF7D9F92268083210213046FFF7B4
:10754000DDFD002805D0206808300BA91022EDF7DA
:10755000CBF92268183200201021FFF7CFFD002858
:1075600006D00BA91031206818301022EDF7BCF9B5
:10757000E8B215B0F0BDC046343100205F7406108B
:10758000E94805102C310020B0B5FFB083B01C468F
:107590006D462B73AA722972A8711B0A6B73120AAB
:1075A000EA72090A6972000AE87128460E30869963
:1075B0002246EDF799F920460A30A870000AE870D3
:1075C0000F202871FF206870822028700C206871BD
:1075D0000E34A1B22846E7F79DFA7FB003B0B0BDE4
:1075E000B0B5FFB083B00C4605468B68CA88898861
:1075F0006846801DF1F7CFF8280702D5A068F0F79C
:1076000043FA03990A460A3268468270120AC27027
:107610000E220271054A02800C2242710E3189B29B
:10762000E7F778FA7FB003B0B0BDC04682FF000034
:10763000B0B5FFB085B00C4605468B68CA8889880E
:1076400002A8801DF1F7CCF8280702D5A068F0F752
:107650001BFA02ACA38962892189E0880E34009468
:10766000FFF792FF7FB005B0B0BD0000F0B5FFB0EE
:1076700086B00C4605460B7ACA8889886089A68937
:10768000276900900196029703A8801DF1F7F1F891
:10769000280702D52069F0F7F7F903A8417B827B20
:1076A000120251180A460B328270120AC2701A2254
:1076B0000271054A02800C2242710F3189B2E7F74C
:1076C00029FA7FB006B0F0BD82FF0000F0B5FFB030
:1076D0008CB00C4605468B68CA88898807A8801D2F
:1076E000F1F7FFF8280702D5A068F0F7CDF907A851
:1076F0004189059101890391C18802910C30049060
:107700000025049EA8B2059988421CD231188AA887
:10771000069002242246EDF7E7F8A81C80B2311843
:1077200089AF38462246EDF7DFF8281D84B23019BC
:107730003B8806990A88009002980399FFF724FF76
:1077400038882518DEE77FB00CB0F0BDB0B5FFB0CB
:1077500083B00C4605468B68CA8889886846801DB8
:10776000F0F738FF280702D5A068F0F78DF96846D2
:10777000C17A039A120251180A4609328270120A1B
:10778000C27004220271054A02800C2242710D313E
:1077900089B2E7F7BFF97FB003B0B0BD82FF000048
:1077A000B0B5FFB083B00C4605468B68CA8889889F
:1077B0006846801DF0F72CFF280702D5A068F0F777
:1077C00063F96846817A8900CA1D8270120AC27004
:1077D00005220271044A02800C2242710B31E7F744
:1077E00099F97FB003B0B0BD82FF0000B0B5FFB023
:1077F00083B00C4605468B68CA8889886846801D18
:10780000F0F71BFF280702D5A068F0F73DF968469E
:10781000C17A039A120251180A4609328270120A7A
:10782000C27006220271054A02800C2242710D319B
:1078300089B2E7F76FF97FB003B0B0BD82FF0000F7
:10784000B0B5FFB083B00C4605468B68CA888988FE
:107850006846801DF0F70FFF280702D5A068F0F7F3
:1078600013F9684641890A4608328270120AC270CA
:1078700007220271054A02800C2242710C3189B242
:10788000E7F748F97FB003B0B0BDC04682FF000003
:10789000B0B5FFB083B00C4605468B68CA888988AE
:1078A0006846801DF0F7FDFE280702D5A068F0F7B6
:1078B000EBF8684641890A4608328270120AC270A3
:1078C00008220271054A02800C2242710C3189B2F1
:1078D000E7F720F97FB003B0B0BDC04682FF0000DB
:1078E000B0B5FFB083B00C4605468B68CA8889885E
:1078F0006846801DF0F7EBFE280702D5A068F0F778
:10790000C3F8684641890A4608328270120AC2707A
:1079100009220271054A02800C2242710C3189B29F
:10792000E7F7F8F87FB003B0B0BDC04682FF0000B3
:10793000B0B5FFB083B00C4605468B68CA8889880D
:107940006846801DF0F7D9FE280702D5A068F0F739
:107950009BF86846C17A039A120251180A46093206
:107960008270120AC2700A220271054A02800C2239
:1079700042710D3189B2E7F7CDF87FB003B0B0BDE9
:1079800082FF0000B0B5FFB083B00C4605468B689F
:10799000CA8889886846801DF0F7CDFE280702D581
:1079A000A068F0F771F86846C1890A460C32827007
:1079B000120AC2700C220271044B03804271103112
:1079C00089B2E7F7A7F87FB003B0B0BD82FF00002F
:1079D000F0B5FFB086B00C4605460B89CA88898889
:1079E0006089A689276900900196029703A8801DE7
:1079F000F0F75AFF280702D52069F0F745F803A8E9
:107A0000C1890A460C328270120AC2701B220271AE
:107A1000054A02800C224271103189B2E7F77AF8E8
:107A20007FB006B0F0BDC04682FF0000B0B5FFB029
:107A300083B00C4605468B68CA8889886846801DD5
:107A4000F0F765FF280702D5A068F0F71DF8684633
:107A500041890A4608328270120AC2701E220271DF
:107A6000054A02800C2242710C3189B2E7F752F8C4
:107A70007FB003B0B0BDC04682FF0000F0B585B056
:107A80000546C00645D4264800685024005D002401
:107A9000C0073FD00293039204910A9E21480068D8
:107AA0006907C90E40180069711E03220A4311328A
:107AB00091088BB256222946F0F7BEF900282CD047
:107AC00007460B9801903E740299B973039B3B7370
:107AD000049ABA72300A7874080AF873180A78732C
:107AE000100AF8723846123001993246ECF7FCFE63
:107AF0000C207872012038720A36300AF871BE7193
:107B0000FF2078718220387128463946F0F731FA23
:107B100000E08624204605B0F0BD0724FAE7C04601
:107B20008031002030310020F8B50446C00608D46A
:107B30000D46194800685021405C800703D4002797
:107B400027E0862725E01646144800686107C90E1D
:107B500040180069572203232146F0F76DF90028E9
:107B600016D00146067385720C20487202200872F6
:107B70000027CF7106208871FF204871822008718C
:107B8000300A4873280AC8722046F0F7F2F900E07C
:107B900007273846F8BDC04680310020303100202C
:107BA000F8B50546C00621D40E4613480068512199
:107BB000405C002480061AD5174600930F480068E1
:107BC0006907C90E401800690F2203232946F0F700
:107BD00033F900280DD001460098C8604F810E810E
:107BE000074848602846F0F7C4F900E0862420469C
:107BF000F8BD0724FBE7C04680310020303100206B
:107C0000E1750610F8B50546C00621D40E461348A6
:107C100000685121405C002440061AD517460093A5
:107C20000F4800686907C90E401800691022032335
:107C30002946F0F701F900280DD001460098C860E8
:107C40004F810E81074848602846F0F792F900E01E
:107C500086242046F8BD0724FBE7C046803100207B
:107C60003031002031760610F8B50446C00608D43D
:107C70000D461E48006851214056002804D40027B4
:107C800000E086273846F8BD1F46164618480068AB
:107C90006107C90E401800695B2204232146F0F7F2
:107CA000CBF8002820D00146079A06980090C873A8
:107CB0000E738D720C234B7211230B723846002702
:107CC000CF710A238B714A748873FF224A71822212
:107CD0000A710098000A0874300A4873280AC872AA
:107CE0002046F0F746F9CDE70727CBE780310020A3
:107CF00030310020F0B587B00546C00643D40E46AB
:107D0000244800685221405C002480073CD504923E
:107D100005930C9A204800686907C90E401800694D
:107D20001E490692511803220A43113291088BB260
:107D30005C222946F0F780F8002828D007460D99E4
:107D40000698009003910191381D3146049A059BD5
:107D5000F0F76BFD280704D50398EFF795FEF720A1
:107D600005400C20787212203872FF207871822032
:107D700038710698C01DB871000AF8712846394656
:107D8000F0F7F7F800E08624204607B0F0BD07249E
:107D9000FAE7C0468031002030310020FDFF0300AB
:107DA000F8B50446C00625D416460D4614480068AA
:107DB0006107C90E401800695D2203232146F0F7D0
:107DC0003BF8002818D00146067385720C204872D3
:107DD000162008720027CF7106208871FF20487195
:107DE00082200871300A4873280AC8722046F0F7CA
:107DF000C0F802E0862700E007273846F8BDC046F5
:107E000030310020F8B50446C00625D416460D468C
:107E1000144800686107C90E401800695E220323F8
:107E20002146F0F709F8002818D00146067385723C
:107E30000C204872172008720027CF710620887125
:107E4000FF20487182200871300A4873280AC872DE
:107E50002046F0F78EF802E0862700E00727384634
:107E6000F8BDC04630310020F8B50446C0062ED417
:107E70001F4616460D46184800686107C90E40188F
:107E800000695F2204232146EFF7D6FF002820D0A7
:107E90000146069808748F730E738D720C224A7215
:107EA00019220A722B460025CD710A228A71FF22FF
:107EB0004A7182220A71000A4874380AC873300A6B
:107EC0004873180AC8722046F0F753F802E0862576
:107ED00000E007252846F8BD30310020F8B50446FB
:107EE000C00620D41F4616460D461148006861079B
:107EF000C90E40180069112205232146EFF79CFFA7
:107F0000002812D001460898079A069B48610A8209
:107F1000CB810F734E810D81064848602046F0F7F3
:107F200028F80020F8BD8620F8BD0720F8BDC0461F
:107F3000303100206D760610F8B50546C00621D414
:107F40000E46134800685221405C002400071AD5F1
:107F5000174600930F4800686907C90E401800696A
:107F6000142203232946EFF767FF00280DD00146AE
:107F70000098C8604F810E81074848602846EFF797
:107F8000F8FF00E086242046F8BD0724FBE7C04642
:107F90008031002030310020CD760610F8B504463F
:107FA000C00608D40D46194800685021405C4007BF
:107FB00003D4002727E0862725E0164614480068EA
:107FC0006107C90E401800695822032721463B4625
:107FD000EFF732FF002815D00146067385720C209A
:107FE00048720F720027CF7106208871FF204871F8
:107FF00082200871300A4873280AC8722046EFF7B9
:10800000B8FF00E007273846F8BDC04680310020A1
:1080100030310020FEB50446C00624D4164613486D
:1080200000685022805C002500071DD51F46019185
:1080300002950F4800686107C90E401800690725BE
:10804000032321462A46EFF7F7FE00280CD001460D
:10805000C760468101980881064848602046EFF7CE
:1080600088FF029D00E086252846FEBD8031002065
:10807000303100204D770610F8B50546C00621D4F2
:108080000E46134800685021405C0024C0061AD5F3
:10809000174600930F4800686907C90E4018006929
:1080A000082203232946EFF7C7FE00280DD001461A
:1080B0000098C8604F810E81074848602846EFF756
:1080C00058FF00E086242046F8BD0724FBE7C046A1
:1080D0008031002030310020A1770610F8B5054628
:1080E000C00621D40E46134800685021405C00248D
:1080F00080061AD5174600930F4800686907C90E15
:1081000040180069092203232946EFF795FE00284D
:108110000DD001460098C8604F810E810748486025
:108120002846EFF726FF00E086242046F8BD072406
:10813000FBE7C0468031002030310020ED7706108B
:10814000F8B50546C00621D40E46134800685021F4
:10815000405C002440061AD5174600930F4800687B
:108160006907C90E401800690A2203232946EFF760
:1081700063FE00280DD001460098C8604F810E8133
:10818000074848602846EFF7F4FE00E086242046C2
:10819000F8BD0724FBE7C0468031002030310020C5
:1081A00041780610F8B50546C00621D40E4613489E
:1081B000006850214056002400281AD51746009325
:1081C0000F4800686907C90E401800690B22032395
:1081D0002946EFF731FE00280DD001460098C8600F
:1081E0004F810E81074848602846EFF7C2FE00E045
:1081F00086242046F8BD0724FBE7C04680310020D6
:108200003031002091780610F8B50546C00621D41B
:108210000E46134800685121405C0024C0071AD064
:10822000174600930F4800686907C90E4018006997
:108230000C2203232946EFF7FFFD00280DD001464D
:108240000098C8604F810E81074848602846EFF7C4
:1082500090FE00E086242046F8BD0724FBE7C046D8
:108260008031002030310020E1780610F8B5054655
:10827000C00621D40E46134800685121405C0024FA
:1082800080071AD5174600930F4800686907C90E82
:10829000401800690D2203232946EFF7CDFD002881
:1082A0000DD001460098C8604F810E810748486094
:1082B0002846EFF75EFE00E086242046F8BD07243E
:1082C000FBE7C046803100203031002031790610B4
:1082D000F8B50546C00621D40E4613480068512162
:1082E000405C002400071AD5174600930F48006829
:1082F0006907C90E401800690E2203232946EFF7CB
:108300009BFD00280DD001460098C8604F810E816A
:10831000074848602846EFF72CFE00E086242046F8
:10832000F8BD0724FBE7C046803100203031002033
:1083300085790610F8B50446C00608D40D461948DC
:1083400000685121405CC00603D4002727E086273F
:1083500025E01646144800686107C90E40180069F8
:10836000592203232146EFF767FD002816D0014666
:10837000067385720C2048720D2008720027CF7199
:1083800006208871FF20487182200871300A4873E6
:10839000280AC8722046EFF7ECFD00E007273846B0
:1083A000F8BDC0468031002030310020F8B50446C9
:1083B000C00620D41F4616460D46114800686107C6
:1083C000C90E40180069122205232146EFF734FD3B
:1083D000002812D001460898079A069B48610A8235
:1083E000CB818F814E810D81064848602046EFF792
:1083F000C0FD0020F8BD8620F8BD0720F8BDC046AE
:1084000030310020D1790610F8B50446C00628D4D2
:108410001F4616460D46154800686107C90E4018EC
:108420000069602203232146EFF706FD00281AD0D9
:108430000146067385720C2048721C2008723A4669
:108440000027CF71072088718A73FF20487182202E
:108450000871300A4873280AC8722046EFF789FD70
:1084600002E0862700E007273846F8BD30310020BB
:10847000F8B50546C00621D40E46134800685221BF
:10848000405C002440071AD5174600930F48006847
:108490006907C90E40180069132203232946EFF724
:1084A000CBFC00280DD001460098C8604F810E819A
:1084B000074848602846EFF75CFD00E08624204628
:1084C000F8BD0724FBE7C046803100203031002092
:1084D0002D7A06101CB589886C46E01CEFF7F8FF72
:1084E0000520A07013206070042020700821204611
:1084F000E6F710FB1CBD0000B0B50446C00616D45C
:108500000D460D4800686107C90E40180069022237
:1085100021461346EFF790FC00280AD00146074891
:1085200048600D812046EFF724FD0020B0BD862075
:10853000B0BD0720B0BDC04630310020D584061044
:10854000FEB50546C00633D417461C4800683D22D8
:10855000825C002492062CD53D30407A000728D555
:1085600001910293164800686907C90E4018006916
:108570002522042329460093EFF75EFC00281AD039
:108580000646477201983072380AB07230460B3096
:1085900008220299ECF7A8F90099F1710C20B0714A
:1085A0003E207071317128463146EFF7E2FC00E061
:1085B00086242046FEBD0724FBE7C046803100200C
:1085C0003031002010B5FFB083B089886C46A01D03
:1085D000F0F7CAF9217A481DA070000AE070012066
:1085E0002071FF20607082202070082060710931A6
:1085F0002046E6F78FFA7FB003B010BDF8B5044609
:10860000C0062DD415460F46009318480068610730
:10861000C90E40180069511E03220A43093291080D
:108620008BB240222146EFF707FC00281AD00646FD
:10863000C57287720C3000992A46ECF755F900276D
:10864000777206203072281D010AF171B071FF2087
:1086500070718220307120463146EFF78AFC02E0CB
:10866000862700E007273846F8BDC0463031002095
:10867000F8B50446C0062DD416460D4618480068C5
:108680006107C90E40180069412204232146EFF713
:10869000D3FB002820D001460A3006710570002760
:1086A0004F7210220A72CF710A228A71FF224A7118
:1086B00082220A71320EC271320C8271320A427108
:1086C0002A0EC2702A0C82702A0A42702046EFF7E6
:1086D00050FC02E0862700E007273846F8BDC04678
:1086E00030310020F8B50446C00608D40D461948BC
:1086F00000684E21405C800703D4002628E08626CF
:1087000026E01F461646144800686107C90E401847
:108710000069452203232146EFF78EFB002816D07F
:1087200001468572042048720120087232460026F4
:10873000CE71062088714F730A73FF204871822022
:108740000871280AC8722046EFF713FC00E00726DC
:108750003046F8BD803100203031002080B500F077
:1087600035FD80BDF8B504460588F4F7FAF80146F2
:108770002846F1F759F90546204600F0D7F81D289C
:1087800003D0232801D01B280ED16188EA889142AA
:1087900005D8032903D3232867D1042965D82046A7
:1087A000EFF772F90020F8BD204600F0BFF8A98865
:1087B000CA066ED5012802D0AA78904269D110204D
:1087C0008143A9806A89298903263046F1F79EF9F9
:1087D0006188E8880091814200D99AE0204600F043
:1087E000A5F8421E0121CA410023102A00D988E0C1
:1087F00092001F4601A39A583B469746B38806103D
:10880000B7880610C3880610E18806104188061054
:108810000989061009890610098906104188061081
:10882000AF88061003890610BB880610AF880610B3
:1088300003890610038906100389061009890610AA
:10884000092802D1009904295BD3112802D100988C
:10885000062856D3A089401C81B2204600F047FA72
:108860003B4600284DD0014643E01D280DD1A88885
:10887000800612D46A8929890220F1F791F900282B
:108880004CD1A88820210143A980204600F0B7FFE1
:10889000F8BD204600F0B7FAF8BD083542200321A4
:1088A00002222B46FFF7AAFE002837D177E70B46B6
:1088B00027E0052325E0334623E0009B042B1FD946
:1088C0001FE0009806281CD3A089401C81B22046D6
:1088D00000F00DFA01280BD002281AD1122108E06D
:1088E000009802280DD3009B581E800708D108E08D
:1088F0000421009EB01ED7F721FD0029334600D089
:1089000000230098984204D1074801682046884710
:1089100002E0204600F05EFF842801D18420F8BDEB
:108920000020A870F8BDC0462435002080B581899C
:1089300000F0DDF980BD80B500F070FC80BD80B531
:1089400000F06EFC80BD0000F8B5054681884088C7
:10895000F1F76AF8002808D0044629781E2906D1C4
:10896000A088800639D40C2693E1122691E14806AE
:1089700006D4CA48CA4A0260A088C00600D56DE184
:10898000E0888A1E86261E2A00D991E0032752001D
:108990007A4492885200974422007C011E007C0198
:1089A0009F007C01A2007C0122007C011E007C0152
:1089B00094007C012D017C0190007C017C017C01F4
:1089C000A9007C01AC007C017C017C017C017C0164
:1089D00021007C019400052701E0E0880127B9B25D
:1089E000814200D307460097BFB220463946F1F7CF
:1089F00019F900282FD006462A78818900F054F909
:108A00002878811E16292DD84900C04679448988C6
:108A100049008F4416000D0170000D0177000D0113
:108A200093000D01A1000D01AA000D01BA000D0176
:108A3000C0000D012F000D010D010D01CE000D0133
:108A4000E6009848028AB089401C81B23046EFF7B0
:108A500050F80320EBE00820FEF7DAF9EAF7D8FB3C
:108A6000882616E1202800D1CAE0522802D0D22858
:108A700000D0DDE02A89B089401C81B23046EFF792
:108A800038F8EB686A89B089C01C81B23046EFF7CC
:108A900039F82878122800D1B8E0D22800D0C7E0F1
:108AA00000980C38708020893146FEF750F8BFE0FE
:108AB000522902D0D22900D0EBE0D22908D00321DC
:108AC00007E0297A49004F1C874200D887E7E0E099
:108AD0000F216A89571882E7E989CF1D7FE7E96886
:108AE000097C802900D089E0152778E7A9894F1DE6
:108AF00075E7022773E76A892989304600F0A2F9F1
:108B0000052094E06A892989304600F09BF9AA89FA
:108B1000B089401D81B23046EEF7EBFFE889C01DF9
:108B2000B84200D80746F81F82B22B69B089C01D31
:108B300081B23046EEF7E6FF072078E06A8929899E
:108B4000304600F07FF9B089401DEB68197C802920
:108B50005ED181B210225EE02A89B089401C81B2C8
:108B60003046EEF7C6FF0B2061E02A89B089401C31
:108B700081B23046EEF7BDFF6A89B089C01C81B270
:108B80003046EEF7B6FF0D2051E02846314600F0A2
:108B90004DF90F204BE06A892989304600F052F9DF
:108BA000B089401DEB68197C802939D181B210222F
:108BB00039E02A89B089401C81B23046EEF799FF2E
:108BC0006A89B089C01C81B23046EEF792FF2B69EA
:108BD000AA89B089401D81B23046EEF793FF172075
:108BE00025E02A7AB089401C81B2304600F05CF85A
:108BF00019201CE0E968097C80294CD00727EEE6A3
:108C00002846314600F012F9212010E013200EE032
:108C100081B20C3302223046EEF774FF092006E0E1
:108C200081B20C3302223046EEF76CFF1120A070A7
:108C3000009870802A78B189304600F035F828789D
:108C4000410611D41E280FD0628921890320F0F734
:108C5000A7FF002804D03046EEF716FF842618E060
:108C6000A08810210143A18060893146F0F75EFFA2
:108C7000002801D081260CE0287800261E2808D183
:108C8000628921890220F0F741FFA08820218843D2
:108C9000A0803046F8BD1127A1E6C046243500204B
:108CA000A192061094310020BCB5144640682029DA
:108CB00004D301AD2A46FCF7CEFA29884018047186
:108CC000BCBDBCB504468089401C81B2204600F082
:108CD0000EF86188081AA1894018801C81B202220E
:108CE00001AD20462B46EEF7EBFE2888BCBD1CB537
:108CF0001F2903D801AA1180406805E0406801AC33
:108D00002246FCF7A8FA2188401800791CBD1CB542
:108D1000818942885118891E89B2022201AC2346FA
:108D2000EEF7CEFE20881CBDFEB50E464188052913
:108D300012D11C4615468189052201AF3B46EEF74C
:108D4000BFFE78783070B878F97809020818288062
:108D5000029820700020FEBD8620FEBDBCB50446F2
:108D60008089401C81B22046FFF7C1FF6188081A44
:108D7000A189401881B2022201AD20462B46EEF7B0
:108D80009FFE2888BCBD70B514460E4605468089F6
:108D9000401C81B22846FFF7AAFF02464643B01C9A
:108DA0006988884208D2A989081881B228462346D2
:108DB000EEF786FE002070BD862070BDBCB504466F
:108DC0008089401C81B22046FFF791FF1121C943E1
:108DD000012800D10E3160884018A189081881B29D
:108DE000022201AD20462B46EEF76AFE2888BCBD64
:108DF00080B50B4642888189491D89B2521F92B2C3
:108E0000EEF755FE80BD1CB50446008801AB188006
:108E1000422002210A46FFF7F1FB002801D08420FE
:108E20001CBD2046EEF730FE00201CBD10B50C46E0
:108E3000C3688989007A4200481C81B22046EEF757
:108E400061FE10BDB0B514460A4605468089401C37
:108E500081B22846EEF74DFEA889C01C81B2284693
:108E60002246EEF746FEB0BD10B504460821FCF7D9
:108E700053F904490968602200238B524866603127
:108E80004C8010BD38310020F0B585B017460490F5
:108E90001C4D28686024065B024660325288964268
:108EA00017D202940393002917D00197084600F0C7
:108EB0002BF8441C2868B1B2A2B291420BD3C9006E
:108EC000406E4018014608390822EBF70DFD761E6A
:108ED000F0E7002712E0019F00E03446406EA1B2A7
:108EE000C900049A42544018039A42602868029BC1
:108EF000C25A521CC252406E40184780384605B0D4
:108F0000F0BDC0463831002008490A68516E62231E
:108F1000D25AD2005218083A824202D3401AC008EC
:108F200001E00020C04380B27047C04638310020C5
:108F300080B500F00FF80549884205D0C00004490B
:108F40000968496E081880BD002080BDFFFF000041
:108F50003831002010B5044600F024F80649884254
:108F600007D0C200054B1B685B6E9A185288A2425C
:108F700000D0084610BDC046FFFF00003831002079
:108F800080B500F00FF80549884205D0C0000449BB
:108F90000968496E081880BD002080BDFFFF0000F1
:108FA0003831002070B509490A686021535A002100
:108FB0000225074C8B4206D0566E765B864203D262
:108FC0000835491CF6E7214688B270BD38310020CB
:108FD000FFFF0000FEB5029315460022884223D809
:108FE0000C4616490F686021795A00291CD000925E
:108FF0000191FFF7D7FF06462046FFF7D3FF0199FF
:10900000491E814200D3014689B2B2B28A420DD8CC
:10901000786ED300C45CAC4204D1C0184368029C93
:10902000A34205D0761CF0E71046FEBD0098FEBDB9
:1090300003498A4200D10020FEBDC04638310020DD
:10904000FFFF000080B5FFF75FFF07490968602256
:109050008A5A401C80B2904203D2496EC000081860
:1090600080BD002080BDC0463831002080B500F0B2
:1090700003F8408880BD0000F8B504780225214639
:10908000294302291ED1FFF73FFF0F4909686022DB
:109090008B5A401C82B29A4210D2002C08D0022C6B
:1090A000F7D1D7004E6EF75D2F43022FF1D106E0C6
:1090B000D7004E6EF75D002FEBD100E04E6ED00072
:1090C00080190838F8BDC0463831002006480068CD
:1090D0006021415A002905D0406EC9000818801F40
:1090E000008870470020704738310020FEB50D46DB
:1090F0000446FFF7EBFF002834D0AC4232D80646D6
:10910000A0422FD32046FFF725FF0446164884428D
:1091100028D0AE4200D32E463046FFF71BFF13493E
:109120000F686026B95B4A1E824217D90190054636
:1091300002948BB26D1CAAB29A420DD2796EA0B283
:10914000C0000818D20089180822EBF7CDFB0748A9
:109150000768B95B641CECE7029C0198C243A21843
:109160005118B953FEBDC046FFFF00003831002042
:1091700010B509490A686021535A190409D0516E83
:109180009CB2E400611808390C785B1E8442F4D16B
:1091900000E00021084610BD3831002010B504461B
:1091A0000846FFF7FFFE08490968496E82B2D200FF
:1091B0008B5CA34205D0421E00041046F6D100206D
:1091C00010BD881810BDC0463831002070B5114C54
:1091D000A07A2421FBF7A0FF0F490B6800221D464F
:1091E00050351E4648369A64DE641A655D65A47A79
:1091F000002C0CD002620B685B6D186001230370B9
:10920000054620350B685D652430641EF0E79A65DD
:1092100070BDC046943100203831002070470000F6
:10922000F8B50D460446194E376848373F68002F99
:1092300010D07888A0420BD1B888A84208D13878DD
:109240001821014339700C20FDF7E2FDE9F7E0FF3A
:109250002037EBE7042D17D13068816D0B46002BCA
:109260000BD01A469D680023002DF8D0AB88A3428E
:109270002B46F4D1AB689360F1E7002904D08A88CB
:10928000A24201D189688165F8BDC046383100200D
:1092900080B502480068804780BDC0462835002060
:1092A000F0B595B005460488F3F75BFB0146204610
:1092B00000F06EFA8626002800D108E204462F88C6
:1092C0002846F3F74EFB01463846F0F7ADFB089011
:1092D0002078FB21014021700C273846FDF798FDCE
:1092E000E9F796FF284600F065FA012807D1608863
:1092F000EFF77CFB002860D0204600F060FA207871
:109300000022010757D4A379591E112900D9DEE1A3
:10931000079249007944898849008F44C5000201B9
:109320000F01990099001F01640175017C01B901C9
:10933000A600A600B8001100B00011001100B00096
:10934000C00600D5A7E0A28861880A202B46FEF758
:10935000BFFF002800D0B4E1A079112800D1B2E10C
:10936000637A21690891102800D0D0E10693A8897A
:10937000401C81B22846EEF7ACFB0590A889C01CC2
:1093800081B22846EEF7A5FB0026A2896988491F0D
:109390009142049000D0CFE1384606994843089A9C
:1093A000101880686189411828461546FFF720FD8E
:1093B000069B0390C4E1164689E109A90FAA0EABEA
:1093C0002846FFF7B1FC00282BD02846EEF75CFBBF
:1093D0000EA80078122808D160880421F0F724FB39
:1093E0008188012252020A438280A079012804D197
:1093F000089B99880422914399800EA909780A292B
:1094000008D0072902D10A2800D175E72178102257
:109410000A4322700E2800D171E7102800D16EE7B0
:109420006AE709A800780790A38862880FA80088D7
:1094300021460EAC2478009001940C46022011467F
:109440001A46079BFEF710FC0028BED006463EE1F8
:10945000A28861880A202B46FEF740FE002800D033
:109460002FE12846FFF77AFCC8E0A28861880A202D
:109470000B2B00D020E12B46FEF7C6FE1FE1A28891
:1094800061880220FEF756FF002800D019E1284627
:10949000EEF7FAFA17E16089002800D113E10026FF
:1094A00026720F20A07112E1A889401C81B22846C3
:1094B000EEF70FFB0646172800D81726B348008A98
:1094C0008642089F00D30646B888000714D5F8885E
:1094D000B04211D03B460833422003210222FFF75D
:1094E0008DF8002800D0ECE0207810210143217095
:1094F000B88808218843B8802078C00600D5FE8847
:10950000618802203246FEF749FD002800D0D8E0ED
:10951000FE80B8880821014304208143B980204699
:10952000DCE0A28861880A202B46FEF79FFE002817
:1095300000D0C6E02846FFF7C4FB0BE0A288618894
:109540000A202B46FEF798FD002800D0B9E02846F7
:10955000FFF7DDFB8C49884253D1B4E0284600F088
:1095600008FA089060890EA9088020460C30079000
:1095700009A80C3005900FA8401D06900026F7B2F0
:109580000FAA28463946FFF7FEFB002800D0A1E0CD
:109590000898072805D109A810210174022205980E
:1095A00003E009A88021017410220699EBF79CF9C9
:1095B0000EA80FA90222EBF797F909A80799FDF762
:1095C000CFFD00280DD1A2886188089800900195F0
:1095D0004743B81C83B20220FEF78CFB002800D062
:1095E00082E0761CCBE7A28861880A202B46FEF732
:1095F00011FD002865D12846FFF7E0FB618988420C
:1096000061D2401C208161E0A28861880A202B463B
:10961000FEF796FD53E0284600F0ABF906460694A7
:109620006088EFF7E3F9089002246888A3B28342C8
:1096300053D2089801280ED1A889001981B20FAF22
:10964000284632463B46EEF73BFA5C2031463A4626
:10965000EFF768FB1AE0069FBA88798800960195B3
:109660000220FEF747FB00282BD1387F10280DD1B0
:109670000698008B4249884208D106984088042108
:10968000F0F7D2F981883F4A11408180A419CCE7D4
:10969000A28861880A202B46FEF784FD002810D19D
:1096A0000898C088411E6888401E82B291420AD83C
:1096B00061890818608109E02B46FEF7D9FE002871
:1096C00001D0842603E0204600F079F8079E30465A
:1096D00015B0F0BD0EA800880AE0069800F06FF8FB
:1096E0002846EEF7D1F9F1E70E98401E0EA9088042
:1096F000618982B28A4202D2401C208102E0204667
:1097000000F05DF82846EEF7BFF90026DFE7618933
:10971000089AA0894018608180B25F43D119898876
:109720008842D3D1207A401E984224D900266681EF
:10973000607A401C6072CAE7F0430390069B089D64
:10974000394659436A5A2846059D95420BD102462F
:1097500041184A8861898A18049DAA4203D10246A9
:1097600003980028D5D026720F20A07120781021F0
:1097700001432170ABE7012020720F20A071A5E703
:109780002A2B0000FFFD0000FFFF000094310020A5
:10979000074A126848321268002A07D05388834269
:1097A00002D193888B4201D02032F4E710467047F3
:1097B0003831002080B5818900F0CBF880BD80B5BC
:1097C000017808220A4302700C20FDF721FBE9F71B
:1097D0001FFD80BD10B50488F3F7C3F8014620468D
:1097E000FFF7D6FF002808D0017818220A4302703C
:1097F0000C20FDF70DFBE9F70BFD002010BDF0B5C7
:1098000085B0044605888089461C2046FFF7D2FFB4
:10981000232810D0B1B21B2822D12046EEF759F9E7
:109820000146284600F05CF800283DD02046EEF7BF
:109830002BF9002550E06788B1B22046B9422AD200
:10984000EEF747F90146284600F04AF80028EDD126
:10985000B01C81B22046EEF73CF93018061DEBE74C
:109860002046EEF736F90146284600F039F8002880
:1098700024D06E4675802046F3F773F8B0801E2022
:1098800030703046FFF760F80546002820D12046AA
:10989000EEF7FAF81CE0F3F764F802460A202946CE
:1098A0002346FEF749FB12E02046F3F75AF802463A
:1098B0000A2029462346FEF7A5F908E02046F3F7DB
:1098C00050F802460A2029462346FEF769F9054664
:1098D000002D01D07B20C543E8B205B0F0BD0000EB
:1098E000BFB5044600F022F80546002806D10E4810
:1098F000014600F01BF80546002802D0287802280F
:1099000001D200200DE003A902AA01AB2046FDF719
:109910008AF8002804D1287802A909788142F0D277
:10992000C02004B0B0BDC046FFFF0000074A126867
:1099300058321268002A07D09388834202D1538894
:109940008B4201D00832F4E71046704738310020CE
:1099500070471CB51F2903D801AA1180406805E093
:10996000406801AC2246FBF776FC2188401800795C
:109970001CBD80B58189491C89B2FFF7EAFF80BD13
:10998000002070470020704780B541680078F2F7EA
:10999000E3FF002080BD704770470020704770478C
:1099A0007047B0B504463020255C608FF3F791FB1B
:1099B0002846F6F705F82546ED35002804D0303462
:1099C000607C0121FBF7C2F9002028701520FDF70B
:1099D0001FFAE9F71DFCB0BD7CB50446ECF758F959
:1099E000054601212046F3F707FE26462C36214680
:1099F00028318D4210D085420ED0616F2046F3F79A
:109A000051FD01212046F3F7FDFD012804D16878BE
:109A1000002801D0001D68702546AC353078032839
:109A200013D101A8FAF790FF012806D000280AD127
:109A3000E06EA16C4900081806E0216D019888428B
:109A400002D3084600E0206D68602046F3F7FEFD73
:109A50002046F4F76FFE296814342046ECF75BFAD1
:109A60007CBDF0B589B002464220155A506C019079
:109A700040180690C920400010180490104642304B
:109A8000059010462D3003900792FE32029200207E
:109A90000890A9B20122079E3046F4F782F8F16CD3
:109AA0004143726C541874640899411808912D1838
:109AB000AFB230463946F4F7E1F80646002802D145
:109AC0000698201AE5D4059C2088B84205D902984A
:109AD00000880799FC31F5F7CEFF2580002E089D00
:109AE0001BD10798416C019A8F1A3946F4F758F93F
:109AF0000646002811D1112000010799081839469F
:109B0000F5F7C3F90646002807D1079839462A46D3
:109B1000F4F79AFD0646002807D0039C207DFBF74A
:109B20000BF92670002004990880284609B0F0BD82
:109B3000F0B599B00446408E401C60864120275CF9
:109B40002D20205C002808D0EAF7FBFF3846FBF701
:109B5000F3F83846FAF700FFBDE21520000120189F
:109B60000790C92040002018089020462C300C9007
:109B7000254680352046AC3006902046E4300B90D8
:109B8000EC4E3068ECF74CF80A9000280D953ED06A
:109B9000264614363046ECF76EF83046ECF75FF8A0
:109BA0002878800747D409972046ECF771F80746D4
:109BB000254628350C98007800210891032800D00C
:109BC000A8E03046ECF764F80346AF4215D0397888
:109BD00003200A460240032A0AD1890600D4022043
:109BE000385C062804D120460793F3F743FC079B13
:109BF0000D9A1068402101431160187839780143AB
:109C0000C80676D40D980078C0067FD582E0099703
:109C10002046ECF730F82046ECF721F80EA800219A
:109C200081770176059141773068EBF7EDFF0028E9
:109C300014D0012518E08B2040002518EAF781FF99
:109C40000C9E707DFBF778F80020287035461321B4
:109C500071700799887108990880F2E13068EBF714
:109C60008CFF0546401E85410EA8C5763068EBF78F
:109C7000E2FF07460F90002D1ED0EAF762FF0B9D12
:109C8000E868002802D0C188491CC18028690028E2
:109C90000D9E0AD00C98407DECF734FA40002969FB
:109CA00008189421425A521C42520EA801250576EA
:109CB000306800210591B9E004973068EBF799FF0F
:109CC0000D9F39784A090125294691430EAA9176BC
:109CD00003900E903068EBF72CFF00286ED0387898
:109CE000C0067BD4EBF7EBFE3868102101433960E6
:109CF00078E0069840680790EAF7E2FE616C081A7F
:109D00000799401802D4E16E884203D2EAF719FF9E
:109D1000012008902046F3F792FC02283DD10D98CF
:109D200080680068C10615D4400636D50C98407D81
:109D3000ECF723F90D9B986801684022914301607C
:109D400018680821884318601320FDF761F8E9F7C7
:109D50005FFA22E0079700200F900E900C9F787D0D
:109D6000ECF71FF9787D0EA9ECF7F2FA38780328A2
:109D700003D10C98407DECF70EFB0D9B98680168B1
:109D800010229143016018680821014319601320D3
:109D9000FDF73EF8E9F73CFA079FAF420B9901D077
:109DA000888AC88208980028099F0C9D00D045E148
:109DB000069801683046ECF7AEF844E13068EBF7FE
:109DC000D0FE002827D00398002824D0EAF7B9FE57
:109DD0000EA83D21059181770D9E23E0EAF7B1FEA3
:109DE0000EA80576049F0B98C068002802D0418811
:109DF000491C41800B9E306900280AD00C98407D98
:109E0000ECF780F94000316908184A21425A521C87
:109E100042520D9E07E00D9E30681021884330604D
:109E200000250595049F3168202008437942794137
:109E300089013A464027B84340183060002D27D0AA
:109E40000EA8807F00286BD10EA8C07E0028099F35
:109E50000D9E00D0E9E0A06C00280B9D00D1C2E06F
:109E6000354E3068D021415C01294AD10568E4F7BC
:109E7000E4FF012800D09FE00C9800790E214143B7
:109E8000306894228058C06B80684018C07994E094
:109E9000154620461430EBF7FBFE119001780322A3
:109EA00011400EAE029171750178890600D402222C
:109EB0000490805CF075F4F779FD3075A16E6166F1
:109EC0000123002D0D9A08D01168194005D01626DF
:109ED000EAF737FE0EA8867722E091684978C9072D
:109EE00003991AD0002918D0029A032A0FD13D26CF
:109EF0001228EDD8194681401048014203990CD12F
:109F0000E6E7EAF71EFE0EA8012101766AE0049852
:109F10004078002801D03D26DAE7059800280FD0C8
:109F20000C9D687DFAF708FF0EA8807F68700126F7
:109F3000099F89E07C31002080310020120004005C
:109F40001D46019720460F46EBF7A2FE06460EA8D7
:109F5000002101774176129603911091002F00D1D4
:109F600055E10C980078022814D1049800783178D3
:109F70000143C80609D5276DEAF7A2FD616C081AEE
:109F8000C01902D4E16E884204D2EAF7DAFD0EA8C5
:109F90000121017604984778002F00D137E10D9810
:109FA00000680826064000D1B0E0F2F7B8FB0128AF
:109FB00000D199E01C2098E00120666CECF7E1FAF2
:109FC000281A6064A16C891B0818069A516881429E
:109FD00001D9081A50600020A06460632046F4F79D
:109FE000A9FB0B9D0D9E0EA8807E012802D1A06EBC
:109FF000606604E01220FCF70BFFE9F709F9E86856
:10A00000002802D00188491C0180286900280C9D85
:10A0100008D0687DECF776F840000B9909690A5A78
:10A02000521C0A522879F7F759F80EA8007E012829
:10A030000C9D08D13068102188433060204600F024
:10A0400088FA012600E000266D7D2846ECF749F8E5
:10A050000D990968002805D0480705D42846EBF774
:10A060008CFF04E00807F9D52846EBF79AFF002E8D
:10A070001FD00D9EF568002D17D009940C9C607DB3
:10A08000ECF708F802462946103101232846FDF76F
:10A09000D5F9607D099CEBF7E7FF014620350822E2
:10A0A0002846FDF73DF80020F0603846FAF754FCEA
:10A0B00001E0EBF704FD0A9800280CD1EAF7F8FC60
:10A0C0007F2805D00546FAF735FB28180B9908704C
:10A0D0002046F7F704F801242046FCF7C1FEE9F713
:10A0E00097F8204619B0F0BDFC20049938420DD0F5
:10A0F0004878001F487002200B9988711320FCF7E4
:10A1000087FEE9F785F80EA8407D029002980328A3
:10A1100010D10EA8C57D022D18D1119840780228C3
:10A1200014D10EA8012101770D9D28680221014359
:10A13000296043E00C980078032818D10B98007A26
:10A14000002814D00220109901434FE02046F3F775
:10A1500064FA002821D00C98407DECF703FA002E19
:10A160000D9D2BD00C98407D00F06BFA26E01198E5
:10A1700005904778F2F7D3FA012801D01F2600E0B6
:10A18000FF263E401FD003982067EDF783FB002891
:10A190001DD0022010900B9D2CE00C980078032815
:10A1A00008D1272D06D1119840780B2802D10EA88E
:10A1B000012141770EA8012141760D9D286880215B
:10A1C0000143296001E0039810900B9D16E005986B
:10A1D00000788006C00F3218618F2846EDF732FCF8
:10A1E0002067002801D0294600E002210B9D109134
:10A1F000880703D50C98407DECF7B4F911980078E6
:10A20000A98AE982202101400EA88175129E0121B0
:10A2100020460491F3F7F0F90746204628300590D0
:10A22000A36F002B10D0187A00070DD5D86900282D
:10A230000AD0BE4208D00598864205D00D9908681C
:10A24000019A9043086003E00F9800280C9D19D0F4
:10A25000BE421AD0059FBE4227D058699861197B2B
:10A26000039D1D731A8A511819828AB21E465B8893
:10A270009A421CD2F2895118C90602961AD1006876
:10A28000B06117E0EBF71BFCDDE0029303212046F1
:10A29000F3F776FC2046EBF7DAFCB878272802D1F2
:10A2A0000EA801214177059F07E0029305E0F669BA
:10A2B000029604251098284310902046F3F7B9F928
:10A2C00005462046F3F7BBF90EA90E7F002E22D1DA
:10A2D000012820D1012620463146F3F78DF90746A3
:10A2E00020463946EBF711FD387880061FD4B87840
:10A2F00027280B990C9D47D002284BD10D9908684F
:10A3000030430860687D1F210A46FAF7EBFCA06E17
:10A31000079908603EE0EDF7CBFA002814D0EBF780
:10A32000CEFB0E98002807D00C9D049806E020462E
:10A33000EBF7E3FC0C9D2DE011200C9D20852046C1
:10A340003946EBF7E2FC73E002980028E7D0012DD4
:10A35000E5D0012EE3D0EBF7B2FB7C4800688C21FE
:10A360004058029D298AEA8951181F220A40101874
:10A37000871C20463946EBF7C8FC20462946F3F7F0
:10A3800091F865670C9D53E0A87D7871E87DB87100
:10A39000002088820D9880680068010717D4800625
:10A3A00011D5687DEBF7E9FD0D9B986801682022C7
:10A3B0009143016018680421884318601320FCF75A
:10A3C00027FDE8F725FFEBF77AFB0D9D20E0002045
:10A3D00017901690687DEBF7E4FD687D16A9ECF701
:10A3E0002BF82878022802D1687DECF741F8EBF7CA
:10A3F00066FB0D9DA86801680822914301602868EA
:10A400000421014329601320FCF702FDE8F700FF57
:10A4100002212046F3F7B4FBA86801684A070C9DA7
:10A4200006D50422914301600899088830430880CA
:10A4300001212046F3F7E6F8012804D178780028B6
:10A4400001D0001D7870109881070D9906D5097804
:10A45000090703D5687D00F0F4F81098410706D588
:10A4600020467830FCF7F0FEEDF74CFA1098C00764
:10A4700026D011984578F2F752F9012801D01F2211
:10A4800000E0FF222A40206F428011990B789B0642
:10A4900002D40023037302E001230373521C4068BB
:10A4A000891CFAF7B5FF206F0025C561119909785D
:10A4B00003220A40017A11430172EDF707FA25677A
:10A4C0000EA8407E012831D100212046F3F794F8F0
:10A4D0000646119801784078000240183080F5F760
:10A4E000E4F90546F5F7D2F92843C0B2FAF73EF988
:10A4F0000EA9897D202901D0022100E00321119AB3
:10A500005118001FC3B252789A4200D30246D2B209
:10A51000B01CEAF7E9F90D984068016801220A4386
:10A5200002601520FCF774FCE8F772FE0EAD2046C1
:10A53000294600F00DF8A87D202800D080E411986D
:10A54000807881092046F5F7C4FE79E48031002047
:10A550007047FEB50446F0202058274642370028B1
:10A5600002D08188491C8180254680352046F5F738
:10A5700083FA606C01903E882046F2F7D9FF0246CC
:10A5800020463146F3F70DFBE26C4243616C8918BB
:10A59000616400903018029086B23888B04206D9C3
:10A5A0002046FE3000882146FC31F5F764FA286821
:10A5B00080218843286020463146F3F75FFB06463A
:10A5C00002983880002E1AD1606C0199471A2046F3
:10A5D0003946F3F7E5FB0646002810D111200001AB
:10A5E00020183946F4F751FC0646002807D12046CA
:10A5F0003946009AF4F728F8064600280AD0C92000
:10A600004000251827462D37387DFAF795FB3E7018
:10A6100000202880A06F002801D0C66900E0002635
:10A620007834002E0CD03546F669287A0007F8D524
:10A6300020462946FCF7F2FD2846EDF725FAF0E71B
:10A64000FEBD1CB504466946EBF76DFD0098411E42
:10A650000091002802D10198401E019069462046D1
:10A66000EBF776FE1CBD000070B584B015460A46B7
:10A670000446002B07D00A9882421FD10B986840ED
:10A6800000021BD11BE0099808990123002902D080
:10A6900006461E4004D1002911D1022108400ED0E7
:10A6A0000848006894214158C868096903AE0093BE
:10A6B00001962B46FCF7DCFD002800D1FF24204644
:10A6C00004B070BD80310020F0B587B0CD1EFF21F1
:10A6D000FD2425421CD1002A1AD00D9E0C990C682D
:10A6E000059406934B6882C8FF2000063C468443CD
:10A6F00012C603930598029006980190684268413B
:10A700000090C8B25207D30F3A46FFF7ADFF01469B
:10A71000084607B0F0BD000010B5012484400821B0
:10A720002046FAF7F9FC03490968942289584C74C9
:10A73000C86010BD803100207047704710B51446C6
:10A740000A39C9B2F5F7B3F80021002803D002781E
:10A750004068012302E00B460A460846A160E1601A
:10A760002374E280A180206010BD7047F8B50028F6
:10A7700046D00E46012568212846FAF7CDFC214F28
:10A780003968942409598860B540EEB208213046F2
:10A79000FAF7C2FC3968095989684D724860009619
:10A7A00075001126212E0FD008212846FAF7B4FC97
:10A7B0003968095989688919491F0860386800593A
:10A7C000806885550836EDE728210098FAF7A4FC43
:10A7D00039680959896808600B480225012629460D
:10A7E0003246FAF787FC396809598968886406484F
:10A7F00031462A46FAF77EFC396809598968C864E7
:10A80000F8BDC04680310020903100200020704704
:10A81000002070470020704780B50A4A12683D2327
:10A82000D25C0270012A05D0002A08D10846EEF752
:10A83000F3FC02E00846EEF7F9FC002080BD86201C
:10A8400080BDC046CC31002070B50D4606460620BE
:10A85000F2F7B2F90446002803D02846EDF714F9C0
:10A8600008E0308901F0DEF802460020024B014684
:10A87000FBF74EFD204670BD30750000B0B51C469C
:10A880001546002907D1018900200622EDF7DAF8E4
:10A890000146002809D002204880486805724868AF
:10A8A00044720620F2F788F9B0BD8820B0BD80B5AB
:10A8B000FBF78AF880BDF0B597B0044603AE0021DF
:10A8C00050223046EAF720F85920205C7178014385
:10A8D000717030463E3021465A3106252A46EAF745
:10A8E00003F8207CF070E07D010716D4112020567B
:10A8F000002804D503A8417880220A43427003AEA1
:10A90000301D21461E310222E9F7EEFFB01D21461F
:10A9100020310822E9F7E8FF03E0FE21084003A9FF
:10A92000887003A80E302146283110263246E9F7F8
:10A93000DBFF607C81060CD503AF38461E30214614
:10A9400038311022E9F7D0FF78782021014379705F
:10A95000607C40060BD503AF38462E302146483187
:10A960001022E9F7C1FF7878402101437970A07C7B
:10A97000052108420AD003AF3846443021461C3135
:10A980000222E9F7B1FF7878304301E003A840786C
:10A99000E17A2940014303A84170A16EE26E15914E
:10A9A0001692FBF715F8054600280CD0A11C01AC47
:10A9B00006222046E9F798FFA571422005210722CB
:10A9C0002346FDF71BFE284617B0F0BD70B594B0C6
:10A9D0000E4604464178801C6A46FBF71CF8054683
:10A9E000002E05D0002D03D16846214600F004F862
:10A9F000284614B070BD0000F8B50C46054601208D
:10AA00008873E878087408461C30294644310226C9
:10AA1000194F3246B84720461E30291D3246B847E6
:10AA200020462030A91D0822B84720462830294654
:10AA30000E3110263246B8472046383029461E319E
:10AA40003246B8472046483029462E313246B8476C
:10AA5000A86CA066E86CE066687806210140E172A7
:10AA6000E0210140607C08436074A878010702D5AA
:10AA7000FE210840E075F8BDE948051070B594B0B6
:10AA800014460E464178801C6A46FAF7C4FF054614
:10AA9000002807D10020307069463E31062220464A
:10AAA000E9F722FF284614B070BDB0B594B0144643
:10AAB0006A46FBF729F80546002803D16846214677
:10AAC000FFF79AFF284614B0B0BD1F207047000062
:10AAD00070B50446807B03210140258903290AD1F2
:10AAE0002046FFF7E8FE002805D008210022204676
:10AAF00000F026F870BD284600F094FF02460120C1
:10AB000000210E4BFBF704FCE07C032802D100205F
:10AB100000F0E6FF20461830002604223146E9F70F
:10AB2000F3FE2046314600F03BF8F120A0720220EF
:10AB3000294632463346FDF7D5FD70BD307500001D
:10AB4000F8B516460C460546008900F06BFF024634
:10AB500001200027114B3946FBF7DAFB2889FBF768
:10AB60009BFB0221284600F01BF8284618300422DF
:10AB70003946E9F7C9FEE87B2F210140E973002E31
:10AB800004D06878A91C00F051FEFB27AF72298918
:10AB9000022002462346FDF7A5FDF8BD30750000F2
:10ABA000BCB56022825CD207827A04D16032D2B214
:10ABB000512A04D30FE05032D2B2402A0BD8094AAE
:10ABC0001268B123D35C002B05D0B132047D01257E
:10ABD000A540AB4313706A4611710090104600F017
:10ABE000B2FFBCBDCC310020B0B50C466021615C29
:10ABF00001220A40A37A4068417A02D19F2B02D8F1
:10AC0000B0BDB02B14D3F02B15D9F12B0ED10F29D9
:10AC10000CD1254659350F2101222046FFF790FF20
:10AC200029785A342046FAF75DFFB0BD002AE7D0F4
:10AC3000207E8007E4D001222046FFF781FFB0BDCF
:10AC4000F8B51F4613460C4605460522194623460D
:10AC5000FFF714FE0646002F01D1882E04D00122F2
:10AC600028462146FFF76CFF3046F8BD10B50B496A
:10AC70000A68B121535CB1320021032905D00124B7
:10AC80008C401C4203D0491CF7E7032103E0002855
:10AC900001D023431370C8B210BDC046CC31002090
:10ACA0000001002900D00830C0B270471CB5042153
:10ACB00007226C462346ECF703FF62780A21042A38
:10ACC00013D86A469278012A0FD86A46D27892073A
:10ACD0000BD40749096834228A5C69460979914294
:10ACE00002D31129014600D3062108461CBDC046E7
:10ACF000CC31002080B5127D1201002900D008322D
:10AD0000D1B2044A12685318B43304210722ECF775
:10AD1000D7FE80BDCC310020F0B524490968027D02
:10AD200012010832D2B28B18B5241C5D0473B6240C
:10AD30001B5D012B03D1437B02241C4344730B4650
:10AD40003633032515430C46B434655D01262E4089
:10AD5000877B3743877304263540C77B2F43C773F0
:10AD60001643A55D057405251543645D6025455DA5
:10AD7000ED070ED11D782C4007252C408474062445
:10AD800022438918B422895C5A780A402A404274C6
:10AD9000F0BD5D7825404574062422438918B4220D
:10ADA000895C1A780A408274F0BDC046CC3100201C
:10ADB000F8B5017B427BD30701D0930705D4C37D4F
:10ADC00008241C4003D0920701D0032219E0C37B62
:10ADD0000522134214D0424B1B6840255D5D4A4357
:10ADE000404B9A18525DC27403461333002A0BD1AC
:10ADF000002C3DD101296FD1012D6DD101226CE0D4
:10AE00000122C274034613336024055D01263540D8
:10AE100003D11A240457002C26D404460F34247876
:10AE2000E40704D0012A02D103241C7052E0C37D40
:10AE30001B0703D5022A01D10023C376022A11D1B0
:10AE4000C27BEF231340C373254A12684023D25CB0
:10AE50000024022A274618D3042A0BD0022A13D131
:10AE6000374612E0002435E01D4C24683134D6E723
:10AE7000042232E00229374607D304292F4604D0A2
:10AE8000022901D1274600E0FF27174909684E2211
:10AE9000895C49071ED50689144800688069022527
:10AEA000462203232946ECF7C7FF002812D00146AB
:10AEB0008672042048720D720024CC7105208871BE
:10AEC0000F73FF20487182200871300AC87228462B
:10AED000EDF74FF82046F8BD02221A7094E7C046FD
:10AEE000CC3100203CE906108031002030310020B8
:10AEF0000B49096830228A5C0123134030314A78BB
:10AF0000D207520FD218CB78DB07DB0ED218897824
:10AF10004B080B43D907090F511801707047C04601
:10AF2000CC31002070B505460089FBF7D8FD4642BC
:10AF300046411B4909683C22895C022904D000244F
:10AF400001292AD1002828D108200143A9751548D4
:10AF500000684E21405C012480071ED52D891248CF
:10AF60000068806902214B220323ECF765FF00286B
:10AF700013D001468572042048720B20087200200D
:10AF8000C871052088710E73FF20487182200871F6
:10AF9000280AC8720220ECF7ECFF204670BDC046BC
:10AFA000CC310020803100203031002010B5072442
:10AFB0004480446821720B4909684024095D446853
:10AFC000617201211140426891724168CB724168FF
:10AFD000029A0A734168039A4A734068049981731C
:10AFE00010BDC046CC310020F8B50C4607460125FF
:10AFF0002846FFF73BFE022801D93820F8BD064657
:10B000003846FFF753FE002810D00146104800686C
:10B01000B122825C002A03D0B130B540AA4302704D
:10B02000002201232046FFF70BFEF8BD2675012103
:10B0300038462246FFF75EFE2046FFF773FF0028E2
:10B0400001D00020F8BD204600F004F8F8BDC0464D
:10B05000CC310020F0B587B0044606A80026067063
:10B0600021890B223046ECF7EDFC00281BD005901F
:10B07000B020A072E675E07B2F210140E173434FC1
:10B080003D68207D01210491FFF70AFE4019B72198
:10B09000455C38683221405C022806D108202840EF
:10B0A00003D1032151E0882661E0207EC00705D14D
:10B0B00006AF3846FFF71CFF387802E0607D06A92E
:10B0C0000870054018202840E17D0143E17508071C
:10B0D00001D4B42706E0204600F031FD01460028E7
:10B0E00033D1B227204600F0DFFC06984107C90F94
:10B0F000E173C007800FA0732046FFF70DFE2046C6
:10B10000FFF756FE014600281FD1E07C022804D13B
:10B11000E07BC00601D44D20C7431C4800683521A0
:10B12000405C06A90B78627B617CA57C0090019154
:10B1300002950221059D2846FFF738FF2046294643
:10B14000FFF782FB0146002814D010480068B122A6
:10B15000825C002A05D0B130237D049D9D40AA4326
:10B16000027001232046059AFFF76AFD0646304625
:10B1700007B0F0BDE07AF8210140E1720598314650
:10B180002246FFF7B7FDA772F1E7C046CC31002099
:10B19000F0B589B00C4607460989002515222846D6
:10B1A000ECF750FC002813D00646002F06D02346AB
:10B1B0002833052110223846ECF782FCE07D000799
:10B1C00008D42146483105AA204600F031F807E0AE
:10B1D000882019E005A80290019401A800F061F907
:10B1E000112070807068032101720521102205ABC7
:10B1F0003046ECF787FC20463146FFF725FB002858
:10B2000002D1B620A072284609B0F0BD10B50446A0
:10B21000483010210022FCF722F9E07D000702D41B
:10B22000B520A07210BD204600F03AF910BD000014
:10B23000F0B59BB01446069107460FAE00252E22AE
:10B2400030462946E9F760FB304610301022069957
:10B25000E9F74AFB2036F87C03280DD0022812D1EA
:10B2600044480068806B0FA90870020A4A70020CFB
:10B270008A70000EC87006E03E48016844310FA88D
:10B280001022E9F731FB387D01210591FFF708FD18
:10B290000290387D2946FFF703FD01906120385C5C
:10B2A000F07106960FAE30462830394662310622DC
:10B2B0000092314B04909847787806990870304690
:10B2C0002130B91C0390009A2B4B984729480068FD
:10B2D00001994118B4310BAF384609300722019269
:10B2E000254B98472348006802994118B431B81C8F
:10B2F000019A214B9847781C0699C91D059A1E4B47
:10B3000098471D4B38460699059A98471036102DD8
:10B3100007D0705D0BA9495D414007A841556D1CE0
:10B32000F5E70FA807A92246F1F798F80BAE00251C
:10B33000102230462946E9F7E7FA062730460499F5
:10B340003A46E9F7D1FAB01D03993A46E9F7CCFA43
:10B35000102D07D0605D0BA9495D414007A84155FC
:10B360006D1CF5E70FA807A92246F1F777F81BB087
:10B37000F0BDC046CC310020E9480510F0B58BB0D7
:10B380000D46064600240294098915222046ECF752
:10B3900059FB002820D007462B46383305211022C0
:10B3A00030461E46ECF78CFBE87D000716D400946F
:10B3B000344603AE284621463246FFF739FF294678
:10B3C0002831102230462646009CE9F7ADFA01A943
:10B3D000BC220A7002900CE088245BE001A80A906D
:10B3E00002A8099003A80890079507A800F05AF84A
:10B3F0000298002806D00421012328463A46FFF788
:10B400001FFC1BE0112078807868042101722B4614
:10B410004833052110223846ECF774FB284639469C
:10B42000FFF712FA002809D10198A8721B4800689A
:10B430003521405C297C814200D92874029800287B
:10B4400028D1E87D000725D407A800241022214632
:10B45000E9F75AFAE87C03280DD0022812D10F48E8
:10B460000068806B07A90870020A4A70020C8A7093
:10B47000000EC87006E009480168443107A8102290
:10B48000E9F732FA29464831283507A832462B46D3
:10B49000FAF77EFC20460BB0F0BDC046CC31002050
:10B4A00070477047704780B5012911D1427C53071E
:10B4B00005D0C37D1B071DD506231A401AD1602273
:10B4C000835C01221A40002906D0002A19D103E02A
:10B4D000002900D080BD0022817CCB0704D0C37D31
:10B4E0001B0701D4D12109E08B0706D4490708D5F1
:10B4F000D52103E0D021817280BDD3218172002A41
:10B5000002D000F004F880BD00F016F880BD80B5D0
:10B510006021415CC90706D111214156002902D59D
:10B52000817E8A0602D4FFF7D3FA80BD042211433C
:10B530008176FFF7CAFA80BDF0B589B0044608A845
:10B5400000260680218915223046ECF77BFA002878
:10B550002DD005466020205CC0060BD427466037FE
:10B5600020461C3002210022FBF779FF3878102199
:10B5700001433970A07AD138042875D8784400790D
:10B58000400087440219384E60003C48006821465C
:10B590001C31083008AA04AE3346FAF77BFB686812
:10B5A0000621017211206880227C052158E00E20BE
:10B5B0000021FBF73FFC5FE004AE0821029100226E
:10B5C00030460196FBF74BFF20461C3008AF314652
:10B5D0003A46FAF729FB0B2068806868072606724E
:10B5E0000521022228463B46ECF78CFA28463146D4
:10B5F000029A019B36E01120688068680821017278
:10B6000004A800211022E9F77FF9EDF7CDFC00280E
:10B6100002D004A8FAF752FB0521102204AB2846F9
:10B6200020E003A8067004AE3146FFF7F5F80820C5
:10B63000688068680921017268680399417206216F
:10B6400028460A460DE01120688068680A210172C8
:10B6500020461C3004AE3146FAF7B2FB0521102219
:10B6600028463346ECF74EFA20462946FFF7ECF819
:10B67000002801D1DD20A07209B0F0BD2C310020DE
:10B6800080B5827ADD2A23D18A1F042A1ED8D221CE
:10B690007A44127952009744180211070A00817CFB
:10B6A0008A0702D5D32110E0817C49070CD46021A0
:10B6B000415CC90704D1FFF72AFF80BDD42104E013
:10B6C0000121FFF7F0FE80BDD5218172FFF734FF25
:10B6D00080BD0000F0B585B007464068057AA81F18
:10B6E000042823D80C46887A8626D0281FD12046E5
:10B6F00059300190208900F095F902460020444B12
:10B7000002900146FAF704FE062D05D0092D11D04E
:10B71000082D34D0072D3DD1E07D000707D4607C93
:10B72000C00704D0062D44D128342CE084263046AE
:10B7300005B0F0BD607C8007F9D503AB00269E8084
:10B740000396062138460A46ECF7B1F9002845D0A1
:10B750007868407A019D287023465A33062138467E
:10B760000A46ECF7ADF92878012803D1A8798009B9
:10B77000032845D3617C2020084360742FE0607C5F
:10B780008007D4D538340521102238462346ECF7FB
:10B7900097F933E0607C4007C9D52346483305213B
:10B7A00010223846ECF78CF9607C4021014361742B
:10B7B00017E07868407AA0777868807AE077234647
:10B7C0002033072108223846ECF77AF9607C802183
:10B7D000014361744007800F10D102E0607C400794
:10B7E000A5D40198C079C00705D10026204631466E
:10B7F000FFF759FE9BE72046FFF76AF9029E96E79E
:10B800000821002201232046FFF71AFA06468EE798
:10B810003075000080B503200821F9F77DFC02494E
:10B820000968A822885080BDCC310020FEB5019166
:10B83000032002900027304A3D4616461068A8248F
:10B840000059C019801C06220199E9F76DF80028FB
:10B8500031D002980328324609D110680059C05DE2
:10B860008006800F01D0032000E0E8B20290083784
:10B870006D1C032DE1D110684125415DA8300229DE
:10B8800036D80299CF000068C019801C16460622DF
:10B890000199E9F729F8306800591021C15502983B
:10B8A000C2B200200121154BFAF732FD3068415D2C
:10B8B000491C4155FEBD30680059C35DCF21194078
:10B8C000103103221A40531C032A02D0DC242140E9
:10B8D0001943C155032A00D1134609A0C05C7D213C
:10B8E000CB004343EAB200200121FAF711FDFEBD6F
:10B8F00001210172FEBDC046CC310020B80B000012
:10B9000003050A14F8B5294E3168A8254959C40021
:10B910000A5DD3060ED4930646D50919930735D090
:10B92000FC231340521E03241440E2180A7000F056
:10B9300041F8F8BD00F03EF8306840590019841C09
:10B940006520C64337466537194800683421405C96
:10B950007F1C874228D215480068A42540598019C9
:10B960007036683006222146E8F7DEFF0028EBD16A
:10B970000E4800684059815DFB2915D11021815581
:10B980000E20FBF745FAE7F743FCF8BD35460024E7
:10B99000082208462146E8F7B7FF3068B021445432
:10B9A0004121425C521E4254F8BDC046CC310020B9
:10B9B0002C31002010B5044600200121074B2246FF
:10B9C000FAF7A6FC06480068A8214058E100425C4E
:10B9D000CF2313402033435410BDC046204E0000F7
:10B9E000CC310020F8B50C460720C0430C4E05466C
:10B9F0000835182D10D03168A827C95908180A3001
:10BA000006222146E8F790FF00282846F0D130684A
:10BA1000C059405DC00601D40020F8BD0120F8BD2A
:10BA2000CC310020B0B50D4909683422895C00286A
:10BA300011D00B4A1268A4320023DCB28C420AD225
:10BA4000702565431468641924894440240501D095
:10BA50005B1CF2E71946C8B2B0BDC0462C310020CD
:10BA6000CC310020F0B501460020002917D00C4A47
:10BA700012683423D35C70225A436F23DD43094B91
:10BA80001B68A4332C467034A24208D01E68751976
:10BA90007827ED5B4D402D052546F4D13019F0BDDA
:10BAA0002C310020CC310020B0B504460B48006892
:10BAB000AC2140584578801CA11C0622E8F734FFD1
:10BAC00001460020002900D0B0BD61788D42FBD135
:10BAD000617B012001436173B0BDC046CC310020C1
:10BAE00080B52822504304490968AC23C958081876
:10BAF0000021E8F709FF80BDCC31002070B50D4969
:10BB000009683422895C70224A430B490B68A433CC
:10BB100000210C46A2420AD01D682D19EE7DF607C1
:10BB200002D02D89854201D17034F3E70121084606
:10BB300070BDC0462C310020CC31002070471F2042
:10BB400070471F207047704770470000002310B5F2
:10BB5000040003604360836081814366C2810361A6
:10BB600043618361190008225C3000F047FA0B4BF7
:10BB7000246263620A4BA3620A4BE3620A4B2363AB
:10BB80000A4B9C4205D00A4B9C4202D0094B9C4276
:10BB900003D12000583000F08DFA10BD95BD06107D
:10BBA000BDBD0610F5BD061021BE0610D83100201F
:10BBB00040320020A832002010B5034A034904484F
:10BBC00000F06CF810BDC0462C3500208DC9061061
:10BBD0003C35002041680B4B10B50400994201D060
:10BBE00000F0D4FEA168084B994202D0200000F07A
:10BBF000CDFEE168054B994202D0200000F0C6FE60
:10BC000010BDC046D831002040320020A8320020AC
:10BC100010B5094B094A04211A6009480022FFF7B0
:10BC200095FF012209210748FFF790FF0222122108
:10BC30000548FFF78BFF10BD10330020B9BB06107D
:10BC4000D831002040320020A832002010B5024830
:10BC500000F031FA10BDC0461933002010B502487B
:10BC600000F02AFA10BDC0461933002010B50400B8
:10BC7000FFF7ECFF236A002B02D0FFF7EFFF10BDA8
:10BC8000044B2362044B1B68002BF6D1FFF7C0FF67
:10BC9000F3E7C046D5BB061010330020F7B51400FB
:10BCA000002600900191A5686768013F04D52468CB
:10BCB000002CF8D13000FEBDAB89012B08D90E2233
:10BCC000AB5E013304D029000098019B98470643DE
:10BCD0006835EAE7036A70B505000E008468002B3A
:10BCE00001D1FFF7C3FF636EDB0705D4A3899B0572
:10BCF00002D4A06D00F0DFF9A3891B0702D52369E8
:10BD0000002B1FD12100280000F00CF9002819D0C9
:10BD100001256D42636EDB0705D4A3899B0502D420
:10BD2000A06D00F0C9F9280070BD0136A360002B9A
:10BD300004DAA2699A4216DC0A2914D023685A1C34
:10BD400022601970A3683178013B0029EDD1A3600E
:10BD5000002B0FDA220028000A3100F0A1F8013090
:10BD6000D6D00A25D6E72200280000F099F8013045
:10BD7000E8D1CDE723685A1C22600A221A70F0E746
:10BD800010B5034B01001868FFF7A4FF10BDC046B3
:10BD90003835002070B50C000E25495F00F05CF9C5
:10BDA000002803DB636D1B18636570BDA389024A1D
:10BDB0001340A381F9E7C046FFEFFFFFF8B51F006E
:10BDC0008B8905000C001600DB0505D50E23C95E26
:10BDD0000022022300F02CF9A389054A2800134011
:10BDE000A38132000E23E15E3B0000F049F9F8BD6B
:10BDF000FFEFFFFF70B50C000E25495F00F018F94A
:10BE0000A389421C03D1054A1340A38170BD80223F
:10BE100052011343A3816065F8E7C046FFEFFFFFBF
:10BE200010B50E23C95E00F0F1F810BD30B5050065
:10BE3000140008001A009BB0002C05DA8B230120A7
:10BE40002B6040421BB030BD822369469B008B8132
:10BE500000210090199104908C4200D0611E0123B2
:10BE60000291059169465B42CB8128001E9B00F040
:10BE70008DFA431C01DA8B232B60002CE2D00022C8
:10BE8000009B1A70DEE7000013B5044C009313000A
:10BE90000A0001002068FFF7C9FF16BD38350020F1
:10BEA000F8B506000D001400002804D0036A002B2A
:10BEB00001D1FFF7DBFEA369A360A3891B0702D5AD
:10BEC0002369002B09D12100300000F02BF8002855
:10BED00003D001256D422800F8BD23692068EFB228
:10BEE000C01A6369EDB2834205DC2100300000F026
:10BEF0004DFD0028EDD1A3680130013BA36023680C
:10BF00005A1C22601F706369834204D0A389DB0737
:10BF1000E1D50A2DDFD12100300000F037FD0028E7
:10BF2000D9D0D6E72D4B70B5050018680C00002855
:10BF300004D0036A002B01D1FFF798FE0C22A35E08
:10BF40001A0723D4DA0607D409222A6040220120E6
:10BF50001343A38140423AE05B0713D5616B00298C
:10BF600008D023004433994202D0280000F0B2F8F0
:10BF7000002363632422A3899343A3810023636086
:10BF8000236923600823A2891343A3812369002B1B
:10BF90000BD1A0218022A389890092000B409342FB
:10BFA00003D02100280000F047FD0C22A35E0121F0
:10BFB0001A000A400B420BD00022A2606269524272
:10BFC000A26100202269824201D11A06BED470BD4E
:10BFD000990700D46269A260F3E7C04638350020B3
:10BFE00030B500240139A24201D1002005E0035DF3
:10BFF00001340D5DAB42F6D0581B30BD03008218F2
:10C00000934200D1704719700133F9E7002370B5EE
:10C01000064D040008002B60D9F7C4FE431C03D171
:10C020002B68002B00D0236070BDC0461433002065
:10C0300070B50400080011001A000023054D2B60A4
:10C04000D9F7D1FE431C03D12B68002B00D023600D
:10C0500070BDC0461433002070B504000800110004
:10C060001A000023054D2B60D9F763FE431C03D152
:10C070002B68002B00D0236070BDC0461433002015
:10C0800070B50400080011001A000023054D2B6054
:10C09000D9F76CFE431C03D12B68002B00D0236022
:10C0A00070BDC04614330020014B18687047C0466D
:10C0B0003835002070477047704710B500F001F820
:10C0C00010BD002310B59A4200D110BDCC5CC45401
:10C0D0000133F8E770B505000C1E10D0043C23684E
:10C0E000002B00DAE418280000F0E0F81D4A13687D
:10C0F000002B05D163601460280000F0DFF870BDEC
:10C10000A34208D9206821188B42F3D119685B68D3
:10C1100009182160EEE71A005B68002B01D0A342EA
:10C12000F9D911685018A0420BD12068091850188D
:10C1300011608342E0D118685B6841181160536058
:10C14000DAE7A04202D90C232B60D5E7206821183A
:10C150008B4203D119685B680918216063605460E1
:10C16000CAE7C0462033002070B50F4E0D0031687D
:10C170000400002902D100F0D7FC30602900200023
:10C1800000F0D2FC431C03D101256D42280070BD94
:10C190000323C51C9D43A842F8D0291A200000F0B3
:10C1A000C3FC0130F2D1EFE71C330020F7B50322C6
:10C1B000CB1C9343083305001F000C2B34D20C27F3
:10C1C000B94233D8280000F071F8374E33681C00AC
:10C1D000002C2FD139002800FFF7C6FF0400431CB4
:10C1E0005FD134680094009B002B4AD1002C52D0C0
:10C1F00023682800E3180099019300F095FC019B47
:10C20000834248D123682800FF1A3900FFF7ACFFAA
:10C21000013040D02368DB19236033685A68002A54
:10C2200033D1009B336019E0002BC9DA0C232B605B
:10C230000020FEBD2168C91B20D40B290AD9E219B0
:10C240002760A34204D1326063681160536005E047
:10C250005A60F9E76268A3420ED13260280000F00C
:10C260002DF8200007220B30231D9043C21A98425C
:10C27000DFD01B1AA350DCE75A60EFE723006468A5
:10C28000A6E7009C63680093ADE71A005B68A342D1
:10C29000FBD10023DAE70C2328002B6000F00EF816
:10C2A000C6E70760DAE7C0462033002010B5024831
:10C2B000FFF701FF10BDC0461833002010B502483B
:10C2C000FFF7FAFE10BDC04618330020F0B58E68A7
:10C2D00085B01F000C000B6802900392BE4230D85C
:10C2E0000C21625E9021C9000A4228D003202169F6
:10C2F0005B1A0193636943430198DD0FED187B1CC2
:10C300001B186D10AB4200D91D00520528D529001D
:10C310000298FFF74BFF061E2CD0019A2169FFF708
:10C32000D0FEA289184B1A4080231343A381019B9E
:10C330002661F61826603E006561ED1AA560BE42D2
:10C3400000D93E0032000399206800F0B6FB0020BF
:10C35000A3689B1BA36023689B19236005B0F0BDF5
:10C360002A00029800F0FDFB061EE0D12169029828
:10C37000FFF7B0FE0C230120029A40421360A2890D
:10C3800034331343A381E9E77FFBFFFFF0B5A1B08E
:10C3900003901D008B890F0016001B0611D50B6939
:10C3A000002B0ED14021FFF701FF386038610028D3
:10C3B00005D10C23039A136001204042CFE04023B3
:10C3C0007B61002308AC6361203363761033A3766E
:10C3D000079535002B78002B01D0252B48D1AB1BBE
:10C3E0000593B5420BD0320039000398FFF76EFF7A
:10C3F000013000D1AEE06369059A9B1863612B7828
:10C40000002B00D1A6E0012200235242626004A961
:10C41000543252186E1C2360E360A3601370A3654E
:10C42000544B052218003178059300F08FFB751CE2
:10C4300000281FD12268D30604D5532304A95B1812
:10C4400020211970130704D5532304A95B182B214D
:10C45000197033782A2B16D0350000210A20E368A2
:10C460002A786E1C303A092A50D9002911D117E0D8
:10C470000135AFE7059B2268C01A012383401343AF
:10C480002E002360CCE7079B191D1B680791002B2A
:10C4900001DB0B9304E05B42E36002231343236060
:10C4A0002B782E2B0CD16B782A2B34D1079B02359D
:10C4B0001A1D1B680792002B01DA01235B420993C6
:10C4C0002D4E03223000297800F040FB002806D0D2
:10C4D0004023801B83402268013513432360297861
:10C4E000062226486E1C217600F030FB002838D04A
:10C4F000234B002B22D10722079B0733934308339A
:10C5000007936369049A9B18636162E743433500AC
:10C5100001219B18A4E700230A201900013563605C
:10C520002A786E1C303A092A03D9002BC8D0099109
:10C53000C6E74143350001238918F1E707AA0092B5
:10C5400021003A000F4B039800E000BF0490049BC9
:10C550000133D6D1BB890D985B0600D52CE721B0FD
:10C56000F0BD07AA009221003A00064B039800F0A4
:10C570007BF8EBE755E906105BE906105FE906106A
:10C5800000000000CDC20610F7B5160001938A68BE
:10C590000B690C000090934200DA13002200336014
:10C5A00043321278002A01D00133336023689B069E
:10C5B00002D53368023333602268062315001D401C
:10C5C0001A4227D0230043331B785A1E9341226816
:10C5D000920630D4220001990098089D4332A84762
:10C5E000013025D00622236800251340042B05D1F5
:10C5F0003368E568ED1AEB43DB171D40A368226939
:10C60000934201DD9B1AED180026B54220D100208F
:10C6100010E00135E36832689B1AAB42D2DD22009C
:10C62000012301990098089F1932B8470130F0D1D1
:10C6300001204042FEBD3020E11843310870210046
:10C640005A1C45310978A218433202331170C1E7F0
:10C650002200012301990098089F1A32B84701303F
:10C66000E6D00136D1E70000F0B58BB006920A00A3
:10C6700043320793059003920A7E0C00109B782AA0
:10C6800009D8622A0BD8002A00D1BAE07A4904916D
:10C69000582A00D18EE0250042352A7022E0100091
:10C6A00063381528F7D8D3F7B9FD16001F00F6FF39
:10C6B000F6FFF6FFF6FF1F00F6FFF6FFF6FFF6FFA8
:10C6C0009F0036007E00F6FFF6FFB000F6FF360052
:10C6D000F6FFF6FF820025001A684235111D196029
:10C6E00013682B7001239EE018680968021D0D066F
:10C6F0000BD506681A60002E03DA2D23039A7642C2
:10C7000013705D4B0A27049318E006681A60490607
:10C71000F1D536B2EFE70868196840C9050602D4BA
:10C72000400600D5B6B21960534B0A2704936F2A0E
:10C7300000D1023F2300002243331A706368A360D4
:10C74000002B06DB04212268039D8A4322603343C9
:10C750000CD0039D30003900D3F7F0FD049B013D60
:10C760005B5C2B70330006009F42F3D9082F09D180
:10C770002368DB0706D5626823699A4202DC30230E
:10C78000013D2B70039B5B1B2361079B21000093E2
:10C790000598069B09AAFFF7F7FE013048D1012052
:10C7A00040420BB0F0BD202209680A432260782283
:10C7B00032490491210045310A701968226840C944
:10C7C000100602D4500600D5B6B21960D30702D5C0
:10C7D000202313432360002E01D01027AAE7202234
:10C7E000236893432360F8E71A680D68101D4969B0
:10C7F000186013682E0601D5196002E06D06FBD59E
:10C8000019800023039D2361BFE71A68111D196079
:10C81000156800212800626800F098F9002801D00E
:10C82000401B6060636823610023039A1370ACE7C8
:10C830002A00236906990598079DA8470130AED0C4
:10C8400023689B0715D4099BE0689842A9DA180071
:10C85000A7E72200012306990598079E1932B047E1
:10C8600001309CD00135E368099A9B1AAB42F0DC99
:10C87000E9E70025F7E7C04666E9061077E9061004
:10C88000F7B50C228B5E05000C001A0756D44A68D7
:10C89000002A02DC0A6C002A4EDDE76A002F4BD02A
:10C8A000002280202E682A601A004001216A02407E
:10C8B000034233D0626DA3895B0706D56368D21A41
:10C8C000636B002B01D0236CD21A00232800E76A87
:10C8D000216AB847A289431C06D129681D2946D878
:10C8E000294BCB40DB0742D50023636023692360DB
:10C8F000D20405D5431C02D12B68002B00D1606502
:10C90000616B2E60002917D023004433994202D076
:10C910002800FFF7DFFB002363630DE001232800FD
:10C92000B8470200431CC6D12B68002BC3D01D2B77
:10C9300001D0162B1AD12E6000201EE00E69002EA9
:10C94000FAD00F680E60BA1B019200229B0700D13B
:10C950004A69A260019B002BEEDDA36A32001F0032
:10C960002800019B216AB847002807DCA2894023E0
:10C97000012013431BB2A3814042FEBD019B361828
:10C980001B1A0193E6E7C046010040200B6970B511
:10C9900005000C00002B02D10025280070BD0028E6
:10C9A00004D0036A002B01D1FFF760F90C22A35ECB
:10C9B000002BF1D0626ED20704D49B0502D4A06D87
:10C9C000FFF779FB28002100FFF75AFF636E05008F
:10C9D000DB07E2D4A3899B05DFD4A06DFFF76CFBD6
:10C9E000DBE7000070B50E001D000E23C95E1400C9
:10C9F00096B000290CDAB2898023110019401A423E
:10CA000014D18023DB0000202960236016B070BDA4
:10CA10006A4600F065F80028EDDBF02301991B025F
:10CA20001940044BC9184B425941EAE70021402301
:10CA3000E9E7C04600E0FFFFF0B502268B8905005C
:10CA40000C0085B0334207D02300473323602361B5
:10CA50000123636105B0F0BD03AB02AAFFF7C2FF7B
:10CA6000029F019039002800FFF7A0FB002808D1A1
:10CA70000C22A35E9A05EDD4032293431E43A681A4
:10CA8000E2E78023A28920601343A381039B2061F6
:10CA90006761002B0CD028000E23E15E00F032F815
:10CAA000002805D00323A2899A43023B1343A381A4
:10CAB000A389019A1343A381CCE710B5884202D918
:10CAC0008B18984208D300239A4207D0CC5CC454F8
:10CAD0000133F9E78B5C8354013AFBD210BD0000AF
:10CAE000002370B5064D0400080011002B60D9F733
:10CAF00063F9431C03D12B68002B00D0236070BD69
:10CB000014330020002370B5064D040008002B608C
:10CB1000D9F760F9431C03D12B68002B00D02360A8
:10CB200070BDC04614330020002370B5064D0400CC
:10CB300008002B60D9F762F9431C03D12B68002B46
:10CB400000D0236070BDC04614330020C9B28218E3
:10CB5000904201D10020704703788B42FBD0013016
:10CB6000F6E7F7B506000C001500002905D1110005
:10CB7000FFF71CFB04002000FEBD002A03D1FFF7D5
:10CB8000A9FA2C00F7E700F01CF80700854202D84C
:10CB90004308AB42EFD329003000FFF707FB0190B9
:10CBA000002801D1019CE6E72A00BD4200D93A00E5
:10CBB00021000198FFF785FA21003000FFF78AFA7B
:10CBC000F0E70B1F1B68181F002B01DA0B58C01869
:10CBD0007047000070B5051C00F0B4F8291C041C57
:10CBE000281CD4F7EDFD002810D1281C00F02EF8E9
:10CBF000FE218905D3F702FD002807D0FFF754FA7C
:10CC000021230360024800F025F8041C201C70BD9D
:10CC10005AE9061070B5051C00F020F8291C041C08
:10CC2000281CD4F7CDFD00280ED10021281CD3F7F5
:10CC3000D1FC002808D0FFF737FA21230021036038
:10CC4000081CD4F731F8041C201C70BD40004008BB
:10CC500070470000004870470000C07FF7B5FF2113
:10CC600042000300041C5208C9058A4209D3011C72
:10CC7000D4F7E8F9011C201CD3F724FE041C201C67
:10CC8000FEBD002AFBD0002806DA011CD4F734FBD5
:10CC9000011CD4F709F8F1E702000A40084240D02D
:10CCA000C11580220F005B025B0A12047F3F134311
:10CCB000C90700D45B0000248021192026007F10C2
:10CCC0005B00490475181A009D4202DC6E185A1B5D
:10CCD00064180138530049080028F3D1002A19D0FC
:10CCE000164D174E286831682B680193D4F704FB62
:10CCF000011C0198D3F778FC00280BD02868316814
:10CD0000D3F7E0FD2D68011C281CD3F763FC002835
:10CD100010D00234FC2364109B05E318FC05E418D2
:10CD2000ADE7802000045B00110001320342FAD01D
:10CD30004942B6E7012301349C43EBE78CE9061036
:10CD400088E90610FE21F8B54300041C5B0889053C
:10CD50008B4204D10020002C09DC9C4807E08B4268
:10CD600006D9011CD4F7C8FA011CD3F79DFFF8BD02
:10CD7000FC2189058B4258D28C229205934200D81F
:10CD800022E1011CD4F75EF99149051CD4F75AF948
:10CD90009049D3F797FD291CD4F754F98E49D4F75D
:10CDA000ABFA291CD4F74EF98C49D3F78BFD291C1B
:10CDB000D4F748F98A49D4F79FFA291CD4F742F9E5
:10CDC0008849D3F77FFD291CD4F73CF98649061C16
:10CDD000281CD4F737F98549D4F78EFA291CD4F7E3
:10CDE00031F98349D3F76EFD291CD4F72BF981491A
:10CDF000D4F782FA291CD4F725F9FE218905D3F747
:10CE000061FD011C301CD3F74FFF211CD4F71AF928
:10CE1000011C7948D4F770FA011C201CD4F76CFA75
:10CE2000011C7648D4F768FAA1E700285CDAFE21F5
:10CE30008905D3F747FDFC218905D4F703F9644937
:10CE4000041CD4F7FFF86349D3F73CFD211CD4F749
:10CE5000F9F86149D4F750FA211CD4F7F3F85F4987
:10CE6000D3F730FD211CD4F7EDF85D49D4F744FA2F
:10CE7000211CD4F7E7F85B49D3F724FD211CD4F734
:10CE8000E1F85949051C201CD4F7DCF85749D4F7C0
:10CE900033FA211CD4F7D6F85549D3F713FD211CDA
:10CEA000D4F7D0F85349D4F727FA211CD4F7CAF89D
:10CEB000FE218905D3F706FD061C201CFFF7CEFED8
:10CEC000311C041C281CD3F7EFFE211CD4F7BAF840
:10CED0004949D4F711FA211CD3F7F4FC011CD3F70C
:10CEE000F1FC011C46489DE7011CFE208005D4F79B
:10CEF00003FAFC218905D4F7A5F8041CFFF7AEFE60
:10CF00003349061C050B201CD4F79CF83149D3F794
:10CF1000D9FC211CD4F796F82F49D4F7EDF9211C40
:10CF2000D4F790F82D49D3F7CDFC211CD4F78AF81B
:10CF30002B49D4F7E1F9211CD4F784F82949D3F718
:10CF4000C1FC211CD4F77EF82749071C201CD4F70C
:10CF500079F82649D4F7D0F9211CD4F773F824497D
:10CF6000D3F7B0FC211CD4F76DF82249D4F7C4F9EB
:10CF7000211CD4F767F8FE218905D3F7A3FC011C17
:10CF8000381CD3F791FE311CD4F75CF82D03071C35
:10CF9000291C281CD4F756F8011C201CD4F7ACF926
:10CFA000291C041C301CD3F78DFC011C201CD3F75A
:10CFB0007BFE011C381CD3F785FC291CD3F782FCAF
:10CFC000011CD3F77FFCD2E60E48D0E6DB0F4940C8
:10CFD00008EF1138047F4F3A4611243DA80A4E3E0F
:10CFE00090B0A63EABAA2A3E2EC69D3D6133303F8F
:10CFF0002D57014039D119406821A233DA0FC93FBA
:10D00000DA0F4940DB0FC93FF7B500258AB00E465D
:10D010000446002804D0002E06D10C98002803DD19
:10D02000612040010DB0F0BD0C98002804DB1028F1
:10D0300004DA2079800601D48C48F3E7207941078F
:10D0400001D4810702D58948401CEBE74021084301
:10D0500020712046143008901CE0002081004A19FD
:10D060009219537817781B023B4397785BBA1B04DD
:10D070003F02D2783B4313430A195269401C534084
:10D0800004AA53500428E9DBA26804A80899E2F72F
:10D09000E1FA009D0C992846103000908842DCDBB4
:10D0A000207980061ED400291CDD002081004A1949
:10D0B0009219537817781B023B4397785BBA1B048D
:10D0C0003F02D2783B4313430A195269401C534034
:10D0D00004AA53500428E9DBA26804A80899E2F7DF
:10D0E000B9FAC0E0002000900190029003906946D8
:10D0F0000846A268E2F7AEFA00998722C80F5043AB
:10D10000019A4900D20F114300910199029A4900F6
:10D11000D20F114301910299039A4900D20F114392
:10D12000029103990C9A490041402846103003911E
:10D1300090421AD1002081004A1993195A781F7819
:10D1400012023A439F7852BA12043F023A43DB7804
:10D150006F461A430B195B697F58401C7B405A404D
:10D1600004AB5A500428E6DB74E0009A8723D00F02
:10D170005843019B5200DB0F1A430092019A029B15
:10D180005200DB0F1A430192029ACB0F52001A434E
:10D1900002924A00424003920C9A0020531BDA1775
:10D1A0009C46920F62449210964616E081004A19FE
:10D1B00093195A781F7812023A439F7852BA120490
:10D1C0003F023A43DB786F461A430B195B697F587D
:10D1D0007B405A4004AB5A50401C8645E6DC810037
:10D1E0000A196B4652695B5867465A4004AB5A505D
:10D1F0007F1A00224B19BC469E460BE073469B18D3
:10D20000F35CD7001825ED1BAB4004AD6F587B4095
:10D210006B50521C9445F1DC002A09D0D60018222C
:10D2200004AB961B5D588022B24055405D5005E02E
:10D2300004AA53580125ED076B40535004AB6A46CE
:10D2400005E081000D196D69565875405D50401C10
:10D250000428F6DBA26818460899E2F7FBF9207962
:10D260000421084320710020DCE600001D0C0000B2
:10D27000F8B516460F46040009D0002E07D0254603
:10D280008035E86D401E102804D31348F8BD612096
:10D290004001F8BD2079400604D400221146204602
:10D2A000FFF7B2FE207902210843207100201821E7
:10D2B0000CE0C217920F12189208920012198307FD
:10D2C0005269DB0ECB1ADA403A54401CEA6D8242B6
:10D2D000EFDC00203260F8BD1F0C000010B5040028
:10D2E00007D002230022A16800F01AF8010003D041
:10D2F0000CE06120400110BD002010222261024696
:10D3000083001B19401C5A610428F9DB606A10284D
:10D3100001D0024810BD084610BD00001D0C0000E1
:10D32000F0B5002807D0002905D05B079C0F002A24
:10D3300004D1012C02D061204001F0BD436A102BC2
:10D3400003D0182B01D0202B05D1012C05D0056965
:10D350006D1E102D01D31A48F0BD102B02D01848B5
:10D36000801EF0BDC2600379F9252B400371012CAA
:10D3700020D000231C469D002D185B1C6C61042BE3
:10D38000F9DB002313E0DC17A40FE418A408A400C1
:10D3900025182E461436B4461C1BD65CE40018270C
:10D3A0006D693C1BA640354366465B1C35600469CD
:10D3B0009C42E8DC0279D20700D181600020F0BDF8
:04D3C0001F0C00003E
:04D3C400F8B5C046B2
:04D3C800F8B5C046AE
:10D3CC005465726D696E616C00000000284E554CFE
:10D3DC004C2900000D0A3D3D3D3D3D3D3D3D3D3D53
:10D3EC003D3D3D3D3D3D3D3D3D3D3D3D3D3D3D0D91
:10D3FC000A000000416C657274537461747573207B
:10D40C0070726F706572746965733A20203078257C
:10D41C003032580D0A00000054696C744461746118
:10D42C002070726F706572746965733A2020307861
:10D43C00253032580D0A0000526177494D55207045
:10D44C00726F706572746965733A2020307825307C
:10D45C0032580D0A00000000416C657274537461FF
:10D46C007475732064657363725F636F756E743A61
:10D47C002025640D0A00000054696C7444617461C9
:10D48C002064657363725F636F756E743A202564F4
:10D49C000D0A0000526177494D5520646573637223
:10D4AC005F636F756E743A2025640D0A00000000EE
:10D4BC003D3D3D3D3D3D3D3D3D3D3D3D3D3D3D3D90
:10D4CC003D3D3D3D3D3D3D3D3D3D3D3D3D0D0A0D13
:10D4DC000A0000000D0A2D2D2D20474154542048E0
:10D4EC00414E444C45204445425547202D2D2D0D91
:10D4FC000A000000536572766963652048616E64AA
:10D50C006C653A203078253034580D0A0000000044
:10D51C00416C657274205374617475733A0D0A0012
:10D52C0020204465636C3A20203078253034580D27
:10D53C000A000000202056616C75653A2030782571
:10D54C003034580D0A0000002020434343443A2055
:10D55C00203078253034580D0A00000054696C7462
:10D56C0020446174613A0D0A00000000526177207A
:10D57C00494D552053616D706C653A0D0A000000E1
:10D58C00FB349B5F800000800010000002FF000055
:10D59C0010000000FB349B5F800000800010000036
:10D5AC0003FF000010000000FB349B5F8000008034
:10D5BC000010000004FF000010000000FB349B5F13
:10D5CC00800000800010000001FF0000100000002F
:10D5DC0048616E646C653A203078253034580D0AF9
:10D5EC0000000000454E41424C4544004449534123
:10D5FC00424C4544000000003E3E3E20416C6572AA
:10D60C0074537461747573204E6F746966696361C9
:10D61C0074696F6E732025730A0A00003E3E3E202B
:10D62C0054696C7444617461204E6F7469666963EB
:10D63C006174696F6E732025730A0A003E3E3E20AA
:10D64C00526177494D55204E6F74696669636174F8
:10D65C00696F6E732025730A0A0000003E3E3E205F
:10D66C004E4F204D61746368202D20556E6B6E6F8C
:10D67C00776E2048616E646C6521200A0A000000F8
:10D68C00424F4F540A00000053656E736F7220496D
:10D69C006E6974204572726F720A000053656E7366
:10D6AC006F7220496E697469616C697A65640A00ED
:10D6BC0043616C6962726174696E67206261736543
:10D6CC006C696E652E2E2E202831206D696E757456
:10D6DC0065290A00212121204572726F725F486111
:10D6EC006E646C65722063616C6C65640A0000008A
:10D6FC00212121204E4D495F48616E646C6572207A
:10D70C0066697265640A00002121212048617264F7
:10D71C004661756C743A20494353523D307825303C
:10D72C003858202861637469766520657863657064
:10D73C0074696F6E3D256C75290A00005B72696E09
:10D74C00676275665D20736C6F74202564203D20C4
:10D75C0025642E25303264206465670A00000000C1
:10D76C005B477261765D206D61673D2564206D6756
:10D77C002020626173653D2564206D6720207468EC
:10D78C00726573683D2564206D6720206465763D65
:10D79C0025640A0048616E646C6520706F73736950
:10D7AC00626C79206E6F742076616C696420616E96
:10D7BC00796D6F7265210D004572726F7220696E02
:10D7CC0020424C455F535441434B5F496E6974286A
:10D7DC0029203078253032780D0A00006863695FA3
:10D7EC006C655F7365745F64656661756C745F709E
:10D7FC006879206661696C65643A2030782530322E
:10D80C00580A000020204661696C2020203A2061D3
:10D81C0063695F68616C5F77726974655F636F6E73
:10D82C006669675F6461746120636F6D6D616E64BE
:10D83C00202D20434F4E4649475F444154415F5091
:10D84C005542414444525F4F46465345542C207236
:10D85C006573756C743A203078253032580A0000A4
:10D86C002020537563636573733A206163695F6845
:10D87C00616C5F77726974655F636F6E6669675F11
:10D88C006461746120636F6D6D616E64202D204343
:10D89C004F4E4649475F444154415F5055424144C5
:10D8AC0044525F4F46465345540A000020204661BF
:10D8BC00696C2020203A206163695F68616C5F733A
:10D8CC0065745F74785F706F7765725F6C65766591
:10D8DC006C20636F6D6D616E642C20726573756C5A
:10D8EC00743A203078253032580A000020205375C5
:10D8FC0063636573733A206163695F68616C5F731E
:10D90C0065745F74785F706F7765725F6C65766550
:10D91C006C20636F6D6D616E640A0000202046619F
:10D92C00696C2020203A206163695F676174745FC1
:10D93C007372765F70726F66696C655F696E69741D
:10D94C0020636F6D6D616E642C20726573756C74E1
:10D95C003A203078253032580A00000020205375C8
:10D96C0063636573733A206163695F676174745FA5
:10D97C007372765F70726F66696C655F696E6974DD
:10D98C0020636F6D6D616E640A000000202046619B
:10D99C00696C2020203A206163695F6761705F6960
:10D9AC006E697420636F6D6D616E642C207265738B
:10D9BC00756C743A203078253032580A000000001B
:10D9CC002020537563636573733A206163695F67E5
:10D9DC0061705F696E697420636F6D6D616E640A4E
:10D9EC000000000020205075626C696320426C7549
:10D9FC0065746F6F746820416464726573733A2048
:10DA0C00253032783A253032783A253032783A253A
:10DA1C003032783A253032783A253032780A0000A4
:10DA2C0020204661696C2020203A204761705F708D
:10DA3C00726F66696C655F7365745F6465765F6E43
:10DA4C00616D65202D20446576696365204E616D9E
:10DA5C00652C20726573756C743A203078253032E1
:10DA6C00580A00002020537563636573733A20478E
:10DA7C0061705F70726F66696C655F7365745F640B
:10DA8C0065765F6E616D65202D20446576696365F2
:10DA9C00204E616D650A000020204661696C2020D3
:10DAAC00203A204761705F70726F66696C655F73B6
:10DABC0065745F617070656172616E6365202D20A5
:10DACC00417070656172616E63652C20726573754F
:10DADC006C743A203078253032580A002020537567
:10DAEC0063636573733A204761705F70726F666928
:10DAFC006C655F7365745F617070656172616E6394
:10DB0C0065202D20417070656172616E63650A003D
:10DB1C0020204661696C2020203A206163695F6790
:10DB2C0061705F7365745F696F5F63617061626977
:10DB3C006C69747920636F6D6D616E642C207265F5
:10DB4C0073756C743A203078253032580A00000016
:10DB5C002020537563636573733A206163695F6753
:10DB6C0061705F7365745F696F5F63617061626937
:10DB7C006C69747920636F6D6D616E640A000000CE
:10DB8C0020204661696C2020203A206163695F6720
:10DB9C0061705F7365745F73656375726974795FC7
:10DBAC00726571756972656D656E747320636F6DE6
:10DBBC006D616E642C20726573756C743A203078CC
:10DBCC00253032580A0000002020537563636573BA
:10DBDC00733A206163695F6761705F7365745F732B
:10DBEC00656375726974795F726571756972656D5B
:10DBFC00656E747320636F6D6D616E640A00000056
:10DC0C005B46696C7465724C697374436F6E6669BC
:10DC1C00675D207374617475733D307825303258AC
:10DC2C000A00000020204661696C2020203A206107
:10DC3C0063695F6761705F636F6E66696775726554
:10DC4C005F66696C7465725F6163636570745F6154
:10DC5C006E645F7265736F6C76696E675F6C697307
:10DC6C007420636F6D6D616E642C20726573756CBE
:10DC7C00743A203078253032580A00002020537531
:10DC8C0063636573733A206163695F6761705F6397
:10DC9C006F6E6669677572655F66696C7465725FD5
:10DCAC006163636570745F616E645F7265736F6CE2
:10DCBC0076696E675F6C69737420636F6D6D616EEE
:10DCCC00640A00003D3D3E3E20456E6420424C45BA
:10DCDC005F496E69742066756E6374696F6E0A00B5
:10DCEC00883500206E1F0000100001010000140098
:10DCFC00F7000000001B0000640002100802010382
:10DD0C0017000100000101010101010000010003E5
:10DD1C00000400004552524F523A204C616E64731D
:10DD2C006C696465207365727669636520696E69D8
:10DD3C0074206661696C65643A20307825303258FD
:10DD4C000A0000005B46696C7465724C6973745D03
:10DD5C00207374617475733D3078253032580A0025
:10DD6C003E3E3D3D204843495F444953434F4E4E50
:10DD7C00454354494F4E5F434F4D504C4554455FBE
:10DD8C004556545F434F44450A0000002020202094
:10DD9C00202D20436F6E6E656374696F6E20486131
:10DDAC006E646C653A2020203078253032580A2079
:10DDBC00202020202D20526561736F6E3A20202088
:10DDCC00203078253032580A00000000436C696519
:10DDDC006E7420446973636F6E6E65637465640A58
:10DDEC000A0000003E3E3D3D204843495F4C455FE4
:10DDFC00434F4E4E454354494F4E5F55504441544A
:10DE0C00455F434F4D504C4554455F535542455625
:10DE1C00545F434F44450A0020202020202D2043EE
:10DE2C006F6E6E656374696F6E20496E7465727681
:10DE3C00616C3A20202025642E25303264206D73CD
:10DE4C000A20202020202D20436F6E6E656374699C
:10DE5C006F6E206C6174656E63793A2020202025EA
:10DE6C00640A20202020202D20537570657276695D
:10DE7C0073696F6E2054696D656F75743A2020203C
:10DE8C002564206D730A0000504859207570646138
:10DE9C0074653A207374617475733D307825303233
:10DEAC00582054583D25642052583D256420283371
:10DEBC003D436F646564290A000000003E3E3D3D11
:10DECC00204143495F4741505F50524F435F434F9E
:10DEDC004D504C4554455F56534556545F434F4443
:10DEEC00450A00003E3E3D3D204143495F474150BD
:10DEFC005F4B455950524553535F4E4F5449464919
:10DF0C00434154494F4E5F56534556545F434F441B
:10DF1C00450A00003E3E3D3D204143495F4741508C
:10DF2C005F504153534B45595F5245515F565345D2
:10DF3C0056545F434F44450A000000003D3D3E3EB1
:10DF4C00206163695F6761705F706173736B657982
:10DF5C005F72657370203A204661696C2C20726583
:10DF6C0061736F6E3A203078253032580A00000009
:10DF7C003D3D3E3E206163695F6761705F70617318
:10DF8C00736B65795F72657370203A2053756363A8
:10DF9C006573730A000000003E3E3D3D204143493D
:10DFAC005F4741505F50414952494E475F434F4D87
:10DFBC00504C4554455F56534556545F434F44456A
:10DFCC000A00000020202020202D20506169726959
:10DFDC006E67204B4F0A20202020202D2053746187
:10DFEC007475733A203078253032580A202020205E
:10DFFC00202D20526561736F6E3A203078253032B7
:10E00C00580A000020202020202D205061697269C0
:10E01C006E6720537563636573730A000A00000012
:10E02C003E3E3D3D204143495F474154545F53526E
:10E03C00565F524541445F56534556545F434F44D7
:10E04C00450A000048616E646C65203078253034D8
:10E05C00580A00003E3E3D3D204143495F47415434
:10E06C00545F5352565F4154545249425554455F84
:10E07C004D4F4449464945445F56534556545F43BA
:10E08C004F44450A0000000021212120484349202B
:10E09C004841524457415245204552524F522063F9
:10E0AC006F64653D307825303258202D2D207265F7
:10E0BC0073657474696E670A000000003D3D3E3E56
:10E0CC0020636F6E6E656374696F6E5F636F6D70E6
:10E0DC006C6574655F6576656E74204661696C2C41
:10E0EC00205374617475733A203078253032580A95
:10E0FC00000000003E3E3D3D206863695F6C655F3B
:10E10C00636F6E6E656374696F6E5F636F6D706C59
:10E11C006574655F6576656E74202D20436F6E6E39
:10E12C00656374696F6E2068616E646C653A20304B
:10E13C0078253034580A000020202020202D204340
:10E14C006F6E6E656374696F6E2065737461626C5B
:10E15C006973686564207769746820403A253032A9
:10E16C00783A253032783A253032783A2530327880
:10E17C003A253032783A253032780A002020202097
:10E18C00202D20436F6E6E656374696F6E20496E2F
:10E19C0074657276616C3A20202025642E2530320D
:10E1AC0064206D730A20202020202D20436F6E6E7A
:10E1BC00656374696F6E206C6174656E63793A2067
:10E1CC0020202025640A20202020202D205375702B
:10E1DC006572766973696F6E2054696D656F7574BD
:10E1EC003A202564206D730A000000005B436F6EBB
:10E1FC006E5D20696E74657276616C3D25642E25AA
:10E20C00303264206D7320206C6174656E63793DCF
:10E21C00256420207375706572766973696F6E3D25
:10E22C002564206D730A00006863695F6C655F7319
:10E23C0065745F706879206661696C65643A20303A
:10E24C0078253032580A00003D3D3E3E2068636917
:10E25C005F6C655F7365745F70687920436F64658C
:10E26C006420533D38207265717565737465640A5A
:10E27C00000000006863695F6C655F726561645FD4
:10E28C00706879206661696C7572653A2072656197
:10E29C00736F6E3D3078253032580A003D3D3E3E5E
:10E2AC00206863695F6C655F726561645F70687933
:10E2BC00202D20537563636573730A003D3D3E3E0C
:10E2CC002050485920506172616D202054583D20D7
:10E2DC0025642C2052583D2025640A005B4164764D
:10E2EC004366675D207374617475733D30782530B7
:10E2FC0032580A005B43616C6962726174696E67C3
:10E30C005D20256425250A0043616C696272617485
:10E31C00696F6E20636F6D706C6574652E20426141
:10E32C0073656C696E65203D2025642E2530326442
:10E33C00206465670A0000005B526174655D2025EE
:10E34C00642E25303264206465672F682020286491
:10E35C0065763D25642E25303264290A00000000C4
:10E36C005B42726F6164636173745D206C6576658A
:10E37C006C3D256420206465763D25642E25303265
:10E38C0064206465670A00006163695F6761705FA0
:10E39C007365745F6164766572746973696E675FC7
:10E3AC0064617461206661696C65643A203078251B
:10E3BC003032580A000000003E0E04106A0D0410A2
:10E3CC00540D0410D00D0410540D0410040E041040
:10E3DC00540D0410D00D04106A0D04106A0D0410B5
:10E3EC00040E0410D00D0410400D0410400D041048
:10E3FC00400D04100E0E04106A0D04106A0D04106A
:10E40C00540D0410AA0E0410540D0410040E041024
:10E41C00540D0410AA0E04106A0D04106A0D041099
:10E42C00040E0410AA0E0410400D0410400D04102C
:10E43C00400D0410000000000000545452205245BE
:10E44C004747455300000000583304103C34041077
:10E45C003C3404103C3404103C3404103C340410A0
:10E46C003C3404103C3404103C3404103C34041090
:10E47C003C340410CE320410FC3204103C34041032
:10E48C003C3404103C3404103C3404103C34041070
:10E49C003C3404103C3404103C3404103C34041060
:10E4AC003C3404103C340410023404103C3404108A
:10E4BC003C340410863304103C3404102A3304100A
:10E4CC003C3404103C3404105833041030313233D3
:10E4DC003435363738394142434445460100000053
:10E4EC0001000000D817002001000000010000000E
:10E4FC00DC1700200100000001000000E0170020E4
:10E50C007A4D0410824D04108A4D0410924D041063
:10E51C00BA4D0410E24D04100A4E0410324E041091
:10E52C005A4E0410824E0410AA4E0410D24E0410FF
:10E53C00FA4E0410010002000400060008000A0054
:10E54C000C001000200040008000000101010103BC
:10E55C00070100000804020408010101BD020510B6
:10E56C00CF020510610105102D0205108DFF04105E
:10E57C006D00051000F0071000080000AA02000052
:10E58C0000F80710F80701000000000053544D3349
:10E59C00325742300000000002000000EC1E002048
:10E5AC000000000008000000C43300200000000040
:10E5BC0001000000CC3300200000FFFF0000000031
:10E5CC0004000000C4E5061000000000010000007B
:10E5DC00F01E0020010000000000000001000000FF
:10E5EC00E0E506100100000001000000F41E002010
:10E5FC0020000000FB349B5F8000008000100000B6
:10E60C00052A00001000000001000000AC340020BE
:10E61C00C8E506100A000000FB349B5F80000080F8
:10E62C0000100000292B000010000000000000006A
:10E63C0000000000D4E5061002000000FB349B5FD4
:10E64C0080000080001000002A2B00001000000049
:10E65C0000000000000000000000000002000000AC
:10E66C00FB349B5F80000080001000003A2B000000
:10E67C00100000000000000000000000E4E506109F
:10E68C00EC20051010210510C820051036210510AE
:10E69C005C210510CAEBECEDEFF0F1F2F3F4F5F6BA
:10E6AC00F7F8F9FAFAFCFDFDFEFEFFFF000001028F
:10E6BC0003040506CAEDEEEFF0F1F2F3F4F5F6F70C
:10E6CC00F8F9FAFBFCFDFDFEFF0001020308080847
:10E6DC000808080853544D333257423001474C5305
:10E6EC005452C000EC3D0510DE3D0510FE3D0510FA
:10E6FC003A3E0510043E0510183E05102166051023
:10E70C004D660510DD660510156705100403020241
:10E71C00010101010000000000000000DDED04100B
:10E72C00FDED041093F805109BF8051097F80510F3
:10E73C006BEE04108BEE0410ABEE0410CBEE041059
:10E74C00698405100BEF04102BEF04104BEF041031
:10E75C00EBEE04106D8405107184051075840510A2
:10E76C006BEF04107589051095A3051031A40510E5
:10E77C002BA5051023A6051035A8051035A80510E6
:10E78C004BA9051023A6051025AB051025AB0510CC
:10E79C0025AB051005AC0510C1AC051007AD051077
:10E7AC004BA9051083008500070007008300850036
:10E7BC0005000700030003000F0005008200810024
:10E7CC0005000300FFFFFFFFFFFFFFFFFFFFFFFF41
:10E7DC00FFFF010000000000FFFF01000000FFFF31
:10E7EC00FB349B5F8000008000100000052A0000B5
:10E7FC0010000000FB349B5F8000008000100000C4
:10E80C00292B000010000000020000000300000093
:10E81C0003000000060000000300000003000000DD
:10E82C003C0000007000000070000000D0030000ED
:10E83C0070000000C3010000000C0002080004027C
:10E84C0000011703010D0301010001010013020077
:10E85C000309000309000101000101000506001273
:10E86C000200030901141800141800120300080117
:10E87C00010801000609010609010703020703004C
:10E88C000705001403000A02020A01000923001103
:10E89C0002011102010E24020E09020E10000F04D7
:10E8AC00000B04020B05000B0500100B02100B00F3
:10E8BC000C04010D0B00092B0000F401FA0096006A
:10E8CC0064004B0032001E00140000007D80051017
:10E8DC00DDCA051097990610E7CA0510E5CA0510A0
:10E8EC00F1EC0410BFED041001F304101FF304103D
:10E8FC003DF304105BF3041079F3041091920610AD
:10E90C0049BB0610A9F20410C7F204105BF90510FC
:10E91C001DFE05101DEE0410D5F0041069F0041056
:10E92C0087F00410FB349B5F800000800010000017
:10E93C0001010201020100020100020202010201B6
:10E94C00010101010200020100232D302B2000687F
:10E95C006C4C0065666745464700303132333435C0
:10E96C00363738394142434445460030313233342E
:10E97C003536373839616263646566006042A20DD2
:04E98C000000803FC8
:08E990009C1DFD7F0100000049
:10E99800FFFF0000010002000200000070120020CA
:10E9A8000100040004000000741200200100180097
:10E9B800180000007812002003070000FB349B5F5A
:10E9C80080000080001000000229000010000000F4
:10E9D800E8E4061003070000FB349B5F800000801A
:10E9E800001000000229000010000000F4E40610E6
:10E9F80003070000FB349B5F8000008000100000CC
:10EA0800022900001000000000E506100024F400B0
:10EA18000000803F0AD7233C0400000001000000EA
:10EA2800020000000300000032000000B81E0020B1
:10EA3800FFFFFFFF0000FFFF0100000002070000CA
:10EA4800FB349B5F8000008000100000002A00005B
:10EA5800100000000000000000000000B833002093
:10EA680002070000FB349B5F80000080001000005C
:10EA7800012A000010000000000000000000000053
:10EA8800A0E5061002070000FB349B5F80000080B1
:10EA980000100000042A0000100000000000000020
:10EAA80000000000ACE5061002070000FB349B5F85
:10EAB8008000008000100000A62A0000100000005E
:10EAC8000000000000000000B8E506102207090059
:10EAD800FB349B5F8000008000100000882B000042
:10EAE800100000000000000000000000000000000E
:10EAF800FB349B5F800000800010000000180000BD
:10EB080010000000010000000000000000000000EC
:10EB180002000000D033002003070000FB349B5F95
:10EB28008000008000100000022900001000000092
:10EB3800F0E50610FB349B5F8000008000100000A9
:10EB48000118000010000000010000000000000093
:10EB58000000000000000000000000000201040E98
:10EB6800094C414E44534C4944455F4557530303B0
:10EB780001FF07FFFFFF000000000000C8000000C1
:10EB880001000000000080BFFFFFFFFFFFFFFFFF45
:10EB9800078E0610519906100000000003000000BF
:10EBA800D83100203C35002000000000D83100207A
:10EBB80040320020A83200200000000000000000C1
:10EBC800000000000000000000000000000000003D
:10EBD800000000000000000000000000000000002D
:10EBE800000000000000000000000000000000001D
:04EBF8000000000019
:0400000510046E591C
:00000001FF
