:020000041004E6
:1000000000000120755C0410FD4F04100550041021
:1000100000000000000000000000000000000000E0
:100020000000000000000000000000000D5004105F
:1000300000000000000000001750041021500410C0
:10004000D95C0410D95C0410D95C0410D95C04108C
:10005000D95C0410D95C0410D95C0410D95C04107C
:1000600031500410D95C0410D95C0410D95C041020
:10007000D95C04104950041000000000D95C041041
:10008000D95C0410D95C04108B50041000000000EF
:100090007D500410000000000000000061500410BA
:1000A0006F50041099500410000000000000000080
:1000B0000000000000000000000000000000000040
:1000C00010B5904216D98AB2030C090C0C4659435C
:1000D00080B25343444350431B191A041B0C10189D
:1000E000594180225203002312184B41520DD8026D
:1000F000104310BD4843802252031218520D10467F
:1001000010BDC0468B0707D0013A22D30B780131CE
:10011000037001308B07F7D1830730D0DB4219D051
:100120000138043A08D308C943701B0A43801B0CEA
:1001300003710430043AF6D2D20707D30B88437018
:1001400001D08A78C2701B0A8370704701D00B7887
:1001500043707047043A06D308C903801B0C4380E0
:100160000430043AF8D2D20705D30B88038005D0B7
:100170008B788370704701D00B780370704770B430
:10018000103A03D378C978C0103AFBD2530701D391
:1001900018C918C001D508C908C0D20704D30B88F4
:1001A000038002300231002A01D50B78037070BC45
:1001B0007047C046EFF31482EFF30981154880F3CE
:1001C0001488BFF36F8FF0B543464C4655465E46E4
:1001D0006746F8B4104CEFF30883636006B4BFF3CE
:1001E0004F8F30BFC046C0460B4C646884F308880C
:1001F00082B003BCF8BC9846A146AA46B346BC46AA
:10020000F0BC04BC80F3098881F31488BFF36F8FBE
:100210001047C046000000000400002003B47146EF
:10022000490840004900095E49008E4403BC7047FC
:10023000002243088B4274D303098B425FD3030A25
:100240008B4244D3030B8B4228D3030C8B420DD338
:10025000FF22090212BA030C8B4202D312120902C6
:1002600065D0030B8B4219D300E0090AC30B8B4204
:1002700001D3CB03C01A5241830B8B4201D38B03B2
:10028000C01A5241430B8B4201D34B03C01A524157
:10029000030B8B4201D30B03C01A5241C30A8B429A
:1002A00001D3CB02C01A5241830A8B4201D38B0285
:1002B000C01A5241430A8B4201D34B02C01A524129
:1002C000030A8B4201D30B02C01A5241CDD2C3099B
:1002D0008B4201D3CB01C01A524183098B4201D317
:1002E0008B01C01A524143098B4201D34B01C01A02
:1002F000524103098B4201D30B01C01A5241C3087A
:100300008B4201D3CB00C01A524183088B4201D3E8
:100310008B00C01A524143088B4201D34B00C01AD4
:100320005241411A00D20146524110467047FFE740
:1003300001B5002000F0F0F802BDC0460029F7D05A
:1003400076E7704703460B437FD4002243088B4275
:1003500074D303098B425FD3030A8B4244D3030B4C
:100360008B4228D3030C8B420DD3FF22090212BA11
:10037000030C8B4202D31212090265D0030B8B428D
:1003800019D300E0090AC30B8B4201D3CB03C01A77
:100390005241830B8B4201D38B03C01A5241430B52
:1003A0008B4201D34B03C01A5241030B8B4201D342
:1003B0000B03C01A5241C30A8B4201D3CB02C01AAD
:1003C0005241830A8B4201D38B02C01A5241430A25
:1003D0008B4201D34B02C01A5241030A8B4201D314
:1003E0000B02C01A5241CDD2C3098B4201D3CB01BB
:1003F000C01A524183098B4201D38B01C01A52416A
:1004000043098B4201D34B01C01A524103098B426D
:1004100001D30B01C01A5241C3088B4201D3CB0058
:10042000C01A524183088B4201D38B00C01A52413B
:1004300043088B4201D34B00C01A5241411A00D2EB
:1004400001465241104670475DE0CA0F00D0494254
:10045000031000D34042534000229C4603098B42C4
:100460002DD3030A8B4212D3FC22890112BA030A4C
:100470008B420CD3890192118B4208D389019211CE
:100480008B4204D389013AD0921100E08909C30953
:100490008B4201D3CB01C01A524183098B4201D355
:1004A0008B01C01A524143098B4201D34B01C01A40
:1004B000524103098B4201D30B01C01A5241C308B8
:1004C0008B4201D3CB00C01A524183088B4201D327
:1004D0008B00C01A5241D9D243088B4201D34B0042
:1004E000C01A5241411A00D20146634652415B1084
:1004F000104601D34042002B00D549427047634665
:100500005B1000D3404201B5002000F005F802BDA9
:100510000029F8D016E770477047C04691400300A5
:1005200090409C46203A9340194352426346D34040
:10053000194370478446100062468C461900634692
:1005400000E0C0461FB501F0BBFA002801D400212D
:10055000C8421FBD10B501F0FFF94042013010BD87
:1005600010B501F0ADFA002801DB002010BD01201C
:1005700010BDC04610B501F0A3FA002801DD00202F
:1005800010BD012010BDC04610B501F029FA0028A9
:1005900001DC002010BD012010BDC04610B501F0E7
:1005A0001FFA002801DA002010BD012010BDC0464E
:1005B000844608006146FFE71FB500F0FBFC0028F9
:1005C00001D40021C8421FBD10B500F083FC404299
:1005D000013010BD10B500F0EDFC002801DB00205B
:1005E00010BD012010BDC04610B500F0E3FC00288E
:1005F00001DD002010BD012010BDC04610B500F087
:1006000091FC002801DC002010BD012010BDC04677
:1006100010B500F087FC002801DA002010BD012091
:1006200010BDC0461C2101231B04984201D3000CBD
:1006300010391B0A984201D3000A08391B09984255
:1006400001D30009043902A2105C40187047C0466B
:10065000040302020101010100000000000000008B
:10066000002B11D1002A0FD1002900D1002802D07F
:100670000021C943080007B4024802A140180290B3
:1006800003BDC04695FEFFFF03B4684601B502985E
:1006900000F04CF8019B9E4602B00CBC7047C0466F
:1006A000F0B5CE469946030C9C46130447461B0CF6
:1006B0001D000E0061460404240C80B50700100CD8
:1006C0004B436543414360432C0CC01824188C46AF
:1006D000A34203D980235B029846C4444946794328
:1006E0005643230C2D042D0C8919634424046019EE
:1006F000C918C0BCB946B046F0BDC0469E2110B571
:10070000C905041CFFF784FF002803D1201C01F059
:100710006DF810BD9E21201CC90500F0EDFD01F013
:1007200065F880231B069C466044F2E7F0B5574607
:100730004E464546DE46E0B504000D009246994619
:1007400083B08B4230D82DD04946504602F080F914
:1007500029000600200002F07BF9331A9846203B5E
:1007600034D49B4653465A46934042461F00534654
:1007700093401E00AF423BD8AF4200D179E05B46C8
:10078000A41BBD41002B00DA76E00022002300927A
:10079000019301235A46934001930123424693401B
:1007A000009329E08242CFD90022002300920193D6
:1007B0000C9B002B01D01C605D600098019903B078
:1007C000F0BCBB46B246A946A046F0BD42469B4699
:1007D00020239B1A5246DA40414613004A468A407B
:1007E000170042461F43534693401E00AF42C3D9F1
:1007F00000220023009201934346002BD8D0FB0730
:1008000072081A4346467B080EE0AB4201D1A24271
:100810000CD8A41A9D41012024196D410021013EEC
:1008200024184D41002E06D0AB42EED9013E2419CA
:100830006D41002EF8D1009801995B46001969417D
:10084000002B24DB2B005A464446D3402A00E240CA
:100850001C005B461500002B2ADB26009E4033005F
:1008600026004746BE403200801A9941009001910F
:100870009EE7A342BCD882E74246202300219B1A70
:100880000022009101920122DA40019285E742465E
:1008900020239B1A2A0046469A402300F3404446F0
:1008A00013432A00E2401C005B461500002BD4DAFB
:1008B00042462F002023260097409B1ADE403B0033
:1008C0003343CDE7F8B54B025A0A94464A00C90FA4
:1008D000CE4647468946450046022D0E120E80B58B
:1008E0009909770AC40FB609AB1A4C4520D0002BE2
:1008F0000CDD002A34D100292AD05A1E012B00D148
:100900008FE0FF2B00D1CDE013002FE0002B60D053
:10091000531B002D00D0EEE0002E00D13EE15C1E06
:10092000012B00D16BE1FF2B00D1B9E02300E7E000
:10093000002B00DCA4E0002A69D0FF2D00D1B1E03B
:100940008022D20411431B2B00DCE9E02B0005368A
:10095000F708FF2B00D1A5E07A02520AD8B230E0A6
:10096000FF2D00D19EE08022D204114301201B2BD9
:1009700008DC08002022D840D31A99400B005A1EE8
:1009800093411843361A730100D471E0B601B709D8
:100990003800FFF747FE3B000538834085424DDDB8
:1009A000B44E2D1A1E405A0768D00F221340042B54
:1009B00064D00436730161D5681CFE2D54D1FF202C
:1009C0000022C0051043E4072043C0BCB946B0462E
:1009D000F8BDFE229046681C0200404610426BD1D2
:1009E000002D00D0DDE0002E00D102E10029B3D0BF
:1009F0008022771AD204174200D136E14C468E1B72
:100A000061D00120164230D10023F708A4E7002965
:100A10009ED05A1E012B00D1CAE0FF2B42D01300FA
:100A200091E7711A4B0100D4D1E08F01BF09380062
:100A3000FFF7F8FD3B000538834001252022401BCD
:100A40000130121A1E009340C6405A1E93411E43A5
:100A500039D0730700D11BE10F2300253340042B4D
:100A6000A7D1012072017CD5C0B2B201520AA8E719
:100A7000730703D00F233340042B9AD12B0067E771
:100A8000002B23D0531B002D7BD1002E00D186E0FC
:100A90005D1E012B00D18BE0FF2B02D02B0075E0F7
:100AA0004C466746002F00D189E78022D2033A43A3
:100AB0005202FF20520A84E7771A7B016BD4002F81
:100AC00000D065E70024002000227AE7FE226B1C9C
:100AD0001A4249D1002D00D09FE0002E00D1BAE08B
:100AE000002900D1CFE07218530100D4CDE092016B
:100AF0000120520A65E7FF2AD2D08020C0040643B5
:100B000001201B2B08DC30002024D840E31A9E4033
:100B100033005C1EA34118434C4615000E1A32E701
:100B200008002022D840D31A99400B005A1E934146
:100B30000343F61873019BD50135FF2D00D13EE725
:100B400001234D49720833400A401A4316005307E7
:100B500004D00F231340042B00D02AE7730100D5E3
:100B60002AE72B00F708F7E6FF2B00D127E77118DB
:100B700049084A072FD00F220A40042A2BD00E1D05
:100B8000E6E6FF2A8DD08020C00406431B2B24DD1F
:100B900013004E1DDCE64C468F1BF9E64C460E005A
:100BA000D6E6002E49D1002968D067464C467CE73E
:100BB0007018430174D5304940080140430709D0FB
:100BC0000F230340042B05D002230E1DC0E6012392
:100BD000CF08C1E60223CF08BEE620253000D8406A
:100BE000EB1A9E4033005D1EAB41034315005E18B7
:100BF000A0E7002900D165E74C466746ACE68F1BAD
:100C00007B012ED5BF01BF093800FFF70BFD3B006C
:100C1000053883404C46013510E7002E00D140E7EF
:100C2000002900D141E78023DB039F4200D23CE74B
:100C30009C4500D339E7674637E7002900D134E700
:100C40008023DB039F4200D22FE79C4500D32CE793
:100C50004C46674629E7002900D134E70023CF0836
:100C60007AE64C460123FF0876E6002F00D129E7FB
:100C7000FF0871E6FFFFFFFBFFFFFF7D80220024DE
:100C8000FF20D2039DE6002366E60023D70863E633
:100C90000120720100D5E7E631000023CF085BE6B2
:100CA0000123C70858E6C046F0B546464F46D6462B
:100CB0004502C0B5C30F470098460E1C6D0A3F0E93
:100CC0005BD0FF2F21D08023ED00DB041D430023E8
:100CD00099469A467F3F74027300640A1B0EF60F12
:100CE000002B20D0FF2B43D080220020E400D20430
:100CF00014437F3B4246FF1A4B4672400F2B00D9EC
:100D00009DE071499B00CB589F46002D5AD1082386
:100D10009946063B74029A467300FF27640A1B0E2D
:100D2000F60F002BDED1002C3BD101234246494671
:100D3000724019430E2918D86448890041588F46DB
:100D40005346022B00D1B8E0032B6ED042462C0054
:100D5000012B40D100200024C0052043D2071043BE
:100D6000E0BCBA46B146A846F0BDFF200024F3E738
:100D7000002C20D10223FF3FD8E7002D05D104230A
:100D80009946033B00279A46A5E72800FFF74AFC4F
:100D90007627431F9D4000237F4299469A463F1A7B
:100DA00099E72000FFF73EFC431F9C4076235B42FF
:100DB0001B1A00209EE703234A461A43914603204C
:100DC000FC3397E70C239946093BFF279A4682E7B5
:100DD00003282CD0320038007F30002847DD63071D
:100DE00004D00F232340042B00D00434230103D567
:100DF0003800374B80301C40FE28B6DCA401640A62
:100E0000C0B2A9E780240022FF20E403A4E78023E6
:100E1000DB031D4201D01C420BD08024E4032C4391
:100E200064024246FF20640A96E746462C0080236F
:100E3000DB031C4364023200FF20640A8CE76D016F
:100E4000600185422DD21B230024013F0126290089
:100E500064006D00002901DB854201D32D1A344363
:100E6000013B002BF3D16B1E9D412C43B3E70123C3
:100E70001B1A1B2B00DD6DE721009E37D940BC40BB
:100E80000B00611E8C412343590704D00F211940E8
:100E9000042900D00433590113D49B0100205C0ABB
:100EA0005AE71A2301242D1AD0E7981E43425841CD
:100EB000404232000024C0B24EE74246FF200024E8
:100EC0004AE70120002447E740D1061080D10610F0
:100ED000FFFFFFF770B542004E024C0045026D0A5D
:100EE000120EC30F760A240EC90FFF2A10D0FF2C52
:100EF0000CD00120A2420AD1B54208D18B420FD0BA
:100F0000002A04D12800431E984100E0012070BD52
:100F10000120FF2CFBD13543F9D14B401800F6E7F7
:100F20000020F4E730B5420044024D02C30F4800F0
:100F3000640A120E6D0A000EC90FFF2A18D0FF288E
:100F40000AD0002A1ED100280AD1002D29D0002C59
:100F50002DD14800013830BD002D25D1002A01D106
:100F6000002CF6D08B4219D001205B421843F2E7E7
:100F7000002C19D1FF28F7D1002D15D100208B426C
:100F8000F2D1E8E70028EFD08B42EDD18242EBDCD2
:100F900004DBAC42E8D80020AC42DCD25800013877
:100FA000D9E7002CD7D0DFE702204042D3E78B42BD
:100FB000DAD1EEE730B5420044024D02C30F4800DB
:100FC000640A120E6D0A000EC90FFF2A17D0FF28FF
:100FD0000AD0002A1BD100280AD1002D1DD0002CD8
:100FE0002DD14800013811E0002D0ED1002A01D189
:100FF000002CF6D08B420CD15800013806E0002CB2
:1010000003D1FF2805D1002D15D0022030BD0028C6
:1010100006D101205B421843F8E7002CF6D0F8E730
:101020008B42F6D18242F4DCE6DBAC42F1D8002000
:10103000AC42EBD2E0E700208B42EAD1E6E78B42FC
:10104000E7D1F2E7F0B54F464646D6464400C0B574
:1010500046020F1C760A240EC50F002C00D1DAE0E0
:10106000FF2C74D08023F600DB041E430023994636
:101070009A467F3C7B025B0A98467B001B0EFF0F63
:10108000002B74D0FF2B00D18EE042468021D2008D
:10109000C90411437F3B2A00E4184B467A40884636
:1010A000D2B20A2B75DC4B460020022B0FDD4946DD
:1010B00001238B40A621C9000B4269D190218900F0
:1010C0000B4200D000E18821194200D0F5E04146F2
:1010D0000904090C43460800350C36041B0C360C79
:1010E000704369435E435D437618030C9B19994234
:1010F00003D9802149028C46654400041904000C80
:1011000009188E01701E86411B0C890E5B190E4357
:101110009B011E431B016CD423007F33002B00DC9A
:10112000B1E0150071070BD00F20210030400428DA
:1011300006D00436320103D56E4B1E400B008033BF
:10114000FE2B00DDBDE0B201520ADBB248E0002E0A
:1011500000D092E008239946063B9A467B025B0A40
:1011600098467B00FF241B0EFF0F002B8AD14246BE
:10117000002A64D149460132114389460A2908DC14
:101180007D400120EAB2022991DC1500002227E00F
:1011900015005346022B00D193E0032B1AD0012BEC
:1011A0002CD1002300221BE04346FF34002B55D0F6
:1011B00003214B460B4319000A2B00DC92E00F2B56
:1011C00000D08CE08022D203164203D04346134263
:1011D00000D17DE08022D20332435202520AFF2323
:1011E000D805ED0710432843E0BCBA46B146A846EF
:1011F000F0BD0123150071081E400E43230080330B
:10120000611C002B41DD720794D00F223240042A6A
:1012100000D08EE78EE7002E05D104239946033BCC
:1012200000249A4626E73000FFF7FCF97624431F96
:101230009E400023644299469A46241A1AE7404683
:10124000FFF7F0F94B46241A763C0A2BA1DC434603
:10125000053883407D409846EAB224E74A46023387
:1012600013432A007A40D2B20A2B92DC4946150079
:10127000002926D09946022019E70C239946093BFC
:10128000FF249A46F6E6150021000122D31A1B2BF3
:1012900000DD86E79E3132008E40DA40731E9E41AB
:1012A0003243530704D00F231340042B00D00432E1
:1012B000530110D50123002292E73D0046468246A5
:1012C00067E7FF2300228BE780220025D20386E711
:1012D0003D001A4383E792010023520A80E73D0054
:1012E000464677E72A0001237A408B400320D2B29A
:1012F000E9E6C046FFFFFFF7F8B54746CE46430292
:1013000080B55F0A9B0945004A009C464B02C40F0A
:10131000CE0F2D0E580A120E9909FF2A6BD0012309
:101320005E40AB1AB4424BD0002B00DCFFE0002A39
:1013300000D188E0FF2D00D1EFE08022D2041143DC
:1013400001201B2B08DC08002022D840D31A99402A
:101350000B005A1E9341184363461B1A9C46634672
:101360005B0100D4CDE063469F01BF093800FFF761
:1013700059F93B0005388340854200DCA2E0B74ABA
:101380002D1A1A4094465A0700D1C3E00F22134089
:10139000042B00D1BEE004239846C44463465B019D
:1013A00000D4B7E0681CFE2D00D0A5E0FF2000228D
:1013B000C0051043E4072043C0BCB946B046F8BDA1
:1013C000002B00DCEBE1002A46D0FF2D00D1A4E089
:1013D0008022D20411431B2B00DCFBE0052398463E
:1013E0002B00C4446246D708FF2B00D195E07A0257
:1013F000520AD8B2DCE72B00FF3B9946002918D1EE
:1014000001235E40B44200D1CAE04B46002B2DD0F0
:10141000002D00D03CE1FF236446002C00D15FE1A9
:101420005D1E012B00D174E13400FF2B74D02B0022
:1014300003E1B44200D19CE0002B17D0002DEAD08C
:10144000070034006CE00029CCD05A1E012B2BD0B1
:10145000FF2B62D0130073E70029C3D05A1E012B63
:1014600000D11EE1FF2B58D01300B4E7FE226B1C05
:101470001A420DD1002D60D06346002B00D020E130
:10148000002900D028E180220024FF20D2038FE72A
:1014900063465F1A7B0100D5FEE0002F00D065E7B0
:1014A00000240020002283E76346591A4B0100D430
:1014B00019E18F01BF093800FFF7B4F83B00053888
:1014C000834001252022401B0130121A190093404D
:1014D000C1405A1E934119438C460B1EE1D05B0755
:1014E00000D152E10F2300250B40042B00D052E71E
:1014F00001204A0100D492E0C0B263469A01520A28
:1015000056E763465B0705D00F2362461340042B62
:1015100000D040E72B0065E70700002F00D145E72A
:101520008022D2033A435202FF20520A40E7002BA6
:1015300079D1FE226B1C1A42AAD16346002B00D13E
:10154000F5E0002900D1D1E05F1A8023DB041F42BF
:1015500000D10EE1624601248A1A944600203440EC
:10156000002A00D124E701201A42C6D10023D7085F
:101570003DE7002B17D0002D00D0AFE0FF236546DC
:10158000002D00D1ADE05E1E012B00D189E0FF2BC4
:10159000C2D01B2E00DCABE04B1D9C46130021E7A4
:1015A0004B46002B70D1FE226B1C1A425ED1002DDF
:1015B00000D0C3E06346002B00D1D0E0002900D169
:1015C00094E00A006244530100D4D8E09201012063
:1015D000520AEDE608002022D840D31A99400B00A9
:1015E0005A1E934103439C4463465B0189D50135F0
:1015F000FF2D00D1DAE66246012319491340520853
:101600000A401A43130094465B0704D00F2313408B
:10161000042B00D0BFE663465B0100D5C2E66346FB
:10162000DF082B00E3E6531B002D00D1F4E68020F9
:101630006446C0040443A446340001201B2B09DC8B
:1016400020256046D840EB1A65469D402B005D1E64
:10165000AB4118430B1A9C46150080E6FFFFFFFBC9
:10166000FFFFFF7DFE226B1C1342A3D0FF2B00D196
:101670009CE6614449084A0749D00F220A40042ADF
:1016800045D00A1D9446ADE6002D00D176E78DE6E3
:101690003400FF2000228BE663460124CF1A344039
:1016A00064E661444B016DD5480844490140430755
:1016B0002CD00F230340042B28D00B1D9C46022363
:1016C00090E6002900D12BE78023DB039F4200D264
:1016D00026E7984200D323E70124344007001FE7A0
:1016E00034008C467EE60123CF0880E600237EE6A8
:1016F00020206546801B854063462800F340451E38
:10170000A84103439C4615008C446DE70223CF0893
:101710006DE60F1B7B0128D5BF01BF093800FEF71E
:1017200081FF3B000538834034000125CAE60029CB
:1017300000D1B5E601240700344058E66346002B8B
:1017400000D1E9E6002900D1EAE68023DB039F42CD
:1017500000D2E5E6984200D3E2E60700E0E6002981
:1017600000D19EE60023CF0841E634000123FF08A4
:101770003DE6002F00D193E60023FF0837E6002363
:10178000D70834E60123CF0831E680220B00D204CB
:1017900001201340114200D0AEE6CF0827E6002B0F
:1017A00000D15FE7561B002D01D13300E7E680230F
:1017B0006046DB0418438446EBE6C046FFFFFF7D2E
:1017C00043024A02400049005B0A520A090E000E19
:1017D000FF2806D00020FF2902D1531E9A41100095
:1017E0007047FE38002BFBD1F4E7C04641024200AF
:1017F000C30F490A0020120E7E2A03DD9D2A02DD56
:10180000094A98187047802000040143952A07DC94
:101810009620821AD1404842002BF3D10800F1E70C
:10182000963A9140F7E7C046FFFFFF7F70B500286A
:1018300012D0C317C5185D40C40F2800FEF7F2FE92
:101840009E231B1A962B0FDC082838D008388540B9
:101850006D026D0AD8B202E0002400200025C00508
:101860002843E407204370BD992B14DC421F9540A8
:101870002A001549114055071CD00F252A40042A7B
:1018800018D00431CA08490115D59F235202181AED
:10189000550AC0B2E3E705222900121AD14002001E
:1018A0001B3295402A00551EAA410A4306491140A1
:1018B0005507E2D1CA085202550AD8B2CFE76D02E5
:1018C0006D0A8E30CBE7C046FFFFFFFB10B5041E4C
:1018D0000DD0FEF7A7FE9E231B1A962B0CDC0828C2
:1018E00034D0083884406402640AD8B201E0002091
:1018F0000024C005204310BD992B13DC421F9440E7
:10190000144A224061071CD00F212140042918D01D
:101910000432D408520115D59F236402181A640AB0
:10192000C0B2E6E7020021001B3291400A00511EBE
:101930008A410521091ACC401443064A2240610716
:10194000E2D1D4086402640AD8B2D2E76402640A1D
:101950008E30CEE7FFFFFFFBF0B55746DE464E4622
:101960004546E0B50D000400E80F83460903D80F93
:10197000090B824619488C461F0369005E00490D19
:101980003F0B760D814218D086420FD00120B14224
:101990000DD1BC450BD1944209D1D3451CD00029AF
:1019A00005D160462043431E984100E00120F0BC71
:1019B000BB46B246A946A046F0BD01208E42F6D1F4
:1019C000614639430F0017432743F0D15B46524627
:1019D000981A431E9841EAE70020E8E7FF07000055
:1019E000F0B557464E464546DE46E0B50D000E03BF
:1019F0004900490D8A46DF0FE90FBC4683B02F4FDF
:101A0000040080460191580019039146360B090BDA
:101A1000400DBA451DD0B8420DD05746002F2AD1EF
:101A20003443002824D10A4336D0002C41D16346E8
:101A30005800013815E0114338D15346002B01D12D
:101A40002643F4D0019B634507D1019B5800013820
:101A500007E026432AD1504521D00120019B5F4257
:101A6000384303B0F0BCBB46B246A946A046F0BD21
:101A7000002CDCD0E6E70028EFD0019B6345ECD1D9
:101A80008245EADCE1DB8E42E7D8DED1C845E4D806
:101A90000020C845E5D2D8E7002CE2D0DDE71143AD
:101AA00004D1019B6345D8D10020DAE702204042EF
:101AB000D7E7019B6345E6D0CFE7C046FF070000AC
:101AC000F0B557464E464546DE46E0B50D000E03DE
:101AD0004900490D8A46DF0FE90FBC4683B02E4FFF
:101AE000040080460191580019039146360B090BFA
:101AF000400DBA451ED0B8420DD05746002F27D111
:101B00003443002833D10A4334D0002C40D16346FB
:101B10005800013815E0114312D15346002B01D172
:101B20002643F4D0019B63451DD00120019B5F42F9
:101B3000384306E0264303D15045F6D111431CD06B
:101B4000022003B0F0BCBB46B246A946A046F0BD99
:101B50000028EAD0019B6345E7D18245E5DC02DB42
:101B60008E42E2D80ED0019B58000138E9E7002CE4
:101B7000CDD0D7E7002CE4D0D7E7019B0020634508
:101B8000DFD0D2E7C845D0D80020C845D9D2EAE78F
:101B9000019B6345E4D0C8E7FF070000F0B5574656
:101BA0004E46DE464546E0B51F000B031B0B1600F4
:101BB0009A46CA0F4B000400914685B05B0D00D1D8
:101BC000CFE1CD4A934255D05146420FC9000A4356
:101BD000802109041143C2009046C84A8A469346B0
:101BE0009B440023002502933C037B00FA0F0196DF
:101BF000240B5B0D009200D188E1BF4A934200D1D3
:101C000092E0BE4A944663449B440A2D42DCE400C1
:101C1000730F23438024494624041C43F30001939B
:101C2000009B00205940CBB20393022D00DC94E0CE
:101C30000123AB401D00A6232A00DB001A401D42F1
:101C400000D029E290239B001D4200D14DE20023E9
:101C5000802499462403A84B10004A461B052343C1
:101C6000D2071343190005B0F0BCBB46B246A946E3
:101C7000A046F0BD52460243904600D0ACE19B46E0
:101C80000223924608250293AEE7009BA24699469E
:101C9000019B9846029B022B00D1CAE1032B00D185
:101CA00092E1012B10D1002300240022D4E701226D
:101CB0007B083A4013435246D20713439846534693
:101CC0005B089A46039B99465B46581C8023DB00C1
:101CD0005B44002B00DCB1E1424652070BD00F22DF
:101CE00041460A40042A06D04246111D4145924110
:101CF0008846524292445246D20106D55246804B03
:101D00001A4080239246DB00C3187E4A934200DDCE
:101D10008FE14246D108524652070A4351465B05BD
:101D20004C02240B5B0D97E7734B26439C46E34420
:101D3000002E00D16FE1032349461D43009B59400B
:101D4000CBB203930A2D00DD33E10123AB401D002C
:101D50000323029388222A4297D142464346120423
:101D6000120C160001981D0C030C0004000C4643D5
:101D7000B4461E006E430096160007005E4361469F
:101D8000B0466F430E0CB8444644B74205D9802193
:101D900049028846009F4744009761460904090CA0
:101DA000370C36048C463100614401911100260C39
:101DB0002404240C61438C46210069438946614612
:101DC000090C884672434A4442447543914503D9FD
:101DD0008021490288464544110C88466146090421
:101DE000090C8C4612046244B91802915146090C40
:101DF0008C4651460F043F0C390041434544884608
:101E0000614641438A4641466046090C894658432B
:101E10007B4353444B449A4503D980214902894668
:101E20004844190C894641460904090C8846390082
:101E300061431B044344884661464C4371438C46CE
:101E4000414677430E0C3F19F6194844B44203D972
:101E5000802149028946CC440299009F8946310479
:101E60004F4489464146974292410C04240C4C440D
:101E7000FF1852426419A1189F429B41884682462E
:101E80005B42994690459241AC42A441C244D14440
:101E900052426442144399459B41824592415B42C0
:101EA000524213434A46360CA419E31863445B02BA
:101EB000D20D1A43019992467A020A43501E82417A
:101EC000FF0D17434A4652021743B846DB0100D5BF
:101ED000EDE60D4B039A5B449146002B00DCACE031
:101EE0003A00520700D110E70F2258463A40042A20
:101EF00000D0F9E609E7C046FF07000001FCFFFF3C
:101F0000FFFFFFFEFE070000FF0300002200324338
:101F10006FD0002C00D1C2E02000FEF783FB02004E
:101F200003000B3A1D20821A30001900D0400839F6
:101F30008C400200224334008C405946CB1A86491B
:101F40008B469B440A2D00DDA4E64946009B019484
:101F50005940CBB2140000200393022D00DD67E648
:101F6000FBE65346034398463CD05346002B00D132
:101F7000A3E05046FEF756FB0B235B429C46020053
:101F8000844411005046083988401D23804660462D
:101F90001B1A2000D8400300404603439A46230002
:101FA0008B4098466C4B00259B1A9B46002302935E
:101FB0001AE60F2D00D0C9E0802352461B031A42B7
:101FC00002D01C4200D192E08024534624031C43DB
:101FD00024034246240B3EE69B46032380460C2501
:101FE000029301E600239A469B460133042502939F
:101FF000FAE501210D430A2D00DD4BE64946009824
:102000004140C9B20391022D00DC96E00023002478
:10201000012001930CE649460223009A2B435140CC
:10202000CAB203920A2B00DD34E6002D57D1039B80
:10203000994600240022494B0EE658460121C91A50
:10204000382900DD2FE61F2956DD1F225446524253
:10205000D31ADC40202907D0414B42469C465346C8
:10206000604483401A43904642460721531E9A41DA
:102070000B00224313400024114209D00F231340C8
:10208000042B5DD0111D91429B410A005B425B070E
:10209000D2081A430023DFE5039B9946FAE501982D
:1020A000FEF7C0FA02000300153220331C2A00DCC0
:1020B00038E7019A083882403FE7FEF7B3FA152364
:1020C0009C4684440200634620321C2B00DC58E707
:1020D000002398462300083883409A4662E71D0093
:1020E0000023002402200193A2E5029032E61C4363
:1020F000009B019A9946AEE51A4B5246C3184046DA
:102100009A40C8400243404698400300581E83410D
:1021100054461A43CC40530709D00F231340042BD5
:1021200005D0131D934292415242A4181A00230273
:1021300008D50123002400228EE5894600248BE582
:102140000023A5E763076402240BA1E7009BA246D6
:102150009946019B984637E70DFCFFFFFF070000FB
:102160003E0400001E040000F0B557464E464546AA
:10217000DE46E0B583B0009001910C034D00CE0F18
:10218000610A009C5F00640F0C4300990092019368
:10219000C80019037B0D9946019BCC4FDB0F9C4671
:1021A0004B0A00998046490F1943009B8B46DA0081
:1021B00092466D0DB94500D1BFE0012361465940FB
:1021C0004B468C46EB1A8E4275D0002B00DCA3E206
:1021D0004946002900D1CEE0BD4200D100E20127EE
:1021E000382B19DC802759463F0439438B461F2B77
:1021F00000DDFAE12027F91A8C4659466746B940B6
:102200000F001100D9400F4361468A40511E8A4198
:102210005946D9401743641AC71BB842804140420F
:10222000241A230200D440E16402640A002C00D185
:1022300054E12000FEF7F6F90300083B20213800A6
:10224000CA1AD0409C4002009F4022439D4200DDBC
:10225000A6E1581B0130091A3C008F40C4407B1E88
:102260009F4113008B4027431F43C2403B00140093
:102270000025134300D1F7E17B0700D177E30F235B
:1022800038003B40042B04D0381DB842BF417F4288
:10229000E419230200D468E38C4B01359D4200D140
:1022A000F4E08B4B6D051C406D0D6707C0086402A0
:1022B0000743240BECE0002B00DC29E3494600290E
:1022C00000D0D6E05946114300D12EE1591E012B12
:1022D00000D1E6E1BB4200D182E101270B003829A1
:1022E00014DC1F2B00DD3CE22027F91A8C465946EE
:1022F0006746B9400F001100D9400F4361468A403C
:10230000511E8A415946D940174364183F188742E5
:10231000804140422418230200D4C6E06B4B0135B3
:102320009D4200D1B2E00121694B7A081C4039403E
:102330000A43E707174364089EE7664B11438A4642
:10234000EB18002928D066452CD0002B5BD0002D3F
:1023500000D12CE15B4666465F07D2081743DD08D3
:102360003B002B4300D1E2E0802424032C432403D0
:10237000564D240B8CE05946114300D1D5E0591E2F
:10238000012B00D1B9E1BB4200D1B1E101270B0023
:10239000382900DD40E72AE76146012779408C466D
:1023A0006645D2D1002B00D1C5E0002D00D055E10B
:1023B0004B462500054300D112E2591E8C46012BE5
:1023C00000D149E2414DAB4200D18FE201273829CB
:1023D00011DC63461F2B00DD5BE2614620232700F2
:1023E0005B1A050098409F40CD40431E9841CC4069
:1023F0002F430743A344BF189742924152425A4485
:1024000014004D4687E7344F6B1C3B4200D0B6E0CA
:102410005946230011430F000343002D00D026E14D
:10242000002B00D1C0E1002900D1A1E0831A984619
:102430005B464045AD41E31A6D425B1B80252D0490
:102440002B4200D14BE15B46101A824292411C1B89
:102450000700012663465242A41A27431E40002F5C
:1024600000D142E12C4200D16DE2194B01251C4004
:102470001BE7BD4200D13BE10127382B00DD45E7DA
:10248000802759463F0439438B462AE7002400271A
:102490002D052543F60735433800290003B0F0BC6D
:1024A000BB46B246A946A046F0BD7B0704D00F2329
:1024B0003B40042B00D0E7E62B00F808034A6707EF
:1024C0000743E508934200D14AE7A5E0FF07000073
:1024D000FFFF7FFF01F8FFFFFE0700003800FEF757
:1024E000A1F8030018331F2B00DCA7E63A000838D8
:1024F00082409D4200DD8AE05B1B581C1F2800DCE7
:10250000D8E117001F3BDF40202805D040231B1ACD
:102510009A40531E9A4117430025002F00D1E5E051
:102520007B0700D0ABE62C00C6E7C008C6E7002753
:102530000024D14DACE7D14F6B1C3B4271D123003D
:102540000343002D00D04EE15746002B00D1B5E1EA
:10255000002F0DD08318834280415C4440422418F0
:10256000220200D5C8E11F009846274300D1BCE0F5
:1025700043466707DB081F43E50800234CE0831A46
:1025800098465B464045BF41E31A7F42DB1B1F0272
:102590007CD447461F4300D1A6E01C00474645E6D1
:1025A000B74CED1A14407B0700D080E784E74B4618
:1025B0002500054366D05F1E012B00D1FCE0AE4D27
:1025C000AB4200D15EE16646382F00DCB4E001206A
:1025D000171ABA4292415B4652424D469C1A20E677
:1025E0006707C0080743E508BAE61F005946203FC1
:1025F000F9400F00202B05D04021CB1A59469940B5
:102600000A43924653465A1E93411F4304E6EB1A6F
:102610009B4D15406F07ED082C035D05240B6D0DD8
:1026200036E7954DAB4200D1D6E0821821008242B8
:102630008041594440420818C707520817434408CC
:10264000520700D485E10F221D003A40042A00D031
:102650001AE6FF08640727430509DDE75B46D20851
:102660005F071743DD087BE60027002410E7002BF7
:1026700000D0D6E0002900D02FE1802400267E4D36
:10268000240305E766465C46D00817E75B46171A41
:10269000BA4292411C1B012663465242A41A1E40B4
:1026A000C4E58318834280415C44404225182A02D5
:1026B00000D4DAE0724A5B081540EA071A43690859
:1026C0005B0700D44AE10F231340042B00D1FCE048
:1026D000171D9742A441644202256418ECE6474660
:1026E0001C001F4300D043E7002600250024CFE64E
:1026F000C00867070743E50832E6871A5B46B84219
:102700008041E41A4042241A230228D46307FF08B8
:102710001F43E50801237FE7002B00D173E64B46FA
:102720005F1B3B00002D00D142E7382F00DDECE0BD
:1027300080230E001B041C431F2F25DC20252300B3
:10274000ED1B0100A840AB40F940451EA8410B43DA
:10275000FC4018435B461B1B9B4639E76646012538
:1027600062E51F005946203FF9408C46202B05D0DA
:1027700040275946FB1A99400A43924657467B1E0A
:102780009F4163461F43C1E53B002500203BDD40E0
:10279000202F04D04023DB1B9C4020438046404632
:1027A000431E9841284313E700299DD00126634624
:1027B0005C4690461E40DBE6171A5B46BA429241E1
:1027C0001C1B5242A41A2302C8D46307FF081F43EC
:1027D00066460123E5081FE71D000024002757E691
:1027E0005C46D0086AE6002B00D137E75346C008A4
:1027F00067070743E508002B00D1B1E580231B03E1
:102800001D4208D05946C808184204D1D2084907C9
:102810000A43170005007B0FFF00FF085B071F43FB
:102820009EE5C00863071843E508002953D08023BC
:102830001B031D420AD05946CC081C4206D1012672
:1028400063462500D008490708431E40470FC000D3
:10285000C0087F07074383E58318934292415C4495
:102860005242A5182A0200D524E76F07DB081F4350
:10287000ED080123D0E6C046FF070000FE07000078
:10288000FFFF7FFF5B46D2085F0766461743DD0800
:1028900066E52500203BDD406346202B05D0402324
:1028A00061465B1A9C402043804647467B1E9F4101
:1028B0002F43A0E520210027091AD2E4002F00D1E0
:1028C00013E75C4617000025F6E5D7084907022301
:1028D0000F432D09A0E6070042E55B4601265F078E
:1028E000DD086346D20817431E4039E55B46D2082F
:1028F0005F071743DD0833E51E4ADB082240570710
:10290000520201251F43140BC2E50E0001205FE6B1
:10291000002B0DD04B465B1B9C46002D00D148E59B
:102920000127382B00DD66E580231B041C4350E59E
:102930006B1C114D2B4200D073E659462300114306
:102940008A46034300E66707C00800230743E508FB
:1029500062E66407FF08274305095DE6D2084907D8
:1029600011430F0002232D0956E60700A4E53800A5
:102970008FE4C046FFFF7FFFFE0700000B00020050
:1029800070B5164D0C0382B04900002000920193EF
:10299000240B490DDE0FA94204DD1148814203DDFD
:1029A000104BF01802B070BD8020400320430E4C45
:1029B000641A1F2C08DD0D4B5B1AD84003005842E7
:1029C000002EEFD11800EDE7094B009A9C4603005A
:1029D00061448B40E2401343F1E7C046FE03000030
:1029E0001D040000FFFFFF7F3304000013040000FC
:1029F000EDFBFFFF70B5002816D0C317C5185D406A
:102A0000C40F2800FDF70EFE104B1B1A5B055B0D73
:102A10000A2814DC02002E00153296400B22121AEE
:102A2000D5402D032D0B03E00024002300250026B4
:102A30001B052B43E40723433000190070BD0B38FE
:102A400085402D0300262D0BF2E7C0461E04000032
:102A500010B5002903D1FDF7E5FD203002E00800A4
:102A6000FDF7E0FD10BDC04680B582B000AF254B3C
:102A70003B603B68A8220021180028F07FF83B68E3
:102A800003221A613B6803225A613B681E4A9A611D
:102A90003B681E4ADA613B68802252011A623B6839
:102AA00000229A623B6800225A623B680022DA6286
:102AB0003B68154A1A663B68154A5A663B681022FD
:102AC0009A663B6800221A673B680022DA663B6818
:102AD00000225A6700237B600CE07B680F22D31A28
:102AE0000C4AD15C3A687B68D3180A1C1A707B6860
:102AF00001337B607B680F2BEFD9C046C046BD46D3
:102B000002B080BD7C0100204CBF061024020020D2
:102B100024120020BCD1061080B58AB000AFF86046
:102B2000B9607A6000233B62FB68DB68FB61FB688D
:102B30001B69BB61BA69FB699A4205D9BA69FB692D
:102B4000D31A013B7B6207E0FB689A68B969FB69AD
:102B5000CB1AD318013B7B62FB689A68FB69D21AD7
:102B60007B6A934200D913007B627A6A7B68934246
:102B700000D913007B62FB685A68FB69D3187B613C
:102B80007A6AB9687B69180028F05BF83A6A7B6A50
:102B9000D3183B62BA687B6AD318BB607A687B6AD9
:102BA000D31A7B60FA697B6AD318FB61FB689B6868
:102BB000FA699A4201D10023FB61FB68FA69DA6085
:102BC0007B68002BB3D13B6A1800BD460AB080BDBC
:102BD00080B588B000AFF860B9607A60FB68DB68E8
:102BE000FB61FB689A68FB69D31ABB61BA697B68B1
:102BF0009A4210D9FB685A68FB69D3183B617A681E
:102C0000B9683B69180028F01CF8FA697B68D2188B
:102C1000FB68DA601EE0BB697B61FB685A68FB6990
:102C2000D3183B617A69B9683B69180028F009F844
:102C30007A68BB69D31A7B61FB685B683B61BA68E1
:102C4000BB69D1187A693B69180027F0FAFFFB6865
:102C50007A69DA60C046BD4608B080BD80B586B0EE
:102C600000AF78607B681B693B617B68DB68FB6059
:102C70003A69FB689A4208D87B689A68FB68D21A5E
:102C80003B69D318013B7B6104E03A69FB68D31AC6
:102C9000013B7B617B691800BD4606B080BD00002A
:102CA00080B588B000AFF860B9607A60BB68BB617E
:102CB000FB685A1C13005B009B18DB00234A9B181F
:102CC0007B617B695B69022B2ED036D8002B02D04A
:102CD000012B16D031E07B691800FFF7BFFF03001E
:102CE0003B613A697B689A4202D20023FB6127E08C
:102CF0007B68FB617A68B9697B691800FFF768FF38
:102D00001EE07B691800FFF7A9FF03003B613A69E9
:102D10007B68934200D91300FB61FA69B9697B694A
:102D20001800FFF755FF0BE07A68B9697B69180056
:102D3000FFF7F2FE0300FB6102E00023FB61C046E7
:102D4000FB691800BD4608B080BDC0467C0100206C
:102D500080B588B000AFF860B9607A600F4BFB6156
:102D6000FB691B78DBB2532B01D0FFF77DFEEFF33D
:102D70001083012181F31088BB617A68B968FB6810
:102D80001800FFF78DFF03007B61BB6983F3108898
:102D90007B691800BD4608B080BDC0467C0100209C
:102DA00080B584B000AF78600A00FB1C1A707B68A5
:102DB0009B68FB60FB685A1C7B685B689A420FD873
:102DC0007B681A68FB68D318FA1C12781A70FB68C3
:102DD0005A1C7B689A607B68DB685A1C7B68DA60E7
:102DE0007B689A687B685B689A4215D17B68186932
:102DF0007B6819687B689B681A00FFF7A9FF0200CF
:102E00007B689B689A4204D07B6801225242DA6058
:102E100002E07B6800229A60C046BD4604B080BDD7
:102E200080B58AB000AFF860B9607A603B60BB687B
:102E30003B6201237B620123FB6108E07968386A09
:102E4000FDF7F6F903003B62FB690133FB613A6A67
:102E50007B689A42F2D23A68FB699A4201D93B6890
:102E6000FB617B6B012213402BD13B6B002B28D0E5
:102E70007B6B0222134007D03B68002B04D11B233D
:102E8000FB1830221A7003E01B23FB1820221A7053
:102E90000EE03B6B013B3B631B23FB181A78FB687E
:102EA00011001800FFF77CFFFB68DB68002B07DBD5
:102EB0003B6B002B05D0FA693B6B9A42E9D300E0EB
:102EC000C046FB68DB68002B57DB3B68012B03D94E
:102ED0003B68013B3B600AE0796AB868FDF7A8F9F6
:102EE00003007B617A697B689A4200D204E07B6AC6
:102EF0007A6853437B62E8E7796AB868FDF798F926
:102F000003007B617B697A6A5343BA68D31ABB605A
:102F10001C4A7B69D3181A78FB6811001800FFF768
:102F20003FFFFB68DB68002B09DB7968786AFDF7F7
:102F30007FF903007B627B6A002BDDD100E0C04695
:102F40007B6B0122134018D03B6B002B15D00BE09C
:102F50003B6B013B3B63FB6820211800FFF720FF20
:102F6000FB68DB68002B07DB3B6B002B05D0FA69A5
:102F70003B6B9A42ECD300E0C046C046BD460AB067
:102F800080BDC04654D2061090B589B002AFF8603B
:102F9000B9607A603B60BB68DA179B1853403B61AD
:102FA00001237B6109E07B6819003869FDF7CAF9E4
:102FB00003003B617B6901337B617B683A699A421C
:102FC000F1DA3A687B699A4201D93B687B61BB6A56
:102FD000002B09D0BB68002B03DBFB6A04221340E3
:102FE00002D0BB6A013BBB62FB6A0222134002D0E3
:102FF0003B68002B1CD0FB6A0122134018D1BB6A2E
:10300000002B15D00BE0BB6A013BBB62FB682021A3
:103010001800FFF7C5FEFB68DB68002B07DBBB6A07
:10302000002B05D07A69BB6A9A42ECD300E0C04617
:10303000FB68DB68002B4BDBBB68002B08DABB6846
:103040005B42BB60FB682D211800FFF7A9FE08E07A
:10305000FB6A0422134004D0FB682B211800FFF701
:103060009FFEFB68DB68002B32DBFB6A0222134009
:103070001FD0FB6A012213401BD13B68002B18D1E3
:10308000BB6A002B15D00BE0BB6A013BBB62FB683F
:1030900030211800FFF784FEFB68DB68002B07DB9C
:1030A000BB6A002B05D07A69BB6A9A42ECD300E078
:1030B000C046FB68DB68002B0ADBB9683C687A68AD
:1030C000F868FB6A0193BB6A00932300FFF7A8FE30
:1030D000C046BD4607B090BD90B5A5B002AFF86040
:1030E000B9607A6054217B181422BA181A607B18D0
:1030F00040225A607B1800229A607B18FA681A6195
:103100007B180022DA6087217B18BA6812781A705F
:10311000BB680133BB607B181B78002B00D1A2E198
:103120007B181B78252B00D08DE100237B670123C2
:103130008022BA18136087217B18BA6812781A7037
:103140007B181B78302B10D027DC2D2B05D024DCEE
:10315000232B1AD02B2B10D01FE07B6F012213439F
:103160007B67BB680133BB601CE07B6F02221343AB
:103170007B67BB680133BB6014E07B6F04221343A1
:103180007B67BB680133BB600CE07B6F0822134395
:103190007B67BB680133BB6004E000238022BA1860
:1031A0001360C0468023FB181B68002BC3D100238B
:1031B0003B6787217B18BA6812781A707B181B78D6
:1031C0002F2B12D97B181B78392B0ED8BB680133F3
:1031D000BB603A6F13009B009B185B001A007B18C2
:1031E0001B78D318303B3B67E3E77F217B18002235
:1031F0001A700023BB6787203B18BA6812781A70D0
:103200003B181B782E2B34D1BB680133BB60BB68E5
:103210001B782A2B0DD1BB680133BB607B180122C0
:103220001A707B681B68191D7A6811601B68BB6780
:103230001FE087217B18BA6812781A707B181B78F8
:103240002F2B16D97B181B78392B12D87F23FB180C
:1032500001221A70BB680133BB60BA6F13009B0078
:103260009B185B001A007B181B78D318303BBB6798
:10327000DFE78723FB18BA6812781A708722BB1819
:103280001B786C2B03D0BB181B78682B08D1BB684C
:103290000133BB608723FB18BA6812781A70EDE718
:1032A0008723FB181B78252B00D1C0E000DAC5E08E
:1032B000782B00DDC2E0582B00DABFE0583B202B12
:1032C00000D9BBE09A00784BD3181B689F467B68F7
:1032D0001B68191D7A6811601B688022B9180B6081
:1032E0006B217B18BA1812681A707B181A7854234D
:1032F000FB1811001800FFF753FDA0E07B681B6866
:10330000191D7A6811601B6880217A181360BA6FE2
:103310007B1819685423F8187B6F01933B6F009357
:1033200013000A22FFF730FE89E07B681B68191D35
:103330007A6811601B688022B9180B60BB18196885
:10334000BA6F5423F8187B6F01933B6F00931300FF
:103350000A22FFF765FD72E07B681B68191D7A6819
:1033600011601B688022B9180B60BB181968BA6F0E
:103370005423F8187B6F01933B6F009313001022C6
:10338000FFF74EFD5BE07B681B68191D7A681160D2
:103390001B68FB66FB6E002B05D1444BFB667F234D
:1033A000FB1800221A7087217B18FA6E12781A70A7
:1033B000FB6E0133FB667B181B78002B1DD07F232F
:1033C000FB181B78002B02D0BB6F002B17D0872374
:1033D000FB181A7854243B1911001800FFF7E0FC81
:1033E000BB6F013BBB673B19DB687F217A187918FB
:1033F00009781170002BD6DA21E0C0461FE0C046E4
:103400001DE07B681B68191D7A6811601B688022AB
:10341000B9180B60BB1819685423F81800230193DE
:103420000823009308231022FFF7FAFC07E0542337
:10343000FB1825211800FFF7B3FC00E0C046BB686D
:103440000133BB6008E08723FB181A785423FB186C
:1034500011001800FFF7A4FC5423FB18DB68002BB5
:1034600000DB50E600E0C0465422BB18DB68002BAE
:1034700013DDBB189B68002B07D0BB189A68142378
:10348000F918FB681800FFF763FC54217B18DA6811
:103490007B189B68D2187B18DA605423FB18DB6812
:1034A0001800BD4623B090BDD0D1061058BF0610FD
:1034B0000EB480B585B000AF78602023FB18BB60E8
:1034C0000823FA18F9697B681800FFF705FE030066
:1034D000FB60FB681800BD4605B080BC08BC03B0AB
:1034E000184780B582B000AF7860002011F04EFE22
:1034F00012F058FA012012F00DFB01235B42180074
:1035000012F018FB0BF090FA031E01D001F09EFBA5
:103510000BF068F80BF0B4F90EF05AFD11F068FFEB
:103520000021012011F074FF0121012011F0A0FF02
:10353000002011F035FE00231800BD4602B080BD0A
:1035400080B582B000AFFB1D02221A70FB1D1B78F4
:103550001800BD4602B080BD80B500AF01235B42BC
:10356000180012F00DF8C046BD4680BD80B500AF12
:10357000C046BD4680BDF0B593B000AF4723FB18F1
:1035800000221A700CE047203B181A783B1D92006D
:103590000021D150C0463B181A783B1801321A70EE
:1035A0004723FB181B78092BEDD913F00BFA031EE8
:1035B0005AD046257C19FFF7C3FF030023707B19FF
:1035C0001B78002B50D04526BC1905F045FE0300A2
:1035D00023704423FC180BF069F903002370432384
:1035E000FA187B19B9190C781B78D8B2E1B2884265
:1035F00000D9231C13704323FA18FB1844217918AF
:103600000C781B78D8B2E1B2884200D9231C137021
:103610004323FB181B78032B19D021DC022B0DD080
:103620001EDC002B1FD0012B1AD10121012011F02B
:10363000EFFE0121012011F01BFF11E0002101200C
:1036400011F0E6FE0121012011F012FF08E0002137
:10365000012011F0DDFE0021012011F009FFC0461C
:1036600011F036FF00E0C046BD4613B0F0BD0000CB
:1036700080B584B000AF7860074B196D064B7A684F
:103680000A431A65044B1B6D7A681340FB60FB68A4
:10369000C046BD4604B080BD0000404880B586B03D
:1036A00000AF3B1D180014231A00002127F066FA12
:1036B0000820FFF7DDFF0420FFF7DAFF1F4B002291
:1036C0000821180003F036FA3B1D08221A603B1D42
:1036D00001225A603B1D00229A603B1D0022DA60E5
:1036E0003B1D164A1900100002F09CFF3B1D0422EE
:1036F0001A603B1D02225A603B1D01229A603B1D4D
:103700000022DA603B1D05221A613A1D9023DB0579
:103710001100180002F086FF0821012004F07EFB52
:103720000821012004F0E2FB0421002004F03CFB0E
:1037300011F040FDC046BD4606B080BD00001048F7
:1037400080B584B000AF7860074B196D064B7A687E
:103750000A431A65044B1B6D7A681340FB60FB68D3
:10376000C046BD4604B080BD0000404880B584B06E
:1037700000AF7860074B996D064B7A680A439A65EB
:10378000044B9B6D7A681340FB60FB68C046BD46E6
:1037900004B080BD0000404880B500AF1C4B8222C1
:1037A000D2051A601A4B1B4A5A60194B00229A60C4
:1037B000174B0122DA60164B00221A61144B0022CB
:1037C0005A61134B00229A61114B0022DA61104BAF
:1037D00000221A620E4B180003F0E4F9031E01D018
:1037E00001F034FA0A4B0021180003F0DFFF031E3A
:1037F00001D001F02BFA064B0021180004F022F84A
:10380000031E01D001F022FAC046BD4680BDC0466D
:10381000341200205B3D300090B589B000AF786075
:103820000C243B19180014231A00002127F0A6F9D4
:103830007B681A688223DB059A422AD10820FFF7A9
:103840007FFF3B19C02212011A6021007B1812224F
:103850005A607B1800229A607B180022DA607B187D
:1038600002221A617B180D4A1900100002F0DAFEDC
:10387000C0231B011900012004F0D0FAC0231B0152
:103880001900012004F032FB80239B031800FFF78E
:103890006DFFC046BD4609B090BDC046000010484F
:1038A00080B584B000AF78602F4B304A1A602E4B41
:1038B0002F4A5A602C4B2F4A9A602B4B7A68DA6059
:1038C0000F217B1800221A707A18274B110018005C
:1038D00000F061FE031E02D001235B4240E0224B58
:1038E000180000F0EDFD204B9B68142098471E4BFC
:1038F0000221180000F061FE1B4B0021180001F0AE
:1039000025F8194B0421180000F0C5FE164B0221C2
:10391000180000F0F0FE144B0321180000F0E6FF41
:10392000114B0521180000F056FF0C203B18002217
:103930001A703B181A7801210A431A703B181A783A
:1039400002218A431A703B181A78074B111C180081
:1039500000F071FF031E02D002235B4200E000234F
:103960001800BD4604B080BD88120020C53B04107D
:10397000193C04106D3C041080B582B000AF786033
:103980007A68054B1100180001F065F80300180073
:10399000BD4602B080BDC0468812002080B582B00E
:1039A00000AF78607A68054B1100180000F0FEFF48
:1039B00003001800BD4602B080BDC046881200203A
:1039C00090B58BB000AF78600C243B19180006232B
:1039D0001A00002127F0D2F83B191800FFF7CCFF9E
:1039E000031E02D001235B427BE00C243B19002222
:1039F0009B5E1800FDF71AFF031C3C49181CFDF7DD
:103A000021FB031C3B623B1902229B5E1800FDF761
:103A10000DFF031C3549181CFDF714FB031CFB614B
:103A20003B1904229B5E1800FDF700FF031C2F4981
:103A3000181CFDF707FB031CBB61396A386AFDF7E8
:103A400001FB031C1C1CF969F869FDF7FBFA031C58
:103A5000191C201CFCF736FF031C1C1CB969B86933
:103A6000FDF7F0FA031C191C201CFCF72BFF031CAC
:103A7000181C27F08FFE031C7B61FC2189057869E7
:103A8000FCF7A8FD031E04D07B6800221A60002307
:103A900027E07969B869FDF707F9031C7B62FE210D
:103AA0008905786AFCF7AAFD031E02D0FE239B0558
:103AB0007B620F49786AFCF78DFD031E01D00C4B29
:103AC0007B627B6A5B005B08181C27F043FE031CCB
:103AD0000849181CFDF7B6FA031C1A1C7B681A600B
:103AE00000231800BD460BB090BDC04640DA7F38B9
:103AF000000080BFE02E654290B589B000AF7860CD
:103B00000C243B19180006231A00002127F036F870
:103B10003B191800FFF742FF031E02D001235B424E
:103B200049E00C243B1900229B5E1800FDF77EFE45
:103B3000031C2349181CFDF785FA031CFB613B1984
:103B400002229B5E1800FDF771FE031C1C49181C25
:103B5000FDF778FA031CBB613B1904229B5E180039
:103B6000FDF764FE031C1649181CFDF76BFA031CD5
:103B70007B61F969F869FDF765FA031C1C1CB969DA
:103B8000B869FDF75FFA031C191C201CFCF79AFEAC
:103B9000031C1C1C79697869FDF754FA031C191C75
:103BA000201CFCF78FFE031C181C27F0F3FD021CE1
:103BB0007B681A6000231800BD4609B090BDC0465E
:103BC000295C0F3DB0B58AB004AFF86008007A6098
:103BD00019000B243B19021C1A7008257B190A1CBA
:103BE0001A80FB687B613B191B789AB27869642361
:103BF00002937B191B8801937B6800930123D421D6
:103C000003F076F8031E01D1002301E001235B429B
:103C10001800BD4606B0B0BDB0B58AB004AFF860BC
:103C200008007A6019000B243B19021C1A70082541
:103C30007B190A1C1A80FB687B613B191B789AB2BE
:103C40007869642302937B191B8801937B68009336
:103C50000123D42103F07AF9031E01D1002301E0EE
:103C600001235B421800BD4606B0B0BD80B582B0EE
:103C700000AF78607B68180002F0B4F8C046BD461B
:103C800002B080BD80B500AF034B5B8801339BB2AF
:103C90001800BD4680BDC0469C12002080B500AF14
:103CA000034B5B8802339BB21800BD4680BDC04603
:103CB0009C12002080B500AF034B9B8801339BB260
:103CC0001800BD4680BDC0469C12002080B500AFE4
:103CD000034B9B8802339BB21800BD4680BDC04693
:103CE0009C12002080B500AF034BDB8801339BB2F0
:103CF0001800BD4680BDC0469C12002080B500AFB4
:103D0000034BDB8802339BB21800BD4680BDC04622
:103D10009C120020B0B596B000AFB94B082200212C
:103D2000180026F02BFFB74B012252421A80B64BE7
:103D300000221A70B54B00221A70B54B00221A707F
:103D4000B44B00221A70B44B02220021180026F056
:103D500015FFB24B0E220021180026F00FFFB04BCA
:103D600028220021180026F009FFAE4B6C2200210A
:103D7000180026F003FFAB4B12221A70A94B002249
:103D80009A70A84B00225A70A64BA74A043313CA54
:103D900013C303CA03C3A34BA44A1A62A14B012253
:103DA0001A76A04BA24ADA619E4B24221221995422
:103DB0009C4B2622002199549A4B2522002199548C
:103DC000984B9C4A283313CA13C303CA03C3954BA9
:103DD000994A5A64934B3C2201219954914B974A3A
:103DE0001A64904B4822122199548E4B4A2200218A
:103DF00099548C4B4922002199548A4B904A4C3358
:103E000013CA13C303CA03C3864B8E4A9A66854BF3
:103E1000602201219954834B8B4A5A66804B0122C0
:103E20001A757F4B894A13CA13C303CA03C37C4B59
:103E30002022032199547A4B7A4A5A62784B002205
:103E40001A76774B0022DA61814B19000020FFF7C8
:103E50002FFB744B1B781A007E4B19000020FFF7D4
:103E600027FB704B24229B5C1A007B4B190000201F
:103E7000FFF71EFB6B4B48229B5C1A00774B190027
:103E80000020FFF715FB674B1B7E1A00744B1900CF
:103E90000020FFF70DFB634B3C229B5C1A00714B2B
:103EA00019000020FFF704FB5E4B60229B5C1A00A8
:103EB0006D4B19000020FFF7FBFA6C4B1900002036
:103EC000FFF7F6FA57257C19554B18000AF0A3F9AD
:103ED000030023707B191B78002B02D07B191B7801
:103EE0008AE04F4B18000AF0A3F903001A00444B74
:103EF0001A804C4B18000AF0BBF903001A00404B23
:103F00005A805B4B18000AF0B3F903001A003C4BCF
:103F10009A80584B18000AF0ABF903001A00384B8E
:103F2000DA80554B19000020FFF7C2FA344B1B888A
:103F30001A00524B19000020FFF7BAFA504B190033
:103F40000020FFF7B5FA2E4B5B881A004D4B190085
:103F50000020FFF7ADFAFFF795FE03001A004A4B69
:103F600019000020FFF7A4FAFFF798FE03001A00DB
:103F7000464B19000020FFF79BFA454B1900002023
:103F8000FFF796FA1E4B9B881A003E4B1900002043
:103F9000FFF78EFAFFF78EFE03001A003A4B190066
:103FA0000020FFF785FAFFF791FE03001A00374B58
:103FB00019000020FFF77CFA364B19000020FFF7AC
:103FC00077FA0F4BDB881A002E4B19000020FFF701
:103FD0006FFAFFF787FE03001A002B4B1900002031
:103FE000FFF766FAFFF78AFE03001A00274B190055
:103FF0000020FFF75DFA00231800BD4616B0B0BDE3
:104000009C120020AC2E0020A4120020A51200203B
:10401000A6120020A7120020A8120020AC12002037
:1040200028130020BC1200200CC10610B02E002066
:10403000D42E002020C10610BC2E0020F02E00201F
:1040400034C10610C82E00200C2F002048C10610D5
:1040500060BF061080BF0610A4BF0610C4BF0610C4
:10406000E4BF061004C0061020C006103CC00610B5
:10407000E01200200413002060C0061080C006106B
:104080009CC00610ACC00610C0C00610D4C00610FC
:10409000E8C00610F8C0061080B582B000AF02007C
:1040A000BB1D1A80084BBA1D12881A80074B0022CC
:1040B0001A70074B00221A70064B00221A70C04675
:1040C000BD4602B080BDC046AC2E0020A412002028
:1040D000A5120020A612002080B500AF074B0122D8
:1040E00052421A80064B00221A70064B00221A70A8
:1040F000054B00221A70C046BD4680BDAC2E002084
:10410000A4120020A5120020A612002080B584B0C1
:1041100000AF39601100BB1D021C1A807B1D0A1CF8
:104120001A703B68002B00D18EE07B1D1B78012BA1
:1041300000D889E03B681B781AB23B6801331B78D2
:104140001BB21B021BB213431AB20E217B181A803A
:104150007B181B88DAB20D23FB1801210A401A7064
:10416000FFF79CFD03001A00BB1D1B88934217D06C
:10417000FFF7ACFD03001A00BB1D1B8893420FD054
:10418000FFF7BCFD03001A00BB1D1B88934207D03C
:10419000BB1D1A882E4B19000020FFF789F954E047
:1041A000FFF77CFD03001A00BB1D1B88934211D151
:1041B000284B0D217A1812781A707B181B78002B67
:1041C00001D0254B00E0254B25491A000020FFF7C0
:1041D0006FF93AE0FFF77AFD03001A00BB1D1B8858
:1041E000934211D11F4B0D217A1812781A707B1847
:1041F0001B78002B01D0184B00E0184B1A491A000D
:104200000020FFF755F920E0FFF778FD03001A00C2
:10421000BB1D1B88934211D1144B0D217A181278C3
:104220001A707B181B78002B01D00B4B00E00B4B56
:104230000F491A000020FFF73BF906E00D4B19006B
:104240000020FFF735F900E0C046BD4604B080BD50
:104250005CC10610A412002070C1061078C10610BF
:1042600084C10610A5120020A8C10610A6120020C5
:10427000C8C10610E8C1061090B585B002AF0200B3
:10428000FB1D1A70114BFA1D12781A70104B1B8807
:10429000104A934214D0104B1B78002B10D00C4BBB
:1042A0001C88FFF7EFFC03001A00084B0193012361
:1042B000009300230421200009F0E7FF030000E041
:1042C00000231800BD4603B090BDC046A7120020D1
:1042D000AC2E0020FFFF0000A412002090B585B096
:1042E00002AF0200FB1D1A70BB1D0A1C1A70134B93
:1042F000FA1D12781A70114BBA1D12785A70104BB1
:104300001B88104A934214D00F4B1B78002B10D0FF
:104310000B4B1C88FFF7CEFC03001A00074B0193E0
:104320000223009300230421200009F0AEFF0300C4
:1043300000E000231800BD4603B090BDA812002085
:10434000AC2E0020FFFF0000A5120020B0B588B001
:1043500002AF0200BB1D1A8010243B19180006236F
:104360001A00002126F00AFC08257B1918000623F4
:104370001A00002126F002FC3B191800FFF7FCFA96
:104380007B191800FFF70AFB3B1900229A5E1F4BAE
:104390001A803B1902229A5E1C4B5A803B19042258
:1043A0009A5E1A4B9A807B1900229A5E174BDA802C
:1043B0007B1902229A5E154B1A817B1904229A5EA0
:1043C000124B5A81114BBA1D12889A81104B1B88CF
:1043D000104A934214D0104B1B78002B10D00C4B7A
:1043E0001C88FFF77FFC03001A00084B01930E2383
:1043F000009300230421200009F047FF030000E0A0
:1044000000231800BD4606B0B0BDC046AC12002067
:10441000AC2E0020FFFF0000A6120020B0B586B031
:1044200000AFF86008007A6019000B23FB18021C2B
:104430001A700823FB180A1C1A80FB68002B02D193
:1044400001235B420FE0FB685C68FB68D8680823C7
:10445000FB181D887A680B23FB1819782B00A047DE
:1044600003007B617B691800BD4606B0B0BDB0B5E6
:1044700086B000AFF86008007A6019000B23FB18C3
:10448000021C1A700823FB180A1C1A80FB68002BF8
:1044900002D101235B420FE0FB681C68FB68D8680F
:1044A0000823FB181D887A680B23FB1819782B004A
:1044B000A04703007B617B691800BD4606B0B0BD14
:1044C00090B587B000AF78600C23FB1800221A70FB
:1044D0001723FB1800221A707B689B68002B03D1FE
:1044E00001235B423B6151E07B680021180000F032
:1044F00064F803003B617B680021180000F0FBF8C2
:1045000002003B699B183B613B69002B3BD10C20AF
:104510003B181A7801210A431A703A187868012367
:104520001221FFF7A4FF03003B610C243A197868BD
:1045300001231221FFF772FF02003B699B183B61C8
:104540003B69002B21D17B689B68012098473B1970
:104550001B7801221340DBB2002B07D01722BB18B7
:104560001B78BA18591C1170022BDED90C23FB18CA
:104570001B7801221340DBB2002B01D1002306E09F
:1045800001235B4203E0C04600E0C0463B691800DF
:10459000BD4607B090BD80B584B000AF786039608B
:1045A0003A68786801230F21FFF738FF0300FB60AA
:1045B000FB681800BD4604B080BD90B587B000AF61
:1045C00078600A00FB1C1A701023FA18786801231F
:1045D0001021FFF723FF03007B617B69002B01D0D3
:1045E0007B6954E0FB1C1B780F221340DAB21024C5
:1045F0003B190F210A4010001A780F218A43111C21
:10460000021C0A431A703A19786801231021FFF737
:104610002EFF03007B617B69002B01D07B6936E0B4
:1046200013217B18FA1C127812091A707B181B7858
:10463000002B2BD00C23FA18786801236221FFF796
:10464000EDFE02007B699B187B617B69002B01D02A
:104650007B691CE01323FB181B7803221340DAB29A
:104660000C243B1903210A4010001A7803218A43C5
:10467000111C021C0A431A703A197868012362213E
:10468000FFF7F5FE02007B699B187B617B691800D0
:10469000BD4607B090BD90B585B000AF78600A0008
:1046A000FB1C1A7008243A19786801231021FFF7BF
:1046B000B5FE0300FB60FB68002B17D1FB1C1B78C9
:1046C00007221340DAB23B1907210A4010011A7879
:1046D00070218A43111C021C0A431A703A19786827
:1046E00001231021FFF7C3FE0300FB60FB681800E5
:1046F000BD4605B090BD90B587B000AF78600A00A8
:10470000FB1C1A701023FA18786801231121FFF797
:1047100085FE03007B617B69002B01D07B6956E03D
:10472000FB1C1B780F221340DAB210243B190F2117
:104730000A4010001A780F218A43111C021C0A43F8
:104740001A703A19786801231121FFF790FE0200D0
:104750007B699B187B617B69002B01D07B6936E00C
:1047600013217B18FA1C127812091A707B181B7817
:10477000002B2BD00C23FA18786801236221FFF755
:104780004DFE02007B699B187B617B69002B01D089
:104790007B691CE01323FB181B7803221340DAB259
:1047A0000C243B1903210A4010001A7803218A4384
:1047B000111C021C0A431A703A19786801236221FD
:1047C000FFF755FE02007B699B187B617B6918002F
:1047D000BD4607B090BD90B585B000AF78600A00C7
:1047E000FB1C1A7008243A19786801231121FFF77D
:1047F00015FE0300FB60FB68002B17D1FB1C1B7828
:1048000007221340DAB23B1907210A4010011A7837
:1048100070218A43111C021C0A431A703A197868E5
:1048200001231121FFF723FE0300FB60FB68180042
:10483000BD4605B090BD90B587B000AF78603B0035
:1048400019700C23FA18786801235021FFF7E6FD50
:1048500003007B617B69002B01D07B6942E03B0058
:104860001B78DB07DB0FDAB20C243B19D0011A7876
:104870007F210A40111C021C0A431A703A197868F9
:1048800001235021FFF7F3FD03007B611023FA1889
:10489000786801235621FFF7C1FD02007B699B1850
:1048A0007B617B69002B01D07B691BE03B001B789F
:1048B0009B07DB0FDAB210243B1901210A401000DC
:1048C0001A7801218A43111C021C0A431A703A19F2
:1048D000786801235621FFF7CAFD02007B699B1807
:1048E0007B617B691800BD4607B090BD90B585B06F
:1048F00000AF78600A00FB1C1A7008243A19786827
:1049000001231521FFF78AFD0300FB60FB68002BE4
:1049100017D1FB1C1B780F221340DAB23B190F2171
:104920000A4010001A780F218A43111C021C0A4306
:104930001A703A19786801231521FFF798FD0300D2
:10494000FB60FB681800BD4605B090BD90B585B012
:1049500000AF78600A00FB1C1A7008243A197868C6
:1049600001231721FFF75AFD0300FB60FB68002BB2
:1049700017D1FB1C1B7803221340DAB23B19032129
:104980000A4010001A7803218A43111C021C0A43B2
:104990001A703A19786801231721FFF768FD0300A0
:1049A000FB60FB681800BD4605B090BD80B586B0C1
:1049B00000AF786039600C23FA187868062322214A
:1049C000FFF72CFD03007B617B69002B01D07B6925
:1049D0003DE00C217B185B781AB23B681A803B687B
:1049E00000229B5E9BB21B029BB27A1812789B1826
:1049F0009BB21AB23B681A807B18DA783B680233A4
:104A000012B21A803B68023300229B5E9BB21B02EB
:104A10009BB27A1892789B189AB23B68023312B212
:104A20001A807B185A793B68043312B21A803B68AB
:104A3000043300229B5E9BB21B029BB27A18127950
:104A40009B189AB23B68043312B21A807B69180033
:104A5000BD4606B080BD80B586B000AF78603960D5
:104A60000C23FA18786806232821FFF7D7FC0300E7
:104A70007B617B69002B01D07B693DE00C217B18B9
:104A80005B781AB23B681A803B6800229B5E9BB23F
:104A90001B029BB27A1812789B189BB21AB23B6821
:104AA0001A807B18DA783B68023312B21A803B68AE
:104AB000023300229B5E9BB21B029BB27A18927853
:104AC0009B189AB23B68023312B21A807B185A794B
:104AD0003B68043312B21A803B68043300229B5EA9
:104AE0009BB21B029BB27A1812799B189AB23B6850
:104AF000043312B21A807B691800BD4606B080BD2F
:104B000080B500AF204B19000020FEF7D1FC01F06A
:104B1000E4F800F047F81D4B180001F063F900F0CD
:104B200078F8FEF7BBFDFEF737FE00F01FFA00F045
:104B300025F900F0D1F900F0A5F80020FEF7D1FC2E
:104B4000134B1800FEF7ACFE031E0ED0114B0821CC
:104B5000180002F00CF8104B19000020FEF7A8FC1A
:104B6000C82001F03FF9C046F0E70C4B19000020C7
:104B7000FEF79EFC00F0E0FC094B19000020FEF758
:104B800097FCFEF7E9FCFCE70CC206108813000056
:104B9000341200200000104814C2061028C206106B
:104BA0003CC2061090B589B000AF08243B1918002C
:104BB00018231A00002125F0E1FF3B00180008230C
:104BC0001A00002125F0DAFF3B1903221A603B1975
:104BD000802252025A603B191022DA603B191800F9
:104BE00006F052F8031E01D000F030F83B0000221E
:104BF0001A603B0020225A603B001021180006F08A
:104C000093F9031E01D000F021F8C046BD4609B05B
:104C100090BD80B586B000AF3B00180018231A0085
:104C2000002125F0ABFF3B0002221A603B008022EE
:104C300052015A613B00180006F098FA031E01D099
:104C400000F004F8C046BD4606B080BD80B500AF98
:104C500072B6C046C046FDE780B584B000AF78604C
:104C6000074B196D064B7A680A431A65044B1B6D96
:104C70007A681340FB60FB68C046BD4604B080BD47
:104C80000000404880B500AF064B074A1A60054B4C
:104C9000180002F023FE031E01D0FFF7D7FFC04625
:104CA000BD4680BD5C1300200000304880B582B056
:104CB00000AF78607B681B68094A93420CD180235F
:104CC0005B021800FFF7C8FF002201210D2001F050
:104CD00097F90D2001F0A9F9C046BD4602B080BD8C
:104CE0000000304880B584B000AF7860074B196E83
:104CF000064B7A680A431A66044B1B6E7A681340A7
:104D0000FB60FB68C046BD4604B080BD0000404863
:104D100080B582B000AF7860064B1B6E7A68134096
:104D20007A689A4201D1012300E000231800BD46B1
:104D300002B080BD0000404880B582B000AF78600E
:104D4000044B196C034B7A680A431A64C046BD468B
:104D500002B080BD0000404880B582B000AF7860EE
:104D6000054B1A6C7B68D943034B0A401A64C04652
:104D7000BD4602B080BDC0460000404880B582B04C
:104D800000AF00237B600120FFF7C2FF031E08D1A4
:104D90000120FFF7D1FF0120FFF7DEFF0120FFF721
:104DA000A1FFC023DB057B603B1D180003F05CFA0C
:104DB000C046BD4602B080BD90B589B000AF7860F6
:104DC00008243B19180018231A00002125F0D6FEEC
:104DD0007B681A68C023DB059A4222D13B19012265
:104DE0001A603B1902221A613B19180006F0BEF93D
:104DF000031E01D0FFF72AFF0120FFF773FF10F019
:104E0000D9F900220021122001F0FAF8122001F055
:104E10000CF900220021192001F0F2F8192001F00C
:104E200004F9C046BD4609B090BD80B582B000AF60
:104E300078607B681B691800BD4602B080BD000029
:104E400080B584B000AF7860074B196E064B7A6866
:104E50000A431A66044B1B6E7A681340FB60FB68BA
:104E6000C046BD4604B080BD0000404880B582B059
:104E700000AF7860064B1B6E7A6813407A689A42DE
:104E800001D1012300E000231800BD4602B080BD1F
:104E90000000404880B582B000AF7860044B196CC8
:104EA000034B7A680A431A64C046BD4602B080BD0F
:104EB0000000404880B582B000AF7860054B1A6CA6
:104EC0007B68D943034B0A401A64C046BD4602B012
:104ED00080BDC0460000404880B582B000AF3B00B6
:104EE000180008231A00002125F048FE0120FFF7D2
:104EF000BDFF031E08D10120FFF7CCFF0120FFF703
:104F0000D9FF0120FFF79CFFC0460C4B1800FFF7AC
:104F10008CFF03000F2BF8D93B00A02252001A800F
:104F20003B0000229A703B0000225A603B001800B0
:104F300003F0CEFEC046BD4602B080BD0018006042
:104F400080B584B000AF7860074B196D064B7A6866
:104F50000A431A65044B1B6D7A681340FB60FB68BB
:104F6000C046BD4604B080BD0000404880B500AFDB
:104F7000064B074A1A60054B180006F032F9031E6B
:104F800001D0FFF763FEC046BD4680BD6813002018
:104F90000000604880B582B000AF78607B681B6815
:104FA000054A934204D18023DB021800FFF7C8FFB3
:104FB000C046BD4602B080BD0000604880B584B0E8
:104FC00000AF7860074B596D064B7A680A435A6503
:104FD000044B5B6D7A681340FB60FB68C046BD46BE
:104FE00004B080BD0000404880B500AF80235B0066
:104FF0001800FFF7E3FFC046BD4680BD80B500AF97
:10500000C046FDE780B500AFC046FDE780B500AF04
:10501000C046BD4680BD80B500AFC046BD4680BD20
:1050200080B500AF00F0B8FEC046BD4680BD0000B0
:1050300080B500AF034B180006F03CFBC046BD46F0
:1050400080BDC046CC13002080B500AF034B1800D4
:1050500002F08DFCC046BD4680BDC0465C130020FA
:1050600080B500AF05F012FCC046BD4680BD80B5DE
:1050700000AF05F014FCC046BD4680BD80B500AF52
:1050800005F016FCC046BD4680BD80B500AF03F0FC
:105090001BFCC046BD4680BD80B500AF03F035FCAB
:1050A000C046BD4680BD80B586B000AFF860B9602F
:1050B0007A6000237B610AE000E000BF0100BB686A
:1050C0005A1CBA60CAB21A707B6901337B617A6973
:1050D0007B689A42F0DB7B681800BD4606B080BD55
:1050E00080B586B000AFF860B9607A6000237B615C
:1050F00009E0BB685A1CBA601B78180000E000BFCA
:105100007B6901337B617A697B689A42F1DB7B685A
:105110001800BD4606B080BD80B582B000AF786093
:1051200001235B421800BD4602B080BD80B582B04D
:1051300000AF786039603B68802292015A6000239A
:105140001800BD4602B080BD80B582B000AF786067
:1051500001231800BD4602B080BD80B584B000AF09
:10516000F860B9607A6000231800BD4604B080BDC5
:1051700080B586B000AF7860144A154BD31A7B61B6
:105180007B693B61134B1B68002B02D1114B124A08
:105190001A60104B1A687B68D3183A699A4207D292
:1051A00025F042FD03000C221A6001235B4209E056
:1051B000084B1B68FB60074B1A687B68D218054BCD
:1051C0001A60FB681800BD4606B080BD00000120D3
:1051D000000C00007C1300206C54002090B583B0BC
:1051E00000AF02003960FB1D1A70FB1D1B787F2B7E
:1051F00028D82F4AFB1D1B785BB29B08C0339B004D
:105200009B58FA1D1278110003220A40D200FF2198
:1052100091400A00D2431A4011003B689B01FF22D3
:105220001A40FB1D1B78180003230340DB009A4043
:105230001F48FB1D1B785BB29B080A43C0339B00D1
:105240001A5031E01B4AFB1D1B7819000F230B403D
:10525000083B9B0806339B00D31804331B68FA1DD8
:105260001278110003220A40D200FF2191400A0067
:10527000D2431A4011003B689B01FF221A40FB1DDC
:105280001B78180003230340DB009A400948FB1DEC
:105290001B781C000F232340083B9B080A4306335E
:1052A0009B00C31804331A60C046BD4603B090BDCE
:1052B00000E100E000ED00E080B500AFBFF34F8FEC
:1052C000C046044B044ADA60BFF34F8FC046C04665
:1052D000FDE7C04600ED00E00400FA0590B587B098
:1052E00000AF644A9423D358002B0ED1624B1B6944
:1052F000002B03D1604B9B6B002B06D05F4B012230
:105300009A60FAF771FFFFF7D7FF5D4B5D4A9A602D
:105310005B4B9A68594B1A61574B5A68564B202180
:105320000A435A60544B5A68534B40210A435A600F
:10533000514B5A68504B80210A435A60C0464E4B2D
:105340005B6904221340042BF9D14B4BDB693022FB
:1053500093431A00484B20210A43DA61464BDA692D
:10536000454B49490A40DA61434BDA69424B802197
:1053700049000A43DA61454B1B68454A93425BD0BA
:105380001E233B610823FB600323BB6008237B6073
:10539000394A9423D3581E2293431A007B685B003A
:1053A0001E210B403449134394228B50324A9423DC
:1053B000D35831490122134394228B502D4BDB6883
:1053C000344A134019003B691A062A4B0A43DA6033
:1053D000284BDA68274B802109040A43DA60264A01
:1053E0009423D3582C4A1A40FB689901F0239B0060
:1053F0000B402149134394228B501F4A9423D358C6
:105400001D492022134394228B501B4A9423D358C6
:10541000224A1A40BB68D902E0239B010B4016497F
:10542000134394228B50144A9423D3581249802258
:10543000D200134394228B501723FB1800221A70BA
:105440000DE017243B191B785BB203211800FFF70E
:10545000C5FE21007B181A787B1801321A701723B9
:10546000FB181B781F2BECD962B6C046C046BD4660
:1054700007B090BD000040480000504804000020E4
:1054800000ED00E000000410FFFBFFFFF81E00101D
:10549000CCECBCFCFFFFFFC03FFCFFFFFFC7FFFFE2
:1054A00080B582B000AF134B9B685B08DAB2FB1D7E
:1054B00001210A401A700F4B9B685B09DAB2BB1DD1
:1054C00007210A401A70FB1D1B78002B07D0BB1D5B
:1054D0001B78013B084ADA40084B1A6005E0BB1D07
:1054E0001B78074ADA40054B1A60C046BD4602B039
:1054F00080BDC046000040480048E801282F002039
:105500000090D00380B582B000AF0200FB1D1A707E
:10551000064BFA1D12781A70054B00221A70054BC3
:1055200000221A70C046BD4602B080BD8C13002018
:105530008D1300208E13002080B582B000AF1A4B6F
:1055400000221A60194B00221A60194B00221A60BF
:10555000184B00221A70184B00221A70174B0022A9
:105560001A70174B00221A60164B00221A60164B55
:1055700000221A70FB1D00221A700AE0FB1D1A7827
:10558000124B92000021D150FB1D1A78FB1D0132F5
:105590001A70FB1D1B780B2BF0D90D4B00221A70D3
:1055A000C046BD4602B080BD801300208413002099
:1055B000881300208C1300208D1300208E130020F0
:1055C0009013002094130020C8130020981300208B
:1055D000C913002090B589B000AF78603960CD4B19
:1055E0001B78002B46D1CC4B1B687968181CFBF745
:1055F00069F9031C1A1CC84B1A60C84B1B685A1C5B
:10560000C64B1A600023BB60C54B1B781A00C54B04
:105610009200B968D150C24B1B7801330C2118009D
:10562000FAF78CFE0B00DAB2BD4B1A70BE4B1B783A
:105630000B2B05D8BC4B1B780133DAB2BA4B1A706E
:10564000B64B1B68312B12D9B34B1C68B34B1B688C
:105650001800FCF73BF9031C191C201CFBF724FB6A
:10566000031C1A1CB14B1A600120FFF74BFFA94B1A
:105670001B7892E1AE493868FAF7CAFF031E09D0D9
:10568000A44B1B78012B05D10220FFF73BFFA14B58
:105690001B7882E1A54B1B68191C7868FBF72CFE70
:1056A000031CBB610021B869FAF794FF031E04D004
:1056B000BB69802212065A4000E0BA699D4B1A600D
:1056C000974B1B781A009B4B1968964B9200D15050
:1056D000934B1B7801330C211800FAF72FFE0B00B7
:1056E000DAB28F4B1A70904B1B780B2B09D88E4B6C
:1056F0001B780133DAB28C4B1A708F4B00221A6080
:105700002BE0874B1B781A00864B9200D3587B61A5
:10571000884B1B687969181CFBF7EEFD031CFB61C5
:105720000021F869FAF756FF031E04D0FB698022B6
:1057300012065340FB61814B3B6100213869FAF747
:105740005DFF031E06D03969F869FBF7ADFA031C4B
:105750001A1C00E00022784B1A60764B1B687849CF
:10576000181CFAF755FF031E13D0724B1B688121DA
:10577000C905181CFAF74CFF031E0AD06E4B1B68B4
:105780008021C905181CFAF743FF031E01D001222E
:1057900000E000220F23FB181A70664B1B68812162
:1057A000C905181CFAF716FF031E0AD0624B1B68C6
:1057B0008021C905181CFAF70DFF031E01D0012234
:1057C00000E000220E23FB181A705A4B1B6881213F
:1057D000C905181CFAF71CFF031E11D0554B1B6896
:1057E000FC218905181CFAF713FF031E08D0524B41
:1057F0001B68FC218905181CFAF70AFF031E05D156
:105800004B493868FAF704FF031E01D0012200E07B
:1058100000220D23FB181A70464B1B688121C90515
:10582000181CFAF7D7FE031E0AD0434B1B68FC2155
:105830008905181CFAF7CEFE031E01D0012200E0F4
:1058400000220C23FB181A70324B1B78032B00D15B
:1058500082E000DD9AE0012B02D0022B20D095E0FF
:105860000F23FB181B78002B04D10D23FB181B788A
:10587000002B10D0334B1B780133DAB2314B1A7046
:10588000314B00221A702F4B1B78012B07D90220B5
:10589000FFF738FE03E02B4B00221A707BE07AE022
:1058A000244B1B682949181CFAF7B2FE031E05D0C9
:1058B0000320FFF727FE174B1B786EE00F23FB1822
:1058C0001B78002B10D01F4B1B780133DAB21D4B15
:1058D0001A701D4B00221A701A4B1B78012B57D9D6
:1058E0000320FFF70FFE53E00C23FB181B78002B5F
:1058F0002ED0154B1B780133DAB2134B1A70114BB3
:1059000000221A70104B1B78022B41D90120FFF79F
:10591000F9FD3DE08C13002084130020801300204B
:10592000C813002098130020C913002088130020FA
:105930000000204290130020941300209A99193FF0
:10594000000020418D1300208E1300200000A04194
:10595000144B00221A701BE00E23FB181B78002B3F
:1059600010D0114B1B780133DAB20F4B1A700D4B6C
:1059700000221A700C4B1B78032B0BD90220FFF767
:10598000C1FD07E0084B00221A7003E0C04602E0A8
:10599000C04600E0C046054B1B781800BD4609B064
:1059A00090BDC0468D1300208E1300208C13002064
:1059B00080B500AF024B1B781800BD4680BDC046C5
:1059C0008C13002080B500AF024B1B68181CBD462D
:1059D00080BDC0469013002080B500AF024B1B680D
:1059E000181CBD4680BDC0468813002080B500AF9E
:1059F000024B1B68181CBD4680BDC0469413002096
:105A000080B500AF094B1B78002B01D0642309E05F
:105A1000074B1B686422534332211800FAF708FC35
:105A20000300DBB21800BD4680BDC0468C130020C9
:105A30008013002080B584B000AF7860074B196DEB
:105A4000064B7A680A431A65044B1B6D7A6813404B
:105A5000FB60FB68C046BD4604B080BD0000404806
:105A600080B584B000AF7860074B996D064B7A68BB
:105A70000A439A65044B9B6D7A681340FB60FB6890
:105A8000C046BD4604B080BD0000404880B582B02D
:105A900000AF7860054B9A6D7B68D943034B0A4091
:105AA0009A65C046BD4602B080BDC0460000404871
:105AB00080B500AF234B244A1A60224BE1225202E8
:105AC0005A60204B00229A601E4B0022DA601D4B68
:105AD00000221A611B4B0C225A611A4B00229A6158
:105AE000184B0022DA61174B00221A62154B002274
:105AF0005A62144B00229A62124B180005F0ACFB5C
:105B0000031E01D0FFF7A2F80E4B0021180007F08A
:105B1000F9FD031E01D0FFF799F80A4B0021180088
:105B200007F030FE031E01D0FFF790F8054B180078
:105B300007F0AEFD031E01D0FFF788F8C046BD4652
:105B400080BDC046CC1300200040004190B589B014
:105B500000AF78600C243B19180014231A000021B0
:105B600025F00CF87B681B682D4A934253D18023A3
:105B7000DB001800FFF774FF0820FFF75BFF04202D
:105B8000FFF758FF3B1901221A603B1902225A60A5
:105B90003B1900229A603B190022DA603B1900226F
:105BA0001A613B191F4A1900100000F03BFD21004B
:105BB0007B18802292001A607B1802225A607B18A0
:105BC00000229A607B180022DA607B1800221A619A
:105BD0007A189023DB051100180000F023FD012145
:105BE000012002F01BF980239B001900002002F025
:105BF00015F90121012002F079F980239B00190099
:105C0000002002F073F900220121082000F0F8F9C9
:105C1000082000F00AFAC046BD4609B090BDC04653
:105C2000004000410000104880B582B000AF7860AD
:105C30007B681B680D4A934214D18023DB00180057
:105C4000FFF724FF0A4B0121180000F090FE80238B
:105C50009A009023DB051100180000F088FE082050
:105C600000F0F3F9C046BD4602B080BD00400041DF
:105C70000000104810488546FFF730FB002103E084
:105C80000E4B5B58435004310D480E4B42189A425C
:105C9000F6D30D4A02E00023136004320B4B9A4204
:105CA000F9D30B4A02E0002313600432094B9A42F5
:105CB000F9D3FEF725FFFEE700000120D8D6061035
:105CC000AC2E0020FC3000207C010020AC2E0020F7
:105CD000C00000207C010020FEE780B582B000AF4C
:105CE000FB1D00221A70032000F00EF8031E03D0E3
:105CF000FB1D01221A7001E0FFF776F9FB1D1B78EE
:105D00001800BD4602B080BD90B585B000AF786088
:105D10000F23FB1800221A701D4B1B78002B2CD070
:105D200005F0AEF904001A4B1B781900FA2398000D
:105D3000FAF77EFA030019002000FAF779FA030057
:105D4000180000F092F9031E12D17B68032B0AD8C9
:105D5000796801235B420022180000F051F90D4BD5
:105D60007A681A600DE00F23FB1801221A7008E010
:105D70000F23FB1801221A7003E00F23FB180122E6
:105D80001A700F23FB181B781800BD4605B090BD94
:105D9000302F00202C2F002080B500AF054B1B7842
:105DA0001A00054B1B68D218034B1A60C046BD464B
:105DB00080BDC046302F00206014002080B500AFA9
:105DC000024B1B681800BD4680BDC0466014002011
:105DD00080B500AF024B1B681800BD4680BDC046B1
:105DE0002C2F002080B584B000AF7860FFF7E6FF6D
:105DF0000300BB607B68FB60FB68013305D00A4B86
:105E00001B781A00FB689B18FB60C046FFF7D6FFA3
:105E10000200BB68D31AFA689A42F7D8C046C04657
:105E2000BD4604B080BDC046302F002080B500AF15
:105E3000044B1A68034B02218A431A60C046BD46D0
:105E400080BDC04610E000E080B500AF044B1A688A
:105E5000034B02210A431A60C046BD4680BDC046BE
:105E600010E000E080B582B000AF0200FB1D1A70A8
:105E7000FB1D1B787F2B09D8FB1D1B781A001F23E5
:105E80001A40044B012191400A001A60C046BD46E9
:105E900002B080BD00E100E080B582B000AF02003A
:105EA000FB1D1A70FB1D1B787F2B10D8FB1D1B7868
:105EB0001A001F231340084901229A401300802230
:105EC0008B50BFF34F8FC046BFF36F8FC046C046A5
:105ED000BD4602B080BDC04600E100E090B583B091
:105EE00000AF02003960FB1D1A70FB1D1B787F2B71
:105EF00028D82F4AFB1D1B785BB29B08C0339B0040
:105F00009B58FA1D1278110003220A40D200FF218B
:105F100091400A00D2431A4011003B689B01FF22C6
:105F20001A40FB1D1B78180003230340DB009A4036
:105F30001F48FB1D1B785BB29B080A43C0339B00C4
:105F40001A5031E01B4AFB1D1B7819000F230B4030
:105F5000083B9B0806339B00D31804331B68FA1DCB
:105F60001278110003220A40D200FF2191400A005A
:105F7000D2431A4011003B689B01FF221A40FB1DCF
:105F80001B78180003230340DB009A400948FB1DDF
:105F90001B781C000F232340083B9B080A43063351
:105FA0009B00C31804331A60C046BD4603B090BDC1
:105FB00000E100E000ED00E080B582B000AF786065
:105FC0007B685A1E80235B049A4201D3012310E0B0
:105FD0000A4B7A68013A5A6001235B420321180098
:105FE000FFF77CFF054B00229A60044B07221A60E2
:105FF00000231800BD4602B080BDC04610E000E09E
:1060000080B584B000AFB9607A600F217B18021CA4
:106010001A70BA687B181B785BB211001800FFF782
:106020005DFFC046BD4604B080BD80B582B000AF04
:106030000200FB1D1A70FB1D1B785BB21800FFF7F6
:1060400011FFC046BD4602B080BD80B582B000AF32
:106050000200FB1D1A70FB1D1B785BB21800FFF7D6
:106060001BFFC046BD4602B080BD80B582B000AF08
:1060700078607B681800FFF79FFF03001800BD469B
:1060800002B080BD80B582B000AF78607B68002B25
:1060900001D101234AE07B681B681A687B681B6892
:1060A00001218A431A607B681B68224A9446634434
:1060B00014211800FAF7BCF803009A007B685A64B0
:1060C0007B681D4A1A647B681B6800221A607B6823
:1060D0005B6C3C221A407B681B6C012191400A00DA
:1060E0005A607B685B6C9B089B009122D2059A18D2
:1060F0007B689A647B689B6C00221A607B68002234
:10610000DA627B6800221A637B6800225A637B682C
:1061100000229A637B680022DA637B6825220021D3
:1061200099547B6824220021995400231800BD460D
:1061300002B080BDF8FF8FB70000704880B586B010
:1061400000AFF860B9607A603B601723FB1800224B
:106150001A70FB6824229B5C012B01D102234FE0C3
:10616000FB68242201219954FB6825229B5CDBB249
:10617000012B3AD1FB68252202219954FB680022A9
:10618000DA63FB681B681A68FB681B6801218A4395
:106190001A603B687A68B968F86800F0BBF8FB6879
:1061A0001B6B002B08D0FB681B681A68FB681B6818
:1061B0000E210A431A600FE0FB681B681A68FB682F
:1061C0001B6804218A431A60FB681B681A68FB6815
:1061D0001B680A210A431A60FB681B681A68FB687F
:1061E0001B6801210A431A6007E0FB682422002192
:1061F00099541723FB1802221A701723FB181B78D7
:106200001800BD4606B080BD80B582B000AF786092
:106210007B68002B01D1012331E07B6825229B5C48
:10622000DBB2022B08D07B680422DA637B6824226D
:1062300000219954012322E07B681B681A687B685F
:106240001B680E218A431A607B681B681A687B688A
:106250001B6801218A431A607B685B6C3C221A40F0
:106260007B681B6C012191400A005A607B682522E3
:10627000012199547B68242200219954002318009D
:10628000BD4602B080BD80B584B000AF78600F21FC
:106290007B1800221A707B6825229B5CDBB2022BE4
:1062A00006D07B680422DA637B1801221A702AE088
:1062B0007B681B681A687B681B680E218A431A601A
:1062C0007B681B681A687B681B6801218A431A6017
:1062D0007B685B6C3C221A407B681B6C01219140FF
:1062E0000A005A607B682522012199547B68242288
:1062F000002199547B689B6B002B04D07B689B6BBF
:106300007A68100098470F23FB181B781800BD46C9
:1063100004B080BD80B584B000AFF860B9607A6029
:106320003B60FB685B6C3C221A40FB681B6C0121E4
:1063300091400A005A60FB681B683A685A60FB6823
:106340009B68102B08D1FB681B687A689A60FB6811
:106350001B68BA68DA6007E0FB681B68BA689A6075
:10636000FB681B687A68DA60C046BD4604B080BD31
:10637000B0B586B000AFF860B9607A601D4B1B788D
:10638000012B01D1022331E01A4B01221A70194B63
:1063900000225A6017257C19FA239B00180000F090
:1063A0002BF8030023707B191B78002B18D1FB6896
:1063B000002B06D17A68BB681100180000F056F86F
:1063C00005E07A68BB681100180000F071F8172327
:1063D000FC18FA239B00180000F00EF8030023704D
:1063E000044B00221A701723FB181B781800BD46B7
:1063F00006B0B0BD6414002080B584B000AF7860F2
:10640000FFF7DCFC0300FB600CE07B68013309D084
:10641000FFF7D4FC0200FB68D31A7A689A4201D8CD
:1064200003231BE00F4B1B6901221340012BECD10E
:106430000C4B1B690C2213400C2B0ED1094B9A6894
:10644000094B5B681A43084B5A60064B1A69054BA7
:106450000C210A431A61012300E000231800BD4605
:1064600004B080BD001000406414002080B582B0EC
:1064700000AF786039600C4B1A690B4B0F210A434F
:106480001A617B68094A944663449A08064B1204D1
:10649000120C9A61044B3A681A64034B33221A6057
:1064A000C046BD4602B080BD001000400000FCEFB9
:1064B00080B584B000AF786039603B68FB60174BF3
:1064C0001A69164B0F210A431A617B68144A9446D5
:1064D00063449A08114B1204120C9A610F4AFB682C
:1064E0001B681364FB680433FB600C4AFB681B6881
:1064F0005364FB680433FB60084AFB681B689364C1
:10650000FB680433FB60054AFB681B68D364034BDC
:10651000CC221A60C046BD4604B080BD00100040C9
:106520000000FCEFB0B584B000AF78603960274B55
:106530001B78012B01D1022343E0244B01221A7066
:10654000224B00225A607B681B68FF2B0BD100F0A6
:106550003FF80F23FC18FA239B001800FFF74CFFAD
:106560000300237027E03B68012252421A607B68D7
:106570005B68BB6017E0BB68180000F039F80F25B6
:106580007C19FA239B001800FFF736FF03002370E5
:106590007B191B78002B03D03B68BA681A600AE0AD
:1065A000BB680133BB607B685A687B689B68D31803
:1065B000BA689A42DFD3054B00221A700F23FB18EA
:1065C0001B781800BD4604B0B0BDC046641400205E
:1065D00080B500AF054B1A69044B0F210A431A61BD
:1065E000024B22221A60C046BD4680BD001000400A
:1065F00080B582B000AF7860094B1A69084B0F2153
:106600000A431A617B68DB029A08054B1204120CDC
:106610009A61034B11221A60C046BD4602B080BD8C
:106620000010004080B586B000AF7860396000236C
:106630007B6190E13B681B6801217A6991400A0007
:106640001340FB60FB68002B00D181E13B685B6875
:1066500003221340012B05D03B685B6803221340E3
:10666000022B30D17B689B683B617B695B00032216
:106670009A401300DA433B6913403B613B68DA6898
:106680007B695B009A4013003A6913433B617B6866
:106690003A699A607B685B683B6101227B699A403A
:1066A0001300DA433B6913403B613B685B681B099D
:1066B00001221A407B699A4013003A6913433B61F7
:1066C0007B683A695A603B685B6803221340032B7E
:1066D00017D07B68DB683B617B695B0003229A40D3
:1066E0001300DA433B6913403B613B689A687B695E
:1066F0005B009A4013003A6913433B617B683A6937
:10670000DA603B685B6803221340022B23D17B696C
:10671000DA087B6808329200D3583B617B69072214
:1067200013409B000F229A401300DA433B69134049
:106730003B613B681A697B6907210B409B009A40CB
:1067400013003A6913433B617B69DA087B680832BE
:1067500092003969D1507B681B683B617B695B00A3
:1067600003229A401300DA433B6913403B613B68C4
:106770005B6803221A407B695B009A4013003A6908
:1067800013433B617B683A691A603B685A68C023CF
:106790009B02134000D1DBE03B685A688023DB0298
:1067A000134030D08023DB05DB683B617A6890239F
:1067B000DB059A4211D101227B699A401300DB4329
:1067C0001A003B6913403B6101227B699A40130028
:1067D0001A003B6913433B6111E001227B699A4037
:1067E00013001B04DB431A003B6913403B61012289
:1067F0007B699A4013001B043A6913433B61802371
:10680000DB053A69DA603B685A6880235B03134012
:1068100030D08023DB051B693B617A689023DB0560
:106820009A4211D101227B699A401300DB431A007E
:106830003B6913403B6101227B699A4013001A00B7
:106840003B6913433B6111E001227B699A401300CD
:106850001B04DB431A003B6913403B6101227B6947
:106860009A4013001B043A6913433B618023DB0504
:106870003A691A613B685A688023DB03134030D0C1
:106880008023DB055B693B617A689023DB059A42D4
:1068900011D101227B699A401300DB431A003B6946
:1068A00013403B6101227B699A4013001A003B6947
:1068B00013433B6111E001227B699A4013001B04E2
:1068C000DB431A003B6913403B6101227B699A401C
:1068D00013001B043A6913433B618023DB053A69CB
:1068E0005A613B685A6880235B02134030D0802392
:1068F000DB059B693B617A689023DB059A4211D1E5
:1069000001227B699A401300DB431A003B69134064
:106910003B6101227B699A4013001A003B691343D3
:106920003B6111E001227B699A4013001B04DB43A9
:106930001A003B6913403B6101227B699A401300B6
:106940001B043A6913433B618023DB053A699A6172
:106950007B6901337B613B681A687B69DA40131EEF
:1069600000D067E6C046C046BD4606B080BD80B5D3
:1069700086B000AF7860396000237B61CFE00122F0
:106980007B699A403B681340FB60FB68002B00D199
:10699000C2E08023DB059B693B617A689023DB05BD
:1069A0009A4209D101227B699A401300DB431A0005
:1069B0003B6913403B6109E001227B699A40130067
:1069C0001B04DB431A003B6913403B618023DB055A
:1069D0003A699A618023DB05DB683B617A68902322
:1069E000DB059A4209D101227B699A401300DB43FF
:1069F0001A003B6913403B6109E001227B699A4020
:106A000013001B04DB431A003B6913403B618023E6
:106A1000DB053A69DA608023DB051B693B617A6834
:106A20009023DB059A4209D101227B699A40130029
:106A3000DB431A003B6913403B6109E001227B699B
:106A40009A4013001B04DB431A003B6913403B616F
:106A50008023DB053A691A618023DB055B693B61B2
:106A60007A689023DB059A4209D101227B699A401A
:106A70001300DB431A003B6913403B6109E001222C
:106A80007B699A4013001B04DB431A003B691340E7
:106A90003B618023DB053A695A617B681A687B6930
:106AA0005B00032199400B001A437B681A607B69E5
:106AB000DA087B6808329200D3587A6907210A40C5
:106AC00092000F2191400A00D1437A69D2081940FF
:106AD0007B6808329200D1507B68DB687A6952008B
:106AE000032191400A00D2431A407B68DA607B6838
:106AF0005B6801217A6991400A00D2431A407B68A1
:106B00005A607B689B687A695200032191400A00B1
:106B1000D2431A407B689A607B6901337B613A6893
:106B20007B69DA40131E00D029E7C046C046BD4647
:106B300006B080BD80B582B000AF7860080011005B
:106B4000BB1C021C1A807B1C0A1C1A707B1C1B7845
:106B5000002B04D0BB1C1A887B689A6103E0BB1C25
:106B60001A887B689A62C046BD4602B080BD80B577
:106B700084B000AF78600A00BB1C1A807B685B6938
:106B8000FB60BB1C1B88FA6813401A04FB68DB43DC
:106B9000B91C09880B401A437B689A61C046BD4600
:106BA00004B080BD80B582B000AF78607B68002BF8
:106BB00001D101238FE07B6841229B5CDBB2002B7B
:106BC00007D17B684022002199547B681800FCF7AC
:106BD00023FE7B684122242199547B681B681A6834
:106BE0007B681B6801218A431A607B685A687B684E
:106BF0001B683B490A401A617B681B689A687B687E
:106C00001B6838490A409A607B68DB68012B08D111
:106C10007B689A687B681B68802109020A439A6036
:106C200007E07B689A687B681B68842109020A4335
:106C30009A607B68DB68022B09D17B681B685A6805
:106C40007B681B68802109010A435A6007E07B6862
:106C50001B685A687B681B6823490A405A607B6836
:106C60001B685A687B681B6820490A435A607B6826
:106C70001B68DA687B681B681A490A40DA607B681F
:106C80001A697B685B691A4311007B689B691A0269
:106C90007B681B680A43DA607B68D9697B681A6A7B
:106CA0007B681B680A431A607B681B681A687B68EC
:106CB0001B6801210A431A607B6800225A647B68C2
:106CC0004122202199547B6800221A637B6842226A
:106CD0000021995400231800BD4602B080BDC04673
:106CE000FFFFFFF0FF7FFFFFFFF7FFFF00800002C5
:106CF00090B589B002AFF8600C00100019000A23AB
:106D0000FB18221C1A800823FB18021C1A80BB1DCA
:106D10000A1C1A80FB6841229B5CDBB2202B00D04E
:106D20000CE1BB6A002B04D02C23FB181B88002B22
:106D300005D1FB68802292005A640123FFE0FB68C2
:106D400040229B5C012B01D10223F8E0FB6840222A
:106D500001219954FFF732F803007B618023190267
:106D6000F8687B6900931923012200F00BFB031ED6
:106D700001D00123E3E0FB68412221219954FB6803
:106D8000422240219954FB6800225A64FB68BA6A87
:106D90005A62FB682C22BA1812885A85FB680022B6
:106DA0005A63BB1D1C880823FB181A880A23FB188A
:106DB0001988F8687B6901933B6B0093230000F00E
:106DC000F9F9031E05D0FB684022002199540123E4
:106DD000B5E0FB685B8D9BB2FF2B11D9FB68FF22EE
:106DE0001A85FB681B8DDAB280235C040A23FB182A
:106DF0001988F86800230093230000F09DFC12E03E
:106E0000FB685B8D9AB2FB681A85FB681B8DDAB252
:106E100080239C040A23FB181988F8680023009338
:106E2000230000F089FC7A69396BFB68180000F0D8
:106E300001FB031E01D0012381E0FB685B6A1A7825
:106E4000FB681B689A62FB685B6A5A1CFB685A62A3
:106E5000FB685B8D9BB2013B9AB2FB685A85FB686D
:106E60001B8D013B9AB2FB681A85FB685B8D9BB258
:106E7000002B3AD0FB681B8D002B36D13A6BF8689B
:106E80007B69009313000022802100F07BFA031E2F
:106E900001D0012353E0FB685B8D9BB2FF2B11D91E
:106EA000FB68FF221A85FB681B8DDAB280235C0425
:106EB0000A23FB181988F86800230093230000F0C8
:106EC0003BFC12E0FB685B8D9AB2FB681A85FB689D
:106ED0001B8DDAB280239C040A23FB181988F868FA
:106EE00000230093230000F027FCFB685B8D9BB21E
:106EF000002B98D17A69396BFB68180000F0E0FA32
:106F0000031E01D001231AE0FB681B682022DA610E
:106F1000FB681B685A68FB681B680B490A405A608B
:106F2000FB68412220219954FB6842220021995498
:106F3000FB68402200219954002300E0022318003E
:106F4000BD4607B090BDC04600E800FE90B589B0D0
:106F500002AFF8600C00100019000A23FB18221C75
:106F60001A800823FB18021C1A80BB1D0A1C1A80F9
:106F7000FB6841229B5CDBB2202B00D010E1BB6A96
:106F8000002B04D02C23FB181B88002B05D1FB6899
:106F9000802292005A64012303E1FB6840229B5C3B
:106FA000012B01D10223FCE0FB684022012199540E
:106FB000FEF704FF03007B6180231902F8687B69F8
:106FC00000931923012200F0DDF9031E01D00123F3
:106FD000E7E0FB68412222219954FB6842224021CC
:106FE0009954FB6800225A64FB68BA6A5A62FB68CB
:106FF0002C22BA1812885A85FB6800225A63BB1DDE
:107000001C880823FB181A880A23FB181988F868BB
:107010007B6901933B6B0093230000F02FF9031E63
:1070200005D0FB684022002199540123B9E0FB6898
:107030005B8D9BB2FF2B11D9FB68FF221A85FB6881
:107040001B8DDAB280235C040A23FB181988F868C8
:10705000564B0093230000F06FFB12E0FB685B8D42
:107060009AB2FB681A85FB681B8DDAB280239C04F8
:107070000A23FB181988F8684C4B0093230000F092
:107080005BFB3A6BF8687B690093130000220421D4
:1070900000F078F9031E01D0012382E0FB681B6831
:1070A0005A6AFB685B6AD2B21A70FB685B6A5A1C48
:1070B000FB685A62FB681B8D013B9AB2FB681A851C
:1070C000FB685B8D9BB2013B9AB2FB685A85FB68FB
:1070D0005B8D9BB2002B3AD0FB681B8D002B36D109
:1070E0003A6BF8687B69009313000022802100F05E
:1070F00049F9031E01D0012353E0FB685B8D9BB26D
:10710000FF2B11D9FB68FF221A85FB681B8DDAB2B1
:1071100080235C040A23FB181988F8680023009375
:10712000230000F009FB12E0FB685B8D9AB2FB685C
:107130001A85FB681B8DDAB280239C040A23FB1896
:107140001988F86800230093230000F0F5FAFB6823
:107150005B8D9BB2002B94D17A69396BFB68180068
:1071600000F0AEF9031E01D001231AE0FB681B6892
:107170002022DA61FB681B685A68FB681B680C49AF
:107180000A405A60FB68412220219954FB68422240
:1071900000219954FB68402200219954002300E00B
:1071A00002231800BD4607B090BDC04600240080F1
:1071B00000E800FEB0B586B002AFF8600C00100029
:1071C00019000A257B19221C1A800823FB18021CAF
:1071D0001A80BB1D0A1C1A80BB1D1B88DAB28023D3
:1071E0005C047B191988F868234B0093230000F096
:1071F000A3FA7A6A396AFB68180000F01BF9031ECB
:1072000001D0012333E0BB1D1B88012B07D10823CC
:10721000FB181B88DAB2FB681B689A6219E0082326
:10722000FB181B881B0A9BB2DAB2FB681B689A62C8
:107230007A6A396AFB68180000F0FCF8031E01D076
:10724000012314E00823FB181B88DAB2FB681B68D3
:107250009A623A6AF8687B6A0093130000228021E0
:1072600000F090F8031E01D0012300E00023180075
:10727000BD4604B0B0BDC04600200080B0B586B0A9
:1072800002AFF8600C00100019000A257B19221CBF
:107290001A800823FB18021C1A80BB1D0A1C1A80C6
:1072A000BB1D1B88DAB27B191988F868234B009341
:1072B000002300F041FA7A6A396AFB68180000F08E
:1072C000B9F8031E01D0012333E0BB1D1B88012B3D
:1072D00007D10823FB181B88DAB2FB681B689A6287
:1072E00019E00823FB181B881B0A9BB2DAB2FB6863
:1072F0001B689A627A6A396AFB68180000F09AF88B
:10730000031E01D0012314E00823FB181B88DAB206
:10731000FB681B689A623A6AF8687B6A00931300FC
:107320000022402100F02EF8031E01D0012300E0CE
:1073300000231800BD4604B0B0BDC0460020008048
:1073400080B582B000AF78607B681B689B690222C1
:107350001340022B03D17B681B6800229A627B6872
:107360001B689B6901221340012B07D07B681B68B7
:107370009A697B681B6801210A439A61C046BD4631
:1073800002B080BD80B584B000AFF860B9603B60EA
:10739000FB1D1A703AE0BA693968FB68180000F002
:1073A000D3F8031E01D0012340E03B6801332DD008
:1073B000FEF704FD0200BB69D31A3A689A4202D371
:1073C0003B68002B22D1FB681B689B69BA6813409D
:1073D000BA68D31A5A425341DBB21A00FB1D1B781C
:1073E0009A4213D1FB685B6C20221A43FB685A64F3
:1073F000FB68412220219954FB68422200219954C4
:10740000FB6840220021995401230FE0FB681B68B0
:107410009B69BA681340BA68D31A5A425341DBB227
:107420001A00FB1D1B789A42B5D000231800BD46F8
:1074300004B080BD80B584B000AFF860B9607A60F8
:1074400032E07A68B968FB68180000F07DF8031E26
:1074500001D0012330E0BB68013325D0FEF7AEFC3C
:1074600002007B68D31ABA689A4202D3BB68002B29
:107470001AD1FB681B689B6902221340022B13D0B0
:10748000FB685B6C20221A43FB685A64FB6841224C
:1074900020219954FB68422200219954FB68402224
:1074A00000219954012307E0FB681B689B690222B5
:1074B0001340022BC5D100231800BD4604B080BD87
:1074C00080B584B000AFF860B9607A602FE07A6868
:1074D000B968FB68180000F037F8031E01D00123DB
:1074E0002DE0FEF76BFC02007B68D31ABA689A4263
:1074F00002D3BB68002B1AD1FB681B689B69202252
:107500001340202B13D0FB685B6C20221A43FB68CE
:107510005A64FB68412220219954FB6842220021D1
:107520009954FB68402200219954012307E0FB682D
:107530001B689B6920221340202BC8D10023180010
:10754000BD4604B080BD000080B58AB000AFF860D1
:10755000B9607A602723FB1800221A70FB681B6849
:107560009B69BB6100233B627B68FB61BB691022A6
:10757000134000D179E0FB681B681022DA6157E004
:107580002722BB18BA1812781A70BB6801334FD083
:10759000FEF714FC0200FB69D31ABA689A4202D3C0
:1075A000BB68002B44D1FB681B685A688023DB0151
:1075B00013407B6113203B18FA684221525C1A7019
:1075C000FB681B689A6980231B021A4080231B02F8
:1075D0009A4226D17A698023DB019A4221D03B1856
:1075E0001B78202B1DD0FB681B685A68FB681B6842
:1075F0008021C9010A435A60FEF7E0FB0300FB61EA
:107600000FE0FEF7DBFB0200FB69D31A192B08D948
:107610003B6A202213433B622723FB1801221A7086
:1076200006E0FB681B689B6920221340202BE8D1F1
:10763000FB681B689B6920221340202B04D0272362
:10764000FB181B78002B9BD02723FB181B78002BE3
:1076500003D1FB681B682022DA613B6A04221343D2
:107660003B622723FB1801221A70FB681B689B6989
:10767000BB61BA6980235B0013400CD03B6A0122D6
:1076800013433B62FB681B6880225200DA612723A8
:10769000FB1801221A70BA698023DB0013400CD05A
:1076A0003B6A082213433B62FB681B688022D200BE
:1076B000DA612723FB1801221A70BA6980239B0024
:1076C00013400CD03B6A022213433B62FB681B68E9
:1076D00080229200DA612723FB1801221A702723E7
:1076E000FB181B78002B1DD0FB681800FFF728FE45
:1076F000FB681B685A68FB681B680E490A405A60A1
:10770000FB685A6C3B6A1A43FB685A64FB68412267
:1077100020219954FB68422200219954FB684022A1
:10772000002199542723FB181B781800BD460AB086
:1077300080BDC04600E800FE90B587B000AFF8609D
:10774000080011007B600A243B19021C1A800920E2
:107750003B180A1C1A703B191B889B059A0D3B1895
:107760001B781904FF231B040B401A437B681A4340
:10777000BB6A13435B005B087B61FB681B685B684B
:10778000BA6A510D8022D2000A4007490A43D24307
:107790001A401100FB681B687A690A435A60C046A8
:1077A000BD4607B090BDC046FF63FF0380B582B001
:1077B00000AF786039607B6841229B5CDBB2202B94
:1077C00038D17B6840229B5C012B01D1022332E03F
:1077D0007B684022012199547B68412224219954DD
:1077E0007B681B681A687B681B6801218A431A60E2
:1077F0007B681B681A687B681B6811490A401A601D
:107800007B681B6819687B681B683A680A431A60C2
:107810007B681B681A687B681B6801210A431A6031
:107820007B684122202199547B6840220021995491
:10783000002300E002231800BD4602B080BDC04610
:10784000FFEFFFFF80B584B000AF786039607B68E0
:1078500041229B5CDBB2202B39D17B6840229B5CB0
:10786000012B01D1022333E07B684022012199548E
:107870007B684122242199547B681B681A687B68C5
:107880001B6801218A431A607B681B681B68FB60C8
:10789000FB68114A1340FB603B681B02FA68134304
:1078A000FB607B681B68FA681A607B681B681A6853
:1078B0007B681B6801210A431A607B6841222021F2
:1078C00099547B68402200219954002300E0022350
:1078D0001800BD4604B080BDFFF0FFFF80B584B046
:1078E00000AF78600F23FB1800221A707B68002B12
:1078F00032D07B681B79DBB2002B03D17B68180088
:10790000FDF7D4F97B6802221A717B681B681A683C
:107910007B681B6880210A431A607B681B681A68B1
:107920007B681B6880218A431A607B681B685A68E1
:107930007B681B680D210A435A607B681B685A6884
:107940007B681B680D218A435A607B6800229A601D
:107950007B6801221A7103E00F23FB1801221A70C1
:107960000F23FB181B781800BD4604B080BD80B5FE
:1079700084B000AF78607B681B689B68FB607B68A5
:107980001B685B68BB60FB680822134019D0BB68AA
:107990000822134015D07B689B6801221A437B683C
:1079A0009A607B681B685A687B681B6808210A43D9
:1079B0005A607B681B685A687B681B6808218A4389
:1079C0005A60FB680422134019D0BB68042213409C
:1079D00015D07B689B6802221A437B689A607B689B
:1079E0001B685A687B681B6804210A435A607B68DD
:1079F0001B685A687B681B6804218A435A607B684D
:107A00009B68002B03D07B68180006F0E9FEFB683A
:107A1000012213401AD0BB680122134016D07B68A4
:107A20001B685A687B681B6801210A435A607B689F
:107A30001B685A687B681B6801218A435A607B680F
:107A400001221A717B68180006F0BCFEC046BD46D4
:107A500004B080BD80B582B000AF074B1B691B042A
:107A60001B0C7B60044B9B6B1A047B681343180050
:107A7000BD4602B080BDC0460000504880B582B00F
:107A800000AF7860064B7A681204120C1A61044B3E
:107A90007A68120C9A63C046BD4602B080BDC046EB
:107AA0000000504880B500AF074B1A688023DB0008
:107AB0001A408023DB009A4201D1012300E0002319
:107AC0001800BD4680BDC0460000404880B500AFEC
:107AD000094B9A68084B04218A439A60C046FFF715
:107AE000E1FF031EFBD0044B9A68034B02218A433B
:107AF0009A60C046BD4680BD0000404880B500AFDA
:107B0000084B9B6802221340022B07D1054B9B6850
:107B100004221340042B01D1012300E000231800AC
:107B2000BD4680BD0000404880B500AF044B1A68D8
:107B3000034B10218A431A60C046BD4680BDC04633
:107B40000000404880B500AF054B1B682022134061
:107B5000202B01D1012300E000231800BD4680BD89
:107B60000000404880B500AF044B1A68034B042165
:107B70008A431A60C046BD4680BDC04600004048EA
:107B800080B500AF054B1B6808221340082B01D1BC
:107B9000012300E000231800BD4680BD00004048DE
:107BA00080B584B000AF7860074B196E064B7A68D9
:107BB0000A431A66044B1B6E7A681340FB60FB682D
:107BC000C046BD4604B080BD0000404880B582B0CC
:107BD00000AF7860064B1B6E7A6813407A689A4251
:107BE00001D1012300E000231800BD4602B080BD92
:107BF0000000404880B582B000AF7860054B1A6E37
:107C00007B68D943034B0A401A66C046BD4602B0A2
:107C100080BDC0460000404880B582B000AF7860AB
:107C200039603B68012B0FD1194BD9687B681B0465
:107C30001A0C174B0A43DA60154B596B7B681A0C08
:107C4000134B0A435A6310E0114BDA687B681B043C
:107C50001B0CD9430E4B0A40DA600D4B5A6B7B6804
:107C60001B0CD9430A4B0A405A63094B99687B683D
:107C70001B041A0C064B0A439A60054B196B7B6870
:107C80001A0C034B0A431A63C046BD4602B080BDBE
:107C90000000504880B582B000AFFFF7DBFE030064
:107CA0007B607B681800FFF7E9FE7B681800BD4623
:107CB00002B080BD80B500AF044B1A69034B0421AC
:107CC0008A431A6130BFC046BD4680BD00ED00E06A
:107CD00080B584B000AF78600F23FB1800221A70C3
:107CE0007B681B68002B03D1FFF71EFFFFF73AFFED
:107CF0000120FFF76BFF031E06D10F23FB180122A3
:107D00001A700120FFF74CFF194B9A6A80239B05DC
:107D100013400CD1164B1A6B8023DB05134006D1A0
:107D2000134B9A6A124B802109060A439A620F2369
:107D3000FB181B78002B02D00120FFF75BFFFFF739
:107D4000DDFE031E01D0FFF7C1FE7B681B68002B20
:107D500008D1C046FFF7F6FE031EFBD1FFF710FF68
:107D6000031EF7D100231800BD4604B080BDC046F5
:107D70000018006080B582B000AFFFF78BFF0300F2
:107D80007B607B68002B03D07B68180000F004F850
:107D9000C046BD4602B080BD80B582B000AF7860FD
:107DA000C046BD4602B080BD80B584B000AF7860EB
:107DB00039600F23FB1800221A707B68002B03D058
:107DC0007B68012B0ED01BE0134B196A124B3A68EB
:107DD0000A431A62104B5A6A3B68D9430E4B0A4059
:107DE0005A6212E00C4B996A0B4B3A680A439A624A
:107DF000094BDA6A3B68D943074B0A40DA6204E070
:107E00000F23FB1801221A70C0460F23FB181B78A2
:107E10001800BD4604B080BD0000504880B584B055
:107E200000AF786039600F23FB1800221A707B685E
:107E3000002B03D07B68012B08D00FE00D4B1A6A92
:107E40003B68D9430B4B0A401A620CE0094B9A6A13
:107E50003B68D943074B0A409A6204E00F23FB18A2
:107E600001221A70C0460F23FB181B781800BD466C
:107E700004B080BD0000504880B584B000AF786089
:107E800039600F23FB1800221A707B68002B03D087
:107E90007B68012B0ED01BE0134B596A124B3A68DA
:107EA0000A435A62104B1A6A3B68D9430E4B0A4088
:107EB0001A6212E00C4BD96A0B4B3A680A43DA6239
:107EC000094B9A6A3B68D943074B0A409A6204E01F
:107ED0000F23FB1801221A70C0460F23FB181B78D2
:107EE0001800BD4604B080BD0000504880B584B085
:107EF00000AF786039600F23FB1800221A707B688E
:107F0000002B03D07B68012B08D00FE00D4B5A6A81
:107F10003B68D9430B4B0A405A620CE0094BDA6AC2
:107F20003B68D943074B0A40DA6204E00F23FB1891
:107F300001221A70C0460F23FB181B781800BD469B
:107F400004B080BD0000504880B582B000AF7860BA
:107F5000044B1B68034B7A681A60C046BD4602B0EA
:107F600080BDC046C000002080B582B000AF786000
:107F7000074B5B68074A134019007B681B021B0410
:107F80001A0C034B0A435A60C046BD4602B080BD7E
:107F9000C0000020FF00FFFF80B582B000AF786016
:107FA000084B5B68084A134019007B681A04FF23DA
:107FB0001B041A40034B0A435A60C046BD4602B038
:107FC00080BDC046C0000020FFFF00FF80B582B02A
:107FD00000AF7860064B5B681B02190A7B681A06C3
:107FE000034B0A435A60C046BD4602B080BDC0463E
:107FF000C000002080B582B000AF7860074B9B685E
:10800000FF22934319007B68FF221A40034B0A4367
:108010009A60C046BD4602B080BDC046C000002088
:1080200080B582B000AF7860074B9B68074A134069
:1080300019007B681B021B041A0C034B0A439A604D
:10804000C046BD4602B080BDC0000020FF00FFFF5B
:1080500080B582B000AF7860084B9B68084A134037
:1080600019007B681A04FF231B041A40034B0A43C0
:108070009A60C046BD4602B080BDC046C000002028
:10808000FFFF00FF80B582B000AF7860064B9B68B1
:108090001B02190A7B681A06034B0A439A60C04602
:1080A000BD4602B080BDC046C000002080B582B091
:1080B00000AF7860074BDB68FF22934319007B68B1
:1080C000FF221A40034B0A43DA60C046BD4602B0A5
:1080D00080BDC046C000002080B582B000AF78608F
:1080E000074BDB68074A134019007B681B021B041F
:1080F0001A0C034B0A43DA60C046BD4602B080BD8D
:10810000C0000020FF00FFFF80B582B000AF7860A4
:10811000084BDB68084A134019007B681A04FF23E8
:108120001B041A40034B0A43DA60C046BD4602B046
:1081300080BDC046C0000020FFFF00FF80B582B0B8
:1081400000AF7860084BDB68084A134019007B6871
:108150001A06FC239B051A40034B0A43DA60C0460B
:10816000BD4602B080BDC046C0000020FFFFFFC07A
:1081700080B582B000AF7860074B1B69FF22934344
:1081800019007B68FF221A40034B0A431A61C0465C
:10819000BD4602B080BDC046C000002080B500AF23
:1081A000044B5A69034B04210A435A61C046BD4639
:1081B00080BDC046C000002080B500AF044B5A69A6
:1081C000034B802109040A435A61C046BD4680BD65
:1081D000C000002080B500AF044B5A69034B8021DA
:1081E00089050A435A61C046BD4680BDC0000020D3
:1081F00080B500AF044B5A69034B8021C9050A437F
:108200005A61C046BD4680BDC000002080B582B026
:1082100000AF78607B68DB68032293431A007B68B9
:10822000DA60C046BD4602B080BD80B582B000AF06
:1082300078607B68DB68032293431A007B68DA600E
:10824000C046BD4602B080BD80B582B000AF786048
:108250007B689B6A034A1A407B689A62C046BD46A7
:1082600002B080BDFFFFFFBF90B58DB000AF78605A
:10827000144B7B61144B1B68144A93422AD1144B54
:108280001B681B0A0F221340FB62114B1B681B0B60
:108290000F221340BB620E4B1B681B0C0F221340B6
:1082A0007B620B4B1B681B0D072213403B62084B84
:1082B0001B681B0E07221340FB611B23FB180122C6
:1082C0001A7011E08C140020F81E0010CCECBCFCDD
:1082D000E81E00100823FB620723BB6208237B62B1
:1082E0001B23FB1800221A70FC4B00221A717B68BA
:1082F000002B03D07B681800FCF75EFDC023DB0574
:108300001800FFF783FFC023DB051800FFF78DFF80
:10831000F34B1800FFF798FFF24A9E239B00D358B7
:108320000F2293431A007B6A0F210B40ED491A4339
:108330009E239B00CA50EB4A9D239B00D358F022FA
:1083400093431A00BB6A1B01FF210B40E5491A4306
:108350009D239B00CA50E34A9D239B00D3580F22C4
:1083600093431A00FB6A0F210B40DE491A439D23F9
:108370009B00CA501B23FB181B78002B1ED0D94A28
:1083800092239B00D358072293431A003B6A07218C
:108390000B40D4491A4392239B00CA50D14A9223DE
:1083A0009B00D358382293431A00FB69DB00382125
:1083B0000B40CC491A4392239B00CA50C94AA423BC
:1083C0005B00D358FF229343C64955221A43A42386
:1083D0005B00CA50C34AAA235B00D358FF229343D1
:1083E000C04966221A43AA235B00CA50BD4AB4237F
:1083F0005B00D358FF229343BA4955221A43B42352
:108400005B00CA50B74AC4235B00D358FF22934392
:10841000B4491D221A43C4235B00CA50B14AC22387
:108420005B00D358FF229343AE4959221A43C2231B
:108430005B00CA50AB4AC6235B00D358FF2293436C
:10844000A84932221A43C6235B00CA50A54AB62364
:108450005B00D358A34901221A43B6235B00CA50DC
:108460004020FFF781FD3F20FFF796FD0920FFF731
:10847000ADFD7420FFF7ECFD3820FFF703FE7620FA
:10848000FFF7B8FD3A20FFF7CBFD1020FFF73CFEC9
:108490001020FFF753FE0520FFF76AFE1420FFF7B8
:1084A00005FE0520FFF718FEFFF778FEFFF784FEB4
:1084B000FFF790FE13203B1800221A703B181B7820
:1084C0003A18591C11701A007B699B1801221A7006
:1084D0003B181B783A18591C11701A007B699B18BD
:1084E0005E221A707F4A9E239B00D1583B181B784E
:1084F00004003A18581C10701A007B699B18CAB205
:108500001A7020003B181B783A18591C11701A0079
:108510007B699B1801221A703B181B783A18591C6A
:1085200011701A007B699B185D221A706D4A9D2399
:108530009B00D1583B181B7804003A18581C107047
:108540001A007B699B18CAB21A7020003B181B786E
:108550003A18591C11701A007B699B1801221A7075
:108560003B181B783A18591C11701A007B699B182C
:1085700052221A705B4A92239B00D1583B181B78F9
:1085800004003A18581C10701A007B699B18CAB274
:108590001A7020003B181B783A18591C11701A00E9
:1085A0007B699B1801221A703B181B783A18591CDA
:1085B00011701A007B699B1812221A70494AA42371
:1085C0005B00D1583B181B7804003A18581C1070F7
:1085D0001A007B699B18CAB21A7020003B181B78DE
:1085E0003A18591C11701A007B699B1801221A70E5
:1085F0003B181B783A18591C11701A007B699B189C
:1086000015221A70374AAA235B00D1583B181B78F1
:1086100004003A18581C10701A007B699B18CAB2E3
:108620001A7020003B181B783A18591C11701A0058
:108630007B699B1801221A703B181B783A18591C49
:1086400011701A007B699B181A221A70254AB423EC
:108650005B00D1583B181B7804003A18581C107066
:108660001A007B699B18CAB21A7020003B181B784D
:108670003A18591C11701A007B699B1801221A7054
:108680003B181B783A18591C11701A007B699B180B
:1086900022221A70134AC4235B00D1583B181B785E
:1086A00004003A18581C10701A007B699B18CAB253
:1086B0001A7020003B181B783A18591C11701A00C8
:1086C0007B699B1801221A703B181B783A18591CB9
:1086D00011701A007B699B1806E0C046C00000209C
:1086E000001800600014006021221A70494AC22359
:1086F0005B00D1583B181B7804003A18581C1070C6
:108700001A007B699B18CAB21A7020003B181B78AC
:108710003A18591C11701A007B699B1801221A70B3
:108720003B181B783A18591C11701A007B699B186A
:1087300023221A70374AC6235B00D1583B181B7896
:1087400004003A18581C10701A007B699B18CAB2B2
:108750001A7020003B181B783A18591C11701A0027
:108760007B699B1801221A703B181B783A18591C18
:1087700011701A007B699B181B221A70254AB623B8
:108780005B00D1583B181B7804003A18581C107035
:108790001A007B699B18CAB21A703B191B783A19E8
:1087A000591C11701A007B699B1800221A701A4A12
:1087B0001A4B1A60184A194B5A60194A174B9A609B
:1087C000164B0022DA60154B1B681800FFF7BCFB44
:1087D000104B01221A61FFF70BFDC023DB055B681C
:1087E000FB60C023DB05FA685A600E4B5A6C0D4BD8
:1087F00001210A435A640B4B1A6C0A4B01210A43AC
:108800001A64C023DB055B68FB60C046BD460DB043
:1088100090BDC046001400608C1400207C14002021
:10882000881400200018006080B586B000AF244A8C
:10883000A9239B00D358FB60214AAA239B00D3584D
:10884000BB60BB681B021B041A0CFB68FF210B40BA
:1088500013433B611A4AAB239B00D3587B603B69AF
:10886000002B02D07B680B2B02D97F237B6120E099
:108870007A6813005B009B185B00773B7B6105E027
:108880007B6906337B613B695B083B613B691E2B5F
:10889000F6D83A6913005B009B189B009B185B019C
:1088A0009B18084A944663449B0A1A007B699B18EC
:1088B0007B617B695BB21800BD4606B080BDC046D7
:1088C00000140060A046000080B582B000AFC02355
:1088D000DB05DB697B60C023DB055B683B60C02395
:1088E000DB053A685A6000F007FF7A683B6813437B
:1088F000180009F055FB00F0E9FEC023DB055B68BA
:108900003B60C046BD4602B080BD80B500AF08F0F8
:108910005DFCC046BD4680BD80B582B000AF0200A0
:10892000FB1D1A70FB1D1B787F2B09D8FB1D1B78C4
:108930001A001F231A40044B012191400A001A60BB
:10894000C046BD4602B080BD00E100E080B582B007
:1089500000AF78607B68DB680322934302221A43EE
:108960007B68DA60C046BD4602B080BD80B582B08B
:1089700000AF78607B68DB68032293431A007B6852
:10898000DA60C046BD4602B080BD80B582B000AF9F
:1089900078607B68DB6803221340022B01D101233E
:1089A00000E000231800BD4602B080BD80B582B053
:1089B00000AF78607B68DB68032293431A007B6812
:1089C000DA60C046BD4602B080BD80B582B000AF5F
:1089D00078607B68DB6803221340032B01D10123FD
:1089E00000E000231800BD4602B080BD80B582B013
:1089F00000AF786039607B683A681A61C046BD464E
:108A000002B080BD80B582B000AF78607B681B6922
:108A10001800BD4602B080BD80B582B000AF78605E
:108A20007B689B6A8022D2051A437B689A62C046A3
:108A3000BD4602B080BD000080B582B000AF786056
:108A40007B689B6A034A1A407B689A62C046BD46AF
:108A500002B080BDFFFFFFBF80B582B000AF78607D
:108A60007B689A6A8023DB051A408023DB059A42E3
:108A700001D1012300E000231800BD4602B080BDF3
:108A800080B582B000AF78607B681B6B8022D20516
:108A90001A437B681A63C046BD4602B080BD000021
:108AA00080B582B000AF78607B681B6B034A1A40C8
:108AB0007B681A63C046BD4602B080BDFFFFFFBFA2
:108AC00080B582B000AF78600A00FB1C1A70FB1CF6
:108AD0001A787B689A60C046BD4602B080BD80B5FA
:108AE00082B000AF786039607B683A685A62C046ED
:108AF000BD4602B080BD80B582B000AF78607B68B3
:108B00005B6A1800BD4602B080BD80B582B000AF80
:108B1000786039607B683A68DA62C046BD4602B068
:108B200080BD80B582B000AF78607B681B6918009B
:108B3000BD4602B080BD80B582B000AF78607B6872
:108B40009B6A802292051A437B689A62C046BD46A2
:108B500002B080BD80B582B000AF78600A00FB1C17
:108B60001A70084B9B6A072293431900FB1C1B7861
:108B700007221A40034B0A439A62C046BD4602B020
:108B800080BDC0460018006080B582B000AF78603C
:108B90007B681B6C01221A437B681A64C046BD4681
:108BA00002B080BD80B582B000AF78607B689B6CFE
:108BB00001221A437B689A64C046BD4602B080BD5C
:108BC00080B582B000AF78607B685B6C01221A438D
:108BD0007B685A64C046BD4602B080BD80B582B095
:108BE00000AF78607B685B6C01221340012B01D1E0
:108BF000012300E000231800BD4602B080BD80B50F
:108C000082B000AF78607B68DB6C01221A437B681E
:108C1000DA64C046BD4602B080BD80B582B000AF08
:108C200078607B68DB6C01221340012B01D10123AA
:108C300000E000231800BD4602B080BD80B582B0C0
:108C400000AF786039607B683A685A60C046BD46BC
:108C500002B080BD80B582B000AF78607B68002232
:108C60009A60C046BD4602B080BD80B582B000AFFC
:108C700078607B689B681800BD4602B080BD80B5F7
:108C800082B000AF78607B68DB681800BD4602B038
:108C900080BD80B582B000AF78607B681B6901221F
:108CA0001A437B681A61C046BD4602B080BD80B5DC
:108CB00082B000AF78607B681B6901221340012BF2
:108CC00001D1012300E000231800BD4602B080BDA1
:108CD000F0B583B000AF78607C4B1800FFF78FFFD2
:108CE0007A4B1800FFF75EFF1720FFF715FE1420E0
:108CF000FFF712FE754B1800FFF762FF734B180069
:108D0000FFF742FF1820FFF707FE7B681B881A1C3D
:108D100093B2C82B01D2C8231A1C93B219006C4B12
:108D2000982299507B685B685A1E9341DBB21A0007
:108D3000674B1A70664B1B78002B03D17B689B78BE
:108D4000002B02D000F016FE10E0614BC822520347
:108D50001A625F4BC8225203DA615D4B5D4A9A6129
:108D60005B4B5D4A1A615A4B5C4A5A617B685B688F
:108D7000002B08D1A023DB05180000F0C9FC02007D
:108D8000534B5A601DE07B685B681B030A21180087
:108D9000F7F74EFA03001A004D4B5A604C4B5E68D1
:108DA0004F4B180000F0B4FC03009E4202D2484B27
:108DB0005A6804E04A4B180000F0AAFC0200444B39
:108DC0005A60434B00221A727B681B881A00404B82
:108DD0009A663F4B9B6E9AB23D4B9B6919001000FF
:108DE00000F03CFF3A4B842200219954384900227C
:108DF00000230A674B67354B1800FFF792FE02000D
:108E0000334B80215A503249002200238A67CB67B6
:108E10002F49002200238A62CB622D4B342200218D
:108E200099542B4B58682A4B9B6919002D4B1A00FB
:108E3000F7F746F90200264B1A63254B1978244BA5
:108E400094229954224B8C2200219950204B90223D
:108E5000012199541E4B9322002199541C4B9122BD
:108E6000002199541A4B922200219954184B6122E7
:108E700000219954164B622200219954144B63220D
:108E8000002199541249002200238A65CB65104BBA
:108E9000154A9A640E4B00225A6500F04FFC0200FE
:108EA0000B000B4949680C0000210D0012196B41A1
:108EB0000E49080000F028FF054B0121180000F0C2
:108EC00009FEC046BD4603B0F0BDC04600180060B4
:108ED000B0140020C2F528008D5B0000ECEB6501AA
:108EE000FFEFFFFF26030000B99C0410F0140020E0
:108EF000B0B594B000AF0B2308229B18DB190022F9
:108F00001A70EFF310833B633B6BBB6472B6C046D1
:108F1000C34B61229B5C002B0FD0C14B9C6DDD6D60
:108F200000F00CFC02000B00AB4202D805D1A242BB
:108F300003D9BB4B612200219954BB6CFB62FB6AD5
:108F400083F31088C04672E0B54B9122995CB44B14
:108F500092229A5C372308201B18DB198A1A1A7090
:108F6000AF4B8C229B580C22BA181100180001F04C
:108F7000D1F80200AA4B8C215A50FB68FB6410E028
:108F8000FB6C1B697B63FB6C00221A73FB6C9B6898
:108F9000002B04D0FB6C9B68FA6C100098477B6B2D
:108FA000FB64FB6C002BEBD19D4B8C229B580B245C
:108FB00008256219D2191100180000F06DFF020097
:108FC000974B8C215A506319DB191B78012B21D147
:108FD000EFF31083BB62BB6ABB6372B6C046904BB3
:108FE00091229B5C01338E4A9221525C934203D1C1
:108FF0008B4B91229B5C04E0894B91229B5C01335B
:10900000DBB2874A91215354BB6B7B627B6A83F34B
:109010001088C046824B92229A5C372308215B1845
:10902000DB191B78D318D9B27D4B922299547C4B13
:1090300091229A5C7A4B92215B5C9A420AD3784BDC
:1090400091229A5C764B92215B5CD31A5A1E934113
:10905000DBB20CE0724B91229B5C1900704B9222A8
:109060009B5CCB1A0133FF335A1E9341DBB2002BBA
:1090700000D069E76A4B1B7A002B00D1B0E0694B46
:109080001800FFF714FE031E00D1C5E0644B002258
:109090001A72634B94229B5C002B09D1604B932284
:1090A0009B5C002B04D05E4B93220021995437E047
:1090B00001F07AF85A4B8C229B580B240825621930
:1090C000D2191100180000F0E7FE0200544B8C2169
:1090D0005A506319DB191B78012B21D1EFF3108350
:1090E0003B623B6A7B6472B6C0464D4B91229B5CEF
:1090F00001334B4A9221525C934203D1484B912257
:109100009B5C04E0464B91229B5C0133DBB2444AFA
:10911000912153547B6CFB61FB6983F31088C0463B
:109120003F4B9C229B5C002B44D03D4B9C2200215A
:1091300099543B4B6222012199540B240825631951
:10914000DA19394B1100180001F0E2F8344B8C2287
:109150009B586219D2191100180000F09DFE020000
:109160002F4B8C215A506319DB191B78012B21D10D
:10917000EFF31083BB61BB693B6472B6C046284BFA
:1091800091229B5C0133264A9221525C934203D187
:10919000234B91229B5C04E0214B91229B5C013389
:1091A000DBB21F4A912153543B6C7B617B6983F393
:1091B0001088C0461D4B180000F022FB00F0BEFADC
:1091C00002000B001649496839600021796038684F
:1091D000796812184B411549080000F095FD1BE015
:1091E0000F4B1B78002B17D000F0A8FA0C4B9A6A93
:1091F000DB6AFA246403002512196B41994203D8F3
:109200000AD1904200D807E0084B180000F0F8FAA5
:10921000064B180000F050FDC046BD4614B0B0BD6E
:10922000B01400200010006008150020F014002089
:1092300080B582B000AF7860C023DB055B697A68D7
:109240001100180001F098FA02000B00100019003C
:10925000BD4602B080BD0000F0B58BB000AF01F09C
:10926000BBFA03001A0001235340DBB2002B01D0EC
:109270000023B1E0172310229B18DB1903221A7078
:1092800000F05CFA02000B00BA61FB611723FE18C4
:109290001023FB18180001F0BDFA03003370504B87
:1092A00061229B5C002B04D14D4B62229B5C002B06
:1092B00004D01723FB181B78012B04D1484B6322E1
:1092C0009B5C002B29D0464B9A6DDB6D4449842072
:1092D000095C0C0000210D00B869F96924184D41A2
:1092E000200029003E4EB66EBE600026FE60BC68BF
:1092F000FD6800196941522400250019694199420D
:1093000002D803D1904201D9012365E0172310222E
:109310009B18DB1902221A700BE01723FB181B782D
:10932000022B04D01723FB181B78012B01D101233A
:1093300052E02B4B8C229B58002B48D0284B8C2280
:109340009B581B7B002B42D0254B8C229B581A68C4
:109350005B682349896E396000217960B869F969D1
:109360003C687D6824184D412000290052240025C6
:1093700000196941994202D803D1904201D90123D1
:109380002AE0172310229B18DB191B78032B18D116
:10939000134B8C229B581B69002B12D1104B8C2233
:1093A0009A58104B9A420CD10D4B9322012199549B
:1093B000002000F057FE0C4B1800FFF771FB032351
:1093C0000AE0172310229B18DB1902221A701723B8
:1093D00010229B18DB191B781800BD460BB0F0BD9E
:1093E000B0140020F014002000180060F0B589B01F
:1093F00000AFF860080011000B23FB18021C1A7064
:109400000A23FB180A1C1A700F260823F318DB190D
:1094100000221A700B23FB181B785A1E9341D9B2F5
:10942000544B642299540A23FB181B785A1E93410B
:10943000D9B2504B602299544E4B9A6ADB6A4D491F
:10944000886AC96AF968091A396000217960386840
:10945000796812184B4147498A65CB65454B6122B3
:1094600000219954434B632200219954414B6222BD
:109470000121995400F062F902000B00BA61FB610E
:109480003C4B8C229B58002B08D10823F318DA1987
:10949000394B1100180000F03BFF5EE0354B8C2289
:1094A0009B581A685B68F96999422FD8F969994203
:1094B00002D1B969914229D82E4B9A6DDB6D2D49A5
:1094C0008C2009580868496838607960294E9821CD
:1094D0008C46614676583400002635003868796835
:1094E00000196941994202D807D1904205D9214B10
:1094F0008C229B581B7B002B08D11E4B8C229B5827
:109500001B7B01225340DBB2002B20D00F2308220B
:109510009B18DA19184B1100180000F0F9FE154BD2
:109520009A6DDB6D13498C20095808684968994287
:1095300012D801D190420FD80E4B8C229B581B7B26
:10954000002B09D00B4B95220121995404E000F027
:10955000D3FF00F0E7FF00E0C046012000F082FDED
:109560000F2308229B18DB191B781800BD4609B091
:10957000F0BDC046B014002008150020B0B588B07A
:1095800000AFC023DB051800FFF7F0F9C023DB05AF
:109590001800FFF70BFA354B1800FFF74DFA344B64
:1095A000612200219954324B622200219954304BA0
:1095B000632200219954EFF31083BB60BB68BB6149
:1095C00072B6C0462A4B9C6DDD6D00F0B7F8020004
:1095D0000B00A41A9D4122002B0025498420095C20
:1095E00039600021796038687968121A8B413A61D4
:1095F0007B61BB69FB60FB6883F31088C0461D4B31
:109600005B68DB05DB0D222B01D000F08BFF7B6953
:10961000002B0CDC7B69002B02D13B69002B06D1AF
:10962000172308229B18DB1901221A7015E07B69A9
:10963000002B0CDC7B69002B02D13B690E2B06D87A
:10964000172308229B18DB1902221A7005E0172342
:1096500008229B18DB1900221A70172308229B1876
:10966000DB191B781800BD4608B0B0BD00180060BB
:10967000B014002000ED00E080B584B000AFEFF33F
:1096800010833B603B68FB6072B6C0460E4B18000F
:10969000FFF747FA0300BB60BB681A1DC023DB0558
:1096A00011001800FFF7A2F9C023DB051800FFF72F
:1096B0004DF9FB687B607B6883F31088C046C04629
:1096C000BD4604B080BDC0460018006080B500AF44
:1096D000C023DB051800FFF758F9031E08D1C0238B
:1096E000DB051800FFF771F9031E01D100F01AFF26
:1096F000C046BD4680BD000080B500AF034B63226D
:1097000000219954C046BD4680BDC046B01400201B
:1097100080B582B000AF7860064BDB691900064A5D
:109720007B681800F6F7CCFC03001800BD4602B0B9
:1097300080BDC046B01400203506000080B582B060
:1097400000AF3A1D054B1100180000F03DFB020070
:109750000B0010001900BD4602B080BDB0140020FF
:10976000B0B588B000AFF860B960BB68BB610023DA
:10977000FB61FFF7E3FF38607960BB691B0DFA6995
:1097800015031D43BB691C030A2200232000290086
:10979000F6F766FF02000B003868796880185941B7
:1097A00002000B00F968080000F0AEFA02000F2476
:1097B00008256319DB191A70012000F053FC6319A6
:1097C000DB191B781800BD4608B0B0BD90B587B056
:1097D00000AFF8603A607B603A687B68F96808001F
:1097E00000F092FA020017243B191A70012000F0D1
:1097F00039FC3B191B781800BD4607B090BD00002E
:1098000090B589B000AF7860284B8C229B587A685D
:109810001100180000F052FC0300FB610F217B18BF
:1098200000221A707B6800221A73204B8C229B58EE
:10983000FA699A4231D00C007A18FB6911001800BD
:1098400000F02AFB0200194B8C215A503B191B785F
:10985000002B26D0EFF310837B617B69BB6172B66E
:10986000C046124B91229B5C0133104A9221525CFC
:10987000934203D10D4B91229B5C04E00B4B912250
:109880009B5C0133DBB2094A91215354BB693B61B4
:109890003B6983F31088C04603E0044B8C21FA69CE
:1098A0005A50C046BD4609B090BDC046B014002015
:1098B00080B582B000AF00237B607B68FA1C0F4B41
:1098C0001100180000F024FD0D4B95229B5C002B2D
:1098D00005D00B4B95220021995400F015F8094B47
:1098E0001800FFF76DF9074B1800FFF777F9030031
:1098F0007B60C046BD4602B080BDC0460815002052
:10990000B01400200018006080B582B000AF0023C2
:109910007B607B68154B952200219954144B1800ED
:10992000FFF7BEF8114B91229B5C01330F4A922145
:10993000525C934203D10D4B91229B5C04E00B4B94
:1099400091229B5C0133DBB2084A91215354084BAE
:109950001800FFF754F9064B1800FFF75EF90300F3
:109960007B60C046BD4602B080BDC046B01400203A
:109970000018006080B500AFC0460B4B1800FFF721
:1099800096F9031EF9D0084B17211800FFF756F976
:10999000064B180000F01EF8054BDA69044B1A62FA
:1099A000C046BD4680BDC04600100060C014002007
:1099B000B014002080B500AF054B1800FFF769F91F
:1099C000034B1800FFF746F9C046BD4680BDC046B0
:1099D0000010006080B582B000AF7860FFF7EAFF4A
:1099E000C046074B1800FFF762F9031EF9D07B68E9
:1099F000180000F007F8C046BD4602B080BDC04662
:109A00000010006080B58AB000AF78602E4B18005F
:109A1000FFF72BF903007B6205E02B4B1800FFF7E3
:109A200024F903007B62284B1800FFF71EF902009F
:109A30007B6A9A42F1D17B6A002BEED0234BFB610B
:109A40007B6A1B12BB617B6AFF2213407B61FB694F
:109A5000BA695A437B69F9694B431B12D318103317
:109A60005A117B68DA607A6A7B681A60184B3B612E
:109A7000154B1800FFF703F903003B6205E0124B9A
:109A80001800FFF7FCF803003B620F4B1800FFF7CC
:109A9000F6F802003B6A9A42F1D13B6A002BEED005
:109AA0003B6A9B11FB60FB683A695343BB60BB6830
:109AB00080331A127B689A603A6A7B685A60C046A3
:109AC000BD460AB080BDC04600100060F6BC08006C
:109AD0005307000090B585B000AF78600A00FB1C0A
:109AE0001A70384B9B7BDBB2002B00DA0733DB109C
:109AF000DAB20F243B1901321A707B689B69190096
:109B0000314B1A001B20F6F7DBFA02002D4BD2B2C4
:109B10005A712C4B9B79DBB2180000F06DF80300F2
:109B2000D9B27B683D229954264B1B7ADBB21A00CE
:109B30003B191B78D318180000F05EF80300D9B267
:109B40007B68382299541F4B5B7ADBB21A003B19B1
:109B50001B78D318180000F04FF80300D9B27B68C7
:109B600039229954174B9B7ADBB2180000F044F865
:109B70000300D9B27B683A229954124BDB7ADBB2EC
:109B8000180000F039F80300D9B27B683B229954E1
:109B9000FB1C1B78002B10D00A4B1B7ADBB21A007F
:109BA0003B191B78D318180000F010F80300DBB243
:109BB0001B33D9B27B683C229954C046BD4605B0E0
:109BC00090BDC046C00000202603000080B584B0D0
:109BD00000AF78607B6868225343FB607B68DB22C0
:109BE0005343BB60FB681A0ABB681B0CD3181800F0
:109BF000BD4604B080BD0000B0B588B000AFF860CD
:109C000015494969396000217960F9680A00002125
:109C10000B0038687968F6F743FD02000B0010006E
:109C2000190002000B0092185B4112184B41BA61F7
:109C3000FB61BA69FB698020C004002112184B4106
:109C40005901D40E0C43DD0E23007B617B691800A3
:109C5000BD4608B0B0BDC046B014002080B584B089
:109C600000AF02003960BB1D1A80BB1D1B8839681C
:109C70000E4A1800F6F724FA0300FB60FA68802306
:109C80005B019A4201DB0A4BFB60FB680F2B01DC96
:109C90001023FB60FB681B11DBB2064A19001000A1
:109CA000FEF70EFFC046BD4604B080BD260300008F
:109CB000FF0F00000018006080B582B000AF786030
:109CC0000F4B1B7A01225340DBB2002B08D00C4B08
:109CD0001B78002B01D0FFF76DFE094B01221A7291
:109CE000FFF72CFD02000B006420002112184B41ED
:109CF0000449080000F008F8C046BD4602B080BD27
:109D0000B0140020F014002090B589B000AFF860C6
:109D10003A607B601323FB1800221A70FB681B7BE0
:109D2000002B01D0012349E0F9683A687B680A609A
:109D30004B60FB6801221A73224B8C229B58FA68F5
:109D40001100180000F05EF90200FB68934230D168
:109D500013243A19FB681100180000F09DF8020066
:109D6000184B8C215A503B191B78002B23D0EFF352
:109D70001083BB61BB69FB6172B6C046114B912277
:109D80009B5C01330F4A9221525C934203D10D4BED
:109D900091229B5C04E00B4B91229B5C0133DBB274
:109DA000084A91215354FB697B617B6983F31088D6
:109DB00001E000F0B7FB1323FB181B781800BD4629
:109DC00009B090BDB0140020B0B58AB000AFF86003
:109DD000B960EFF310837B617B69FB6172B6C046AB
:109DE000FB681A6F5B6F3A627B62294B1800FEF7C3
:109DF00098FE0200BB681A60BB681A68FB68802185
:109E00005B58D31ABB61FB68DB691900214ABB6947
:109E10001800F6F755F903003B6000237B603A6AAF
:109E20007B6A3868796812184B413A627B62FB683A
:109E30009A6FDB6F796A994205D3796A994215D195
:109E4000396A914212D2FB68DB691900114A012379
:109E50005B421800F6F734F903001C0000231D00D4
:109E60003A6A7B6A12196B413A627B62F9683A6A14
:109E70007B6A8A67CB67FB693B613B6983F3108828
:109E8000C0463A6A7B6A10001900BD460AB0B0BDF0
:109E90000018006035060000B0B58EB000AFF86065
:109EA000B960FB687B63FB683B63BB6800221A7088
:109EB00094E07B6B1B7B002B00D18CE0EFF31083D5
:109EC000FB61FB69FB6272B6C0460E2308215B187A
:109ED000DB1900221A700F235B18DA19474B1100A7
:109EE000180000F015FA7B6B1C685D68FFF726FC14
:109EF00002000B00A41A9D4122002B003A627B62F3
:109F00007B6A002B05DC7B6A002B5AD13B6A002B55
:109F100057D03B4B9A6DDB6D796B08684968384CBC
:109F2000982564593C6000247C603C687D68001979
:109F30006941994202D81BD1904219D9304B612214
:109F40009B5C002B14D02E4B9A6DDB6D796B0868EF
:109F50004968994213D801D1904210D8284B612208
:109F60009B5C002B0BD0264B95220121995406E0D7
:109F70000E2308229B18DB1901221A7000E0C0464C
:109F80003B6A0E2408256219D2191100180000F04E
:109F900049FA6319DB191B78002B15D0184B622284
:109FA0009A5C174B61215B5C1343DBB25A1E9341F1
:109FB000D9B2134B62229954114B6122002199545A
:109FC00002E0BB6801221A70FB6ABB61BB6983F3C4
:109FD0001088C04606E07B6B1B697B637B6B002BA4
:109FE00000D066E7BB681B78002B01D03B6B00E01C
:109FF0007B6B1800BD460EB0B0BDC04608150020F2
:10A00000B014002080B586B000AF786039607B68FE
:10A010007B6100233B617B68FB6004E07B693B6103
:10A020007B691B697B617B69002B0AD07B691A689D
:10A030005B683968086849689942EFD801D1904255
:10A04000ECD83B687A691A613B69002B02D13B6806
:10A05000FB6002E03B693A681A61FB681800BD4684
:10A0600006B080BD80B582B000AF0200FB1D1A7043
:10A07000FB1D1B78002B10D00E4B90229B5C012205
:10A080005340DBB2002B10D00B4B1800FFF714FE2F
:10A09000084B90220121995407E0074B1800FFF765
:10A0A000AFFB044B902200219954C046BD4602B03C
:10A0B00080BDC046B0140020F014002080B586B0EA
:10A0C00000AF786039607B687B6100233B617B680F
:10A0D000FB6004E07B693B617B691B697B617B6999
:10A0E000002B03D07A693B689A42F3D17B69002B3D
:10A0F0000BD07A697B689A4203D17B691B69FB604C
:10A1000003E07B691A693B691A61FB681800BD4668
:10A1100006B080BDB0B588B000AF786039607B68AC
:10A12000FB610023BB617B687B613B687A681A60D6
:10A1300000233B6121E0FB691B7B002B15D0FB69F1
:10A140001C685D68FFF7FAFA02000B00A41A9D4133
:10A1500022002B00BA60FB60FB68002B11DCFB685F
:10A16000002B02D1BB68052B0BD8FB69BB61FB69D7
:10A170001B69FB613B6901333B61FB69002BDAD151
:10A1800000E0C0463B69002B05D0BB6900221A6184
:10A19000FB697B6102E03B6800221A607B69180062
:10A1A000BD4608B0B0BD000080B590B000AF284BF0
:10A1B0001B78002B37D03B001800FFF723FC244B03
:10A1C0009B6E9AB23B009B6819001000FFF746FD9A
:10A1D000EFF310833B633B6BBB6372B6C0461C4B13
:10A1E0003422012199543B005A68194B5A613B00B3
:10A1F0009A68174B9A613B001A68154B1A613B002D
:10A20000DA68134BDA61124B180000F023F8BB6BCD
:10A210007B637B6B83F31088C0460D4B00211800D5
:10A22000FFF758FC10E0EFF31083BB62BB6AFB63DF
:10A2300072B6C046064B180000F00CF8FB6BFB62D0
:10A24000FB6A83F31088C046C046BD4610B080BD8F
:10A25000B0140020B0B588B000AF78612A4B180068
:10A26000FEF75FFC0300FB617B691B6ABB617B69D6
:10A270009C6ADD6A7B6980229B58FA69D31A234A5B
:10A28000B9691800F5F71CFF0300BB600023FB60F1
:10A29000BA68FB6812196B4179690A674B677B6979
:10A2A0001B78002B1DD17B6980229B58FA69D21A3A
:10A2B0007B691B6B9A4214D2144AB96901235B4231
:10A2C0001800F5F7FDFE01007B691A6F5B6F3960BE
:10A2D000002179603868796812184B4179690A67FA
:10A2E0004B677B698021FA695A507B691A6F5B6FF3
:10A2F00079698A62CB627B69DA697B691A62C046D6
:10A30000BD4608B0B0BDC04600180060350600006C
:10A31000B0B58AB000AF786039603B6800221A702F
:10A320007B689B7A002B00D175E03D4B9A6ADB6A13
:10A330003B4949680C0000210D0012196B413A623B
:10A340007B62EFF31083FB60FB68FB6172B6C04673
:10A35000FFF7F4F902000B003A617B617B681A6831
:10A360005B68386A796AC824A4020025001969412B
:10A37000994212D801D190420FD83A6A7B6AB9202B
:10A380004000002112184B417969994205D879693A
:10A39000994236D13969914233D97B681A685B6832
:10A3A0004C204042C117801859413A697B690A2400
:10A3B000002512196B41994202D81AD1904218D93E
:10A3C0007B681A685B6810007B68197B7B681B7A66
:10A3D0001A0000F0D5F803001A003B681A707B6879
:10A3E00000229A727B6801225A727B680122DA721B
:10A3F0000BE00B4B6222002199543B6801221A703A
:10A4000003E0074B9C2201219954FB69BB60BB68A8
:10A4100083F31088C046C046BD460AB0B0BDC046F2
:10A42000B014002080B584B000AF786039602F4B45
:10A430009B6919002E4A7B681800F5F741FE03005E
:10A440007B607B68202B00D220237B60294B180087
:10A45000FEF767FB0300FB607A68FB68D3180833DC
:10A46000244A19001000FEF750FB224B1800FEF79B
:10A4700062FB204B1800FEF703FBC023DB0518002E
:10A48000FEF783FA031E0DD1C023DB051800FEF78B
:10A490009CFA031E06D13B681B7801225340DBB2B5
:10A4A000002B04D03B6800221A70FB681AE000F011
:10A4B00023F8FA687B68D31808330F2293430D4AB8
:10A4C00019001000FEF70BFB0A4B00211800FEF7E5
:10A4D00041FB084B1800FEF79FFA064B1800FEF7E9
:10A4E0002AFBFB681800BD4604B080BDB0140020F4
:10A4F000260300000018006080B500AF084B1B79F0
:10A50000DBB2074A7F210B40DBB21371044B002200
:10A510009A75034B0022DA75C046BD4680BDC04621
:10A52000C000002080B582B000AF144B8C229B5835
:10A53000FA1D11001800FFF7AFFC02000F4B8C2131
:10A540005A50FB1D1B78012B14D10C4B91229B5CA4
:10A5500001330A4A9221525C934203D1074B912264
:10A560009B5C04E0054B91229B5C0133DBB2034A08
:10A5700091215354C046BD4602B080BDB0140020A6
:10A5800080B58AB000AF786008001100FB1C021C87
:10A590001A70BB1C0A1C1A70FB1C1B78002B15D0F0
:10A5A000BB1C1B78002B08D06E4B38229B5C3B6297
:10A5B0006C4B3C229B5CFB611DE06A4B39229B5C2F
:10A5C0003B62684B3C229B5CFB6114E0BB1C1B782C
:10A5D000002B08D0634B3A229B5C3B62614B3C22D0
:10A5E0009B5CFB6107E05F4B3B229B5C3B625D4BEE
:10A5F0003C229B5CFB610C23FA185A4B110018009B
:10A60000FFF7E2FB02000B007B689B1A7B61554B56
:10A610009B691900544A7B691800F5F751FD030046
:10A620003B61504B9A6EFB69D318C8337A699A42E2
:10A630002FD94E4B5B79DBB21A003B699A1A3B6A01
:10A64000D31A7B62FA687B6AD318494A1900100052
:10A65000FEF745FA464B00211800FEF77BFAC023AF
:10A66000DB051800FEF782F9C023DB051800FEF7B2
:10A670009DF93F4B1800FEF7CFF93D4B1800FEF750
:10A680005AFA3A4B5B79DBB21A003B6A9B183B6281
:10A6900021E0344B3D229B5C1A003B699A1A3B6ACD
:10A6A000D31A7B62FA687B6AD218C023DB051100DB
:10A6B0001800FEF79BF92E4B1800FEF7BDF9C023DA
:10A6C000DB051800FEF742F9264B3D229B5C1A0081
:10A6D0003B6A9B183B62FA683B69D218214B882180
:10A6E0005A50224B1B79DBB220498022524213433D
:10A6F000DBB20B711D4BF0229A751C4BFF22DA75F1
:10A700007A6A3B6AD2183B6A05339A4212D2C02356
:10A71000DB051800FEF72AF9C023DB051800FEF759
:10A7200045F9134B1800FEF787F91B23FB1801228C
:10A730001A7010E00B4BDB6919000E4A3B6A1800D7
:10A74000F5F7BEFC0300D9B2064B842299541B23B3
:10A75000FB1800221A701B23FB181B781800BD463B
:10A760000AB080BDB014002026030000C000002005
:10A770000018006035060000B0B584B000AF786006
:10A7800039600823FA18124B11001800FFF71CFB60
:10A7900002000B0039680A604B60BA687B68D01A07
:10A7A0000B4BDB6919000B4B1A00F5F789FC030012
:10A7B000FB603B681A685B68F9680C0000210D00BB
:10A7C000121BAB4110001900BD4604B0B0BDC0461D
:10A7D000B01400203506000080B500AF0C4B91226C
:10A7E0009A5C0B4B92215B5C9A4208D1084B1B7A16
:10A7F00001225340DBB2002B01D0012300E00023F3
:10A800001A1C01231340DBB21800BD4680BDC046B0
:10A81000B014002080B582B000AF78601A4B1800E9
:10A82000FEF71AF9031E08D0174B1800FEF763F95C
:10A8300002007B681A60032322E0C023DB051800B6
:10A84000FEF7A3F8031E09D0C023DB051800FEF7AE
:10A85000D9F802007B681A60012311E0C023DB05F0
:10A860001800FEF7B2F8031E09D0C023DB0518005C
:10A87000FEF7C8F802007B681A60022300E000239C
:10A880001800BD4602B080BD0018006080B500AF62
:10A89000FFF73AF807F07DFBC046BD4680BD80B5A6
:10A8A00000AF07F06FFBFFF703F8C046BD4680BD61
:10A8B00080B582B000AF00237B607B68C023DB05DE
:10A8C0005A6FC023DB0501210A435A67C023DB0509
:10A8D0005B6F7B60C046BD4602B080BD80B582B074
:10A8E00000AF7860084B9A6A7B68D943064B0A40F0
:10A8F0009A62054BDA6A7B68D943034B0A40DA62F5
:10A90000C046BD4602B080BD0000504880B500AFD3
:10A91000044B1A68034B802149020A431A60C0465F
:10A92000BD4680BD0000404880B500AF044B1A68AA
:10A93000034B04490A401A60C046BD4680BDC0466C
:10A9400000004048FFFFFEFF80B500AF074B1A68CC
:10A9500080239B021A4080239B029A4201D101234B
:10A9600000E000231800BD4680BDC04600004048FE
:10A9700080B582B000AF78600B4A9823D3580B4A59
:10A980001A407B681B020849134398228B50064AE1
:10A990009823D35804498022134398228B50C046F1
:10A9A000BD4602B080BDC04600004048FFC0FFFF6A
:10A9B00080B582B000AF7860074A9823D3587022E0
:10A9C00093431A0004497B68134398228B50C04676
:10A9D000BD4602B080BDC0460000404880B500AF13
:10A9E000074B9A68064B04218A439A60044B9A6885
:10A9F000034B02218A439A60C046BD4680BDC046D3
:10AA00000000404880B500AF074B9A68064B022112
:10AA10000A439A60044B9A68034B04210A439A60E4
:10AA2000C046BD4680BDC0460000404880B500AF6E
:10AA3000074B1A688023DB001A408023DB009A4210
:10AA400001D1012300E000231800BD4680BDC046AF
:10AA50000000404880B582B000AFC0460F4B1A6876
:10AA600080239B021340F9D00C4B9A680B4B0221B8
:10AA70000A439A6000237B6003E0C0467B68013391
:10AA80007B607B68052BF8DD044B9A68034B04213F
:10AA90000A439A60C046BD4602B080BD00004048EF
:10AAA00080B582B000AF7860064B9B68064A1340C1
:10AAB0001900044B7A680A439A60C046BD4602B04A
:10AAC00080BDC04600004048FF7FFEFF80B500AF5C
:10AAD000044B1A68034B10210A431A60C046BD4656
:10AAE00080BDC0460000404880B500AF044B1A68E6
:10AAF000034B10218A431A60C046BD4680BDC04644
:10AB00000000404880B500AF054B1B682022134071
:10AB1000202B01D1012300E000231800BD4680BD99
:10AB20000000404880B500AF044B1A68034B402139
:10AB30000A431A60C046BD4680BDC046000040487A
:10AB400080B500AF044B1A68034B40218A431A605A
:10AB5000C046BD4680BDC0460000404880B500AF3D
:10AB6000054B1B6840221340402B01D1012300E01C
:10AB700000231800BD4680BD0000404880B582B06B
:10AB800000AF7860064BDB68602293431900044BEA
:10AB90007A680A43DA60C046BD4602B080BDC0464E
:10ABA0000000404880B500AF044B1A68034B0421F5
:10ABB0000A431A60C046BD4680BDC04600004048FA
:10ABC00080B500AF044B1A68034B04218A431A6016
:10ABD000C046BD4680BDC0460000404880B500AFBD
:10ABE000054B1B6808221340082B01D1012300E00C
:10ABF00000231800BD4680BD0000404880B500AF6E
:10AC0000044B1A68034B802189010A431A60C0462D
:10AC1000BD4680BD0000404880B500AF044B1A68B7
:10AC2000034B04490A401A60C046BD4680BDC04679
:10AC300000004048FFDFFFFF80B500AF074B1A68F8
:10AC40008023DB011A408023DB019A4201D10123DA
:10AC500000E000231800BD4680BDC046000040480B
:10AC600080B582B000AF7860064B9B68E0229343CA
:10AC70001900044B7A680A439A60C046BD4602B088
:10AC800080BDC0460000404880B584B000AF786009
:10AC90007B68002B01D1012340E17B681B681022F7
:10ACA000134033D07B689B68002B02D1FFF796FEE0
:10ACB00001E0FFF7A7FE7B689B68042B13D1FBF72D
:10ACC0007DF80300FB6008E0FBF778F80200FB6802
:10ACD000D31A642B01D9032320E1FFF7A7FE030059
:10ACE000012BF1D012E0FBF769F80300FB6008E0EC
:10ACF000FBF764F80200FB68D31A642B01D9032325
:10AD00000CE1FFF793FE0300012BF1D17B681B6878
:10AD10000122134039D02020FFF72AFE3020FFF710
:10AD200047FE7B685A6880235B029A4202D1FFF794
:10AD3000EDFD01E0FFF7F8FD7B685B68002B12D0AA
:10AD4000FBF73CF80300FB6008E0FBF737F8020074
:10AD5000FB68D31A642B01D90323DFE0FFF7F4FD6E
:10AD6000031EF2D011E0FBF729F80300FB6008E0B6
:10AD7000FBF724F80200FB68D31A642B01D90323E4
:10AD8000CCE0FFF7E1FD031EF2D17B681B680422D3
:10AD900013403AD07B681B69002B22D0FFF710FFCD
:10ADA000C046FFF71BFF031EFBD1FFF79DFE80236C
:10ADB0005B021800FFF774FEFFF7F4FEFAF7FEFFE0
:10ADC0000300FB6008E0FAF7F9FF0200FB68D31A02
:10ADD000022B01D90323A1E0FFF700FF031EF2D0ED
:10ADE00013E0FFF7EDFEFAF7E9FF0300FB6008E070
:10ADF000FAF7E4FF0200FB68D31A022B01D9032300
:10AE00008CE0FFF7EBFE031EF2D17B681B68022289
:10AE1000134049D0FFF7D4FEFFF766FEC046FFF7A8
:10AE200071FE031EFBD1C0239B011800FFF756FDE6
:10AE300080231B021800FFF733FE2020FFF79EFE41
:10AE40007B68DB68102B02D1FFF740FE01E0FFF7C3
:10AE50004BFE7B68DB68002B13D0FAF7AFFF0300D3
:10AE6000FB6009E0FAF7AAFF0200FB68D31A2D4A3B
:10AE7000934201D9032351E0FFF744FE031EF1D0B2
:10AE800012E0FAF79BFF0300FB6009E0FAF796FF78
:10AE90000200FB68D31A234A934201D903233DE001
:10AEA000FFF730FE031EF1D17B681B6808221340B8
:10AEB00033D07B685B69402B02D1FFF733FE01E0A2
:10AEC000FFF73EFE7B685B69002B13D0FAF776FF35
:10AED0000300FB6009E0FAF771FF0200FB68D31A78
:10AEE000104A934201D9032318E0FFF737FE031EEF
:10AEF000F1D012E0FAF762FF0300FB6009E0FAF715
:10AF00005DFF0200FB68D31A064A934201D903236E
:10AF100004E0FFF723FE031EF1D100231800BD4615
:10AF200004B080BD8813000080B584B000AF7860A5
:10AF300039607B68002B01D1012398E04E4B5B68A0
:10AF40003022934319004C4B3A680A435A607B689D
:10AF50001B68022B0ED1FFF741FDFFF767FD031EB3
:10AF600001D1012383E0FFF757FE7B685B6818007F
:10AF7000FFF776FE7B681B68002B24D1FFF756FD98
:10AF8000031E01D1012372E0FFF7DEFC031E01D195
:10AF900001236CE0FFF732FEFAF710FF0300FB60BD
:10AFA00008E0FAF70BFF0200FB68D31A022B01D965
:10AFB00003235CE0FFF740FE031EF2D07B685B6872
:10AFC0001800FFF74DFE7B681B68012B17D1FFF7B8
:10AFD00041FDFFF72BFD031E01D0012347E0FFF7E2
:10AFE000B3FC031E01D1012341E0244B9B68E02206
:10AFF000934319007B685A68204B0A439A601E4BA2
:10B000005B68302213403A689A421DD01A4B5B6845
:10B01000302293431900184B3A680A435A60FAF7F2
:10B02000CDFE0300FB6008E0FAF7C8FE0200FB68F3
:10B03000D31A022B01D9032319E00F4B5B6830228E
:10B0400013403A689A42EFD10023BB6003E0C04648
:10B05000BB680133BB60BB68052BF8DDFAF720FA4B
:10B06000FAF7B6FE03001800FAF74EFE03001800C8
:10B07000BD4604B080BDC0460010004000004048FE
:10B0800080B500AF024B1B681800BD4680BDC046AE
:10B09000282F002080B582B000AF7860064B9B68F7
:10B0A000064A13401900044B7A680A439A60C04666
:10B0B000BD4602B080BDC04600004048FF7FFEFF95
:10B0C00080B582B000AF7860064B1B6E06229343BA
:10B0D0001900044B7A680A431A66C046BD4602B09E
:10B0E00080BDC0460000404880B582B000AF7860A7
:10B0F000064B9B68064A13401900044B7A680A43C2
:10B100009A60C046BD4602B080BDC04600004048BF
:10B11000FFEFFFFF80B582B000AF7860064B9B6801
:10B12000064A13401900044B7A680A439A60C046E5
:10B13000BD4602B080BDC04600004048FFFF7FFF13
:10B1400080B582B000AF7860064B9B68064A13401A
:10B150001900044B7A680A439A60C046BD4602B0A3
:10B1600080BDC04600004048FFFFBFFF80B582B0F1
:10B1700000AF78607B681B680122134004D07B68B5
:10B180001B691800FFF79CFF7B681B6802221340B5
:10B1900004D07B685B691800FFF7A6FF7B681B681B
:10B1A0000422134004D07B685B681800FFF7B2FFED
:10B1B0007B681B680822134004D07B689B681800DA
:10B1C000FFF7BEFF7B68DB682022134004D07B685A
:10B1D000DB681800FFF75EFF00231800BD4602B0D1
:10B1E00080BD80B582B000AF78607B68002B01D154
:10B1F00001232DE07B685B7ADBB2002B06D17B68F4
:10B2000000221A727B681800F9F7C4FE7B680222DC
:10B210005A727B681B6800221A607B681B681B6877
:10B220000822934319007B685A687B681B680A43AD
:10B230001A607B681B681A687B681B6804218A4354
:10B240001A607B6801225A727B680022DA60002350
:10B250001800BD4602B080BD80B582B000AF7860F6
:10B260007B68002B01D1012346E07B6888229B5834
:10B27000002B07D17B688422002199547B68180039
:10B28000FAF764FC7B688822242199507B681B684C
:10B290001A687B681B6801218A431A607B689B6A75
:10B2A000002B03D07B68180000F0B4FE7B68180008
:10B2B00000F04AFD0300012B01D101231CE07B6853
:10B2C0001B685A687B681B680D490A405A607B6896
:10B2D0001B689A687B681B682A218A439A607B688E
:10B2E0001B681A687B681B6801210A431A607B6827
:10B2F000180000F043FF03001800BD4602B080BDF7
:10B30000FFB7FFFF80B582B000AF78607B68002B8D
:10B3100001D1012332E07B688822242199507B6887
:10B320001B681A687B681B6801218A431A607B6866
:10B330001B6800221A607B681B6800225A607B68C9
:10B340001B6800229A607B681800FAF76DFC7B6826
:10B350009022002199507B688822002199507B68B7
:10B360008C22002199507B680022DA667B680022DB
:10B370001A677B6884220021995400231800BD4677
:10B3800002B080BD80B58CB000AFF860B960BB1D65
:10B390001A80FB6888229B58202B00D08DE0BB6868
:10B3A000002B03D0BB1D1B88002B01D1012385E09E
:10B3B000FB689A6880235B019A4209D1FB681B698C
:10B3C000002B05D1BB680122134001D0012375E099
:10B3D000FB68BA681A65FB68BA1D542112885A5274
:10B3E000FB68BA1D562112885A52FB6800229A67E0
:10B3F000FB68902200219950FB68882221219950F6
:10B40000FB685A6E80239B059A422AD1FB689A6892
:10B4100080235B019A4207D1FB681B69002B03D193
:10B42000FB68284A9A6702E0FB68274A9A67EFF3AD
:10B430001083FB61FB69BB6201233B623B6A83F3C0
:10B440001088C046FB681B689A68FB681B688021EF
:10B4500009040A439A60BB6A7B627B6A83F31088A3
:10B4600029E0FB689A6880235B019A4207D1FB6858
:10B470001B69002B03D1FB68144A9A6702E0FB6842
:10B48000134A9A67EFF310833B613B69FB62012328
:10B490007B617B6983F31088C046FB681B681A6870
:10B4A000FB681B6880210A431A60FB6ABB61BB69A9
:10B4B00083F31088C046002300E002231800BD4635
:10B4C0000CB080BD05CB041019CA04105BC9041070
:10B4D000A7C8041080B588B000AFF860B960BB1D84
:10B4E0001A80FB688C229B58202B4AD1BB68002B0A
:10B4F00003D0BB1D1B88002B01D1012342E0FB6858
:10B500009A6880235B019A4209D1FB681B69002B72
:10B5100005D1BB680122134001D0012332E0FB6852
:10B520000022DA66FB681B68184A934220D0FB6849
:10B530001B685A6880231B04134019D0EFF3108353
:10B540003B613B69FB6101237B617B6983F310886D
:10B55000C046FB681B681A68FB681B688021C90429
:10B560000A431A60FB69BB61BB6983F31088C0465C
:10B57000BB1D1A88B968FB68180000F019FF0300AA
:10B5800000E002231800BD4608B080BD0050004115
:10B5900080B588B000AFF860B960BB1D1A80FB6849
:10B5A00088229B58202B00D079E0BB68002B03D069
:10B5B000BB1D1B88002B01D1012371E0FB689A6839
:10B5C00080235B019A4209D1FB681B69002B05D1DE
:10B5D000BB680122134001D0012361E0FB68BA6817
:10B5E0001A65FB68BA1D542112885A52FB68BA1DAD
:10B5F000562112885A52FB68902200219950FB680C
:10B60000882221219950FB68DB6F002B28D0FB6832
:10B61000DB6F254ADA62FB68DB6F244A1A63FB683A
:10B62000DB6F234A5A63FB68DB6F00229A63FB6877
:10B63000D86FFB681B6D1900FB681B6828331A0064
:10B64000BB1D1B88FAF77AFD031E09D0FB68902208
:10B6500010219950FB6888222021995001231FE076
:10B66000FB681B6840221A62EFF310833B613B6961
:10B67000FB6101237B617B6983F31088C046FB6813
:10B680001B689A68FB681B6880210A439A60FB6903
:10B69000BB61BB6983F31088C046002300E002232E
:10B6A0001800BD4608B080BD45C70410DDC70410B2
:10B6B000FBC70410B0B5AAB000AF78607B681B6808
:10B6C000DB69A422B9180B607B681B681B68A0208B
:10B6D00039180B607B681B689B689C2439190B60C8
:10B6E0001100BB181B68A24A13409822BD182B609A
:10B6F000BB181B68002B1AD17B181B682022134033
:10B7000015D03B181B682022134005D13B191A683D
:10B7100080235B0513400AD07B685B6F002B00D150
:10B72000E3E27B685B6F7A6810009847DDE298235C
:10B73000FB181B68002B00D122E19C23FB181B681F
:10B740008C4A134006D1A023FB181B688A4A134079
:10B7500000D115E1A423FB181B680122134012D06D
:10B76000A023FB181A6880235B0013400BD07B6872
:10B770001B6801221A627B6890229B5801221A439F
:10B780007B6890215A50A423FB181B6802221340A7
:10B7900011D09C23FB181B68012213400BD07B683F
:10B7A0001B6802221A627B6890229B5804221A436B
:10B7B0007B6890215A50A423FB181B680422134075
:10B7C00011D09C23FB181B68012213400BD07B680F
:10B7D0001B6804221A627B6890229B5802221A433B
:10B7E0007B6890215A50A423FB181B680822134041
:10B7F00017D0A023FB181B682022134005D19C23DF
:10B80000FB181B685B4A13400BD07B681B6808223F
:10B810001A627B6890229B5808221A437B68902109
:10B820005A50A423FB181A6880231B01134013D01D
:10B83000A023FB181A688023DB0413400CD07B681C
:10B840001B68802212011A627B6890229B5820227A
:10B850001A437B6890215A507B6890229B58002B9A
:10B8600000D144E2A423FB181B682022134015D00A
:10B87000A023FB181B682022134006D19C23FB1831
:10B880001A6880235B05134008D07B685B6F002B30
:10B8900004D07B685B6F7A68100098477B689022C1
:10B8A0009B5894217A1813607B681B689B68402220
:10B8B0001340402B04D07B181B68282213404CD027
:10B8C0007B68180000F0D8FE7B681B689B684022EC
:10B8D0001340402B3CD1EFF310833B663B6E90202E
:10B8E0003A18136001237B667B6E83F31088C04691
:10B8F0007B681B689A687B681B6840218A439A6052
:10B900003B181B68BB66BB6E83F31088C0467B6820
:10B9100080229B58002B16D07B6880229B58174AA8
:10B920009A637B6880229B581800FAF7ACFC031ED0
:10B930001CD07B6880229B589B6B7A688021525870
:10B940001000984712E07B68180000F0E9F90DE05C
:10B950007B68180000F0E4F908E07B68180000F04C
:10B96000DFF97B68902200219950C0E1C046BEE11A
:10B970000F080000010000102001000481C804101D
:10B980007B68DB6E012B00D05DE1A423FB181B68F4
:10B990001022134000D156E1A023FB181B6810228F
:10B9A000134000D14FE17B681B6810221A627B684C
:10B9B0001B689B6840221340402B00D0C3E07B688B
:10B9C00080229B581B685A687E217B181A807B183E
:10B9D0001B88002B00D197E07B685C229B5A7A1869
:10B9E00012889A4200D38FE07B687A185E21128811
:10B9F0005A527B6880229B581B681B682022134088
:10BA000070D1EFF310833B633B6BBB6701237B6318
:10BA10007B6B83F31088C0467B681B681A687B6861
:10BA20001B68B8490A401A60BB6FBB63BB6B83F3EA
:10BA30001088C046EFF31083FB63FB6B7B67012329
:10BA40003B643B6C83F31088C0467B681B689A6834
:10BA50007B681B6801218A439A607B6F7B647B6CE7
:10BA600083F31088C046EFF31083BB64BB6C3B6765
:10BA70000123FB64FB6C83F31088C0467B681B6862
:10BA80009A687B681B6840218A439A603B6F3B65DC
:10BA90003B6D83F31088C0467B688C22202199502F
:10BAA0007B680022DA66EFF310837B657B6DFB66B3
:10BAB0000123BB65BB6D83F31088C0467B681B68A0
:10BAC0001A687B681B6810218A431A60FB6EFB654D
:10BAD000FB6D83F31088C0467B6880229B5818005A
:10BAE000FAF792FB7B6802221A677B685C229A5AFB
:10BAF0007B685E215B5A9BB2D31A9AB27B681100B5
:10BB0000180000F015F9F4E07B685C229B5A7E2255
:10BB1000BA1812889A4200D0EBE07B6880229B58CA
:10BB20001B681B6820221340202B00D0E1E07B68BB
:10BB300002221A677B685C229A5A7B6811001800FF
:10BB400000F0F6F8D5E07B685C22995A7B685E22AB
:10BB50009B5A9AB28E203B188A1A1A807B685E2202
:10BB60009B5A9BB2002B00D1C5E03B181B88002BD1
:10BB700000D1C0E0EFF31083FB60FB6888243A1922
:10BB8000136001233B613B6983F31088C0467B68E7
:10BB90001B681A687B681B685B490A401A603B197E
:10BBA0001B687B617B6983F31088C046EFF31083C9
:10BBB000BB61BB6984243A1913600123FB61FB69F3
:10BBC00083F31088C0467B681B689A687B681B6893
:10BBD0004E490A409A603B191B683B623B6A83F3FB
:10BBE0001088C0467B688C22202199507B680022F7
:10BBF000DA667B6800225A67EFF310837B627B6A08
:10BC000080243A1913600123BB62BB6A83F3108856
:10BC1000C0467B681B681A687B681B6810218A43D2
:10BC20001A603B191B68FB62FB6A83F31088C046ED
:10BC30007B6802221A673B181A887B68110018007B
:10BC400000F076F857E0A423FB181B68802213400D
:10BC500016D0A023FB181B688022134006D19C231A
:10BC6000FB181A6880231B04134009D07B689B6F64
:10BC7000002B42D07B689B6F7A68100098473CE0AD
:10BC8000A423FB181B68402213400AD0A023FB18F2
:10BC90001B684022134004D07B68180000F0ACFF02
:10BCA0002CE0A423FB181A6880231B0413400BD03C
:10BCB000A023FB181A688023DB05134004D07B689F
:10BCC000180001F0DDFC19E0A423FB181A6880239A
:10BCD0005B04134012D0A023FB181B68002B0DDA65
:10BCE0007B68180001F0C4FC08E0C04606E0C046CE
:10BCF00004E0C04602E0C04600E0C046BD462AB0AF
:10BD0000B0BDC046FFFEFFFFDFFEFFFFFEFFFFEFFF
:10BD100080B582B000AF7860C046BD4602B080BD3D
:10BD200080B582B000AF7860C046BD4602B080BD2D
:10BD300080B582B000AF78600A00BB1C1A80C04694
:10BD4000BD4602B080BD0000B0B590B000AF7862D3
:10BD50001B2320229B18DB1900221A707B6A9A6829
:10BD60007B6A1B691A437B6A5B691A437B6ADB69DE
:10BD70001343FB637B6A1B681B68A04A13401900CE
:10BD80007B6A1A68FB6B0B4313607B6A1B685B68FA
:10BD90009B4A134018007B6AD9687B6A1A680300C3
:10BDA0000B4353607B6A9B69FB637B6A1B68954A04
:10BDB000934204D07B6A1B6AFA6B1343FB637B6A72
:10BDC0001B689B68904A134019007B6A1A68FB6BDA
:10BDD0000B4393607B6A1B68DB6A0F229343180056
:10BDE0007B6A596A7B6A1A6803000B43D3627B6AD9
:10BDF0001B68844A93426AD1844B7B637B6B002B24
:10BE000000D1E3E07B6A5A6A814B5200D35A190091
:10BE1000786BF4F70DFA0300BB627B6A5A68130073
:10BE20005B009B18BA6A9A4205D37B6A5B681B0366
:10BE3000BA6A9A4206D91B2320229B18DB190122D9
:10BE40001A70C3E07B6BBB610023FB617B6A5A6A9B
:10BE50006F4B5200D35A3B6100237B613A697B6987
:10BE6000B869F969F4F7FCFB02000B00110E1D0222
:10BE70000D4314027B6A5B685B08BB600023FB60B8
:10BE8000B868F968001969417B6A5B683B60002308
:10BE90007B603A687B68F4F7E3FB02000B00130059
:10BEA0003B633A6BC0239B009A4209D33A6B8023D1
:10BEB0005B039A4204D27B6A1B683A6BDA6085E0C6
:10BEC0001B2320229B18DB1901221A707EE07B6A5B
:10BED000DA6980231B029A4248D14C4B7B637B6B0F
:10BEE000002B00D172E07B6A5A6A494B5200D35A48
:10BEF0001900786BF4F79CF903005A007B6A5B68C1
:10BF00005B08D2187B6A5B6819001000F4F790F99F
:10BF100003003B633B6B0F2B21D93A6B80235B0201
:10BF20009A421CD23B6B9AB20E2020240319DB19D3
:10BF30000F218A431A803B6B5B089BB20722134098
:10BF400099B20319DB190219D21912880A431A800F
:10BF50007B6A1B680219D2191288DA6036E01B234B
:10BF600020229B18DB1901221A702FE0274B7B63DC
:10BF70007B6B002B2AD07B6A5A6A254B5200D35A1E
:10BF80001900786BF4F754F903001A007B6A5B68B8
:10BF90005B08D2187B6A5B6819001000F4F748F957
:10BFA00003003B633B6B0F2B0AD93A6B80235B0288
:10BFB0009A4205D23B6B9AB27B6A1B68DA6005E055
:10BFC0001B2320229B18DB1901221A707B6A6A222C
:10BFD000012199527B6A6822012199527B6A0022D1
:10BFE0005A677B6A00229A671B2320229B18DB1961
:10BFF0001B781800BD4610B0B0BDC046F369FFCF36
:10C00000FFCFFFFF00500041FFF4FF110024F400B8
:10C0100088D2061080B582B000AF78607B689B6ADA
:10C02000082213400BD07B681B685B684A4A1340A8
:10C0300019007B689A6B7B681B680A435A607B68AF
:10C040009B6A012213400BD07B681B685B68434AE4
:10C05000134019007B68DA6A7B681B680A435A60E0
:10C060007B689B6A022213400BD07B681B685B686D
:10C070003B4A134019007B681A6B7B681B680A43B4
:10C080005A607B689B6A042213400BD07B681B6854
:10C090005B68344A134019007B685A6B7B681B68E5
:10C0A0000A435A607B689B6A102213400BD07B685E
:10C0B0001B689B682C4A134019007B68DA6B7B680D
:10C0C0001B680A439A607B689B6A202213400BD04E
:10C0D0007B681B689B68254A134019007B681A6CB3
:10C0E0007B681B680A439A607B689B6A4022134006
:10C0F0001DD07B681B685B681D4A134019007B6874
:10C100005A6C7B681B680A435A607B685A6C8023B0
:10C110005B039A420BD17B681B685B68154A13402E
:10C1200019007B689A6C7B681B680A435A607B68BD
:10C130009B6A802213400BD07B681B685B680E4AA9
:10C14000134019007B68DA6C7B681B680A435A60ED
:10C15000C046BD4602B080BDFF7FFFFFFFFFFDFF71
:10C16000FFFFFEFFFFFFFBFFFFEFFFFFFFDFFFFF14
:10C17000FFFFEFFFFFFF9FFFFFFFF7FF80B592B0CC
:10C1800002AF78607B68902200219950F9F716FE83
:10C190000300FB637B681B681B6808221340082BA5
:10C1A0002DD1FB6B802291037868474A00920022D0
:10C1B00000F08EF8031E22D0EFF310837B627B6ABF
:10C1C000BB630123BB62BB6A83F31088C0467B68F4
:10C1D0001B681A687B681B6880218A431A60BB6BE6
:10C1E000FB62FB6A83F31088C0467B6888222021AB
:10C1F00099507B68842200219954032360E07B6876
:10C200001B681B6804221340042B46D1FB6B802261
:10C21000D10378682C4A0092002200F059F8031EDE
:10C220003BD0EFF31083FB60FB687B6301233B6132
:10C230003B6983F31088C0467B681B681A687B687B
:10C240001B6822490A401A607B6B7B617B6983F320
:10C250001088C046EFF31083BB61BB693B630123C9
:10C26000FB61FB6983F31088C0467B681B689A6892
:10C270007B681B6801218A439A603B6B3B623B6A87
:10C2800083F31088C0467B688C22202199507B68FC
:10C29000842200219954032312E07B688822202104
:10C2A00099507B688C22202199507B680022DA66A5
:10C2B0007B6800221A677B6884220021995400233E
:10C2C0001800BD4610B080BDFFFFFF01DFFEFFFF7D
:10C2D00080B584B000AFF860B9603B60FB1D1A7098
:10C2E00051E0BB6901334ED0F9F768FD02003B68AD
:10C2F000D31ABA699A4202D3BB69002B01D1032336
:10C3000051E0FB681B681B68042213403BD0BB68EC
:10C31000802B38D0BB68402B35D0FB681B68DB69AD
:10C3200008221340082B11D1FB681B6808221A62EF
:10C33000FB68180000F0A0F9FB68902208219950D2
:10C34000FB6884220021995401232CE0FB681B68C0
:10C35000DA6980231B011A4080231B019A4212D103
:10C36000FB681B68802212011A62FB68180000F04B
:10C3700083F9FB68902220219950FB6884220021D8
:10C38000995403230FE0FB681B68DB69BA6813400C
:10C39000BA68D31A5A425341DBB21A00FB1D1B780C
:10C3A0009A429ED000231800BD4604B080BD000014
:10C3B00080B598B000AFF860B960BB1D1A80FB680B
:10C3C000BA689A65FB68BA1D5C2112885A52FB68EC
:10C3D000BA1D5E2112885A52FB6800225A67FB6818
:10C3E0009A6880235B019A420DD1FB681B69002B80
:10C3F00004D1FB6860227B4999522EE0FB686022E1
:10C40000FF21995229E0FB689B68002B0DD1FB6846
:10C410001B69002B04D1FB686022FF2199521CE0AC
:10C42000FB6860227F21995217E0FB689A6880239D
:10C430005B059A420DD1FB681B69002B04D1FB6898
:10C4400060227F21995208E0FB6860223F219952C7
:10C4500003E0FB68602200219952FB6890220021D2
:10C460009950FB688C2222219950EFF310833B6492
:10C470003B6CFB6501237B647B6C83F31088C046B7
:10C48000FB681B689A68FB681B6801210A439A6075
:10C49000FB6DBB64BB6C83F31088C046FB685A6EAF
:10C4A00080239B059A4250D1FB6868229B5ABA1D93
:10C4B00012889A4249D3FB689A6880235B019A42AA
:10C4C00007D1FB681B69002B03D1FB68464A5A67FA
:10C4D00002E0FB68454A5A67FB681B69002B19D0CC
:10C4E000EFF310837B637B6BBB650123BB63BB6B8B
:10C4F00083F31088C046FB681B681A68FB681B68DA
:10C50000802149000A431A60BB6DFB63FB6B83F318
:10C510001088C046EFF31083BB62BB6A7B650123C2
:10C52000FB62FB6A83F31088C046FB681B689A684D
:10C53000FB681B68802149050A439A607B6D3B6359
:10C540003B6B83F31088C04647E0FB689A68802302
:10C550005B019A4207D1FB681B69002B03D1FB6882
:10C56000234A5A6702E0FB68224A5A67FB681B6944
:10C57000002B19D0EFF31083FB61FB69FB640123EF
:10C580003B623B6A83F31088C046FB681B681A68ED
:10C59000FB681B68902149000A431A60FB6C7B62B0
:10C5A0007B6A83F3108818E0EFF310833B613B69EB
:10C5B0003B6501237B617B6983F31088C046FB6880
:10C5C0001B681A68FB681B6820210A431A603B6DD0
:10C5D000BB61BB6983F31088C04600231800BD46C9
:10C5E00018B080BDFF01000019D30410D9CF04108A
:10C5F00015CE041051CC041080B58AB000AF78601D
:10C60000EFF31083BB60BB687B620123FB60FB68B8
:10C6100083F31088C0467B681B681A687B681B68B8
:10C62000C0218A431A607B6A3B613B6983F31088AF
:10C63000C046EFF310837B617B693B620123BB61E2
:10C64000BB6983F31088C0467B681B689A687B6867
:10C650001B6808490A409A603B6AFB61FB6983F3E7
:10C660001088C0467B68882220219950C046BD466C
:10C670000AB080BDFFFF7FFF80B58EB000AF78604D
:10C68000EFF310837B617B697B630123BB61BB6933
:10C6900083F31088C0467B681B681A687B681B6838
:10C6A00026490A401A607B6BFB61FB6983F31088A3
:10C6B000C046EFF310833B623B6A3B6301237B621E
:10C6C0007B6A83F31088C0467B681B689A687B6826
:10C6D0001B681B490A409A603B6BBB62BB6A83F3D1
:10C6E0001088C0467B68DB6E012B18D1EFF31083F6
:10C6F000BB60BB68FB620123FB60FB6883F31088AF
:10C70000C0467B681B681A687B681B6810218A43D7
:10C710001A60FB6A3B613B6983F31088C0467B6803
:10C720008C22202199507B680022DA667B680022E7
:10C730005A67C046BD460EB080BDC046DFFEFFFF53
:10C74000FEFFFFEF80B58CB000AF78607B689B6A1E
:10C75000FB627B681B681B682022134035D1FB6A93
:10C76000562200219952EFF31083FB60FB68BB62F5
:10C7700001233B613B6983F31088C046FB6A1B6859
:10C780009A68FB6A1B6880218A439A60BB6A7B6156
:10C790007B6983F31088C046EFF31083BB61BB69EC
:10C7A0007B620123FB61FB6983F31088C046FB6A4F
:10C7B0001B681A68FB6A1B6840210A431A607B6A7F
:10C7C0003B623B6A83F3108804E0FB6A180008F0C0
:10C7D000E3FDC046C046BD460CB080BD80B584B008
:10C7E00000AF78607B689B6AFB60FB681800FFF70E
:10C7F0008FFAC046BD4604B080BD80B586B000AF9C
:10C8000078607B689B6A7B617B6988229B583B616F
:10C810007B698C229B58FB607B691B689B6880222C
:10C820001340802B0AD13B69212B07D17B6956220B
:10C83000002199527B691800FFF7DEFE7B691B68B7
:10C840009B6840221340402B0AD1FB68222B07D162
:10C850007B695E22002199527B691800FFF70CFF6B
:10C860007B6990229B5810221A437B6990215A5071
:10C870007B691800FFF754FAC046BD4606B080BD7C
:10C8800080B584B000AF78607B689B6AFB60FB6812
:10C890005E2200219952FB681800FFF741FAC0465A
:10C8A000BD4604B080BD80B58AB000AF78607B68BB
:10C8B00088229B58212B4CD17B6856229B5A9BB2D5
:10C8C000002B32D1EFF31083BB60BB687B62012386
:10C8D000FB60FB6883F31088C0467B681B681A689E
:10C8E0007B681B6880218A431A607B6A3B613B69D5
:10C8F00083F31088C046EFF310837B617B693B6252
:10C900000123BB61BB6983F31088C0467B681B6849
:10C910001A687B681B6840210A431A603B6AFB6106
:10C92000FB6983F31088C04613E07B681B6D1A789F
:10C930007B681B689A627B681B6D5A1C7B681A6552
:10C940007B6856229B5A9BB2013B99B27B68562268
:10C950009952C046BD460AB080BD80B58CB000AFCC
:10C9600078607B6888229B58212B51D17B685622A6
:10C970009B5A9BB2002B32D1EFF31083FB60FB6814
:10C98000BB6201233B613B6983F31088C0467B682F
:10C990001B681A687B681B6880218A431A60BB6A1F
:10C9A0007B617B6983F31088C046EFF31083BB6122
:10C9B000BB697B620123FB61FB6983F31088C0467E
:10C9C0007B681B681A687B681B6840210A431A60F1
:10C9D0007B6A3B623B6A83F31088C04618E07B6841
:10C9E0001B6DFB62FB6A1B881A007B681B68D20503
:10C9F000D20D9A627B681B6D9A1C7B681A657B68F6
:10CA000056229B5A9BB2013B99B27B68562299529F
:10CA1000C046BD460CB080BD80B58CB000AF78601C
:10CA20007B6888229B58212B65D12E23FB187A68BE
:10CA30006A21525A1A8059E07B6856229B5A9BB24F
:10CA4000002B33D1EFF31083FB60FB68BB62012343
:10CA50003B613B6983F31088C0467B681B689A681A
:10CA60007B681B6826490A409A60BB6A7B617B69C8
:10CA700083F31088C046EFF31083BB61BB697B6210
:10CA80000123FB61FB6983F31088C0467B681B6848
:10CA90001A687B681B6840210A431A607B6A3B6204
:10CAA0003B6A83F31088C046C04624E07B681B685D
:10CAB000DB698022134013D07B681B6D1A787B687A
:10CAC0001B689A627B681B6D5A1C7B681A657B68C1
:10CAD00056229B5A9BB2013B99B27B6856229952CF
:10CAE0002E217B181A887B18013A1A802E23FB18F6
:10CAF0001B88002BA0D1C046BD460CB080BDC046EF
:10CB0000FFFF7FFF80B58CB000AF78607B68882224
:10CB10009B58212B6AD12E23FB187A686A21525A1E
:10CB20001A805EE07B6856229B5A9BB2002B33D161
:10CB3000EFF31083BB60BB687B620123FB60FB6883
:10CB400083F31088C0467B681B689A687B681B6803
:10CB500028490A409A607B6A3B613B6983F31088ED
:10CB6000C046EFF310837B617B693B620123BB61AD
:10CB7000BB6983F31088C0467B681B681A687B68B2
:10CB80001B6840210A431A603B6AFB61FB6983F31F
:10CB90001088C046C04629E07B681B68DB6980229C
:10CBA000134018D07B681B6DBB62BB6A1B881A00E0
:10CBB0007B681B68D205D20D9A627B681B6D9A1C3C
:10CBC0007B681A657B6856229B5A9BB2013B99B2DF
:10CBD0007B68562299522E217B181A887B18013ABD
:10CBE0001A802E23FB181B88002B9BD1C046BD4604
:10CBF0000CB080BDFFFF7FFF80B586B000AF7860CE
:10CC0000EFF31083BB60BB687B610123FB60FB68B3
:10CC100083F31088C0467B681B681A687B681B68B2
:10CC200040218A431A607B693B613B6983F310882A
:10CC3000C0467B688822202199507B6800229A6731
:10CC40007B68180008F0A8FBC046BD4606B080BD52
:10CC500080B594B000AF78604E203B187A686021B0
:10CC6000525A1A807B688C229B58222B00D0BFE03E
:10CC70007B681B685A6A4C217B181A807B181B88BA
:10CC8000DAB23B181B88D9B27B689B6D0A40D2B2DE
:10CC90001A707B689B6D5A1C7B689A657B685E2264
:10CCA0009B5A9BB2013B99B27B685E2299527B688A
:10CCB0005E229B5A9BB2002B00D0A1E0EFF31083C1
:10CCC0007B627B6ABB640123BB62BB6A83F310880F
:10CCD000C0467B681B681A687B681B684A490A4023
:10CCE0001A60BB6CFB62FB6A83F31088C046EFF3EB
:10CCF00010833B633B6B7B6401237B637B6B83F320
:10CD00001088C0467B681B689A687B681B68012195
:10CD10008A439A607B6CBB63BB6B83F31088C0460D
:10CD20007B688C22202199507B6800225A677B689F
:10CD300000221A677B681B68344A93421FD07B68C5
:10CD40001B685A6880231B04134018D0EFF310832C
:10CD5000BB61BB693B640123FB61FB6983F3108802
:10CD6000C0467B681B681A687B681B6828490A40B4
:10CD70001A603B6C3B623B6A83F31088C0467B6859
:10CD8000DB6E012B2FD17B680022DA66EFF3108374
:10CD9000FB60FB68FB6301233B613B6983F3108805
:10CDA000C0467B681B681A687B681B6810218A4331
:10CDB0001A60FB6B7B617B6983F31088C0467B68DC
:10CDC0001B68DB6910221340102B03D17B681B68A2
:10CDD00010221A627B685C229A5A7B681100180044
:10CDE000FEF7A6FF0CE07B68180008F0E7FA07E002
:10CDF0007B681B689A697B681B6808210A439A61F3
:10CE0000C046BD4614B080BDDFFEFFFF00500041AC
:10CE1000FFFFFFFB80B594B000AF78604E203B1859
:10CE20007A686021525A1A807B688C229B58222B88
:10CE300000D0BFE07B681B685A6A4C217B181A80BF
:10CE40007B689B6DBB647B183A181B881288134063
:10CE50009AB2BB6C1A807B689B6D9A1C7B689A6542
:10CE60007B685E229B5A9BB2013B99B27B685E2233
:10CE700099527B685E229B5A9BB2002B00D0A1E0A6
:10CE8000EFF310833B623B6A7B6401237B627B6A26
:10CE900083F31088C0467B681B681A687B681B6830
:10CEA0004A490A401A607B6CBB62BB6A83F31088F4
:10CEB000C046EFF31083FB62FB6A3B6401233B63D4
:10CEC0003B6B83F31088C0467B681B689A687B685D
:10CED0001B6801218A439A603B6C7B637B6B83F305
:10CEE0001088C0467B688C22202199507B680022E4
:10CEF0005A677B6800221A677B681B68344A934232
:10CF00001FD07B681B685A6880231B04134018D00D
:10CF1000EFF310837B617B69FB630123BB61BB691A
:10CF200083F31088C0467B681B681A687B681B689F
:10CF300028490A401A60FB6BFB61FB6983F3108888
:10CF4000C0467B68DB6E012B2FD17B680022DA663E
:10CF5000EFF31083BB60BB68BB630123FB60FB681E
:10CF600083F31088C0467B681B681A687B681B685F
:10CF700010218A431A60BB6B3B613B6983F31088C5
:10CF8000C0467B681B68DB6910221340102B03D15D
:10CF90007B681B6810221A627B685C229A5A7B6845
:10CFA00011001800FEF7C4FE0CE07B68180008F0C2
:10CFB00005FA07E07B681B689A697B681B68082193
:10CFC0000A439A61C046BD4614B080BDDFFEFFFF34
:10CFD00000500041FFFFFFFB80B5A0B000AF7860BC
:10CFE0007A23FB187A686021525A1A807B681B6882
:10CFF000DB69FB677B681B681B687B677B681B685A
:10D000009B683B677B688C229B58222B00D06BE18E
:10D010006E23FB187A686821525A1A8012E17B68E5
:10D020001B685A6A6C217B181A807B181B88DAB23D
:10D030007A23FB181B88D9B27B689B6D0A40D2B259
:10D040001A707B689B6D5A1C7B689A657B685E22B0
:10D050009B5A9BB2013B99B27B685E2299527B68D6
:10D060001B68DB69FB67FB6F0722134049D0FB6F2E
:10D070000122134010D07A6F80235B0013400BD045
:10D080007B681B6801221A627B6890229B580122F0
:10D090001A437B6890215A50FB6F022213400FD035
:10D0A0003B6F012213400BD07B681B6802221A627F
:10D0B0007B6890229B5804221A437B6890215A5027
:10D0C000FB6F042213400FD03B6F012213400BD0A3
:10D0D0007B681B6804221A627B6890229B5802229C
:10D0E0001A437B6890215A507B6890229B58002BF2
:10D0F00007D07B681800FEF713FE7B6890220021A2
:10D1000099507B685E229B5A9BB2002B00D099E01D
:10D11000EFF31083BB63BB6BBB660123FB63FB6B4D
:10D1200083F31088C0467B681B681A687B681B689D
:10D1300073490A401A60BB6E3B643B6C83F31088F2
:10D14000C046EFF310837B647B6C7B660123BB647A
:10D15000BB6C83F31088C0467B681B689A687B6849
:10D160001B6868490A409A607B6EFB64FB6C83F322
:10D170001088C0467B688C22202199507B68002251
:10D180005A677B6800221A677B681B685E4A934275
:10D190001FD07B681B685A6880231B04134018D07B
:10D1A000EFF31083FB62FB6A3B6601233B633B6B3F
:10D1B00083F31088C0467B681B681A687B681B680D
:10D1C00052490A401A603B6E7B637B6B83F3108885
:10D1D000C0467B68DB6E012B2FD17B680022DA66AC
:10D1E000EFF310833B623B6AFB6501237B627B6A42
:10D1F00083F31088C0467B681B681A687B681B68CD
:10D2000010218A431A60FB6DBB62BB6A83F31088EE
:10D21000C0467B681B68DB6910221340102B03D1CA
:10D220007B681B6810221A627B685C229A5A7B68B2
:10D2300011001800FEF77CFD0EE07B68180008F076
:10D24000BDF809E06E23FB181B88002B04D0FB6F90
:10D250002022134000D0E2E65A203B187A685E2173
:10D26000525A1A8001007B181B88002B44D07B681F
:10D2700068229B5A7A1812889A423DD2EFF31083A3
:10D28000BB60BB687B650123FB60FB6883F3108890
:10D29000C0467B681B689A687B681B681C490A400B
:10D2A0009A607B6D3B613B6983F31088C0467B6865
:10D2B000184A5A67EFF310837B617B693B65012352
:10D2C000BB61BB6983F31088C0467B681B681A6822
:10D2D0007B681B6820210A431A603B6DFB61FB6978
:10D2E00083F31088C04607E07B681B689A697B68F7
:10D2F0001B6808210A439A61C046BD4620B080BD24
:10D30000FFFEFFFFFEFFFFEF00500041FFFFFFFBAE
:10D31000FFFFFFEF51CC041080B5A2B000AF7860E2
:10D320008223FB187A686021525A1A807B681B6836
:10D33000DB698422BA1813607B681B681B68FB6773
:10D340007B681B689B68BB677B688C229B58222B81
:10D3500000D075E17623FB187A686821525A1A804A
:10D360001AE17B681B685A6A74217B181A807B68F3
:10D370009B6D3B677B188222BA181B88128813406A
:10D380009AB23B6F1A807B689B6D9A1C7B689A658A
:10D390007B685E229B5A9BB2013B99B27B685E22FE
:10D3A00099527B681B68DB6984217A1813607B18AB
:10D3B0001B68072213404ED07B181B6801221340C4
:10D3C00010D0FA6F80235B0013400BD07B681B6882
:10D3D00001221A627B6890229B5801221A437B68C3
:10D3E00090215A508423FB181B68022213400FD04F
:10D3F000BB6F012213400BD07B681B6802221A62AC
:10D400007B6890229B5804221A437B6890215A50D3
:10D410008423FB181B68042213400FD0BB6F01222A
:10D4200013400BD07B681B6804221A627B68902231
:10D430009B5802221A437B6890215A507B689022A5
:10D440009B58002B07D07B681800FEF769FC7B68AF
:10D450009022002199507B685E229B5A9BB2002B40
:10D4600000D099E0EFF31083FB63FB6BFB660123B5
:10D470003B643B6C83F31088C0467B681B681A686A
:10D480007B681B6874490A401A60FB6E7B647B6C86
:10D4900083F31088C046EFF31083BB64BB6CBB669C
:10D4A0000123FB64FB6C83F31088C0467B681B6818
:10D4B0009A687B681B6869490A409A60BB6E3B6545
:10D4C0003B6D83F31088C0467B688C2220219950E5
:10D4D0007B6800225A677B6800221A677B681B689A
:10D4E0005F4A93421FD07B681B685A6880231B04E5
:10D4F000134018D0EFF310833B633B6B7B66012333
:10D500007B637B6B83F31088C0467B681B681A685B
:10D510007B681B6853490A401A607B6EBB63BB6B18
:10D5200083F31088C0467B68DB6E012B2FD17B68AC
:10D530000022DA66EFF310837B627B6A3B6601238D
:10D54000BB62BB6A83F31088C0467B681B681A689D
:10D550007B681B6810218A431A603B6EFB62FB6A82
:10D5600083F31088C0467B681B68DB691022134078
:10D57000102B03D17B681B6810221A627B685C2227
:10D580009A5A7B6811001800FEF7D2FB10E07B6806
:10D59000180007F013FF0BE07623FB181B88002B05
:10D5A00006D08423FB181B682022134000D0D8E645
:10D5B0005E203B187A685E21525A1A8001007B185F
:10D5C0001B88002B44D07B6868229B5A7A181288EB
:10D5D0009A423DD2EFF31083FB60FB68BB650123E9
:10D5E0003B613B6983F31088C0467B681B689A687F
:10D5F0007B681B681C490A409A60BB6D7B617B6934
:10D6000083F31088C0467B68184A5A67EFF310838B
:10D61000BB61BB697B650123FB61FB6983F31088F8
:10D62000C0467B681B681A687B681B6820210A4318
:10D630001A607B6D3B623B6A83F31088C04607E04B
:10D640007B681B689A697B681B6808210A439A619A
:10D65000C046BD4622B080BDFFFEFFFFFEFFFFEFCC
:10D6600000500041FFFFFFFBFFFFFFEF15CE04104E
:10D6700080B582B000AF7860C046BD4602B080BDC4
:10D6800080B582B000AF7860C046BD4602B080BDB4
:10D6900080B584B000AF78607B6884229B5C012BEE
:10D6A00001D1022327E07B688422012199547B6801
:10D6B0008822242199507B681B681B68FB607B686B
:10D6C0001B681A687B681B6801218A431A60FB6823
:10D6D0000B4A1340FB607B6800225A667B681B681C
:10D6E000FA681A607B688822202199507B6884221E
:10D6F0000021995400231800BD4604B080BDC046E7
:10D70000FFFFFFDF80B584B000AF786039607B68D1
:10D7100084229B5C012B01D102232EE07B688422B2
:10D72000012199547B688822242199507B681B68C9
:10D730001B68FB607B681B681A687B681B6801219B
:10D740008A431A607B681B689B68DB00D9087B688A
:10D750001B683A680A439A607B68180000F054F826
:10D760007B681B68FA681A607B68882220219950C0
:10D770007B6884220021995400231800BD4604B020
:10D7800080BD000080B584B000AF786039607B68F0
:10D7900084229B5C012B01D102232FE07B68842231
:10D7A000012199547B688822242199507B681B6849
:10D7B0001B68FB607B681B681A687B681B6801211B
:10D7C0008A431A607B681B689B680E4A13401900E5
:10D7D0007B681B683A680A439A607B68180000F00F
:10D7E00013F87B681B68FA681A607B68882220211E
:10D7F00099507B6884220021995400231800BD466B
:10D8000004B080BDFFFFFFF1F0B585B000AF7860D8
:10D810007B685B6E002B08D17B686A2201219952DC
:10D820007B6868220121995243E00F26BB19082228
:10D830001A700E203B1808221A707B681B689B68C0
:10D840005B0EDAB20D243B1907210A401A707B687F
:10D850001B689B685B0FDAB20C257B1907210A4015
:10D860001A703B181B787A19127814498A5C5A434B
:10D8700010007B191B78124AD35C1900F2F762FD85
:10D88000030099B27B686A229952BB191B783A1936
:10D8900012780A498A5C5A4310003B191B78084ADF
:10D8A000D35C1900F2F74EFD030099B27B68682241
:10D8B0009952C046BD4605B0F0BDC046A0D2061084
:10D8C000A8D20610F0B589B000AF78600A00BB1C82
:10D8D0001A801F23FB1800221A707B681B78042B08
:10D8E00003D07B681B78822B48D17B6801333B6176
:10D8F0007B681B78042B03D13B690233BB6105E0D5
:10D900007B680133FB60FB680333BB613B691B78B9
:10D91000FF2B33D1BB69BB60BB681A785B781B02F5
:10D9200013439BB21A00FC231B021A40C0231B01A5
:10D930009A4223D11723FB1800221A7015E01725ED
:10D940007B191A78144B9200D3581F26BC19BA6859
:10D950001000984703002370BB191B78012B0CD0D3
:10D960007B191A787B1901321A700B4B1B7A17221C
:10D97000BA1812789A42E2D300E0C0461F23FB187F
:10D980001B78002B03D17B68180004F091FBC04684
:10D99000BD4609B0F0BDC04650150020B0B58EB0F0
:10D9A0000CAF0400080011003B60FB1D221C1A7024
:10D9B000BB1D021C1A703B1D0A1C1A803C683B1DD3
:10D9C0001A88BB1D1978FB1D1878282318255B19A8
:10D9D000DB191B780A9324235B19DB191B78099345
:10D9E00020235B19DB191B7808933423FB181B7861
:10D9F00007933023FB181B7806932C23FB181B7806
:10DA00005BB205932823FB181B7804937B6A03936E
:10DA10002023FB181B7802931C23FB181B7801930F
:10DA2000BB69009323000AF0E7F903001800BD4624
:10DA300002B0B0BD90B583B000AF04000800110083
:10DA40003B60FB1D221C1A70BB1D021C1A703B1D83
:10DA50000A1C1A803C683B1D1A88BB1D1978FB1DE7
:10DA6000187823000AF0EAFB03001800BD4603B053
:10DA700090BD80B582B000AF3A60FB1D021C1A70E9
:10DA8000BB1D0A1C1A703A68BB1D1978FB1D1B7858
:10DA900018000AF027FB03001800BD4602B080BD45
:10DAA00080B582B000AF0200BB1D1A80BB1D1B8871
:10DAB000180009F051FDC046BD4602B080BD80B5DA
:10DAC00082B000AF0200FB1D1A70FB1D1B7818000E
:10DAD00009F086FFC046BD4602B080BD80B582B069
:10DAE00000AF0200FB1D1A70BB1D0A1C1A70BB1D83
:10DAF0001A78FB1D1B781100180009F099FFC04629
:10DB0000BD4602B080BD80B582B000AF0200BB1D33
:10DB10001A80BB1D1B8818000AF018F8C046BD46C5
:10DB200002B080BD80B582B000AF78607B6818001D
:10DB30000AF0A2F803001800BD4602B080BD80B50F
:10DB400000AF0AF06DF803001800BD4680BD80B537
:10DB500082B000AF0200FB1D1A70FB1D1B7818007D
:10DB60000AF046FB03001800BD4602B080BD80B538
:10DB700082B000AF0200BB1D1A80BB1D1B881800BD
:10DB80000AF0D0FBC046BD4602B080BD80B582B071
:10DB900000AF786039603A687B681100180008F0BF
:10DBA000B9FC03001800BD4602B080BD80B582B04C
:10DBB00000AF786039603A687B681100180008F09F
:10DBC000D3FC03001800BD4602B080BD80B582B012
:10DBD00000AF0200BB1D1A80BB1D1B8818000DF092
:10DBE00093F9C046BD4602B080BD80B500AF0DF0D0
:10DBF00069FB03001800BD4680BD80B500AF0DF085
:10DC000065FB03001800BD4680BD80B500AF08F07D
:10DC1000DBFC03001800BD4680BD80B582B000AFBC
:10DC2000786039603A687B681100180009F0A2F842
:10DC300003001800BD4602B080BD80B582B000AFC1
:10DC4000786039603A687B681100180009F0C2F802
:10DC500003001800BD4602B080BD80B582B000AFA1
:10DC6000786039603A687B681100180009F0CEF8D6
:10DC700003001800BD4602B080BD80B582B000AF81
:10DC8000786039603A687B681100180009F0DAF8AA
:10DC900003001800BD4602B080BD80B582B000AF61
:10DCA000786039603A687B681100180009F00AF959
:10DCB00003001800BD4602B080BD80B582B000AF41
:10DCC000786039603A687B681100180009F040F903
:10DCD00003001800BD4602B080BD80B582B000AF21
:10DCE000786039603A687B681100180009F060F9C3
:10DCF00003001800BD4602B080BD80B582B000AF01
:10DD0000786039603A687B681100180009F06EF994
:10DD100003001800BD4602B080BD80B582B000AFE0
:10DD2000786039603A687B681100180009F082F960
:10DD300003001800BD4602B080BD80B500AF15F0ED
:10DD40003DFE03001800BD4680BD80B582B000AF27
:10DD500078607B68180016F0B2FE03001800BD461C
:10DD600002B080BD80B582B000AF0200FB1D1A700A
:10DD7000FB1D1B78180017F0A1FB03001800BD461F
:10DD800002B080BD80B582B000AF0200FB1D1A70EA
:10DD9000FB1D1B7818000DF079FC03001800BD4630
:10DDA00002B080BDB0B584B002AF05000C00100019
:10DDB0001900FB1D2A1C1A70BB1D221C1A707B1D2A
:10DDC000021C1A703B1D0A1C1A703B1D1C787B1D1F
:10DDD0001A78BB1D1978FB1D18781C23FB181B78BB
:10DDE00001931823FB181B78009323000EF052F8C0
:10DDF000C046BD4602B0B0BD80B582B000AF0200E3
:10DE0000FB1D1A70FB1D1B7818000EF08CFC030024
:10DE10001800BD4602B080BD80B582B000AF0200E0
:10DE2000BB1D1A80BB1D1B8818000FF071FAC0467D
:10DE3000BD4602B080BD80B582B000AF0200BB1D00
:10DE40001A80BB1D1B8818000FF0FCFDC046BD46A4
:10DE500002B080BD80B582B000AF78607B681800EA
:10DE600010F00EFFC046BD4602B080BD80B582B046
:10DE700000AF78607B68180010F086FFC046BD4692
:10DE800002B080BD80B582B000AF0200BB1D1A8019
:10DE9000BB1D1B88180011F073FDC046BD4602B0C3
:10DEA00080BD80B582B000AF0200FB1D1A70FB1D63
:10DEB0001B78180012F053F803001800BD4602B09A
:10DEC00080BD80B500AF12F08BF8C046BD4680BD66
:10DED00080B500AF11F0FEFF03001800BD4680BD05
:10DEE00080B582B000AF0200FB1D1A70FB1D1B78CD
:10DEF000180011F0F9FF03001800BD4602B080BD04
:10DF000080B582B000AF0200FB1D1A70FB1D1B78AC
:10DF1000180012F0F7FBC046BD4602B080BD80B5C8
:10DF200084B000AFF860B9607A607A68B968FB685D
:10DF3000180013F00BFDC046BD4604B080BD80B58F
:10DF400082B000AF78607B68180014F0B1F8C0466A
:10DF5000BD4602B080BD80B582B000AF7860396048
:10DF60003A687B681100180014F0DEF8C046BD4620
:10DF700002B080BD80B582B000AF78607B681800C9
:10DF800014F0EEFC03001800BD4602B080BD80B561
:10DF900082B000AF02003960BB1D1A803A68BB1D19
:10DFA0001B881100180012F0C3FE03001800BD46C4
:10DFB00002B080BD80B582B000AF78607B68180089
:10DFC00014F06EFAC046BD4602B080BD80B500AF09
:10DFD00014F091FE03001800BD4680BDB0B58AB0B4
:10DFE00008AF05000C0010001900FB1D2A1C1A7058
:10DFF000BB1D221C1A707B1D021C1A703B1D0A1CC3
:10E000001A703B1D1C787B1D1A78BB1D1978FB1DEF
:10E0100018783023FB181B7806932C23FB181B78E9
:10E0200005932823FB181B7804932423FB181B78E3
:10E0300003932023FB181B7802931C23FB181B78E7
:10E0400001931823FB181B780093230015F0ECF8BC
:10E05000C046BD4602B0B0BD80B582B000AF020080
:10E06000BB1D1A80BB1D1B88180016F02BFDC04677
:10E07000BD4602B080BD80B582B000AF0200BB1DBE
:10E080001A80BB1D1B88180016F000FEC046BD4656
:10E0900002B080BD80B500AF16F058FFC046BD4647
:10E0A00080BD80B500AF0AF043F9C046BD4680BDD3
:10E0B00080B582B000AF0200BB1D1A80BB1D1B885B
:10E0C00018000AF0A1F9C046BD4602B080BD80B577
:10E0D00082B000AF0200BB1D1A80BB1D1B88180058
:10E0E0000AF006FAC046BD4602B080BD80B582B0D7
:10E0F00000AF0200BB1D1A80BB1D1B8818000AF070
:10E1000023FDC046BD4602B080BD80B582B000AFE1
:10E110000200BB1D1A80BB1D1B8818000BF0FEFD02
:10E12000C046BD4602B080BD80B582B000AF0200DF
:10E13000BB1D1A80BB1D1B8818000BF0A9FEC04632
:10E14000BD4602B080BD80B582B000AF0200BB1DED
:10E150001A807B1D0A1C1A707B1D1A78BB1D1B8838
:10E160001100180007F0FEFE03001800BD4602B0C3
:10E1700080BD80B582B000AF0200FB1D1A70FB1D90
:10E180001B78180007F05DFF03001800BD4602B0C1
:10E1900080BDB0B586B004AF05000C0010001900BA
:10E1A000FB1D2A1C1A70BB1D221C1A707B1D021C31
:10E1B0001A703B1D0A1C1A703B1D1C787B1D1A78B7
:10E1C000BB1D1978FB1D18782023FB181B780293C0
:10E1D0001C23FB181B7801931823FB181B78009352
:10E1E000230007F037FF03001800BD4602B0B0BDA2
:10E1F00080B582B000AF02003960BB1D1A803A685A
:10E20000BB1D1B881100180007F068FF03001800F1
:10E21000BD4602B080BD80B582B000AF78607B683B
:10E22000180007F067FF03001800BD4602B080BD6C
:10E2300080B582B000AF78607B68180007F05EFFA1
:10E2400003001800BD4602B080BD80B582B000AFAB
:10E2500078600A00BB1C1A80BB1C1A887B681100FE
:10E26000180007F04FFF03001800BD4602B080BD44
:10E2700080B582B000AF78607B68180007F046FF79
:10E2800003001800BD4602B080BDB0B584B002AF37
:10E2900005000C0010001900BB1D2A1C1A803B1D34
:10E2A000221C1A80BB1C021C1A807B1C0A1C1A70C0
:10E2B0007B1C1C78BB1C1A883B1D1988BB1D188849
:10E2C000FB6901931823FB181B880093230007F0B8
:10E2D00021FF03001800BD4602B0B0BDB0B584B048
:10E2E00002AF05000C0010001900BB1D2A1C1A808B
:10E2F0003B1D221C1A80BB1C021C1A807B1C0A1CA2
:10E300001A707B1C1C78BB1C1A883B1D1988BB1D0E
:10E310001888FB6901931823FB181B8800932300BE
:10E3200007F007FF03001800BD4602B0B0BDB0B54E
:10E3300084B002AF05000C0010001900BB1D2A1CA0
:10E340001A803B1D221C1A80BB1C021C1A803B0039
:10E350000A1C1A803B001C88BB1C1A883B1D1988AC
:10E36000BB1D18881823FB181B880093230008F096
:10E3700055F803001800BD4602B0B0BD90B583B09B
:10E3800000AF040008001100FB1D221C1A70BB1D09
:10E39000021C1A707B1D0A1C1A707B1D1A78BB1D8B
:10E3A0001978FB1D1B7818000CF07DFF0300180086
:10E3B000BD4603B090BDB0B584B002AF05000C00FF
:10E3C00010001900BB1D2A1C1A807B1D221C1A700C
:10E3D0003B1D021C1A70FB1C0A1C1A70FB1C1C78CB
:10E3E0003B1D1A787B1D1978BB1D18881823FB1854
:10E3F0001B88009323000CF05AFF03001800BD4651
:10E4000002B0B0BD80B594B000AFF860B9607A607A
:10E410003023FB18BB642023FB187B641023FB18FC
:10E420003B640023FB640DE0FB6C7A68D218FB6C44
:10E430000F21CB1A1900BB6C5B1812781A70FB6C99
:10E440000133FB64FB6C0F2BEEDD0023FB643DE02E
:10E45000FB6C0322D31A9B00FA68D3181A68FB6C72
:10E460009B0019007B6C5B18D2B21A70FB6C032204
:10E47000D31A9B00FA68D3181B68190AFB6C9B001F
:10E4800001337A6CD318CAB21A70FB6C0322D31A08
:10E490009B00FA68D3181B68190CFB6C9B000233B5
:10E4A0007A6CD318CAB21A70FB6C0322D31A9B0081
:10E4B000FA68D3181B68190EFB6C9B0003337A6C47
:10E4C000D318CAB21A70FB6C0133FB64FB6C032BCC
:10E4D000BEDD1023FA183023F9182023FB1818008A
:10E4E00000F094F80023FB6428E0FB6C9B000333EE
:10E4F0003A6CD3181B781A06FB6C9B000233396CFC
:10E50000CB181B781B041A43FB6C9B000133396C3E
:10E51000CB181B781B021A43FB6C9B0019003B6C49
:10E520005B181B781800FB6C0321CB1A9B00B968A1
:10E53000CB1802431A60FB6C0133FB64FB6C032BAA
:10E54000D3DDC046C046BD4614B080BD80B584B0A2
:10E5500000AF7860074B196E064B7A680A431A665B
:10E56000044B1B6E7A681340FB60FB68C046BD46D7
:10E5700004B080BD0000404880B582B000AF786034
:10E58000064B1B6E7A6813407A689A4201D10123C8
:10E5900000E000231800BD4602B080BD00004048E6
:10E5A00080B582B000AF7860044B196C034B7A6879
:10E5B0000A431A64C046BD4602B080BD0000404810
:10E5C00080B582B000AF7860054B1A6C7B68D94388
:10E5D000034B0A401A64C046BD4602B080BDC04627
:10E5E0000000404880B500AF0120FFF7C5FF031EC3
:10E5F00008D10120FFF7D4FF0120FFF7E1FF012040
:10E60000FFF7A4FF00231800BD4680BD90B587B07A
:10E6100000AFF860B9607A60314B1B78DBB2013330
:10E62000DAB22F4B1A7017243B192D4A12781A7040
:10E63000C023DB05BA6812689A62BB681A1DC02342
:10E64000DB051268DA62BB6808331A00C023DB05F9
:10E6500012681A63BB680C331A00C023DB0512680A
:10E660005A63C023DB05FA6812689A63FB681A1DB7
:10E67000C023DB051268DA63FB6808331A00C02385
:10E68000DB0512681A64FB680C331A00C023DB0533
:10E6900012685A6400F026F8C023DB059A6C7B6888
:10E6A0001A60C023DA057B680433D26C1A60C02379
:10E6B000DA057B680833126D1A60C023DA057B68BF
:10E6C0000C33526D1A60064B1B78DBB23A19127884
:10E6D0009A42A8D100231800BD4607B090BDC0469D
:10E6E0005C15002080B582B000AFFB1D64221A705B
:10E6F000C023DB05180000F01CF8FB1D1B78DBB203
:10E70000013BDAB2FB1D1A70C023DB05180000F0D4
:10E710001EF8031E05D0FB1D1B78DBB2002BECD1CD
:10E7200000E0C046FB1D1B78DBB21800BD4602B0FE
:10E7300080BD80B582B000AF78607B689B6D0122A0
:10E740001A437B689A65C046BD4602B080BD80B55D
:10E7500082B000AF78607B68DB6D01221340012B33
:10E7600001D1012300E000231800BD4602B080BDA6
:10E7700080B582B000AF78607B689B6808221A433E
:10E780007B689A60C046BD4602B080BD80B582B04D
:10E7900000AF78607B689B6804221A437B689A60AC
:10E7A000C046BD4602B080BD80B582B000AF786083
:10E7B0007B689B6801221A437B689A60C046BD460D
:10E7C00002B080BD80B582B000AF786002F060F822
:10E7D00000F092F802F086F8C046BD4602B080BD57
:10E7E00080B582B000AF786002F052F802F07AF89B
:10E7F000C046BD4602B080BD80B584B000AF020007
:10E800003960FB1D1A70FB1D1B78012B02D1194BBF
:10E81000FB600FE0FB1D1B78022B02D1164BFB6047
:10E8200008E0FB1D1B78032B02D1144BFB6001E0B9
:10E8300001231BE00B23FB1800221A7010E00B20B1
:10E840003B181A78FB68D31819003B181B783A68F4
:10E85000D3180A781A703B181A783B1801321A70CC
:10E860000B23FB181B781F2BE9D900231800BD468A
:10E8700004B080BD6C04304890043048B404304883
:10E8800080B500AF01F0E2FF074B1800FFF770FF03
:10E89000054B1800FFF77AFF034B1800FFF784FFC2
:10E8A000C046BD4680BDC0460000304880B500AFC0
:10E8B00001F0D8FF031E01D1032300E0012318005B
:10E8C000BD4680BD80B582B000AF094B1B78002BE0
:10E8D00001D0012308E0074B1B687B607B68002B9D
:10E8E00001D1002300E001231800BD4602B080BD25
:10E8F000C01500200004304880B582B000AFFFF79B
:10E90000E1FF0300012B0CD101F0C2FF194B0322E0
:10E910001A60194B1B68174904225242100098478D
:10E9200024E000237B6007E0124B7A68920000210C
:10E93000D1507B6801337B607B68172BF4DD0D4B76
:10E9400019000120FFF758FF0C4B19000220FFF7B8
:10E9500053FF0B4B19000320FFF74EFF01F098FF08
:10E96000054B1B68034A110000209847C046BD466E
:10E9700002B080BD60150020C41500208015002065
:10E98000A015002080B584B000AF7860074B196DEA
:10E99000064B7A680A431A65044B1B6D7A6813406C
:10E9A000FB60FB68C046BD4604B080BD0000404827
:10E9B00080B582B000AF78607B681B680422934307
:10E9C0001A007B681A60C046BD4602B080BD80B5A3
:10E9D00082B000AF78607B685B6801221340012B36
:10E9E00001D1012300E000231800BD4602B080BD24
:10E9F00080B582B000AF78607B685B68042213400A
:10EA0000042B01D1012300E000231800BD4602B011
:10EA100080BD80B582B000AF78607B689B689BB298
:10EA20001800BD4602B080BD80B500AF8023DB0278
:10EA30001800FFF7A7FF0B4B1800FFF7B9FFC04600
:10EA4000084B1800FFF7C3FF031EF9D0054B180051
:10EA5000FFF7CEFF031E01D0012300E000231800C2
:10EA6000BD4680BD0000604880B582B000AF7860D0
:10EA7000C046094B1800FFF7AAFF031EF9D0064B4A
:10EA80001800FFF7C6FF03001A007B681A800023F6
:10EA90001800BD4602B080BD0000604890B585B04A
:10EAA00000AF78607B68FB60C046114B1800FFF731
:10EAB0008EFF031EF9D00E4B1800FFF7AAFF0300CC
:10EAC0001A00FB681A80C046094B1800FFF77FFF49
:10EAD000031EF9D0FB689C1C054B1800FFF799FF3B
:10EAE0000300238000231800BD4605B090BDC0463A
:10EAF0000000604880B582B000AF7860064B1B68AC
:10EB0000012293431900044B7A680A431A60C046F5
:10EB1000BD4602B080BDC0460000504880B582B0FE
:10EB200000AF7860064B7A681204120C1A61044B2D
:10EB30007A68120C9A63C046BD4602B080BDC046DA
:10EB40000000504880B500AF074B5A6980235B0036
:10EB50001A4080235B009A4201D1012300E0002388
:10EB60001800BD4680BDC0460000504880B582B048
:10EB700000AF7860084B9A6A7B68D943064B0A401D
:10EB80009A62054BDA6A7B68D943034B0A40DA6222
:10EB9000C046BD4602B080BD0000504880B500AF01
:10EBA000054A8423D35804490122134384228B50FD
:10EBB000C046BD4680BDC0460000504880B500AF8D
:10EBC000074B1A6880239B021A4080239B029A42BB
:10EBD00001D1012300E000231800BD4680BDC046DE
:10EBE0000000404880B582B000AFC0460F4B1A68A5
:10EBF00080239B021340F9D00C4B9A680B4B0221E7
:10EC00000A439A6000237B6003E0C0467B680133BF
:10EC10007B607B68052BF8DD044B9A68034B04216D
:10EC20000A439A60C046BD4602B080BD000040481D
:10EC300080B500AF084B9B6802221340022B07D11E
:10EC4000054B9B6804221340042B01D1012300E0F3
:10EC500000231800BD4680BD0000404880B500AFCD
:10EC6000044B1A68034B10210A431A60C046BD4684
:10EC700080BDC0460000404880B500AF054B1B6812
:10EC800010221340102B01D1012300E000231800B3
:10EC9000BD4680BD0000404880B500AF054B1B68F5
:10ECA00020221340202B01D1012300E00023180073
:10ECB000BD4680BD0000404880B500AF044B1A68D7
:10ECC000034B04210A431A60C046BD4680BDC046BE
:10ECD0000000404880B500AF054B1B68042213407C
:10ECE000042B01D1012300E000231800BD4680BDA4
:10ECF0000000404880B500AF054B1B680822134058
:10ED0000082B01D1012300E000231800BD4680BD7F
:10ED10000000404880B500AF044B1A68034B04491B
:10ED20000A401A60C046BD4680BDC046000040484B
:10ED3000FFDFFFFF80B582B000AF7860064B1B6E2F
:10ED40007A6813407A689A4201D1012300E00023D7
:10ED50001800BD4602B080BD0000404890B585B0A7
:10ED600002AF032002F066FA2B4B00221A702A4BE6
:10ED700000225A70284B00229A70FFF759FF031E99
:10ED800002D0254B01221A70FFF776FF031E0ED02A
:10ED9000214B01225A7080235B0119000120F9F7F1
:10EDA0006BF880239B0119000120F9F765F8FFF744
:10EDB00091FF031E02D0184B01229A70032002F02B
:10EDC00043FA164BB02201219950154C154A1649A9
:10EDD0001248164B0193164B0093230002F012FECB
:10EDE00000237B603B1D1800F8F772FF114B1800E1
:10EDF000FFF794FE0020FFF77DFE0F4B1A690E4BC4
:10EE000004210A431A61052002F014FAF1F7D2F93D
:10EE1000C046BD4603B090BDDC190020C8150020D7
:10EE2000FC170020F81700207C1600208C19002009
:10EE300058190020FFBFFFFF00ED00E090B583B040
:10EE400002AF314B5B78012B06D1C0239B01180028
:10EE5000FFF78CFEFFF702FF2B4B9B78012B01D1B4
:10EE6000FFF72AFF294B1A69284B04218A431A61AC
:10EE7000274C284A28492948294B0193294B0093BC
:10EE8000230002F0DBFD052002F0DEF9042002F091
:10EE9000D1F9C046FFF792FE031EFBD01A4B1B7838
:10EEA000012B03D1FFF79EFEFFF734FF164B5B7873
:10EEB000012B04D1C046FFF7EFFE031EFBD0124B1F
:10EEC0009B78012B04D1C046FFF714FF031EFBD033
:10EED0000120FFF72FFF031E04D0C046124B1B6911
:10EEE0000F2BFBD0114B9B68002B01D0F8F742FF92
:10EEF000C046FFF727FE031EFBD0042002F0A4F952
:10EF0000C046BD4601B090BDDC19002000ED00E018
:10EF1000FC170020F81700207C160020C8150020E0
:10EF20008C190020581900200018006004000020EF
:10EF300090B585B002AF002002F07CF9274B00228B
:10EF40001A70264B00225A70244B00229A70FFF749
:10EF50006FFE031E02D0214B01221A70C0239B01B9
:10EF600000211800F8F758FE002002F06DF91C4B44
:10EF7000B022012199501B4C1B4A1C4918481C4BBC
:10EF800001931C4B0093230002F03CFD1A4B180028
:10EF9000FFF7C4FD01237B603B1D1800F8F798FEC6
:10EFA0000020FFF7A7FD154B1A69144B04210A43F3
:10EFB0001A61022002F03EF9FFF7F0FDF1F7FAF8CE
:10EFC000022002F041F980239B0400211800F8F789
:10EFD00023FEC046BD4603B090BDC046DC190020EC
:10EFE000C8150020FC170020F81700207C16002010
:10EFF0008C19002058190020FFBFFFFF00ED00E032
:10F0000090B583B002AF194B1A69184B04218A439B
:10F010001A61174C174A18491848194B0193194B94
:10F020000093230002F00AFD012002F003F9C0461C
:10F03000FFF7C4FD031EFBD0134B1B78012B03D13C
:10F04000FFF7D0FDFFF766FE104B9B68002B01D049
:10F05000F8F790FEC046FFF775FD031EFBD00120B8
:10F0600002F0F2F8C046BD4601B090BD00ED00E0F0
:10F07000FC170020F81700207C160020C81500207F
:10F080008C19002058190020DC19002004000020F1
:10F0900080B500AFF6F7CAFEF8F70CFEC046BD46D5
:10F0A00080BD80B500AFF6F7CFFEC046BD4680BD3F
:10F0B00080B584B000AF78607B681B68FB607B68BC
:10F0C00000221A817B6800225A817B6800229A8183
:10F0D0007B6800229A73FB68BB60BB681B78FF2BC0
:10F0E0000CD17B685B689AB2FB689BB2D31A9BB267
:10F0F000043B9AB27B689A81002328E0BB681B78A6
:10F10000FE2B06D17B681B8901339AB27B681A817A
:10F110000CE0BB681B78002B06D17B685B89013350
:10F120009AB27B685A8101E0032310E0BB685B88D8
:10F130000333032213431A00FB68D3180133FB6027
:10F14000FB685A1D7B685B689A42C4D30023180091
:10F15000BD4604B080BD80B586B000AFF8607A606F
:10F160003B600B23FB180A1C1A7020203B181B88DD
:10F17000002B0AD010217A183B181B8853807B186B
:10F18000FE221A707B187B6102E0FB685B687B6182
:10F19000FB685A68FB689B689A4203D27B691B78BC
:10F1A000FF2B01D104234BE0FB681B7B002B03D01A
:10F1B000FB6800221A7319E0FB685B687A69528861
:10F1C000033203210A439B185A1CFB685A60FB68F0
:10F1D0005B687B61FB685A68FB689B689A4203D254
:10F1E0007B691B78FF2B01D1042329E07B691B7805
:10F1F000002B23D07B691B78FE2B01D003231FE05B
:10F200000B22BB181B78FF2B05D07B695B78BA18E3
:10F2100012789A42C8D1FB685B6804331A007B6895
:10F220001A607B695A883B681A807B6A002B03D07E
:10F230007B695A787B6A1A70002301E0C046B3E705
:10F240001800BD4606B080BDF0B58BB002AFF860C7
:10F25000080011007B600B23FB18021C1A700822A7
:10F260001000BB180A1C1A80FB6B00221A801F2694
:10F27000BC191622BD181822BA180B23FB181978CE
:10F28000FB689C467B6C019338231B18DB191B8899
:10F2900000932B006046FFF75EFF03002370BB194D
:10F2A0001B78002B02D0BB191B7827E01623FB1814
:10F2B0001B880822BA1812889A4201D306231DE03F
:10F2C000BA6908243B191B88D118302308229B18DF
:10F2D000DB191A881623FB181B8818003B191B889A
:10F2E000C31A9A4200DD1A007B6818001BF0A9FCC3
:10F2F0001623FB181A88FB6B1A8000231800BD46E2
:10F3000009B0F0BD90B589B000AFF8607A600A200E
:10F310003B180A1C1A807B68BB6101007B181B88A4
:10F320009B089AB216203B1892001A807B181B8803
:10F33000D9B23B181B88DAB21523FB188A1A1A7047
:10F340000023FB6113E0FB69BA69D1181023FB1895
:10F35000042218001BF075FCFA69FB68D3183A699F
:10F3600019000020F7F704F8FB690433FB61162449
:10F370003B191B88FA699A42E5DB01235B423B613A
:10F380003B191B88BA69D1181523FB181A7810236A
:10F39000FB1818001BF055FC3B191A88FB68D318A2
:10F3A0003A6919000020F6F7E3FFC046BD4609B0F0
:10F3B00090BDF0B587B000AFF860080011007B6029
:10F3C0000B257B19021C1A7008243B190A1C1A8091
:10F3D0001023FB187B613B191B88013B9BB21BB2BE
:10F3E000032213431BB29AB23B1901321A807B6984
:10F3F000FE221A707B697A1912785A703A19202500
:10F400000826AB1908218C46BC44634412881B882B
:10F41000D3189AB27B695A803A69FB6819000020B8
:10F42000F6F7A6FFFB68181D7A683B191B881900C0
:10F43000FFF768FF3B191A88FB68D318181D7A6B11
:10F44000AB1908218C46BC4463441B881900FFF7A4
:10F4500059FF00231800BD4607B0F0BD80B586B047
:10F4600000AFF86008007A6019000A23FB18021C3C
:10F470001A800823FB180A1C1A80FB685B687B61F2
:10F48000FB685A68FB689B689A4203D27B691B78C9
:10F49000FF2B01D104232AE0FB681B7B002B03D147
:10F4A0007B691B78FE2B01D0052320E07B695B88FC
:10F4B0000A22BA1812889A4201D3062317E0FB6881
:10F4C00000221A730A23FB181A88FB685B68D3189A
:10F4D000043319000823FB181A887B6818001BF0F6
:10F4E0003FFB031E01D1002301E001235B42180012
:10F4F000BD4606B080BD90B587B000AFF86008008B
:10F500007A6019000A23FB18021C1A8008231800CD
:10F51000FB180A1C1A80BB6A00221A8024221318C6
:10F52000DB191B88002B0BD010217B181218D21965
:10F5300012885A807B18FE221A707B187B6102E0C9
:10F54000FB685B687B61FB685A68FB689B689A4252
:10F5500003D27B691B78FF2B01D1042333E0FB68C6
:10F560001B7B002B03D17B691B78FE2B01D005236D
:10F5700029E07B695B880A22BA1812889A4201D373
:10F58000062320E0FB6800221A730A243B191A881C
:10F59000FB685B68D318043318000823FB181A882B
:10F5A0007B695B8819003B191B88CB1A9A4200DDE6
:10F5B0001A007B68010018001BF043FB7B695A8826
:10F5C000BB6A1A8000231800BD4607B090BD00003A
:10F5D00080B584B000AF7860064BFB60FA687B684A
:10F5E00019000020F6F7C4FE00231800BD4604B041
:10F5F00080BDC04600FFFFFFB0B584B000AF7860AB
:10F600007B685B68FB607B685A687B689B689A4292
:10F6100003D2FB681B78FF2B01D1042341E0FB6878
:10F620001B78FE2B3CD1FB680B257C191800FFF7DB
:10F63000CFFF030023707B191B78002B02D07B19AE
:10F640001B782EE07B681B781A00184913009B007A
:10F650009B189B00CB1808331B88013B98B21349B9
:10F6600013009B009B189B00CB180833021C1A80C8
:10F670007B681B781A000D4913009B009B189B00A8
:10F68000CB180A331B88013398B2084913009B003A
:10F690009B189B00CB180A33021C1A80002300E041
:10F6A00005231800BD4604B0B0BDC046E0190020D7
:10F6B00080B588B000AF78600A00FB1C1A707B68C8
:10F6C0000D4A94466344DB0AFB6110217B1800223B
:10F6D0001A60FA697B185A60FB1C1A787B189A60CA
:10F6E0000C23FA187B1811001800F6F71BFFC04610
:10F6F000BD4608B080BDC0460000FCEF80B586B0B6
:10F7000000AFF860B9607A607B685B055B0D07D17C
:10F71000FB687A68B96818001BF022FA031E26D02D
:10F720007B68013B144A13430133DB0ADAB2FB68FE
:10F7300011001800FFF7BCFF00237B6112E07A691B
:10F74000FB68D1187B69002B00DA03339B109B0008
:10F75000BA68D3181B681A000020F6F709FE7B6907
:10F7600004337B617B697A689A42E8D800E0C0463E
:10F77000BD4606B080BDC046FF07000080B582B020
:10F7800000AF78607B6801221A707B6800225A8083
:10F790007B6800229A80C046BD4602B080BDF0B5AD
:10F7A0008DB004AFF860B9603B60BB1D1A801E23AA
:10F7B000FB1800221A80BB1D1A88BB68FF211800A5
:10F7C0001BF0DCF91023FB18FE221A70BA1D1E254F
:10F7D0007B1912881B88D31A9AB21C23FB18043A8F
:10F7E0001A80BB6B1B78002B4ED07B191B8804330F
:10F7F000BA68D118BB6B9B881B26BC19F86810220D
:10F80000BA180132039202931622BB1801931C23EB
:10F81000FB181B8800930B000022FF21FFF714FD4B
:10F82000030023701622BB181A88BB6B9A80BB1981
:10F830001B78002B06D03B687A1912881A80BB19F6
:10F840001B78A1E01623FB181A8810217B185A8018
:10F850001E257B191B88BA68D3180C00791804225E
:10F8600018001BF0EEF93B195B8803339BB21BB207
:10F87000032213431BB29AB27B191B88D3189AB286
:10F880007B1901321A8031E0BB6B59881E23FB18AB
:10F890001B88BA68D518BB6B9B881B26BC191C2219
:10F8A000BA181288F86801931623FB180093130006
:10F8B0002A00FFF720FE03002370BB191B78002BE2
:10F8C00002D0BB191B785FE01623FB181A88BB6BAC
:10F8D0005B88D31A9BB2013B9BB21BB2032213433A
:10F8E0001BB29AB21E23FB1801321A801623FB1892
:10F8F0001A88BB6B5B88D31A9BB2013B9BB21BB2CD
:10F90000032213431BB29AB218217B1801321A80CA
:10F910007A181C217B1812881B889A4210D9BB6B5D
:10F9200000221A70BB6B5A887B181B88D3189AB2B6
:10F93000BB6B5A803B68BA1D12881A80002323E0F3
:10F940001823FA181C23FB1812881B889A420BD123
:10F95000BB6B01221A70BB6B00225A803B68BA1D38
:10F9600012881A8000230FE01823FA181C23FB18B2
:10F9700012881B889A4200D328E7BB6B01221A70B9
:10F98000BB6B00225A8021E71800BD4609B0F0BDCC
:10F99000F0B5604CA54402AF02005F4B8421090121
:10F9A0005B18DB191A705C4B5B18DB191A785B4922
:10F9B00013009B009B189B00CB180A331B88002B5D
:10F9C00001D10023A0E0564BFC18564D7A19524B3A
:10F9D000842109015B18DB191B781100180000F065
:10F9E000D3FC030023707B195B684F4ABA1813607D
:10F9F0004E4BFB181800FFF7C1FE494EBC194C4B8B
:10FA0000FD1880231A010C23F918464BF818474BB0
:10FA1000FB1800932B00FFF7C2FE03002370BB19F5
:10FA20001B78042B06D0BB191B78002B02D0BB1906
:10FA30001B7869E03E4BFB181A8880231B019A4211
:10FA400004D0374BFB181B78002BD6D0384ABB1894
:10FA50001B88002B19D0BB181B881A000C23F9181F
:10FA6000314C3B191B681800FFF748FE2200BB18F9
:10FA70001B68802109018C466344BA181360284B27
:10FA8000FB181B78002B02D1B7E7C04600E0C04648
:10FA9000244BFB189B68013B264A1A4322497B18DA
:10FAA0001B68D31A0133DA0A23483B181A707B18F3
:10FAB0001B68224A94466344DA0A214C3B191A70A7
:10FAC000812109017B1800221A603B191A787B18E2
:10FAD0005A603B181A787B189A601A4BFA187B18F0
:10FAE00011001800F6F71EFD0B4B842212019B1823
:10FAF000DB191A7813009B009B189B00074A9B1880
:10FB00001800FFF7D5FA03001800BD460E4B9D44C0
:10FB1000F0BDC046B4F7FFFFC7F7FFFFE0190020B4
:10FB20003B080000240800003C0800001C080000FE
:10FB300036080000FF0700003A0800000000FCEF54
:10FB4000390800000C08000044080000F0B57A4CA9
:10FB5000A54402AF7860794BFB1800221A70784BED
:10FB6000FB1800221A700023764ABA18136023E0AB
:10FB70007B689968734BFB181A6813005B009B182D
:10FB80009B00CA1870497B1812781A707B181A7873
:10FB90006E4913009B009B189B00CB180A331B88EF
:10FBA000002B03D0664BFB1801221A70654ABB1864
:10FBB0001B680133BA1813607B681B791A00614B0C
:10FBC000FB181B689342D3DB5D4BFB181B78002BA3
:10FBD00001D10023ABE080231A010823FB18FF2189
:10FBE00018001AF0CBFF0023564ABA18136051E0F0
:10FBF0007B68996853483B181A6813005B009B1890
:10FC00009B00CA18504D7B1912781A707B6899684E
:10FC10003B181A6813005B009B189B00CB185B68AD
:10FC200082221201BA181360494EBC1981231B01AC
:10FC3000FA187B191B781100180000F0A5FB0300CF
:10FC40002370BB191B78002B01D000236FE0414DBE
:10FC50007B191800FFF792FD0823FA188220000193
:10FC60003B181B68D1183B181B689BB280221201FD
:10FC7000D31A9AB2384BFC1881231B01F8187B1950
:10FC800000932300FFF78BFD2E4ABB181B6801333E
:10FC9000BA1813607B681B791A002A4C3B191B6841
:10FCA0009342A5DB7B681B6880221201082179182A
:10FCB0001800FFF723FD00233A1913602CE07B683E
:10FCC0009968204BFB181A6813005B009B189B0077
:10FCD000CA181D497B1812781A707B181A781300FD
:10FCE0009B009B189B00194A9B18194D7C19180002
:10FCF000FFF7DEF9030023702A00BB181B78002BE6
:10FD000004D00E4BFB18BA1812781A700D4ABB18A3
:10FD10001B680133BA1813607B681B791A00094B02
:10FD2000FB181B689342CADB044BFB181B781800B6
:10FD3000BD460A4B9D44F0BDC4F7FFFF2F080000ED
:10FD4000270800002808000026080000E01900200D
:10FD500025080000080800000E0800003408000014
:10FD600090B587B000AF02003960FB1D1A70002308
:10FD70007B6116E00B2439192E487A6913005B0069
:10FD80009B189B00C31806331B780B703A19FB1D98
:10FD900012781B789A4201D1022346E07B69013335
:10FDA0007B617B69012BE5DD00233B6139E00023AA
:10FDB000FB6026E020493A6913005B009B189B001A
:10FDC000CB1808331968FA6813005B009B189B0076
:10FDD000CA180B217B1812781A707A18FB1D12783A
:10FDE0001B789A420AD13A6913005B009B189B006A
:10FDF000114A9A183B681A60012316E0FB68013328
:10FE0000FB600D493A6913005B009B189B00CB18FF
:10FE100004331B781A00FB689342CBDB3B69013348
:10FE20003B613B69002BC2DB00231800BD4607B0D5
:10FE300090BDC046C8D206100C1A0020F0B53D4C4B
:10FE4000A54402AF020039603B4B832109015B18D6
:10FE5000DB191A7080231A012423FB18FF211800D4
:10FE60001AF08CFE0023354ABA1813604BE03B6849
:10FE70009968324C3B191A6813005B009B189B0071
:10FE8000CA182F497B1812781A707A182A4B8320C7
:10FE900000011B18DB1912781B789A422DD014250B
:10FEA0007A197B181B781100180000F06DFA3B6876
:10FEB00099683B191A6813005B009B189B00CB18CC
:10FEC0005B68204C3A1913600C26BB191800FFF729
:10FED00055FC2423FA183B191B68D1183B191B68E1
:10FEE0009BB280221201D31A9AB21223FC187819FD
:10FEF000BB1900932300FFF752FC104ABB181B6884
:10FF00000133BA1813603B681B791A000B4BFB18BE
:10FF10001B689342ABDB3B681B68802212012421E3
:10FF200079181800FFF7EAFB00231800BD46064BBE
:10FF30009D44F0BDC4F7FFFFD7F7FFFF2C0800007A
:10FF40002B0800002408000034080000F0B589B038
:10FF500002AFF860080011007B600B23FB18021C45
:10FF60001A7008203B180A1C1A8001007B181B8895
:10FF7000013B9BB21BB2032213431BB29AB27B1804
:10FF800001321A80FB685B685A1DFB689B689A42C5
:10FF900010D3FB681B7819004A4A0B009B005B18C2
:10FFA0009B00D3180A331B88002B01D00B2384E05D
:10FFB000022382E0FB685B687B617B691B78FF2B17
:10FFC0001CD1FB689A68FB685B68D31A80225202D6
:10FFD000934200D33C4B12217A181380C046082369
:10FFE0001800FB181A8828231B18DB191B88D31844
:10FFF000DA1C7B181B889A4227DB15E07B691B788B
:020000041005E5
:10000000FE2B05D07B691B78002B01D0032354E025
:10001000FB685B687A695288033203210A439B18A4
:100020005A1CFB685A60ADE7FB681B781900254A2B
:100030000B009B005B189B00D3180A331B88002B16
:1000400001D00B2339E0022337E0FB685868112602
:10005000BC197D6808231A00FB181B889C460B23DB
:10006000FB1819787B6B019328239B18DB191B88DD
:1000700000932B006246FFF79CF903002370BB1925
:100080001B78002B02D0BB191B7816E0FB681B788D
:100090001A000C4913009B009B189B00CB180833D7
:1000A0001B88013398B2074913009B009B189B00E3
:1000B000CB180833021C1A8000231800BD4607B075
:1000C000F0BDC046E0190020FFFF0000B0B588B0C9
:1000D00000AF0023FB61CDE0A849FA6913005B0083
:1000E0009B189B005B58FB600023BB61B1E0A349F8
:1000F000FA6913005B009B189B00CB180833196842
:10010000BA6913005B009B189B00CA1813203B18A8
:1001100012781A709949FA6913005B009B189B00CA
:10012000CB1808331968BA6913005B009B189B0051
:10013000CB185B68BB609149FA6913005B009B18A0
:100140009B00CB1808331968BA6913005B009B1831
:100150009B00CA18BB1D12891A803B181A7888495F
:1001600013009B009B189B005B58002B03D13B188E
:100170001B78012B01D90123FCE013243B191A78C9
:10018000F968BB68C8187E4913009B009B189B0048
:1001900058507A49FA6913005B009B189B00CB18F2
:1001A00004331B78013BBA699A420ED13B191A7885
:1001B000FB68802109015918714813009B009B18A6
:1001C0009B00C318043319601DE06C49FA691300E1
:1001D0005B009B189B00CB1808331968BB695A1C3D
:1001E00013005B009B189B00CB1859681323FB1866
:1001F0001A78FB68C918624813009B009B189B0083
:10020000C3180433196013203B181A785C49130093
:100210009B009B189B00CB181033BA1D12881A80C4
:100220003B181A7813009B009B189B00544A9B189C
:1002300012257C191800FEF73BFF030023707B1981
:100240001B78002B02D07B191B7893E0BB6901332C
:10025000BB614A49FA6913005B009B189B00CB18ED
:1002600004331B781A00BB69934200DA3FE7FB694D
:100270000133FB61FB69002B00DA2DE700237B6172
:1002800074E0132439193F487A6913005B009B1806
:100290009B00C31806331B780B703B191A7838493A
:1002A00013009B009B189B005B58002B03D13B194C
:1002B0001B78012B01D901235CE013243B191A7828
:1002C000304879690B005B005B189B0018582C497B
:1002D00013009B009B189B0058502A497A69130011
:1002E0005B009B189B00595826487A6913005B00F5
:1002F0009B189B00C31804331B8818003B191A78FD
:1003000009181F4813009B009B189B00C318043357
:1003100019603B191A781B4879690B005B005B1860
:100320009B00C31808331888154913009B009B18BD
:100330009B00CB181033021C1A803B191A7813004B
:100340009B009B189B000E4A9B1812257C191800D5
:10035000FEF7AEFE030023707B191B78002B02D042
:100360007B191B7806E07B6901337B617B69012B7C
:1003700087DD00231800BD4608B0B0BD0C1A002070
:10038000E0190020C8D2061080B582B000AF02008C
:100390003960FB1D1A70FB1D1B78012B01D901234D
:1003A00020E0FB1D1A78114913009B009B189B004D
:1003B0005A583B685A60FB1D1A780C4913009B0081
:1003C0009B189B00CB1804331A683B689A603B6803
:1003D00001221A733B68FA1D12781A703B680022DA
:1003E0005A7300231800BD4602B080BDE0190020FA
:1003F00090B589B004AFF860080011007B600B2352
:10040000FB18021C1A700823FB180A1C1A80FB68D0
:100410001B781900124A0B009B005B189B00D31835
:100420000E331B78002B01D00A2315E07C680823CB
:10043000FB181A880B23FB181978F868002303931C
:10044000002302937B6A01932023FB181B880093EF
:100450002300FEF7F9FE03001800BD4605B090BD6D
:10046000E019002090B587B002AFF86008007A600C
:1004700019000A23FB18021C1A800823FB180A1C07
:100480001A80FB681B7819000F4A0B009B005B1851
:100490009B00D3180E331B78002B01D00A230FE0EA
:1004A0000823FB181C887A680A23FB181988F86847
:1004B000002301933B6A00932300FFF71CF803001D
:1004C0001800BD4605B090BDE0190020F0B5C64645
:1004D00000B588B002AFF860080011007B600B2304
:1004E0001C00FB18021C1A7008203B180A1C1A80FA
:1004F0001726B046B8447D683B181A882300FB18BD
:100500001978F8687B6B0193282308241B19DB19E1
:100510001B8800932B00FFF719FD03004246137060
:10052000BB191B78002B02D0BB191B782CE0FB6891
:100530001B781900174A0B009B005B189B00D3180F
:100540000C331A8808231800F91828231B18DB1904
:1005500009881B88CB189BB2013B9BB21BB20321BD
:100560000B431BB29BB2D31A9BB2FA6812781100EC
:10057000053B98B2074A0B009B005B189B00D31801
:100580000C33021C1A8000231800BD4606B080BC44
:10059000B846F0BDE019002080B582B000AF7860A9
:1005A0007B681800FFF728F803001800BD4602B06A
:1005B00080BD0000B0B58CB000AF0200FB1D1A700A
:1005C0002B257C191823FA18FB1D1B781100180025
:1005D000FFF7C6FB030023707B191B78022B46D163
:1005E000FB1D1A78424913009B009B189B005B5827
:1005F0007B62FB1D1A783E4913009B009B189B00F1
:10060000CB1804331B683B627B6A3A4A94466344C6
:10061000DA0A1F203B181A703B6A013B364A1A431C
:100620007B6AD31A0133DA0A1E243B191A700C2193
:100630007B1800221A603B181A787B185A603B1905
:100640001A787B189A600823FA187B181100180092
:10065000F5F768FFFB1D1A7813009B009B189B00A1
:10066000234A9B181800FEF723FD00233BE02B23B1
:10067000FB181B78012B35D1BA692A257C19FB1D83
:100680001B7811001800FFF7D9FB030023707B19BA
:100690001B78002B22D10023FB6219E0BB6999680B
:1006A000FA6A13005B009B189B00CA1829217B186B
:1006B00012781A707B181A7813009B009B189B0005
:1006C0000B4A9B181800FEF7F3FCFB6A0133FB6230
:1006D000BB691B791A00FB6A9342DFDB2A23FB18F4
:1006E0001B7800E001231800BD460CB0B0BDC04629
:1006F000E01900200000FCEFFF070000B0B584B057
:1007000000AF0200FB1D1A700F257C190823FA1890
:10071000FB1D1B7811001800FFF722FB030023705C
:100720007B191B78022B06D1FB1D1B781800FFF7E5
:100730002FF903000BE00F23FB181B78012B05D1C9
:10074000BB681800FFF702FA030000E0012318005D
:10075000BD4604B0B0BD000090B583B000AFFC1D35
:1007600000F016F803002370FB1D1B787F2B08D8C0
:10077000FB1D1B781800FFF7C1FF044B18001AF08F
:10078000BFF800231800BD4603B090BD64C2061038
:1007900080B582B000AF2B4B00229A56FB1D1A7019
:1007A000FB1D1A78284913009B009B189B00CB184F
:1007B0000A331B88002B28D0FB1D1A78224913000E
:1007C0009B009B189B00CB180C331988FB1D1A78D3
:1007D0001D4813009B009B189B00C31810331B88F7
:1007E000994212D2FB1D1B780133DBB25AB2154B72
:1007F0001A70144B1B785BB2022B02D1114B0022F2
:100800001A70FB1D1B785BB217E0FB1D1A78FB1DED
:1008100001321A70FB1D1B78022B02D1FB1D002236
:100820001A70FB1D1B78074A127852B29342B7D157
:10083000044B00221A7001235B421800BD4602B02F
:1008400080BDC046081A0020E019002080B500AF26
:10085000034B01221A6000231800BD4680BDC0462C
:10086000342F002080B582B000AFFB1DFE221A702D
:10087000064B1B68012B02D1FB1D00221A70FB1DC9
:100880001B785BB21800BD4602B080BD342F00203B
:1008900080B584B000AF0F217B1800221A70EFF3EF
:1008A00010837B607B68BB6072B6C0460C4B1B68D4
:1008B000032B03D07B18FE221A7002E0084B0122A2
:1008C0001A60BB683B603B6883F31088C0460F2307
:1008D000FB181B785BB21800BD4604B080BDC04653
:1008E000342F002080B500AFC046BD4680BD00005B
:1008F000F0B587B000AFBA607B600F243B19021CD3
:100900001A700E23FB180A1C1A70BB6800221A808A
:100910007B6800221A803B6B00221A803B191B78EF
:100920000522134046D017257C19254B1800FDF7EA
:1009300072FC030023707B191B78002B02D07B19FB
:100940001B7838E01F4B1800FDF792FC03001A00DB
:10095000BB681A801C4B1800FDF78AFC03001A00C4
:100960007B681A801426BC19154B1800FDF760FC33
:10097000030023803B6B00221A800E23FB181B7898
:10098000022B11D117257C19BB191A880F4B1100A6
:100990001800FDF75AFC030023707B191B78002B0D
:1009A00002D07B191B7806E0094B1A0008210020B1
:1009B00000F010F800231800BD4607B0F0BDC04697
:1009C00004300020502F0020742F0020BC2F002066
:1009D000E0D2061090B585B000AF3A60BB1D021C96
:1009E0001A803B1D0A1C1A800C4B1800FDF740FCB6
:1009F00003001A000E203B1801321A803C683B1D90
:100A00001A88BB1D19883B181888230000F02EF89F
:100A100003001800BD4605B090BDC046502F002011
:100A200090B585B000AF3A60BB1D021C1A803B1D1B
:100A30000A1C1A800C4B1800FDF71AFC03001A0060
:100A40000E203B1801321A803C683B1D1A88BB1DE2
:100A500019883B181888230000F008F803001800D4
:100A6000BD4605B090BDC046742F0020B0B586B01D
:100A700000AF0400080011007B600E23FB18221C4D
:100A80001A800C23FB18021C1A800A23FB180A1C6C
:100A90001A801723FB1800221A7021E01723FB1875
:100AA0001A781300DB009B189B00434A9B181425FF
:100AB0007C191800FDF7DCFB030023807B191B88E1
:100AC000002B07D07B191B885A1C0E23FB181B8890
:100AD0009A420BD017217B181A787B1801321A70B2
:100AE0001723FB181B78042BD8D900E0C046172326
:100AF000FB181B78052B01D1122359E00C23FB189E
:100B00001A880A23FB181B88D1181723FB181A7898
:100B100029481300DB009B189B00C31820331B6877
:100B20009B88994201DD122342E01723FB181A78B3
:100B300021491300DB009B189B00CB1820331B6856
:100B4000002B01D1122333E017243B191A781A49DC
:100B50001300DB009B189B00CB1820331B689A689E
:100B60000C23FB181B88D0180A257B191A887B6870
:100B700019001AF066F83B191A780F491300DB00C8
:100B80009B189B00CB1820331B681B781A0002238C
:100B900013400CD03B191A7807491300DB009B184F
:100BA0009B00CB1820331B687A1912885A800023C7
:100BB0001800BD4606B0B0BD502F0020F0B585B07E
:100BC00000AF02003960FB1D1A703B6800221A80DA
:100BD0000F257C19384B1800FDF71DFB030023700F
:100BE0007B191B78002B02D07B191B7860E00C2648
:100BF000BC19314B1800FDF71BFB03002380FB1DC4
:100C00001B780122134011D00F257C19BB191A88BB
:100C10002A4B11001800FDF718FB030023707B1905
:100C20001B78002B02D07B191B7841E0234B180066
:100C3000FDF71EFB03001A003B681A800F257C1984
:100C40000C23FB181A881E4B11001800FDF7FDFA43
:100C5000030023707B191B78002B02D07B191B78B3
:100C600026E00F257C190C23FB181A88154B110060
:100C70001800FDF7EAFA030023707B191B78002B9C
:100C800002D07B191B7813E00F257C190C23FB186D
:100C90001A880D4B11001800FDF7D7FA03002370D6
:100CA0007B191B78002B02D07B191B7800E00023F6
:100CB0001800BD4605B0F0BD4830002044D30610F2
:100CC00068D306108CD30610B0D3061080B582B05E
:100CD00000AF0200FB1D1A70FB1D1B787F2B09D88B
:100CE000FB1D1B781A001F231A40044B0121914061
:100CF0000A001A60C046BD4602B080BD00E100E0B7
:100D000080B582B000AF0200FB1D1A70FB1D1B787E
:100D10007F2B10D8FB1D1B781A001F231340084996
:100D200001229A40130080228B50BFF34F8FC046A0
:100D3000BFF36F8FC046C046BD4602B080BDC046FF
:100D400000E100E080B500AF054B5B690422134071
:100D5000042B01D1012300E000231800BD4680BD13
:100D60000000504880B500AF034BDA698023DB00F8
:100D700013401800BD4680BD0000504880B582B0C9
:100D800000AF7860064BDB69064A13401900044B3C
:100D90007A680A43DA61C046BD4602B080BDC046EB
:100DA00000005048FFFDFFFF80B500AF074BDA6938
:100DB00080239B001A4080239B009A4201D101238B
:100DC00000E000231800BD4680BDC046000050482A
:100DD00080B582B000AF7860064BDB690F22934389
:100DE0001900044B7A680A43DA61C046BD4602B076
:100DF00080BDC0460000504880B582B000AF78602A
:100E00008023DB05996B8023DB057A680A439A63AC
:100E1000C046BD4602B080BD80B582B000AF7860EC
:100E20008023DB059A6B7B68D9438023DB050A406E
:100E30009A63C046BD4602B080BD80B582B000AFA7
:100E400002003960FB1D1A70FB1D1B78002B09D1B5
:100E50008023DB05DA6A3B68D9438023DB050A403F
:100E6000DA6207E08023DB05D96A8023DB053A6874
:100E70000A43DA62C046BD4602B080BD80B582B08A
:100E800000AF02003960FB1D1A70FB1D1B78042B9C
:100E900060D89A00314BD3181B689F468023DB052E
:100EA000196B8023DB053A680A431A638023DB054C
:100EB0005A6B3B68D9438023DB050A405A6349E0FB
:100EC0008023DB051A6B3B68D9438023DB050A408E
:100ED0001A638023DB05596B8023DB053A680A43DC
:100EE0005A6337E08023DB051A6B3B68D9438023C4
:100EF000DB050A401A638023DB055A6B3B68D94344
:100F00008023DB050A405A6324E08023DB051A6B4B
:100F10003B68D9438023DB050A401A638023DB0545
:100F20005A6B3B68D9438023DB050A405A6311E0C2
:100F30008023DB051A6B3B68D9438023DB050A401D
:100F40001A638023DB05596B8023DB053A680A436B
:100F50005A63FFE7C046BD4602B080BDD4D3061039
:100F600080B582B000AF78608023DB05DB6B7A68E8
:100F700013407A689A4201D1012300E0002318004F
:100F8000BD4602B080BD80B582B000AF78608023DE
:100F9000DB057A68DA63C046BD4602B080BD00005A
:100FA00080B584B000AF7860074B596D064B7A6806
:100FB0000A435A65044B5B6D7A681340FB60FB681B
:100FC000C046BD4604B080BD0000404880B586B034
:100FD00000AF0200FB1D1A70284B1B78002B01D0BC
:100FE000274B00E0274B3B610F23FB1820221A7090
:100FF0001723FB1800221A7010E017217B181B78AA
:101000003A69D3181B785BB2FA1D127852B29A4231
:101010000DDD7B181A787B1801321A701723FA1825
:101020000F23FB1812781B789A42E6D300E0C046E3
:1010300017217B181B783A69D3181B785BB2FA1D0D
:10104000127852B29A4203DA7B181B78012B07D828
:101050001723FA180F23FB1812781B789A4205D130
:1010600017217B181A787B18013A1A701723FB187E
:101070001B781800BD4606B080BDC0464D1A002042
:1010800008D40610E8D3061080B584B000AF020083
:10109000FB1D1A70104B1B78002B01D00F4B00E08A
:1010A0000F4BFB600B217B1820221A70FB1D1B7855
:1010B000002B05D0FA1D7B1812781B789A4201D3B9
:1010C0007F2305E0FB1D1B78FA68D3181B785BB201
:1010D0001800BD4604B080BD4D1A002008D406108B
:1010E000E8D3061080B500AF1F231800BD4680BDB1
:1010F00080B500AF1F231800BD4680BD80B582B00B
:1011000000AF0200FB1D1A70FB1D1B78002B1DD0C9
:101110002D4B1B78002B29D12B4B01221A708023D9
:101120005B001800FFF73CFF01210220FFF7A6FE3D
:1011300001210020FFF781FE0120FFF75DFE012065
:10114000FFF721FF1920FFF7C1FD0FE01E4B1B78B1
:10115000012B0BD11C4B00221A700120FFF75CFE03
:101160001920FFF7CDFD0120FFF70DFFFFF71CFE53
:10117000031E24D1FFF7F6FD02008023DB009A4214
:101180001DD080239B001800FFF7F8FDC046FFF735
:10119000D9FD031EFBD1FB1D1B78002B03D00E20B5
:1011A000FFF716FE02E00420FFF712FE0020FFF713
:1011B000E5FDC046FFF7C6FD031EFBD000E0C046BC
:1011C000BD4602B080BDC0464D1A002080B500AFBC
:1011D000164B1B78002B25D00120FFF7C1FE031E04
:1011E00021D0134AA6239B00D358102213400AD0C3
:1011F0000F4A95239B00D3580D4902221A43952389
:101200009B00CA500AE00A4A95239B00D35808491C
:10121000022293431A0095239B00CA500120FFF736
:10122000B2FE00E0C046BD4680BDC0464D1A00205B
:101230000014006080B582B000AF0200FB1D1A7080
:10124000C046BD4602B080BD80B582B000AF02008E
:10125000FB1D1A70C046BD4602B080BD80B500AF10
:101260008023DB051B680F2213401800BD4680BD9C
:1012700080B500AF8023DB051B681B090F221340DC
:101280001800BD4680BD80B500AF8023DB055B68DC
:101290001800BD4680BD000080B500AF034B1B6841
:1012A0001B041B0C1800BD4680BDC0461410004036
:1012B00080B582B000AF084B1B685B0C0322134063
:1012C0007B607B68002B01D101237B607B68180069
:1012D000BD4602B080BDC0469000504880B584B085
:1012E00000AF78607B68FF221A70FFF7CCFF030025
:1012F000FB60FB68184A934202D17B6803221A7094
:10130000FFF7B6FF0300DAB27B685A70FFF7A6FF5B
:101310000300DAB27B689A70FFF7B5FF02007B68C2
:101320005A60FFF7B9FF030001339A007B689A60A7
:10133000FFF7BEFF031E07D0FFF7BAFF030001331C
:101340009A037B68DA6003E07B68C022D201DA602E
:10135000C046BD4604B080BD41E00102002310B587
:1013600092089200934200D110BDCC58C45004336F
:10137000F8E70000034B1B6D0340181A4342584125
:101380007047C04600004048054B82B05A6D02438A
:101390005A655B6D18400190019B02B07047C046D2
:1013A00000004048034B5B6D0340181A434258410C
:1013B0007047C04600004048024A536D834353655E
:1013C0007047C04600004048034B9B6D0340181A0D
:1013D000434258417047C04600004048034B1B6ED3
:1013E0000340181A434258417047C0460000404825
:1013F00010B5040080204000FFF7D4FF002805D07E
:10140000802140222000C905FFF7A8FF0120FFF737
:10141000C9FF002805D0200068220E494430FFF79C
:101420009DFF220000238020AC321360C001FFF733
:10143000B9FF00280AD02300B0331B68002B05D168
:10144000802001331360C001FFF7B6FF024B5B68D9
:10145000236410BD002000400010004010B50400BF
:101460000120FFF7B1FF002806D020001130242210
:101470002C49FF30FFF772FF80204001FFF7A4FFE7
:10148000002806D02000353024222749FF30FFF7FE
:1014900065FF8020C001FFF797FF002806D02000DD
:1014A000593024222149FF30FFF758FF1020FFF761
:1014B0008BFF002805D0200058221D49B830FFF7C7
:1014C0004DFF80204000FFF77FFF002805D020005F
:1014D000302218498830FFF741FF8020C000FFF715
:1014E00073FF002805D02000302213495830FFF741
:1014F00035FF80208003FFF767FF002805D0822199
:101500002C222000C905FFF729FF80200004FFF7E7
:101510005BFF002805D020002C2208492C30FFF763
:101520001DFF10BD0020004100300041007000414F
:1015300000600041005000410040004100100041A7
:10154000020010B50120FFF749FF002806D09523BF
:1015500003499B00CB5802210B40136010BDC046CD
:101560000014006010B504000120FFF703FF0028FD
:101570000DD02000912129302022C905FF30FFF72E
:10158000EDFE2000A02224498830FFF7E7FE8020EE
:10159000C002FFF7EFFE002805D020000C221F49F3
:1015A0007C30FFF7DBFE80204002FFF7E3FE0028DF
:1015B00006D01B4B1A6822675A6862679B68A3674C
:1015C00080204001FFF7D6FE002805D02000182219
:1015D00014495830FFF7C2FE0420FFF7CBFE002865
:1015E00005D090212C222000C905FFF7B7FE082066
:1015F000FFF7C0FE002804D02C220B49A018FFF7EB
:10160000ADFE0A4BFC341A6BE2649A6B22651A6DCC
:1016100062659B6DA36510BD0000704800006048C6
:1016200000003048000020480000104800004048FA
:10163000044B1A681300503B02CB02C09A42FBD104
:101640007047C046000004100D4B0E499B6830B532
:1016500003600B6804004360002308341A00C032A2
:1016600092008D589A000133A550082BF6D1064BF5
:101670001B688362054B1A68C2625B68036330BDF6
:1016800000ED00E000E100E020ED00E010E000E00F
:1016900070B5040080204000FFF784FE002805D0CC
:1016A000802040222100C005FFF758FE0120FFF7EF
:1016B00079FE00280CD001222100666C636C064D77
:1016C00093432800636467324431FFF747FE2E607E
:1016D000226C024B5A6070BD002000400010004098
:1016E00070B504000120FFF76FFE002816D023001C
:1016F0004021FC335E695A69554D8A4321001131FE
:101700005A6128000C22FF31FFF728FE2100213109
:1017100014225048FF31FFF721FE2E608020400147
:10172000FFF752FE002816D023004021FC339E6BA9
:101730009A6B494D8A43210035319A6328000C2267
:10174000FF31FFF70BFE2100453114224348FF31E2
:10175000FFF704FE2E608020C001FFF735FE002851
:1017600016D023004021FC33DE6DDA6D3C4D8A43F8
:1017700021005931DA6528000C22FF31FFF7EEFD18
:101780002100693114223748FF31FFF7E7FD2E6051
:101790001020FFF719FE002805D0210058223248FA
:1017A000B831FFF7DBFD80204000FFF70DFE002879
:1017B00010D02100012288310E680B682B4D934315
:1017C0000B6028002332FFF7C9FD2300B4331B68E8
:1017D000EB622E608020C000FFF7F6FD002810D0DD
:1017E00001222100A66DA36D214D9343A36528001E
:1017F00023325831FFF7B2FD23000833DB6FEB6271
:101800002E6080208003FFF7DFFD00280CD001222E
:10181000822526682368ED05934321002800236074
:101820001F32FFF79BFD2E6080200004FFF7CCFDE8
:1018300000280CD001222100E56AE36A2C31934391
:10184000E3620C4C1F322000FFF788FD256070BD5D
:1018500000200041102000410030004110300041C4
:1018600000700041107000410060004100500041D4
:101870000040004100100041020010B50120FFF7B8
:10188000ADFD002809D01368002B06D09522022355
:1018900002499200885803438B5010BD0014006029
:1018A00070B50500FC35EA6C374B04001A632A6DED
:1018B00001209A636A6D1A65AA6D9A65FFF75AFD51
:1018C000002818D02100912029312022FF31C005A5
:1018D000FFF744FD2200002321008C3213602B48C7
:1018E000536188319362D36313655366AB60A02262
:1018F000EB61FFF733FD8020C002FFF73BFD0028BE
:1019000005D021000C2222487C31FFF727FD8020E2
:101910004002FFF72FFD002806D0226F1D4B1A60F2
:10192000626F5A60A26F9A6080204001FFF722FD2B
:10193000002805D02100182217485831FFF70EFD66
:101940000420FFF717FD00280BD09020236AC00564
:101950000362636A2C224362636921004361FFF7DB
:10196000FDFC0820FFF706FD00280BD02100E36CEA
:101970000A482C220362236D2C314362236C43619D
:10198000FFF7ECFC70BDC046000040480000704806
:101990000000604800003048000020480000104867
:1019A000044B1A681300503B02C802C39A42FBD191
:1019B0007047C0460000041002680E4B30B59A60B4
:1019C00043680D4905000B60002308359A00AC58A8
:1019D0001A00C032920001338C50082BF6D1826A73
:1019E000064B1A60026B064B5A6000229A60C26A6C
:1019F0001A6030BD00ED00E000E100E020ED00E005
:101A000010E000E070B50E00150000221C000A4B2B
:101A10009A60FFF7EDFC3000FFF720FD2800FFF78C
:101A20008FFD2000FFF79EFD0598FFF701FE04984B
:101A3000FFF70AFE70BDC04604000020F8B51F0085
:101A40000300AC3315001A6804000E00002A05D00C
:101A5000002280201A60C001FFF796FC0B4B9B68A8
:101A6000002B11D00798FFF79BFF0698FFF7A4FF04
:101A70003800FFF715FF2000FFF70AFE3000FFF7E0
:101A80002FFE2800FFF7F8FEF8BDC0460400002036
:101A900080B500AFBFF34F8FC046044B044ADA60F5
:101AA000BFF34F8FC046C046FDE7C04600ED00E0E3
:101AB0000400FA0580B500AF01F0DAFBFEF7C6FEC0
:101AC0000300013301D1F3F7C1F8C046BD4680BD24
:101AD000F0B5C64600B59AB006AF4F23FB180022FA
:101AE0001A703C23FB18180006231A00002119F075
:101AF00045F84E23FB1806221A703A23FB180022E1
:101B00001A803A1DE14B1000190034231A0019F015
:101B100098F84D257C193B1D180004F01DFF0300AB
:101B200023707B191B78002B0CD07B191B78D84AAB
:101B300001214942009313000022012003F052FFCB
:101B4000F3F784F84D257C19042204210020FCF7CA
:101B500015FC030023707B191B78002B06D07B1922
:101B60001A78CC4B19000020F1F7A2FC3C217B181D
:101B700034221A707B1812225A707B182A229A700B
:101B80007B18E122DA707B1808221A717B18002278
:101B90005A714D257C197B181A000621002004F08B
:101BA000B1FB030023707B191B78002B0BD07B1932
:101BB0001B78B94A012149420093130000220120F9
:101BC00003F010FF06E0B54B012251420022012034
:101BD00003F008FF4D257C191821002004F096FB26
:101BE000030023702A00BB181B78002B0BD0BB18F6
:101BF0001B78AB4A012149420093130000220120C7
:101C000003F0F0FE06E0A74B012251420022012022
:101C100003F0E8FE4D257C194A23FB18190001202A
:101C2000FEF7CCFF030023707B191B78002B0BD031
:101C30007B191B789C4A0121494200931300002222
:101C4000012003F0CFFE06E0984B01225142002212
:101C5000012003F0C7FE4C217B1800221A707B186C
:101C60007A18127801210A431A704D257C194F23E6
:101C7000FB181B780021180004F06CF90300237096
:101C80007B191B78002B0BD07B191B78884A01210C
:101C90004942009313000022012003F0A3FE06E056
:101CA000844B012251420022012003F09BFE4D256E
:101CB0007C194623FD184823FA184F23FB1819787E
:101CC0004C23FB1818784423FB1800932B00FEF7D5
:101CD0000FFE030023703C22BB185B791800BB1871
:101CE0001B791C00BB18DB781D00BB189B781E00FD
:101CF000BB185B789C46BB181B7898466E4B01223C
:101D0000514242460592624604920396029501941E
:101D100000900022012003F065FE4D257C19674BE1
:101D20001A0008210020FEF755FE030023707B19DE
:101D30001B78002B0BD07B191B78614A012149428B
:101D4000009313000022012003F04CFE06E05D4BDF
:101D5000012251420022012003F044FE4D257C194E
:101D60003A23FB181A0002210020FEF759FE030057
:101D700023707B191B78002B0BD07B191B78524AE0
:101D800001214942009313000022012003F02AFEA2
:101D900006E04E4B012251420022012003F022FEB8
:101DA0004B4B01221A704A4B1B784D257C191800A9
:101DB000FCF7DFF9030023707B191B78002B0BD095
:101DC0007B191B78434A01214942009313000022EA
:101DD000012003F007FE06E03F4B012251420022A2
:101DE000012003F0FFFD3A4B01225A70384B0822C4
:101DF000DA70374B10221A71354B00229A70344B2F
:101E00009878334B5978324BDB78314A12794D262A
:101E1000BC19002502950192009300230122FCF7D2
:101E2000B8F903002370BB191B78002B0BD0BB192A
:101E30001B782A4A01214942009313000022012005
:101E400003F0D0FD06E0264B012251420022012082
:101E500003F0C8FD1E4B9B78002B4CD04D257C1900
:101E6000012004F0A1F8030023702A00BB181B789E
:101E7000002B39D0BB181B781A4A01214942009324
:101E800013000022012003F0ADFD34E08CC70610E2
:101E900088C20610ACC20610D4C2061030C30610A9
:101EA0007CC30610BCC30610ECC306102CC406107D
:101EB0005CC4061090C40610B4C4061028D40610E2
:101EC000F0C4061034C5061068C50610ACC506106F
:101ED000501A0020E0C5061020C6061050C6061095
:101EE00098C60610D0C60610094B012251420022A6
:101EF000012003F077FD074B01225142002201200F
:101F000003F070FDC046BD4614B080BCB846F0BDBD
:101F100028C7061070C7061080B500AF0121012048
:101F200003F052FCC046BD4680BD80B500AF012025
:101F300003F02CF904F02BFC012003F031F9C0462A
:101F4000BD4680BD80B500AFF6F7D2FFC046BD46A6
:101F500080BD80B500AF0021022003F035FCC046F3
:101F6000BD4680BD80B500AFFEF7F6FBC046BD465E
:101F700080BD80B500AF0121042003F025FCC046E0
:101F8000BD4680BD80B500AFFFF7E3FFC046BD464C
:101F900080BD80B500AFFFF7DCFFC046BD4680BD09
:101FA00080B582B000AF78607B68180010F0DEFE6C
:101FB000FFF7CFFFFFF7DDFFC046BD4602B080BD93
:101FC00080B500AFFFF7A8FFC046BD4680BD00004A
:101FD00090B585B002AF2A4B1A000021012003F012
:101FE000CFFB284B1A000021022003F0C9FB264B2F
:101FF0001A000021042003F0C3FB244B1A00002127
:10200000082003F0BDFB224B1A000021102003F032
:10201000B7FBFFF74FFDFFF75BFD1E4B00229A73E6
:102020001C4B012252429A81FC1DF1F773FE030002
:102030002370FB1D1B78002B0AD0FB1D1B78164A52
:1020400001214942009313000022012003F0CAFC41
:10205000124B134A9A60114BC8211800F7F780FB06
:10206000104B114A9A60114A0E4B11001800F7F7F5
:1020700077FB002000F0BAFCC046BD4603B090BD1F
:102080002B1F0510451F0510651F0510FD3105109C
:102090002D2D0510501A0020C0C70610801A0020F0
:1020A000BD2C0510981A0020D52C051030750000A5
:1020B000F0B599B004AF78604B23FB1886221A70F4
:1020C0007B681B78042B04D07B681B78822B00D0A4
:1020D000E2E27B6801337B647B681B78042B03D1CD
:1020E0007B6C0233FB6405E07B6801333B643B6C33
:1020F0000333FB647B6C1B78FF2B00D199E100DD7F
:10210000CCE23E2B45D000DDC8E2052B03D0102BDE
:1021100000D1B8E2C2E27B6C0233BB60BB685A7884
:102120009B781B0213439AB2E34B9B899A422DD1B1
:10213000E14B012252429A81DF4B00229A73DF4B1E
:10214000012251420022012003F04CFCBB685A7866
:102150009B781B0213439BB21800BB68DB781C0002
:10216000D74B01225142019400900022012003F03C
:1021700039FCF1F7B1FFD34B00221A70002000F0B8
:1021800035FCD14B19000020F1F792F901F060F80D
:1021900087E27B6C02333B623B6A1B780C2B00D1DD
:1021A000D9E000DD43E10A2B00D1E8E000DD3EE1AB
:1021B000012B00D10FE1032B00D038E13B6A013342
:1021C0007B61C24B012251420022012003F00AFC34
:1021D0007B69DA781B791B0213439BB21800F0F776
:1021E00009FC0022BA4BEFF7D9FC02000B001000EB
:1021F0001900F0F7C3FB06007B69DA781B791B0234
:1022000013439BB21800F0F7F5FB0022B04BEFF739
:10221000C5FC02000B001000190000220023EEF79D
:10222000B3F9031E3DD07B69DA781B791B02134397
:102230009BB21800F0F7DEFB0022A54BEFF7AEFCD7
:1022400002000B0014001D007B69DA781B791B0269
:1022500013439BB21800F0F7CDFB00229C4BEFF725
:102260009DFC02000B0010001900F0F787FB030033
:102270001800F0F7BFFB02000B0020002900EFF769
:1022800073FF02000B00100019000022914BEFF7C2
:1022900085FC02000B0010001900F0F76FFB020034
:1022A0003AE07B69DA781B791B0213439BB2180072
:1022B000F0F7A0FB0022864BEFF770FC02000B004A
:1022C00010001900F0F75AFB03001800F0F792FB1A
:1022D00004000D007B69DA781B791B0213439BB263
:1022E0001800F0F787FB0022794BEFF757FC02004C
:1022F0000B0020002900EFF737FF02000B00100051
:1023000019000022734BEFF749FC02000B0010008C
:102310001900F0F733FB02007B6959799B791B02A6
:102320000B439BB218007B69D9791B7A1B020B43C4
:102330009BB219000B009B005B185B001C00664BF6
:10234000012149420394029001920096002201204B
:1023500003F048FB6CE03B6A0133FB6100F078FF5F
:10236000FB691B781A00FB69DB781800FB691B7995
:102370005A49009303000020F1F79AF858E03B6AAD
:102380000133BB61BB691C78BB695A789B781B021F
:1023900013439DB2BB691E79BB6905339C46BB697B
:1023A000DA7D1B7E1B0213439AB2BB69597E9B7E6A
:1023B0001B020B4399B2BB69D87E1B7F1B020343F0
:1023C0009BB20293019100926346320029002000E3
:1023D00000F086F92CE03B6A01333B613B691C78D5
:1023E0003B695A789B781B0213439DB23B691E7967
:1023F0003B6905339C463B69DA7A1B7B1B0213431E
:102400009AB23B69597B9B7B1B020B4399B23B6998
:10241000D87B1B7C1B0203439BB202930191009269
:10242000634632002900200000F05AF900E0C0465F
:1024300037E1FB6CFB63FB6B1A785B781B02134381
:102440009BB2274A934200D1C0E0254A934200DD67
:1024500015E1244A934200D1F3E0224A934200DD81
:102460000DE180221201934221D080221201934279
:1024700000DD04E11C4A934249D01B4A934200DD2F
:10248000FDE01A4A934237D08122D200934200DB0A
:10249000F5E0174A934242D0154A934200DDEEE040
:1024A000042B00D1EDE0134A934262D0E7E0FB6BCE
:1024B0000233FB62E6E0C046501A0020F0C7061067
:1024C0001CC80610781A00205CC8061074C80610D4
:1024D0000000F43F00005940A8C8061018C90610B3
:1024E000190C0000010C00000A04000007040000A1
:1024F00002040000010400006B4B01225142002243
:10250000012003F06FFAFB6B0233BB62BAE0674B4A
:10251000012251420022012003F064FAB2E0644B30
:10252000012251420022012003F05CFA614B9B8999
:102530004B257C19604A11001800FBF759FE030077
:1025400023707B191B78002B0BD07B191B785B4AFF
:1025500001214942009313000022012003F042FAB6
:1025600090E0574B012251420022012003F03AFA39
:1025700088E0544B012251420022012003F032FA3C
:10258000FB6B02337B627B6A9B78002B0FD07B6AEC
:102590009B7818007B6ADB781C004B4B0122514270
:1025A000019400900022012003F01CFA06E0474B42
:1025B000012251420022012003F014FA444B01226F
:1025C00051420022012003F00DFA5BE0414B012251
:1025D00051420022012003F005FAFB6B0233BB637A
:1025E00037243B1908221A70BB6B1A795B791B02DE
:1025F00013439BB21800384B012251420090002235
:10260000012003F0EFF93B1900221A70BB6B1A7816
:102610005B781B02134398B2BB6B9A78DB781B0282
:10262000134399B2BB6B1A795B791B0213439AB2BD
:102630003B191B780024019400240094FBF74EFE04
:1026400020E0264B012251420022012003F0CAF96A
:10265000FB6B02333B633B6B1A795B791B021343C1
:1026600098B23B6B083319003B6B9A79DB791B02FC
:1026700013439BB2DBB21A00F1F748FD02E0C046FB
:102680000FE0C0460DE07B6C0233FB60FB681B78FB
:10269000032B05D8FFF7FCF9C04602E0C04600E076
:1026A000C046BD4615B0F0BD4CC9061074C9061031
:1026B000A4C90610501A002007B20100CCC90610A8
:1026C00000CA061028CA061054CA061094CA06107A
:1026D000ACCA0610B0CA0610D4CA0610E4CA061066
:1026E000F0B5C64600B58AB006AF04000800110078
:1026F0003B60FB1D221C1A703B1D021C1A80BB1D77
:102700000A1C1A70FB1D1B78002B0ED0FB1D1B78BA
:10271000AB4A01214942009313000022012003F03B
:1027200061F9A84B00229A7344E13B1D1B88A64A1D
:1027300001214942009313000022012003F052F9C5
:102740003B6805331B7818003B6804331B781C007A
:102750003B6803331B781D003B6802331B781E0067
:102760003B6801331B789C463B681B789846974B27
:102770000122514242460592624604920396029516
:10278000019400900022012003F02CF928243B1929
:102790001B881800F0F72EF900228D4BEFF7FEF999
:1027A00002000B0010001900F0F7E8F806003B19D2
:1027B0001B881800F0F71EF90022854BEFF7EEF9A1
:1027C00002000B001000190000220023EDF7DCFED0
:1027D000031E36D03B191B881800F0F70BF90022B6
:1027E0007B4BEFF7DBF902000B0014001D002823E0
:1027F000FB181B881800F0F7FDF80022744BEFF768
:10280000CDF902000B0010001900F0F7B7F8030033
:102810001800F0F7EFF802000B0020002900EFF796
:10282000A3FC02000B00100019000022694BEFF717
:10283000B5F902000B0010001900F0F79FF8020034
:1028400034E02823FB181B881800F0F7D3F8002287
:102850005F4BEFF7A3F902000B0010001900F0F72F
:102860008DF803001800F0F7C5F804000D002823C8
:10287000FB181B881800F0F7BDF80022544BEFF747
:102880008DF902000B0020002900EFF76DFC02001B
:102890000B001000190000224E4BEFF77FF90200E9
:1028A0000B0010001900F0F769F802002C23FB1848
:1028B00018883023FB1819880B009B005B185B00FD
:1028C0001C00454B0121494203940290019200965D
:1028D0000022012003F086F83A4B9B7B012B03D1A9
:1028E000384B03229A7302E0364B02229A73354B1F
:1028F0003A1D12889A813B1D1B881800F1F7CCFB0A
:10290000F3F774F8031CFB603449F868EEF79AFBA0
:10291000031C3349181CEDF771FE031E01D0FF2282
:1029200009E02E49F868EEF78DFB031C181CEDF743
:10293000E5FE0300DAB20B257B191A70F3F742F8B3
:10294000031CFC218905181CEDF7BCFF031C0A269B
:10295000BC19181CEDF7D2FE03002370F3F728F81A
:1029600003001800F1F788FC7B191A78BB191B7853
:1029700011001800F1F7B2FC09257C193B1D1888DD
:1029800002230093042304220021FBF714FD03001B
:1029900023707B191B78002B07D07B191A78114BF9
:1029A00019000020F0F784FD04E00F4B190000200F
:1029B000F0F77EFDBD4604B080BCB846F0BDC04611
:1029C00018CB0610501A002050CB061094CB0610DE
:1029D0000000F43F00005940D8CB06100000C84268
:1029E00000007F4348CC061068CC0610F0B595B0C7
:1029F0000CAF0200FB1D1A708023FB61A023BB619A
:102A0000FB1D1B78052B47D89A009D4BD3181B68DC
:102A10009F468023FB61A023BB6104237B613CE0D4
:102A2000C8231B01FB61C8235B01BB6105237B61DC
:102A300033E000237B6130E0C823DB00FB61C82367
:102A40001B01BB6100237B61FA235B003B6124E037
:102A50008C4B9B890F257C1913211800FBF773FB06
:102A6000030023707B191B78002B0BD07B191B787C
:102A7000854A01214942009313000022012002F0FF
:102A8000B1FF0AE0814B012251420022012002F0F5
:102A9000A9FF00F0E5FB00E0C046FB1D1B78062BFC
:102AA00000D1E6E000DDE6E0042B00D1B7E000DD78
:102AB000E1E0012B02DC002B04DADCE0022B00D188
:102AC00088E0D8E00823FB18180006231A0000212C
:102AD00018F054F80F257C19FA6900230A93002393
:102AE00009930323089300230793012306930023EC
:102AF00005930023049300230393002302930723E9
:102B00000193BB690093130013220221002003F0FC
:102B10005BFA030023707B191B78002B0BD07B1909
:102B20001B785B4A012149420093130000220120D7
:102B300002F058FF0AE07B69DAB2524B9A73554BA8
:102B4000012251420022012002F04CFF0F257C1986
:102B5000514B1D220321002003F06BFA0300237068
:102B60007B191B78002B0BD07B191B784B4A01215A
:102B70004942009313000022012002F033FF06E0D7
:102B8000474B012251420022012002F02BFF0F256A
:102B90007C190823FB181A000121012003F04DFACB
:102BA000030023707B191B78002B0BD07B191B783B
:102BB0003C4A01214942009313000022012002F007
:102BC00011FF59E0384B012251420022012002F04E
:102BD00009FF51E00F257C1900220021002003F09D
:102BE0002CFA030023707B191B78002B0BD07B1968
:102BF0001B782E4A01214942009313000022012034
:102C000002F0F0FE38E07B69DAB21E4B9A73284B73
:102C1000012251420022012002F0E4FE2CE0194B77
:102C20009889FB6999B2BB699AB27B699DB23B698D
:102C30009BB20F26BC1900932B00FBF778FB030017
:102C40002370BB191B78002B0BD0BB191B78194ABA
:102C500001214942009313000022012002F0C2FE2C
:102C60000AE0154B012251420022012002F0BAFE77
:102C700002E0C04600E0C046C046BD4609B0F0BD17
:102C800030D40610501A002044CD061070CD061026
:102C9000FCCD061040CE06107030002078CE061015
:102CA000B4CE0610E0CE06101CCF06104CCF061096
:102CB00078CF06109CCF0610E0CF061080B582B00A
:102CC00000AF78600021102002F07EFDC046BD46B6
:102CD00002B080BD80B582B000AF78600D4B9B899B
:102CE0000D4A934208D00D4B1B885A1C91B20B4AD7
:102CF00011801800F1F72AFB094B0A4A9A600A4A28
:102D0000074B11001800F6F72BFDC046BD4602B078
:102D100080BDC046501A0020FFFF00007A1A002034
:102D2000981A0020D52C051030750000B0B594B06D
:102D300004AF00237B6000233B603B1D1800F0F7CD
:102D40003FFE3B001800F0F7D7FE7B683A68372556
:102D50007C19111C181CF2F73DFC030023707B1931
:102D60001B78002B50D117257C19F2F749FE030080
:102D70002370AE4B1B782C003A1912789A4214D06B
:102D80003B191B780A211800EDF7D8FA0B00DBB2CB
:102D9000002B0AD1A54B3A1912781A703B191A78F0
:102DA000A34B19000020F0F783FB1723FB181B78B7
:102DB000642B00D011E1F2F70FFE031C3B61386970
:102DC000EEF714FD0300FB60F868EEF72FFD031C1F
:102DD000191C3869EEF790FA031C9649181CEEF797
:102DE00031F9031C181CEEF701FD0300BB60BB6842
:102DF000FA6891490020F0F75BFB904B0022082114
:102E00001800F3F797FEE8E0F2F7DCFD031C3B63E4
:102E1000F2F7ECFD031CFB62386BEEF7E7FC0300F6
:102E2000BB62B86AEEF702FD031C191C386BEEF7A3
:102E300063FA031C7F49181CEEF704F9031C181CE5
:102E4000EEF7D4FC03007B62F86AEEF7CFFC0300D8
:102E50003B62386AEEF7EAFC031C191CF86AEEF7CD
:102E60004BFA031C7349181CEEF7ECF8031C181CF2
:102E7000EEF7BCFC0300FB61714B1B7837217A181D
:102E800012789A4211D06E4B7A1812781A707B1809
:102E90001A78B86A6B49FB6902933B6A01937B6AB3
:102EA000009303000020F0F703FB674B1B783724E7
:102EB0003A1912789A420ED0634B3A1912781A7066
:102EC000386BEDF71BFC0300DAB23B191B781100DD
:102ED000180000F0D7F8F2F771FF0300BB61372349
:102EE000FB181B78032B02D1584BFB6309E03723F7
:102EF000FB181B78022B02D1554BFB6301E0554BAD
:102F0000FB63554B1B68BA69D31AFA6B9A4218D8FF
:102F1000514BBA691A60386BEDF7F0FB0300DAB277
:102F200037243B191B781100180000F0ABF83B194F
:102F30001A78B86A49497B6A009303000020F0F7C9
:102F4000B7FA3723FB181B78032B1DD1444B1B68A2
:102F5000002B05D1F2F732FF0200414B1A6016E058
:102F6000F2F72CFF02003E4B1B68D31A3D4A9342F6
:102F70000DD93D4B19000020F0F79AFAF2F7DCFA70
:102F8000374B00221A6002E0354B00221A603723CB
:102F9000FB181B78022B1DD1344B1B68002B05D16D
:102FA000F2F70CFF0200314B1A6016E0F2F706FF51
:102FB00002002E4B1B68D31A2D4A93420DD92D4B7C
:102FC00019000020F0F774FAF2F7B6FA274B002246
:102FD0001A6002E0254B00221A603723FB181B7889
:102FE000002B02D1C823BB6312E03723FB181B78E8
:102FF000032B02D1C823BB630AE03723FB181B78DD
:10300000022B03D1FA239B00BB6301E01A4BBB6385
:103010001A4B1B4A9A60BA6B184B11001800F6F74E
:103020009FFBC046BD4610B0B0BDC046B01A0020E0
:103030001CD006100000C84230D006100000104816
:10304000B11A002060D00610B21A002060EA000019
:10305000C027090080EE3600B41A002098D0061070
:10306000B81A0020BF270900C0D00610BC1A0020E3
:103070005FEA0000E8D00610B80B0000801A0020BC
:10308000BD2C0510B0B586B002AF0200FB1D1A7052
:10309000BB1D0A1C1A70F2F7A9FC031CFB604D490A
:1030A000F868EDF7CFFF031C4B49181CEDF7A6FAA3
:1030B000031E01D0FF2209E04649F868EDF7C2FF80
:1030C000031C181CEDF71AFB0300DAB20B217B1866
:1030D0001A70424BFA1D12789A76404BBA1D12783C
:1030E000DA763E4B7A1812781A770A257C193B4B10
:1030F0001D220321002002F09CFF030023707B1996
:103100001B78002B0AD07B191B78354A01214942D4
:10311000009313000022012002F064FC314B9B89D4
:10312000314A93421DD0F2F74DFC031CFC21890566
:10313000181CEDF7C7FB031C09257C19181CEDF7BB
:10314000DDFA030023700B23FB181A787B191B7818
:1031500011001800F1F7C2F8FB1D1B781800F1F7F9
:103160008BF8FB1D1B78032B1BD1204B1B78002BEE
:1031700017D11E4B01221A701A4B9B891A4A93428F
:1031800023D10220FFF732FC0120FFF72FFC184B60
:10319000184A9A60184A164B11001800F6F7E0FA20
:1031A00013E0FB1D1B78022B0FD8104B1B78002B54
:1031B0000BD00C4B9B890C4A934206D10220FFF79F
:1031C00015FC0020FFF712FCFFE7C046BD4604B027
:1031D000B0BDC0460000C84200007F4370300020F0
:1031E00010D10610501A0020FFFF0000781A0020AE
:1031F000601A0020393205101027000080B500AF9A
:103200000A4B1B78002B0DD0084B00221A70084B7C
:103210009B89084A934205D10220FFF7E7FB002073
:10322000FFF7E4FBC046BD4680BDC046781A0020CB
:10323000501A0020FFFF000080B582B000AF786018
:103240000121082002F0C0FAC046BD4602B080BD90
:1032500080B500AF012002F0E3FAC046BD4680BD54
:1032600080B500AF012002F0F9FAC046BD4680BD2E
:1032700080B500AFFCF72AFF074B19000020FDF7CF
:1032800083F8064B19000120FDF77EF8044B024A33
:103290001A60C046BD4680BDC01A0020D01A00206A
:1032A000E01A0020F0B589B002AFB96011007B6070
:1032B0000F243B19021C1A700C23FB180A1C1A80DD
:1032C0003B191B78022B03D11A4B1B4A1A6002E0F0
:1032D000184B1A4A1A60174B18681726BC19BD6894
:1032E0000C23FB181B889C460F23FB1819787B685E
:1032F0000193282308229B18DB191B8800932B00BD
:103300006246FDF7E3F803002370BB191B78002B1E
:1033100001D1002309E01723FB181B78022B02D1EF
:1033200001235B4201E002235B421800BD4607B067
:10333000F0BDC046E01A0020D01A0020C01A0020BC
:10334000B0B586B002AF0400080011003B60FB1D61
:10335000221C1A70BB1D021C1A703B1D0A1C1A800D
:10336000BB1D1B78022B07D12E4B2F4A1A600E2350
:10337000FB1801221A7006E02A4B2C4A1A600E2311
:10338000FB1800221A70FB1D1B78022B12D1254B53
:1033900018680F23FC182023FB181D883A683B1D72
:1033A00019880C23FB1800932B00FDF75BF8030032
:1033B000237021E0FB1D1B78002B08D1194B1A68E4
:1033C0000E23FB181B7811001800FCF7DDFF154BCE
:1033D00018680F23FC183D683B1D1A88BB1D19781F
:1033E0000C23FB1801932023FB181B8800932B0050
:1033F000FCF7FEFF030023700F23FB181B78002B44
:1034000001D1002309E00F23FB181B78042B02D104
:1034100003235B4201E002235B421800BD4604B077
:10342000B0BDC046E01A0020D01A0020C01A00200B
:1034300090B585B000AF39601100BB1D021C1A8029
:103440003B1D0A1C1A800E4B18683B1D1C883A68ED
:10345000BB1D19882300FCF701F80300FB60FB6823
:10346000002B01D1002307E0FB68002B02DA3B1D93
:103470001B8801E003235B421800BD4605B090BDE8
:10348000E01A002080B582B000AF0200FB1D1A7068
:10349000FB1D1B78022B0AD10B4B1A680B4B9A426F
:1034A0000DD0094B1B681800FDF776F808E0FB1DEE
:1034B0001B78032B04D10020FDF77CF800E0C04608
:1034C000BD4602B080BDC046E01A0020D01A0020E0
:1034D00080B584B000AFF860B9607A607A68B96886
:1034E000FB681800ECF70EFEC046BD4604B080BD78
:1034F00080B584B000AFF860B9607A607A68B96866
:10350000FB68180017F03AFBC046BD4604B080BD0A
:1035100080B584B000AFF860B9607A607A68B96845
:10352000FB68180017F01CFB03001800BD4604B030
:1035300080BD90B589B000AFF860B9607A601024A2
:103540003B191800FDF7CAFE21007B181A78FB68AA
:103550001A707B185A78BB681A707B189A787B6847
:103560001A70C046BD4609B090BD80B584B000AFAA
:10357000F860B9607A607A68B968FB681800FBF790
:1035800045F8C046BD4604B080BD80B582B000AFEE
:1035900078607B68180018F061FC03001800BD46D5
:1035A00002B080BD80B584B000AFF860B9607A60C9
:1035B0007A68B968FB68180018F0E6FA030018008A
:1035C000BD4604B080BD80B584B000AFF860B9607E
:1035D0007A607A68B968FB68180018F009FC030083
:1035E0001800BD4604B080BD80B582B000AF7860E1
:1035F0007B681800FBF738FAC046BD4602B080BDB4
:1036000080B582B000AF78607B681800FBF746FA9F
:10361000C046BD4602B080BD80B582B000AF02009A
:10362000FB1D1A70FB1D1B785BB21800FDF7CEFC6A
:1036300003001800BD4602B080BD80B582B000AF67
:103640000200FB1D1A70FB1D1B781800FDF71CFD06
:1036500003001800BD4602B080BD80B500AFFDF785
:1036600041FD03001800BD4680BD80B500AFFDF7E9
:103670003FFD03001800BD4680BD80B582B000AF9D
:103680000200FB1D1A70FB1D1B781800FDF736FDAC
:10369000C046BD4602B080BD80B500AFF5F7C4F8A6
:1036A00003001800BD4680BD80B500AFF6F746F8B0
:1036B00002000B0010001900BD4680BD80B584B02B
:1036C00000AFF8603A607B603A687B68F968080090
:1036D000F6F77CF803001800BD4604B080BD80B545
:1036E00082B000AF78607B681800F6F789F8C046B2
:1036F000BD4602B080BD80B582B000AF78600800E2
:103700001100FB1C021C1A70BB1C0A1C1A70BB1C8B
:103710001A78FB1C19787B681800F5F767FE030020
:10372000DBB21800BD4602B080BD80B500AFF5F732
:1037300025FF0300DBB21800BD4680BD80B582B016
:1037400000AF78607B681800F5F772FD02000B008F
:1037500010001900BD4602B080BD80B500AFF5F77E
:103760008BFFC046BD4680BD80B582B000AF78609B
:10377000074B5B687F22934319007B687F221A40C6
:10378000034B0A435A60C046BD4602B080BDC046E6
:10379000C000002080B500AF044B5A68034B802165
:1037A0000A435A60C046BD4680BDC046C0000020E6
:1037B00080B500AF044B5A68034B80218A435A609E
:1037C000C046BD4680BDC046C000002080B582B066
:1037D00000AF7860074B1B69074A134019007B68EC
:1037E0001B02064A1A40034B0A431A61C046BD46F3
:1037F00002B080BDC0000020FF0000F000FFFF0FFE
:1038000080B582B000AF02003960FB1D1A70FB1D4D
:103810001A7813009B009B181B010D4A94466344C1
:103820001B683F22934318003B683F221340190056
:10383000FB1D1A7813009B009B181B01044A944639
:10384000634402000A431A60C046BD4602B080BD10
:10385000DC00002080B582B000AF0200FB1D1A70B2
:10386000FB1D1A7813009B009B181B01094A944604
:1038700063441968FB1D1A7813009B009B181B01F9
:10388000044A9446634440220A431A60C046BD4637
:1038900002B080BDDC00002080B582B000AF020025
:1038A000FB1D1A70FB1D1A7813009B009B181B014F
:1038B0000A4A944663441968FB1D1A7813009B005A
:1038C0009B181B01054A94466344402291430A0019
:1038D0001A60C046BD4602B080BDC046DC00002074
:1038E00080B582B000AF0200FB1D1A70FB1D1A7874
:1038F00013009B009B181B01094A944663441968F6
:10390000FB1D1A7813009B009B181B01044A944668
:10391000634480220A431A60C046BD4602B080BD9F
:10392000DC00002080B582B000AF0200FB1D1A70E1
:10393000FB1D1A7813009B009B181B010A4A944632
:1039400063441968FB1D1A7813009B009B181B0128
:10395000054A94466344802291430A001A60C04697
:10396000BD4602B080BDC046DC00002080B582B0FC
:1039700000AF0200FB1D1A70FB1D1A7813009B009C
:103980009B181B01074A944663441B68802213401E
:10399000802B01D1012300E000231800BD4602B0B6
:1039A00080BDC046DC00002080B582B000AF0200C0
:1039B0003960FB1D1A70FB1D1A7813009B009B18C1
:1039C0001B010E4A944663441B680D4A13401800BD
:1039D0003B681A02FC239B011A401100FB1D1A7858
:1039E00013009B009B181B01044A94466344020089
:1039F0000A431A60C046BD4602B080BDDC0000200C
:103A0000FFC0FFFF80B582B000AF0200FB1D1A703F
:103A1000FB1D1A7813009B009B181B01054A944656
:103A200063441B681B0A3F2213401800BD4602B0C6
:103A300080BDC046DC00002080B582B000AF02002F
:103A4000FB1D1A70FB1D1A7813009B009B181B01AD
:103A50000A4A944663441968FB1D1A7813009B00B8
:103A60009B181B01054A94466344802212024A4077
:103A70001A60C046BD4602B080BDC046DC000020D2
:103A800080B582B000AF0200FB1D1A70FB1D1A78D2
:103A900013009B009B181B010A4A94466344196853
:103AA000FB1D1A7813009B009B181B01054A9446C6
:103AB0006344802292030A431A60C046BD4602B0A6
:103AC00080BDC046DC00002080B582B000AF02009F
:103AD000FB1D1A70FB1D1A7813009B009B181B011D
:103AE000094A944663441968FB1D1A7813009B0029
:103AF0009B181B01044A94466344044A0A401A6016
:103B0000C046BD4602B080BDDC000020FFFFDFFFE5
:103B100080B582B000AF02003960FB1D1A70FB1D3A
:103B20001A7813009B009B181B010E4A94466344AD
:103B30001B680D4A134018003B681A06E023DB049B
:103B40001A401100FB1D1A7813009B009B181B01E3
:103B5000044A9446634402000A431A60C046BD46C4
:103B600002B080BDDC000020FFFFFFF880B582B00E
:103B700000AF0200FB1D1A70FB1D1A7813009B009A
:103B80009B181B01054A944663441B681B0E0722C1
:103B900013401800BD4602B080BDC046DC000020C6
:103BA00080B582B000AF02003960FB1D1A70FB1DAA
:103BB0001A7813009B009B181B010E4A944663441D
:103BC0001B680D4A134018003B681A07E023DB0509
:103BD0001A401100FB1D1A7813009B009B181B0153
:103BE000044A9446634402000A431A60C046BD4634
:103BF00002B080BDDC000020FFFFFF8F80B582B0E7
:103C000000AF0200FB1D1A70FB1D1A7813009B0009
:103C10009B181B01054A944663441B681B0F07222F
:103C200013401800BD4602B080BDC046DC00002035
:103C300080B582B000AF02003960FB1D1A70FB1D19
:103C40001A7813009B009B181B01094A9446634491
:103C50005B68FB1D1A7813009B009B181B01044A2C
:103C6000944663443A685A60C046BD4602B080BD7F
:103C7000DC00002080B582B000AF02003960FB1D7F
:103C80001A70FB1D1A7813009B009B181B01094A30
:103C9000944663449B68FB1D1A7813009B009B1895
:103CA0001B01044A944663443A689A60C046BD4684
:103CB00002B080BDDC00002080B582B000AF020001
:103CC0003960FB1D1A70FB1D1A7813009B009B18AE
:103CD0001B01094A944663449B69FB1D1A78130033
:103CE0009B009B181B01044A944663443A689A61FE
:103CF000C046BD4602B080BDDC00002080B582B069
:103D000000AF02003960FB1D1A70FB1D1A7813000A
:103D10009B009B181B010D4A94466344DB69FF22FC
:103D2000934318003B68FF2213401900FB1D1A78CB
:103D300013009B009B181B01044A94466344020035
:103D40000A43DA61C046BD4602B080BDDC000020F7
:103D500080B582B000AF0200FB1D1A70FB1D1A78FF
:103D600013009B009B181B01044A94466344DB69C3
:103D7000FF2213401800BD4602B080BDDC000020C9
:103D800080B582B000AF02003960FB1D1A70FB1DC8
:103D90001A7813009B009B181B010C4A944663443D
:103DA000DB69FF22134018003B681902FB1D1A78DB
:103DB00013009B009B181B01044A944663440200B5
:103DC0000A43DA61C046BD4602B080BDDC00002077
:103DD00080B582B000AF0200FB1D1A70FB1D1A787F
:103DE00013009B009B181B01054A94466344DB6942
:103DF0001B0A1B021B0A1800BD4602B080BDC0464C
:103E0000DC00002080B582B000AF02003960FB1DED
:103E10001A70FB1D1A7813009B009B181B010C4A9B
:103E2000944663441B6A1B0C18043B681B04190C62
:103E3000FB1D1A7813009B009B181B01044A944633
:103E4000634402000A431A62C046BD4602B080BD08
:103E5000DC00002080B582B000AF0200FB1D1A70AC
:103E6000FB1D1A7813009B009B181B01044A944603
:103E700063441B6A1B041B0C1800BD4602B080BDC6
:103E8000DC00002080B582B000AF0200FB1D1A707C
:103E9000FB1D1A7813009B009B181B010A4A9446CD
:103EA0006344196AFB1D1A7813009B009B181B01C1
:103EB000054A94466344802292050A431A62C0462A
:103EC000BD4602B080BDC046DC00002080B582B097
:103ED00000AF0200FB1D1A70FB1D1A7813009B0037
:103EE0009B181B01094A94466344196AFB1D1A7802
:103EF00013009B009B181B01044A94466344044A28
:103F00000A401A62C046BD4602B080BDDC000020F7
:103F1000FFFFFFDF80B582B000AF02003960FB1DFC
:103F20001A70FB1D1A7813009B009B181B01094A8D
:103F3000944663445B6AFB1D1A7813009B009B1830
:103F40001B01044A944663443A685A62C046BD461F
:103F500002B080BDDC00002080B582B000AF02005E
:103F6000FB1D1A70FB1D1A7813009B009B181B0188
:103F7000034A944663445B6A1800BD4602B080BDA4
:103F8000DC00002080B582B000AF02003960FB1D6C
:103F90001A70FB1D1A7813009B009B181B010C4A1A
:103FA000944663449B6A1B0E18063B681B02190A61
:103FB000FB1D1A7813009B009B181B01044A9446B2
:103FC000634402000A439A62C046BD4602B080BD07
:103FD000DC00002080B582B000AF02003960FB1D1C
:103FE0001A70FB1D1A7813009B009B181B010C4ACA
:103FF000944663449B6A1B02180A3B681906FB1D22
:104000001A7813009B009B181B01054A94466344D1
:1040100002000A439A62C046BD4602B080BDC04657
:10402000DC00002080B582B000AF02003960FB1DCB
:104030001A70FB1D1A7813009B009B181B010D4A78
:1040400094466344DB6A1F22934318003B681F2297
:1040500013401900FB1D1A7813009B009B181B01CD
:10406000044A9446634402000A43DA62C046BD46ED
:1040700002B080BDDC00002080B582B000AF02003D
:10408000FB1D1A70FB1D1A7813009B009B181B0167
:10409000044A94466344DB6A1F2213401800BD465D
:1040A00002B080BDDC00002080B582B000AF02000D
:1040B0003960FB1D1A70FB1D1A7813009B009B18BA
:1040C0001B010E4A94466344DB6A0D4A13401800F4
:1040D0003B681A02FC239B011A401100FB1D1A7851
:1040E00013009B009B181B01044A94466344020082
:1040F0000A43DA62C046BD4602B080BDDC00002043
:10410000FFC0FFFF80B582B000AF0200FB1D1A7038
:10411000FB1D1A7813009B009B181B01054A94464F
:104120006344DB6A1B0A3F2213401800BD4602B0FD
:1041300080BDC046DC00002080B582B000AF020028
:104140003960FB1D1A70FB1D1A7813009B009B1829
:104150001B010C4A94466344DB6A1B04180C3B6841
:104160001904FB1D1A7813009B009B181B01054ABC
:104170009446634402000A43DA62C046BD4602B078
:1041800080BDC046DC00002080B582B000AF0200D8
:10419000FB1D1A70FB1D1A7813009B009B181B0156
:1041A000054A94466344DB6A1B0C1B041B0C180075
:1041B000BD4602B080BDC046DC00002080B582B0A4
:1041C00000AF02003960FB1D1A70FB1D1A78130046
:1041D0009B009B181B010C4A944663441B6B9B0D70
:1041E00098053B689B02990AFB1D1A7813009B00F7
:1041F0009B181B01044A9446634402000A431A6355
:10420000C046BD4602B080BDDC00002080B582B053
:1042100000AF0200FB1D1A70FB1D1A7813009B00F3
:104220009B181B01044A944663441B6B9B029B0A28
:104230001800BD4602B080BDDC00002080B582B011
:1042400000AF786039607B681B687B683A681A60E9
:10425000C046BD4602B080BD80B582B000AF786078
:1042600039607B685B68012293431A003B68012137
:104270000B401A437B685A60C046BD4602B080BD01
:1042800080B582B000AF786039607B685B680422DB
:1042900093431A003B689B0004210B401A437B6840
:1042A0005A60C046BD4602B080BD80B582B000AF46
:1042B000786039607B685B68102293431A003B6822
:1042C0001B0110210B401A437B685A60C046BD4653
:1042D00002B080BD80B582B000AF786039607B6885
:1042E0005B68202293431A003B685B0120210B404E
:1042F0001A437B685A60C046BD4602B080BD80B597
:1043000082B000AF78607B685B6840221A437B68AC
:104310005A60C046BD4602B080BD80B582B000AFD5
:1043200078607B685B6880221A437B685A60C0466D
:10433000BD4602B080BD80B582B000AF78607B68BA
:104340005B68802293431A007B685A60C046BD4672
:1043500002B080BD80B582B000AF786039607B6804
:104360005B68074A1A403B68190280235B000B40D8
:104370001A437B685A60C046BD4602B080BDC04645
:10438000FFFEFFFF80B582B000AF786039607B68C8
:104390005B68074A1A403B68590280239B000B4028
:1043A0001A437B685A60C046BD4602B080BDC04615
:1043B000FFFDFFFF80B582B000AF786039607B6899
:1043C0005B68074A1A403B6899028023DB000B4078
:1043D0001A437B685A60C046BD4602B080BDC046E5
:1043E000FFFBFFFF80B582B000AF786039607B686B
:1043F0009B687B683A689A60C046BD4602B080BD43
:1044000080B582B000AF78607B689B681800BD46BD
:1044100002B080BD80B582B000AF786039607B6843
:10442000DB681B0D1A053B681B031B0B1A437B68DB
:10443000DA60C046BD4602B080BD80B582B000AF34
:1044400078607B68DB68802252031A437B68DA60FD
:10445000C046BD4602B080BD80B582B000AF786076
:1044600039607B68DB68074A1A403B6899058023FE
:10447000DB030B401A437B68DA60C046BD4602B0DE
:1044800080BDC046FFFFBFFF80B582B000AF78603F
:1044900039607B68DB68074A1A403B68D90580238E
:1044A0001B040B401A437B68DA60C046BD4602B06D
:1044B00080BDC046FFFF7FFF80B582B000AF78604F
:1044C00039607B68DB68074A1A403B68190680231D
:1044D0005B040B401A437B68DA60C046BD4602B0FD
:1044E00080BDC046FFFFFFFE80B582B000AF7860A0
:1044F0007B68DB68802292041A437B68DA60C046DE
:10450000BD4602B080BD80B582B000AF78607B68E8
:10451000DB688022D2041A437B68DA60C046BD465D
:1045200002B080BD80B582B000AF78607B68DB6888
:104530008022D2051A437B68DA60C046BD4602B0CD
:1045400080BD80B582B000AF78607B68DB68802278
:1045500012061A437B68DA60C046BD4602B080BDD1
:1045600080B582B000AF7860C023DB055B684F2266
:10457000134019007B684F2293431A00C023DB05C8
:104580000A435A60C046BD4602B080BD80B582B0C5
:1045900000AF7860C023DB059B69082293431900B4
:1045A0007B68DB0008221A40C023DB050A439A61BE
:1045B000C046BD4602B080BD80B588B000AF78600F
:1045C00008001100FB1C021C1A70BB1C0A1C1A708C
:1045D0007B687B61FB1C1B78012B05D10623BB602C
:1045E000BB680233FB6115E0FB1C1B78002B05D177
:1045F0000423FB60FB680233FB610BE0FB1C1B78B0
:10460000022B05D102233B613B690433FB6101E0CE
:104610000023FB61FB1C1B78012B03D0FB1C1B78C8
:10462000022B09D1BB1C1B78012B02D1B523BB6126
:1046300013E04323BB6110E0FB1C1B78002B03D06D
:10464000FB1C1B78032B08D1BB1C1B78012B02D150
:10465000B323BB6101E04123BB61BA69FB69D31895
:104660007A69D31A7B617B691800BD4608B080BDAA
:1046700080B582B000AF78607B681800FFF770FFEC
:10468000C046BD4602B080BD80B500AF0120FFF737
:104690007DFFC046BD4680BD80B500AFFFF788F8FE
:1046A000C046BD4680BD80B500AFFFF773F8C04679
:1046B000BD4680BD80B582B000AF0200FB1D1A7000
:1046C000FB1D1B781800FFF74FF8C046BD4602B02F
:1046D00080BD000080B582B000AF78607B68034A7F
:1046E00013401800BD4602B080BDC04630DFCB008D
:1046F00080B582B000AF78607A688023DB03134016
:104700001800BD4602B080BD80B582B000AF7860B1
:1047100000231800BD4602B080BD80B582B000AF56
:1047200078607A688023DB0513401800BD4602B02C
:1047300080BD80B582B000AF78607A6880239B042A
:1047400013401800BD4602B080BD80B582B000AFF6
:1047500078607A6880239B0113401800BD4602B040
:1047600080BD80B582B000AF78607A688023DB02BC
:1047700013401800BD4602B080BD80B582B000AFC6
:1047800078607A6880235B0213401800BD4602B04F
:1047900080BD80B582B000AF78607A6880239B03CB
:1047A00013401800BD4602B080BD80B582B000AF96
:1047B00078607A6880239B0013401800BD4602B0E1
:1047C00080BD80B582B000AF78607A6880231B011D
:1047D00013401800BD4602B080BD80B582B000AF66
:1047E00078607B68DB0FDB071800BD4602B080BD38
:1047F00080B582B000AF78607A688023DB04134014
:104800001800BD4602B080BD80B582B000AF7860B0
:104810007B68402213401800BD4602B080BD80B5C1
:1048200082B000AF78607A6880235B041340180080
:10483000BD4602B080BD80B582B000AF7860C04692
:10484000BD4602B080BD80B582B000AF78607B68A5
:104850001800FFF770FDC046BD4602B080BD80B5B0
:1048600082B000AF78607B6800211800FFF7F4FC8D
:10487000C046BD4602B080BD80B582B000AF786052
:104880007B681800FFF7BCFD03001800BD4602B0AE
:1048900080BD80B582B000AF78607B6814220021B3
:1048A000180016F06BF9C046BD4602B080BD80B559
:1048B00082B000AF78607B6801211800FFF70AFD25
:1048C000C046BD4602B080BD80B582B000AF786002
:1048D0007B6801211800FFF7E8FCC046BD4602B026
:1048E00080BD80B582B000AF7860C046BD4602B0E2
:1048F00080BD80B582B000AF786039603A687B686F
:1049000011001800FFF76EFDC046BD4602B080BD25
:1049100080B582B000AF78607B681800FFF7FDFCBF
:10492000C046BD4602B080BD80B582B000AF7860A1
:104930007B681800FFF7F6FDC046BD4602B080BD9B
:1049400080B582B000AF78607B681800FFF7CCFDBF
:10495000C046BD4602B080BD80B582B000AF786071
:104960007B681800FFF7EDFDC046BD4602B080BD74
:1049700080B582B000AF78607B681800FFF7C3FD98
:10498000C046BD4602B080BD80B582B000AF786041
:104990007B6801211800FFF78FFDC046BD4602B0BD
:1049A00080BD80B582B000AF78607B6801211800BF
:1049B000FFF766FCC046BD4602B080BD80B582B040
:1049C00000AF786039603A687B6811001800FFF723
:1049D00035FCC046BD4602B080BD80B582B000AF98
:1049E00078607B6800211800FFF7B4FCC046BD4624
:1049F00002B080BD80B582B000AF78600A00FB1CB9
:104A00001A70C046BD4602B080BD80B582B000AF0E
:104A100078607B6801211800FFF79CFCC046BD460A
:104A200002B080BD80B582B000AF78607B681800AE
:104A3000FFF765FCC046BD4602B080BD80B582B0C0
:104A400000AF78607B6801211800FFF705FCC046C5
:104A5000BD4602B080BD80B582B000AF78607B6893
:104A600001211800FFF78EFCC046BD4602B080BD94
:104A700080B582B000AF786039603A687B68110019
:104A80001800FFF7C7FCC046BD4602B080BD80B528
:104A900082B000AF78607B681800FFF7CEFCC0469C
:104AA000BD4602B080BD80B582B000AF78607B6843
:104AB00001211800FFF7E8FCC046BD4602B080BDEA
:104AC00080B582B000AF78607B6801211800FFF7E5
:104AD000C3FCC046BD4602B080BD80B582B000AF09
:104AE00078607B6801211800FFF764FC7B68012176
:104AF0001800FFF747FCC046BD4602B080BD80B538
:104B000082B000AF786039603B681B031B0B180054
:104B1000FEF75CFEC046BD4602B080BD80B582B0E7
:104B200000AF0200FB1D1A70C046BD4602B080BD3A
:104B300080B582B000AF02003960FB1D1A703B687F
:104B4000002B05D0FB1D1B781800FEF783FE04E048
:104B5000FB1D1B781800FEF79FFEC046BD4602B045
:104B600080BD80B582B000AF0200FB1D1A70FB1D36
:104B70001B781800FEF7A8FFFB1D1B781800FFF735
:104B8000A5F9C046BD4602B080BD80B582B000AF79
:104B90000200FB1D1A70FB1D1B781800FEF770FF4A
:104BA000FB1D1B781800FFF76DF9C046BD4602B02B
:104BB00080BD80B582B000AF0200FB1D1A70FB1DE6
:104BC0001B781800FFF7C8F903001800BD4602B0B3
:104BD00080BD80B582B000AF02003960FB1D1A7045
:104BE000FB1D1B781800FFF7CFFA0300DAB23B6811
:104BF0001A70FB1D1B781800FFF7C6FA03001A0A8B
:104C00003B680133D2B21A70FB1D1B781800FFF706
:104C1000FDFA02003B680233D2B21A70FB1D1B780A
:104C20001800FFF7F3FA03001A0A3B680333D2B205
:104C30001A70FB1D1B781800FFF7E8FA03001A0C26
:104C40003B680433D2B21A70C046BD4602B080BD84
:104C500080B582B000AF0200FB1D1A70FB1D1A78F0
:104C600013009B009B181B01034A9446634438338E
:104C70001800BD4602B080BDDC00002080B582B0C7
:104C800000AF0200FB1D1A70FB1D1A7813009B0079
:104C90009B181B01034A9446634440331800BD46E9
:104CA00002B080BDDC00002080B582B000AF020001
:104CB000FB1D1A70FB1D1B781800FFF723FA030079
:104CC000DBB21800BD4602B080BD80B582B000AF37
:104CD0000200FB1D1A70FB1D1B781800FEF746FE34
:104CE0000300DBB21800BD4602B080BD80B582B0C3
:104CF00000AF0200FB1D1A70FB1D1B781800FEF7A9
:104D000081FE0300DBB21800BD4602B080BD90B545
:104D100083B000AF02003960FB1D1A70FB1D1B78C9
:104D20001800FFF755F802003B681A603B681C68E2
:104D3000FB1D1B781800FFF78DF803001B062200EF
:104D40001A433B681A60FB1D1B781800FFF782F8B6
:104D500002003B680433120A1A60C046BD4603B025
:104D600090BD80B582B000AF0200FB1D1A70FB1D24
:104D70001B781800FEF742FF0300DBB21800BD46A7
:104D800002B080BD80B582B000AF0200FB1D1A707A
:104D9000FB1D1B781800FEF7E9FE0300DBB21800CC
:104DA000BD4602B080BD80B584B000AF0200FB1DDF
:104DB0001A70FB1D1B781800FFF75EF902000F2127
:104DC0007B181A707B181B781800BD4604B080BD94
:104DD00080B582B000AF0200FB1D1A70FB1D1A786F
:104DE00013009B009B181B01084A94466344502201
:104DF0000021180015F0C2FEFB1D1B7801211800D0
:104E0000FFF796FEC046BD4602B080BDDC00002024
:104E100080B582B000AF02003960FB1D1A703A689D
:104E2000FB1D1B7811001800FFF774F8C046BD4643
:104E300002B080BD80B584B000AF02003960FB1DB8
:104E40001A703B681B781A003B6801331B781B0201
:104E50001343FB60FA68FB1D1B7811001800FFF775
:104E60006BF93B6802331B781A003B6803331B78ED
:104E70001B021A433B6804331B781B041343FB607B
:104E8000FA68FB1D1B7811001800FFF797F9C04660
:104E9000BD4604B080BD80B582B000AF020039606D
:104EA000FB1D1A703A68FB1D1B7811001800FFF7F4
:104EB00069F8C046BD4602B080BD80B582B000AF83
:104EC0000200FB1D1A70BB1D0A1C1A70BB1D1A784C
:104ED000FB1D1B7811001800FFF77CF8C046BD468B
:104EE00002B080BD80B582B000AF0200FB1D1A7019
:104EF000BB1D0A1C1A70BB1D1A78FB1D1B78110004
:104F00001800FFF7D1F8C046BD4602B080BD80B59D
:104F100082B000AF0200FB1D1A70BB1D0A1C1A7084
:104F2000BB1D1A78FB1D1B7811001800FEF73CFD15
:104F3000C046BD4602B080BD80B584B000AF02005F
:104F40003960FB1D1A703B681A68FB1D1B78110045
:104F50001800FEF715FF3B6804331B681A023B6814
:104F60001B681B0E1343FB60FA68FB1D1B781100C6
:104F70001800FEF747FFC046BD4604B080BD80B5AF
:104F800084B000AF0200FB1D1A70FB1D1B781800D7
:104F9000FEF760FF020080231B021343FB60FA68E8
:104FA000FB1D1B7811001800FEF72CFFC046BD4604
:104FB00004B080BD80B582B000AF0200FB1D1A7046
:104FC000FB1D1B781800FEF7ADFCC046BD4602B0C5
:104FD00080BD80B582B000AF02003960FB1D1A7041
:104FE0003A68FB1D1B7811001800FEF743FEC0460F
:104FF000BD4602B080BD80B582B000AF0200FB1D8F
:105000001A70BB1D0A1C1A70BB1D1A78FB1D1B7879
:1050100011001800FEF7C4FDC046BD4602B080BDB9
:1050200080B582B000AF02003960FB1D1A703B688A
:105030001A68FB1D1B7811001800FEF73DFE3B6847
:1050400004331A68FB1D1B7811001800FEF756FE8A
:10505000C046BD4602B080BD80B584B000AF02003E
:10506000FB1D1A70FB1D1B781800FEF771FE030074
:1050700080221343FB60FA68FB1D1B7811001800A7
:10508000FEF73CFEC046BD4604B080BD80B582B090
:1050900000AF0200FB1D1A70FB1D1B781800FEF705
:1050A0001FFCC046BD4602B080BD80B582B000AFD7
:1050B00002003960FB1D1A703A68FB1D1B78110055
:1050C0001800FEF7B5FDC046BD4602B080BD80B5F4
:1050D00082B000AF0200FB1D1A70BB1D0A1C1A70C3
:1050E000BB1D1A78FB1D1B7811001800FEF710FD80
:1050F000C046BD4602B080BD80B582B000AF0200A0
:10510000FB1D1A70BB1D0A1C1A70BB1D1A78FB1DF3
:105110001B7811001800FEF785FFC046BD4602B09F
:1051200080BD80B582B000AF0200FB1D1A70BB1DB0
:105130000A1C1A70BB1D1A78FB1D1B781100180081
:10514000FEF75EFBC046BD4602B080BD80B582B0B2
:1051500000AF0200FB1D1A70FB1D1B781800FEF744
:105160006BFCC046BD4602B080BD80B582B000AFCA
:105170000200FB1D1A70FB1D1B78042B01D19D231F
:1051800000E012231800BD4602B080BD80B582B099
:1051900000AF0200FB1D1A70C046BD4602B080BDC4
:1051A00080B582B000AF0200FB1D1A70C046BD463C
:1051B00002B080BD80B500AFC046BD4680BD0000D6
:1051C00080B582B000AF7860054B1A6D7B68D9431B
:1051D000034B0A401A65C046BD4602B080BDC046BA
:1051E0000000404880B582B000AF7860054B9A6DF2
:1051F0007B68D943034B0A409A65C046BD4602B05E
:1052000080BDC0460000404880B582B000AF7860E5
:10521000064B1800F0F79AFCF0F74AFC044B7A684A
:105220001A6000231800BD4602B080BDCC130020D8
:10523000E81A002090B583B000AF00F099F8FC1D8B
:105240001E4B1800F6F75EF803002370FB1D1B7859
:10525000002B05D01A4B00221A6004235B4228E081
:10526000164BDB6F002B0ED0144BDB6FFC1D1800B0
:10527000F0F708FF03002370FB1D1B78002B02D002
:1052800004235B4215E00D4B80229B58002B0FD06E
:105290000A4B80229B58FC1D1800F0F7F3FE030018
:1052A0002370FB1D1B78002B02D004235B4200E01F
:1052B00000231800BD4603B090BDC046CC130020AB
:1052C000E81A002080B582B000AF78600849094B29
:1052D00001221800F6F7FEF87B68002B02D0064B7F
:1052E0007A681A6000231800BD4602B080BDC0462F
:1052F000E41A0020CC130020EC1A002090B585B0F1
:1053000000AF78600A00BB1C1A800F23FB18002234
:105310001A70164BDB6F002B0BD00E23FC18BB1C36
:105320001A887968114B1800F6F732F903002370D8
:105330000AE00E23FC18BB1C1A8879680B4B180076
:10534000F6F720F8030023700E23FB181B78002BC0
:1053500003D00F23FB18FE221A700F23FB181B78B3
:105360005BB21800BD4605B090BDC046CC1300200E
:1053700080B500AF8023DB001800FFF733FF082063
:10538000F0F763FE0120FFF71BFF1120F0F75DFE31
:10539000C046BD4680BD000080B582B000AF7860D9
:1053A000054B1B68002B03D0034B1B68002098475C
:1053B000C046BD4602B080BDE81A002080B582B06C
:1053C00000AF7860074B1B6807480022012198470F
:1053D0000549064B01221800F6F77CF8C046BD4689
:1053E00002B080BDEC1A0020E41A0020CC1300208B
:1053F00080B500AF044B00221A60044B00221A60F3
:10540000C046BD4680BDC046F01A0020F41A0020F8
:1054100080B586B000AF78600A00FB1C1A70EFF30D
:1054200010833B613B697B6172B6C046FB1C1B78F5
:10543000002B08D0012B0ED10C4B1A687B681A4345
:105440000A4B1A6008E07B68DA43084B1B681A4075
:10545000064B1A6000E0C0467B69FB60FB6883F383
:105460001088C046C046BD4606B080BDF01A002078
:1054700080B586B000AF78600A00FB1C1A70EFF3AD
:1054800010833B613B697B6172B6C046FB1C1B7895
:10549000002B08D0012B0ED10C4B1A687B681A43E5
:1054A0000A4B1A6008E07B68DA43084B1B681A4015
:1054B000064B1A6000E0C0467B69FB60FB6883F323
:1054C0001088C046C046BD4606B080BDF41A002014
:1054D00080B584B000AFEFF31083BB60BB68FB60A6
:1054E00072B6C046124B1B68002B06D0114B1B68CE
:1054F0009847104B5B68984710E00F4B1B68002BD8
:1055000006D00C4B9B6898470A4BDB68984705E030
:10551000084B1B699847074B5B699847FB687B60A2
:105520007B6883F31088C046C046BD4604B080BD8A
:10553000F01A0020B0D20610F41A002080B584B012
:1055400000AF786008001100FB1C021C1A703B00C1
:105550000A1C1A807B68FB6005E0FB685A1CFA6035
:10556000FA1C12781A703B001B883A00591E1180F1
:10557000002BF2D1C046C046BD4604B080BD00003D
:1055800080B590B000AF7860754B1B68BB62744B00
:105590001B687A681A40724B1A60724B1B68BB63B7
:1055A000714B1B687B63714B1B683B63704B1B68C3
:1055B000FB6290E00023FB6302E0FB6B0133FB63C3
:1055C0006C4BFA6BD200D3583A6B1A40644B1B6891
:1055D0001340F2D0674BFA6BD200D3583A6B1A40A3
:1055E0005F4B1B6813407B62624AFB6BDB00D31886
:1055F00004331B687A6A134007D15E4AFB6BDB00F9
:10560000D3180433012252421A605A4AFB6BDB0062
:10561000D31804331B687A6A1340180000F07CF931
:1056200003001A00544B1A60524AFB6BDB00D3187C
:1056300004331A68504B1B68012199400B00DB436F
:105640001A404C49FB6BDB00CB1804331A60EFF3B4
:105650001083BB61BB693B6272B6C046464B1B6898
:1056600001229A401300DA433E4B1B681A403D4B1F
:105670001A600223FB6313E0FB6B5A1E3D4BD20002
:10568000D1583D4B1B6801229A401300DB43FA6B53
:10569000013A1940374BD200D150FB6B013BFB6301
:1056A000FB6B002BE8D13B6A7B617B6983F310883D
:1056B000C046314B1A68314B9200D3589847294B5A
:1056C0001B68BB63284B1B687B63284B1B683B63D1
:1056D000274B1B68FB62BB6B3A6B1A40204B1B6865
:1056E000134004D07B6BFA6A134000D162E7224B6F
:1056F000012252421A601E4B1B687A6B134027D15D
:10570000EDF734FFEFF310833B613B69FB6172B649
:10571000C046144B1B68BB63134B1B687B63134B66
:105720001B683B63BB6B3A6B1A400D4B1B68134005
:1057300006D10F4B1B687A6B134001D1EDF71BFFAD
:10574000FB69FB60FB6883F31088C04600F0DEF85D
:10575000034BBA6A1A60C046BD4610B080BDC04651
:1057600094300020F81A0020FC1A0020903000200D
:10577000001B0020881B0020041B0020081B0020A9
:1057800080B588B000AFF860B9607A60EFF310833D
:105790007B617B69FB6172B6C046FB68180000F054
:1057A000BBF803001A00074B92007968D150FB69DF
:1057B000BB61BB6983F31088C046C046BD4608B0D4
:1057C00080BDC046081B002080B586B000AF786061
:1057D0003960EFF31083FB60FB687B6172B6C046F3
:1057E0000D4B1A687B681A430B4B1A600B4B3A68D7
:1057F000D200D2587B681A431100084B3A68D20095
:10580000D1507B693B613B6983F31088C046C04639
:10581000BD4606B080BDC046F81A0020881B002097
:1058200080B586B000AF7860EFF31083FB60FB6853
:105830007B6172B6C046084B1A687B681A43064BF8
:105840001A607B693B613B6983F31088C046C046A0
:10585000BD4606B080BDC046FC1A002080B588B0A9
:1058600000AF78601F4B1B68BB611E4B1B68013388
:1058700002D10023FB6105E01A4B1B6801229A400C
:105880001300FB61184B1B687B61174B7A681A6029
:1058900005E07A68FB691100180000F029F8134B45
:1058A0001B687A681340F4D00E4BBA691A60EFF3A4
:1058B0001083BB60BB683B6172B6C0467B68DA434D
:1058C0000A4B1B681A40094B1A603B69FB60FB6876
:1058D00083F31088C046044B7A691A60C046BD46FF
:1058E00008B080BD041B0020001B0020FC1A002013
:1058F00080B582B000AF786039607B68DB43180008
:10590000FFF73EFEC046BD4602B080BD80B500AF89
:10591000C046BD4680BD000080B584B000AF786051
:105920000F217B1800221A707B68BB60BA68802345
:105930005B029A4205D27B1810221A70BB681B04C6
:10594000BB60BA6880235B049A4208D20F22BB185E
:10595000BA18127808321A70BB681B02BB60BA68AA
:1059600080235B059A4208D20F22BB18BA1812781E
:1059700004321A70BB681B01BB60BB681B0F084A6E
:10598000D15C0F203B183A1812788A181A703B180D
:105990001B781F22D31ADBB21800BD4604B080BDAD
:1059A00058D4061080B500AF0A4B18220021180009
:1059B000FFF7C4FD80235A01074B00211800FFF7B1
:1059C000BDFD064B1B68064A1000984703001800EF
:1059D000BD4680BD981B0020B01B002048D4061097
:1059E0007D5C051008B490B58CB000AFF860B9606C
:1059F0007A601623FB1800221A802C23FB18002241
:105A00001A80414B1B7A1A00FB68934202D9052386
:105A10005B4272E03C4BDB68BA681340BA689A425A
:105A200002D006235B4268E0374B5B68002B0AD04C
:105A30007B68002B07D0344B5B681622B9181822FC
:105A4000BA18100098474023FB18BB62BB6AFA6B78
:105A5000802149002D4814F0D7FF02002C243B1967
:105A60001A8000F033FA1623FB181A883B191B889A
:105A7000D3189BB21422BA181100180000F08CF948
:105A80000300013335D02E23FB1800221A8016E0C4
:105A90002E203B181B8814243A1912881100182252
:105AA000BA18D25C1A4B5A543B191B8801339AB26C
:105AB0003B191A803B181A883B1801321A801623AA
:105AC000FB181B882E22BA1812889A42E0D314239E
:105AD000FB181B881A000E4BD018BB6AFA6B80218A
:105AE000490014F091FF00F00DFA00F03DF80300BA
:105AF00003E000F007FA03235B421800BD460CB038
:105B000090BC08BC01B01847981B0020B02B0020A7
:105B1000B01B002080B582B000AF0200FB1D1A70E0
:105B2000034BFA1D12781A72C046BD4602B080BD02
:105B3000981B002080B582B000AF7860044BDA6813
:105B40007B681A43024BDA60C046BD4602B080BD96
:105B5000981B002080B500AFC046BD4680BD80B513
:105B600000AFC046BD4680BD90B589B000AF1F23D1
:105B7000FB1800221A700023BB61EFF310833B6116
:105B80003B697B6172B6C04600F0D8F9031E60D154
:105B900000F09CF9364B1A8A354B5B8A9A4250D0FA
:105BA000334B9B78012B17D1314B1A88304B1B8A12
:105BB000D31A9AB22E4B9A822D4B02229A702C4BFA
:105BC00000221A802A4B9B8A002B05D1284B0022E9
:105BD0009A70274B00221A82254B9B78002B16D1F6
:105BE000234B5A8A224B1B8A9A4208D9204B5A8A45
:105BF0001F4B1B8AD31A9AB21D4B9A8207E01C4B8B
:105C00001B8A80225201D31A9AB2194B9A82184BDE
:105C10001B8A1A00174BD318BB617B69FB60FB68BA
:105C200083F31088C046FFF795FF134BDB68104ADB
:105C3000918A1F22BC18BA6910009847030023708C
:105C40000DE000F05FF97B69BB60BB6883F31088EF
:105C500005E07B697B607B6883F31088C0461F2367
:105C6000FB181B785BB21800BD4609B090BDC0465A
:105C7000981B0020B01B002048D4061080B588B0C7
:105C800000AF78600023FB61EFF310837B617B69D9
:105C9000BB6172B6C0463D4B9B78022B06D13B4B95
:105CA00000229A70394B00221A820AE0374B1A8A76
:105CB000364B9B8AD3189BB21B051B0D9AB2334BF4
:105CC0001A82324B1A8A314B5B8A9A424ED02F4B42
:105CD000DB8A012B4AD12D4B9B78012B17D12B4B03
:105CE0001A882A4B1B8AD31A9AB2284B9A82274BBE
:105CF00002229A70254B00221A80244B9B8A002B8B
:105D000005D1224B00229A70204B00221A821F4B91
:105D10009B78002B16D11D4B5A8A1C4B1B8A9A422A
:105D200008D91A4B5A8A194B1B8AD31A9AB2174BA5
:105D30009A8207E0154B1B8A80225201D31A9AB22D
:105D4000124B9A82114B1B8A1A00114BD318FB611C
:105D5000BB693B613B6983F31088C0460D4BDB6830
:105D60000A4A918AFA69100098470AE0BB69FB6009
:105D7000FB6883F31088C046FFF7F1FE00F0C2F81D
:105D8000C046C046BD4608B080BDC046981B002036
:105D9000B01B002048D4061080B586B000AF0200CA
:105DA0003960BB1D1A801423FB18012252421A804D
:105DB000EFF31083FB60FB683B6172B6C046424B59
:105DC0005A8A414B1B8A9A4223D13F4B5A8A16204A
:105DD0003B18802149018A1A1A80BA1D01007B18DC
:105DE00012881B889A4246D3374B1B8ABA1D1288E9
:105DF0009A4240D2344B01229A70334B5A8A324B2A
:105E00001A807B18304A128A1A802F4B00225A823D
:105E100031E02D4B5A8A2C4B1B8A9A4223D92A4BAC
:105E20005A8A16203B18802149018A1A1A80BA1D05
:105E300001007B1812881B889A421CD3224B1B8AB4
:105E4000BA1D12889A4216D21F4B01229A701E4B1D
:105E50005A8A1D4B1A807B181B4A128A1A801A4BC9
:105E600000225A8207E0184B198A174B5A8A1623C8
:105E7000FB188A1A1A801623FA18BB1D12881B8871
:105E80009A4212D9104B5A8A3B681A800E4B5A8A92
:105E9000BB1D1B88D3189BB21B051B0D9AB20A4B66
:105EA0005A821423FB1800221A803B69BB60BB682E
:105EB00083F31088C0461423FB1800229B5E180051
:105EC000BD4606B080BDC046981B002080B584B09A
:105ED00000AFEFF310837B607B68FB6072B6C04657
:105EE000074BDB8A01339AB2054BDA82FB68BB6051
:105EF000BB6883F31088C046C046BD4604B080BD71
:105F0000981B002080B584B000AFEFF310837B6056
:105F10007B68FB6072B6C046074BDB8A013B9AB2D6
:105F2000054BDA82FB68BB60BB6883F31088C04610
:105F3000C046BD4604B080BD981B002080B500AFB0
:105F4000034BDB8A5A1E9341DBB21800BD4680BD6D
:105F5000981B002080B5022801D9122080BD01F0D5
:105F600055FC80BD80B501F029FE80BDB0B504466A
:105F70000078002801D0042801D3122000E000207E
:105F80001225002A2A4600D00246012900D81546CB
:105F9000002D07D108F0A2FA002803D12078FD21B6
:105FA000014021702846B0BDE0B501A9087001226A
:105FB00008461146FFF7DAFF002800D08CBD01A883
:105FC000007801F011FE8CBDF0B593B01F46154668
:105FD0000E4612901C9C08461146224601F0F8FE1F
:105FE000002824D122980D901FAB0DCB11901E9844
:105FF0000F901D980E901B980C901A991998109755
:10600000189F089209930D9A0A92009701900291A5
:106010000C98039004940E9805900F980690119890
:106020000790129831462A46109BF7F7B7FC13B039
:10603000F0BD80B5F7F7FEFC80BD80B5F7F719FD20
:1060400080BD80B5042801D9122080BD0EF0CEFF9E
:1060500080BD0000F0B589B00546084628431224EB
:10606000012836D80E9F072F33D3102F31D80F9821
:1060700010282ED8B8422CD30E461099022928D8C1
:1060800001910290039304920FF029FA012806D19E
:10609000049902291DD8039A012A07D919E0039A05
:1060A00010460499084301D0112412E005AC019870
:1060B00020730948E080029860712771E270A17036
:1060C0006670257001F05AFD607320460EF0C4FF23
:1060D0000446204609B0F0BD0707000080B5044A19
:1060E000914201D9122080BD0EF0E0FF80BDC04674
:1060F0003F420F0080B504F07BFB80BD80B504F00B
:106100003DFE80BD80B504F023FC80BD80B504F069
:106110003FFE80BDBFB51C4602AB089D5D801A8066
:10612000099A039200930123224604F097FD04B0DC
:10613000B0BD1CB5059C0194049C009404F016FEAF
:1061400000201CBD00207047F0B587B014460D46F6
:10615000064669480068002E01D1062D17D0062E8C
:1061600001D1022D13D0082E01D1102D0FD0182EE1
:1061700001D1102D0BD0282E01D1022D07D02A2EAF
:1061800001D1022D03D02C2E09D1012D07D1801968
:1061900021462A46FDF79CF9002007B0F0BD2E2EBF
:1061A00007D1062D05D1617989090329EFD2122083
:1061B000F3E7D02E05D1012D03D12078F7F7D2FDDA
:1061C000EBE7D22E05D1012D03D12178362281545F
:1061D000E2E7D52E0AD1042D08D102A804222146D7
:1061E000FDF776F90298F7F7B0FDD6E705F057F816
:1061F000082D23D1D12E21D101281FD102A8019031
:1062000002263F4D21463246A847A11C06AF38461C
:106210003246A847211D05AD28463246384B9847DF
:10622000A11D04AC20463246354B984723882A8866
:106230003988019800880CF083FEAEE7302E05D136
:10624000012D03D12078F7F7D7FDA6E7D32E05D18E
:10625000012D03D120780CF045FD9EE7FF2E0AD1D9
:10626000042D08D102A804222146FDF731F9029835
:10627000FFF768FF0CE0FE2E0DD1052D0BD102AD0E
:10628000052228462146FDF723F9284600F0AAFBFF
:10629000002881D18BE72F2E05D1012D03D1207845
:1062A00008F05AF979E7322E12D1022D10D102AD41
:1062B000022228462146FDF70BF92888411EC9080D
:1062C000E02900D973E70D4909685A22885263E72B
:1062D0001220332E00D060E7012D00D05DE702AD23
:1062E000012228462146FDF7F3F8287801F068FDE1
:1062F000287808F0FAF84FE7B42C0020BC2C0020D6
:10630000D134051080B5FFF71FFF80BD80B500F0C8
:1063100001F880BDF8B50E4605461224FDF79DF93B
:10632000B04217D3012D15D80B480068817A00912F
:106330008572477A46722846FDF79FF90024B742D6
:1063400002D10098A84205D0FF207F2201210B46F0
:1063500009F094FC2046F8BD082D002080B50448C3
:106360000068603000210422FDF7C2F880BDC046FD
:10637000082D002070B503460A480468EFF310802A
:1063800072B6207D00252575257C0F262E401E70B7
:10639000237C1B090B70E1681160411E884162B6C5
:1063A00070BDC046082D002003480068002101751B
:1063B000418201747047C046082D002010B586B098
:1063C0001548046802A801A96A46FFF7D3FF002810
:1063D0001FD002A80178608AC840C00719D0019A6E
:1063E000009B03A8082484701C0EC4721C0C8472C9
:1063F0001C0A44720372C2718171FF2141708221B3
:1064000001700021417104220271C1700C21F7F763
:1064100059FA06B010BDC046082D0020BFB501AC2A
:10642000089D2581E380A28061802080204604F0C1
:1064300051FF04B0B0BD0000034800688821034A42
:10644000425000207047C046082D00200000030382
:10645000054800688821415C88308078814201D8F5
:106460000020704701207047082D00200548006873
:106470008921415C89308078814201D800207047B1
:1064800001207047082D002010B504460A48006816
:10649000006990210122134600F0ACFA002804D0D4
:1064A00001464460902000F042FB044800688821C7
:1064B000425C521C425410BDB82C0020082D002014
:1064C00010B50446007AF721014021720A4800689D
:1064D000006990210022012300F08CFA002804D0EA
:1064E00001464460902000F022FB044800688921A6
:1064F000425C521C425410BDB82C0020082D0020D4
:1065000010B50024C46106F0EFFD842800D081247A
:10651000204610BDB0B5096883240022002912D09E
:10652000CD690024CC61087AC00603D4002005F0B0
:10653000CDF902E0084604F069FC01220028294652
:10654000ECD083240CE0D0070AD0EFF3108072B6B1
:10655000044800688921425C521E425462B60024FD
:10656000E0B2B0BD082D002010B50C68207BC0073C
:1065700008D000210122204600F0F6F8207BFE2101
:10658000014021730E4800682C21405CC00703D1F4
:10659000204605F00DF902E0204604F003FC002837
:1065A00001D0832010BDEFF3108072B6054800685B
:1065B0008821425C521E425462B6002010BDC04683
:1065C000B42C0020082D002070B50B4C01250422AE
:1065D000204629460DF04EFB084E3060062220462C
:1065E00029460DF047FB31680860306801680020DB
:1065F00088804880087070BD182D0020B02C0020C5
:10660000B0B50D460446411E8841511E1F220A4363
:10661000213291B20DF00CFA002806D08580016875
:106620008160002C03D1402103E00020B0BD7F2118
:10663000C9430173001DB0BD80B5411E88410DF0F6
:106640005FFA80BD80B5017A8A0901219143001F5C
:106650000DF028FA80BD80B50A46017A8B09012128
:10666000994340680DF060FA80BD10B514460A46A3
:106670004068194623460DF031FC10BD10B5144694
:106680000A464068194623460DF0EFFB10BDE0B501
:10669000022201ABFFF7F2FF002801D0002004E046
:1066A00001A8017840780002401880B28CBDE0B5A6
:1066B00001AB1A70120A5A70022200F001F88CBD68
:1066C00010B514460A464068194623460DF093FB60
:1066D00010BD011F00220A6040687047F8B50F48DE
:1066E000006805682878411C29700D4F398A2531CA
:1066F0004E09741C002809D1002021460DF050FAE3
:10670000388A25304009401C6880B41C012021468D
:106710000DF046FAA8880019A880F8BDB02C00201A
:106720001C2D0020F8B50E48006806683078401E21
:1067300030700C49098A25314F097C1C000606D1AE
:106740000025284621460DF07FFA7580BC1C0120EB
:1067500021460DF079FAB088001BB080F8BDC04624
:10676000B02C00201C2D002070B591420ED2154691
:106770000E46044640680DF028FC751B60680DF05D
:10678000F9FA281881B22046FFF765FF70BD80B581
:1067900000200FF0ADF880BDF0B58FB009930B92DB
:1067A0000A9108900DF060FA0124382120460DF07E
:1067B00073FA3349C97A34228154324E306000274B
:1067C000077030684770306887703068E121C170A9
:1067D0000520C00131688880302008850EAD0DA9E4
:1067E0000CAA2846FCF7A5FE0C980002297809019E
:1067F00001430D9800030843001D316848851821A6
:1068000020460DF049FA2049086007750FF066F838
:106810001C9806901B9C05941A9804901998039054
:106820001898029017980190159D009508980A995C
:106830000B9A099BF7F7D2FBF7F77FFA1D9F012C04
:1068400001D1F7F7E2F900F09BF9012F01D100F037
:10685000CBF830682C21405CC0070ED1012C06D14A
:106860001698F7F78FFAF7F715FCF7F71AFC0A985E
:106870000B992A46234600F02DFF0FB0F0BDC0460D
:106880001C2D0020B42C00205C2D0020F0B595B00C
:106890000120810414912E480160BFF34F8FBFF394
:1068A0006F8FFDF7F9FEFCF740FF00201290C04308
:1068B000FDF7DEFE04F0F3FC1390F7F796F9119064
:1068C000F7F784FB109007F009FE0F900EF007FE1B
:1068D00004F0FAFC0E9004F0BDFE0D9007F0A5FD4B
:1068E0000C9007F0ECFD0B9004F076FB044604F0EE
:1068F000D8FC0546F7F781F9064608F042F8074646
:1069000000F075F8C0B2F9B208910990F0B2E9B29E
:10691000E2B20B9BDBB20C9CE4B20D9DEDB20E9E7D
:10692000F6B2129F00970196029503940493059284
:10693000069107901398C0B21199C9B20F9AD3B2B9
:10694000109AFFF729FF03481499016015B0F0BDB4
:1069500080E100E000E100E0B0B50546C07A122415
:10696000802829D8298C172926D31448821D9142C2
:1069700022D8298A17291FD381421DD8A87E002832
:106980001AD007F09CFD002808D0E87E002813D01C
:10699000802811D8287F401E0E280DD808483422A0
:1069A0002946FCF795FD0DF09BFB002803D4FFF76B
:1069B0006DFF002400E087242046B0BDFA030000EC
:1069C0001C2D002080B50EF0D9FF002804D104480A
:1069D0000068C07A002801D0002080BD032080BD5F
:1069E000082D002000207047704770477047002036
:1069F00070470000FEB515460C460646080614D43E
:106A000002AA01AF304619463B4600F053F8002871
:106A100021D0600638D402988178FC220A40827026
:106A200001990180718001272FE0EFF3108072B689
:106A300002AA01AF304619463B4600F03BF8002859
:106A40000BD002998A78FC2313408B70019A0A803C
:106A50007280012702E0002703E0002762B60028C9
:106A600013D1EFF3108072B6A0060AD41048006864
:106A7000016808220A43026000200EF089FFFBF73C
:106A80009FFA62B600260AE00027029EF570A00079
:106A900060210140B078032202405018B070002FEE
:106AA00004D000200EF074FFFBF78AFA3046FEBDDA
:106AB000B82C0020F8B500924588AC081C80491C11
:106AC0008AB2A6188788BE4200D9091B0A1992000B
:106AD000BE4200D96D1C0326354052191A80A3000E
:106AE0001B180833009C236092B20588521B17467E
:106AF000374084886743354052199208D21995B2BD
:106B0000C688B54200D9C280A5420AD809B2002978
:106B100007D59978FC220A40511C997008300099D9
:106B20000860A54201D90020F8BD0120F8BD80B55C
:106B3000400605D48878FC220240901C887080BDF5
:106B4000084600F001F880BD80B5011DC278142A06
:106B500004D8426880788008904780BD3D2A03D8D9
:106B6000002000F0E9F880BD3F2A03D8002000F0A3
:106B7000F5F880BD602A02D8002000F0E4F880BD5E
:106B8000F8B501201C21294A9047294F3860294D2A
:106B9000A88D401E03263043401C8008C01C0424DE
:106BA0002146224A904739684860E88D401E3043AC
:106BB000401C8008C01C21461C4DA8472A46396845
:106BC00088601C4D288E401E3043401C8008C01C2D
:106BD000214690473968C860FFF7E6FB386842688D
:106BE00000211180518083681980D180AF8D7F1E74
:106BF00037437F1CBF0897805980D980EF8D7F1E57
:106C000037437F1CBF089F80C7683980026143619A
:106C1000F9802A8E521E3243521C9208BA80798023
:106C200087612246FCF764FCF8BDC046993C06101B
:106C3000B82C00201C2D0020FEB53D4D28681030DA
:106C40000021062905D004C8528801AB5A52891C7C
:106C5000F7E7EFF3108072B6286804680027076032
:106C600062B6E00702D0002000F064FCA00702D565
:106C7000012000F05FFC600702D5022000F05AFC02
:106C8000200702D5032000F055FCE0064AD5042079
:106C900000F050FC46E0780001A90E5A0097BF00B2
:106CA0002868C019006901880288B2422AD0890880
:106CB000891C89004418A17803220A40012A02D0C5
:106CC000002A03D11EE0817A08300446480603D426
:106CD0002046FFF739FF0AE0E078132807D280004A
:106CE00014490A58211D20469047002805D12868DC
:106CF000C019006921880180D5E700200EF048FE08
:106D0000FBF75EF9EFF3108072B62868C0190069CE
:106D100041880288914202D100210180418062B6FF
:106D2000009F7F1C032FB6D1FFF748FBFEBDC04676
:106D3000B82C002068D4061080B508468978C91C94
:106D4000F6F7C0FD80BD80B508468978C27812028A
:106D50005118091D89B2F6F7B5FD80BD80B508460A
:106D6000C978027912025118491D89B2F6F7AAFDB5
:106D700080BD0000B0B50D46044608794979090286
:106D8000081801F043FC28796979090208180EF007
:106D900067FB287969790902081804F02FFF00F0D1
:106DA000D6FE2879697909020818FFF7BBFC084864
:106DB00000683621405CC00601D40020B0BD15201B
:106DC000E070A078BF210140A1708420B0BDC04612
:106DD000082D002010B5044608794A7912021218CD
:106DE000C97806200EF0C2FA0748006836214056DE
:106DF000002801D4002010BD1620E070A078BF212B
:106E00000140A170842010BD082D002010B504465B
:106E100008794A7912021218C97807200EF0A6FAEA
:106E2000074800683B214056002801D4002010BDCF
:106E30001720E070A078BF210140A170842010BD10
:106E4000082D0020B0B50D460446087900281DD154
:106E50006879A97909020818FFF740FC6879A979CF
:106E6000090208182A7AE9792B4609330EF03CF911
:106E70006879A9790902081801F0A8FB6879A9794D
:106E800009020818E97904F0A9FE28796979AA7934
:106E900012025118EA7900F05BFE094801683D20B2
:106EA0000A5C002092060AD53D31497AC90706D00E
:106EB0001820E070A078BF210140A1708420B0BDEF
:106EC000082D0020FEB50D4604460879002823D180
:106ED0006879A97909020818FFF700FC2A7AE9798C
:106EE0006879AB792E4615362F460F3700970196F5
:106EF0001B0218182B4609330EF090F96879A9790E
:106F00000902081801F062FB6879A97909020818DA
:106F1000E97904F063FE28796979AA791202511897
:106F2000EA7900F015FE094801683D200A5C00205E
:106F300092060AD53D31897A890706D51C20E07072
:106F4000A078BF210140A1708420FEBD082D002043
:106F500070B50446144D28683626805D00280ED191
:106F600008794A79120210188A7BCB7B1B029A1887
:106F7000891D0EF07BF92868805D002812D00B482F
:106F800001683D200A5C002092060AD53D31497A0D
:106F9000C90606D51920E070A078BF210140A17074
:106FA000842070BD002070BDB42C0020082D00206E
:106FB00010B504460879491D0EF093FA0A48016895
:106FC0003D200A5C0020920604D53D3109228956F5
:106FD000002900D410BD1A20E070A078BF21014024
:106FE000A170842010BDC046082D002010B50446B5
:106FF0000879491D0EF076FA094801683D200A5CBF
:10700000002092060AD53D31897AC90706D01B2097
:10701000E070A078BF210140A170842010BDC0465F
:10702000082D002000207047002070470020704786
:107030000020704710B504464A7908791146F6F7E2
:107040004DFD094801683D200A5C002092060AD5E2
:107050003D31C97A890706D51F20E070A078BF218D
:107060000140A170842010BD082D00200171002373
:10707000C370090A41711178817151789378037254
:10708000C171D17812798272417270470022027107
:107090000122C27041700270090A8170704710B5F8
:1070A0001378837153788C1E0472C3710930911C5C
:1070B000E2B2FCF70DFA10BDF0B585B017460391AA
:1070C00004465068407A04900621164D1046A847A1
:1070D000029008213846A84701900A213846A8475F
:1070E00006460C213846A8472A4605460E21384652
:1070F00090476074290A2174E573310AA17366739D
:10710000019A110A2173E272029A110AA172627243
:10711000039A110AE171A27104992172000AA07404
:1071200005B0F0BD8F6605101CB51F2903D801AA54
:107130001180406805E0406801AC22460CF04BFE2F
:107140002188401800791CBDF8B515460E46044646
:107150005068407A009006211046FFF798FA0746DB
:1071600008212846FFF793FAB91EE1726072009A6F
:107170002272320AE271A671000AA072CAB2A8890C
:107180000C34801D81B228462346FFF777FAF8BDFC
:1071900070B51C4605465E88100AE870AA70080A99
:1071A000687029709889401C81B21846FFF7BCFFAF
:1071B000B11E0A0AAA7169712871A089EB1D8AB2F1
:1071C000801C81B22046FFF759FA70BDB0B51C464D
:1071D0005B88150AC57082700A0A42700170591ED8
:1071E0008A080271A589431D8AB2681C81B22046B3
:1071F000FFF744FAB0BD70B51C4605465E88100A1C
:10720000E870AA70080A687029709889401C81B2D9
:107210001846FFF789FFB11E0A0AAA716971287121
:10722000A089EB1D8AB2801C81B22046FFF726FAA6
:1072300070BDB0B51C465B88150AC57082700A0A1D
:1072400042700170591E01710A0A4271A589831D9D
:107250008AB2681C81B22046FFF710FAB0BDB0B503
:107260001C465B88150AC57082700A0A427001705C
:10727000591E01710A0A4271A589831D8AB2681CD0
:1072800081B22046FFF7FAF9B0BDB0B51C465B8865
:10729000150AC57082700A0A42700170591E017188
:1072A0000A0A4271A589831D8AB2681C81B22046F0
:1072B000FFF7E4F9B0BD70B51C4605465E88100ABC
:1072C000E870AA70080A687029709889401C81B219
:1072D0001846FFF729FFB11E0A0AAA7169712871C1
:1072E000A089EB1D8AB2801C81B22046FFF7C6F947
:1072F00070BDFEB51C4617460291054658880190A0
:107300009889401C81B21846FFF7C1F90646A0894A
:10731000C01C81B22046FFF7BAF90199491F0A0A39
:107320006A722972A871320A6A712E713A0AEA7079
:10733000AF70029B1A0A6A702B70000AE871A0896C
:107340000A358AB2401D81B220462B46FFF796F9D6
:10735000FEBDF8B51C4617460E46054658880090F7
:107360009889401C81B21846FFF791F90099C91E0F
:107370000A0AEA71A97128713A0AEA70AF70320AF2
:107380006A702E70000A6871A08908358AB2C01C24
:1073900081B220462B46FFF771F9F8BDF8B51C46BF
:1073A00017460E460546588800909889401C81B2C1
:1073B0001846FFF76CF90099C91E0A0AEA71A9710B
:1073C00028713A0AEA70AF70320A6A702E70000AA9
:1073D0006871A08908358AB2C01C81B220462B464C
:1073E000FFF74CF9F8BD7CB51D4604460272817169
:1073F000100A6072080AE071079EB089C01881B255
:10740000022201AB3046FFF739F90698801E20733F
:107410000199A172090AE172B1896918891C89B2BE
:107420000D34C2B230462346FFF728F97CBDB0B513
:1074300015460446059AC271049860712371A570BF
:107440002170130A2372000AA071280AE070080A4A
:107450006070069881890934C91C89B22346FFF7F8
:107460000DF9B0BD70B515460446059A0272049830
:10747000A0712371A5702170160A6672000AE0716E
:10748000180A6071280AE070080A607006988189FD
:107490000A34491D89B22346FFF7F0F870BDB0B534
:1074A0001C465B88150AC57082700A0A427001701A
:1074B000591E01710A0A4271A589831D8AB2681C8E
:1074C00081B22046FFF7DAF8B0BDB0B51C465B8844
:1074D000150AC57082700A0A42700170591E017146
:1074E0000A0A4271A589831D8AB2681C81B22046AE
:1074F000FFF7C4F8B0BDB0B51446049AC27041702D
:10750000150A05710F252D020D40A107890C491997
:107510009B03C918090A8170431D05980021FFF7D4
:10752000ADF8B0BD017000228270090A4170704749
:1075300000207047E0B501AAD070012090701020A3
:107540005070042111701046F6F7BCF98CBD002074
:1075500070470020704700001CB511480468FFF711
:10756000F8FF882807D00C2805D05D34002808D102
:10757000022060701CBD05200EF00AFAFAF720FD0B
:107580001CBD0020607020787F210140217001A97E
:107590008620487080200870022000F0BFF91CBDD2
:1075A000BC2C002070477047074909685D228A5C3F
:1075B00088231A4204D0723109884140080501D05D
:1075C0000020704701207047BC2C002080B5406926
:1075D00001490EF014FB80BDDD75051080B5022851
:1075E00007D0012809D0002806D10020F6F767FA55
:1075F00080BD0020FFF7D7FF80BD002000F002F81B
:1076000080BD0000F0B587B03148046806A9049138
:1076100000200190087005AE0120307000F050F994
:107620005D200394275C781E3D468541202038402C
:107630004442029044410498314600F03BFE002F42
:1076400001D101283ED12C4038D105A8007800286E
:1076500034D0039C20465D30C07B002834D02834D1
:10766000029D002D03D021780020FFF770FF06A8AF
:107670000078012802D10020F6F769FA00F040FBFB
:10768000002804D10020012100F012FB0190002D00
:107690000AD021780120FFF75AFF002804D0019872
:1076A000002801D000F034FA06A80078012809D19A
:1076B00006200EF06DF9FAF783FC03E00120014685
:1076C00000F0F6FA07B0F0BD00200121F8E7C0464F
:1076D000BC2C0020FEB51F460192029105460124F4
:1076E000782120460CF0D8FAE12189005A228152F3
:1076F000244E3060012D17D1012006210CF0CCFA68
:10770000014630688163012F0ED101250E272846DE
:1077100039460CF0C1FA3168C864284639460CF085
:10772000BBFA014630680165029901290BD1019825
:10773000012805D11C2001210CF0AEFA3168C86285
:107740001148847E01E00021C162142120460CF022
:10775000A3FA316848650D4C0421012220460CF043
:1077600089FA3168086203250222204629460CF076
:1077700081FA31684862064A0723084629460EF016
:1077800065F9FEBDBC2C00201C2D0020182D00200A
:10779000CD750510B0B50446002108252A46FBF733
:1077A000A7FE2078DF210143217060780921014381
:1077B0006170A1782943A170114909685C22895C34
:1077C000890602D50F2108436070F6F7FFFB0128F8
:1077D00007D16078122101436170A078072101432D
:1077E000A17006F022FEC0B2012807D16078E02126
:1077F00001436170A07880210143A170B0BDC046F3
:10780000BC2C002080B5F6F7E1FB80BDF0B585B05B
:10781000054604A8002707701224012901D9204633
:1078200048E00E462448006800900EF0EFFB002868
:1078300040D100995C310878C00711D1C878304335
:107840000E46C87003A807210170002D12D0022D2A
:1078500008D0012D20462DD104A81021017009E087
:107860000C2027E004A82021017003A900F0A4F94E
:1078700000281FD1F6F763F900281BD1009860306B
:10788000F6F750F9002815D1049801213174084306
:10789000307000F015F801AC2046FFF77BFF204662
:1078A00003F00AFBF843019004480290204603F0DD
:1078B000F3FA384605B0F0BDBC2C0020FF9F002035
:1078C000064800685C21415C8906890F04D05C3061
:1078D000C17802220A43C2707047C046BC2C002007
:1078E000B0B55C2806D10C4804685D3400256057AB
:1078F000002800D4B0BD60780228FBD155708020EC
:107900001070C8B2114600F009F8657020787F2128
:1079100001402170B0BDC046BC2C0020F8B5002944
:1079200016D00E46054609780024C80720461FD108
:1079300088070FD448070FD408070FD4C8060FD400
:1079400088060FD448060FD408060FD507200FE08D
:1079500012243CE001200BE0022009E0032007E0B4
:10796000042005E0052003E0062001E00020C043DC
:107970003070184800684E214056002827D5164818
:107980002818032101430D31880883B21348006889
:10799000806902214722FFF72DF8002816D00746FC
:1079A000001D29463246FFF77AFB04207872072033
:1079B0003872E81C010AF971B871FF2078718220D1
:1079C000387102203946FFF7B2F800E0072420465C
:1079D000F8BDC046082D0020FDFF0300B82C002094
:1079E000BCB511480068446DF6F7F0FA002802D0E3
:1079F0000E48807E00E00120C5B21134002D11D068
:107A0000207800280BD020460F380078800706D554
:107A100060786A46107000200121F6F72AF81434C5
:107A20006D1EEBE7BCBDC046BC2C00201C2D002009
:107A300080B5084600F004F800F06AF880BD000048
:107A4000F8B50446684600250570F6F7BFFA002829
:107A500005D06D462046294600F06CFA2D78F6F7E1
:107A6000B5FA002802D02648837E00E001231426C0
:107A70007543244F3868416D4C19A57802222A407D
:107A800002D0A41C002525701131DBB2002B0AD0D6
:107A90000C78002C04D00C460F3C2478A40726D484
:107AA0005B1E1431F2E7002A21D0002421460DF09C
:107AB000E2FF154800684E21405CC00717D013480C
:107AC000006880694422022529462B46FEF792FF72
:107AD00000280CD001468571C4710472FF204871E2
:107AE00082200871042048722846FFF720F8684673
:107AF000007846433868406D801900214174F8BD14
:107B00001C2D0020BC2C0020082D0020B82C0020AB
:107B10007CB50D4C25685C20285C8006800F12D057
:107B20005C35E878022630400DD101A8694600F0A6
:107B3000C1FB6978014306D1E8783043E8702068DA
:107B400001210DF098FF7CBDBC2C002070477047D0
:107B500080B5002A03D00846F5F7D5FF80BDFFF7B2
:107B600021FD80BD044800685C21415C3020084054
:107B7000411E88417047C046BC2C00200348006865
:107B80005F21415C012008407047C046BC2C0020AA
:107B9000084800685C21415CCA0606D4890606D400
:107BA0005C30C178012008407047012070470320F5
:107BB0007047C046BC2C00201220704780B504F0EE
:107BC000C5FE80BD80B5C00701D1002080BD08463C
:107BD000114603F04FFB80BD80B5C00701D10020E6
:107BE00080BD03F043FB80BD70B594B00446FFF741
:107BF000F3FF06466D463E3568460CF01FFD002833
:107C00000BD1002E09D16846407801210140204661
:107C10002A46FFF7D7FF0646EEE7F0B214B070BD74
:107C2000F0B58DB00BA8002484800B94104D114E3C
:107C30002746A87E874218D200220A920120089087
:107C4000079206907F20059004920BA80390029261
:107C5000072001900096F8B209900221202300F03D
:107C6000CBF87F1C0028E4D000E020460DB0F0BD2A
:107C70001C2D0020FFFFFF00F8B5044600200090F7
:107C8000C64309480068476D1237084D761CA87E28
:107C9000864207D238781437214603F093FA002839
:107CA000F4D0F8BD0098F8BDBC2C00201C2D00209D
:107CB000B0B502461048006805465A35002908D17B
:107CC000A97889060024890F14D0697902230B4012
:107CD00010D0002A01D0094B03E07D21C9002B8878
:107CE0004B430124214622460DF0FBFE6879FD211D
:107CF000014069712046B0BDBC2C002030750000E9
:107D0000BCB50D4D28685F21405C800701D40C2470
:107D10000FE06C4620460CF0A1FD2046F5F702FF6F
:107D20000446002805D12868663069460622FBF71C
:107D3000CFFB2046BCBDC046BC2C0020B0B50D46D4
:107D400004460F4800685C21405C8006800F05D027
:107D500001202870204600F015F80EE0FFF718FF0C
:107D6000002805D001202870204600F01FF804E00C
:107D700000202870204600F00FF80020B0BDC0465B
:107D8000BC2C002080B50349096866310622FBF748
:107D90009FFB80BDBC2C002080B5034909680622EA
:107DA000FBF796FB80BDC046B42C002080B503498C
:107DB000096860310622FBF78BFB80BDBC2C0020DC
:107DC000024909686C2288547047C046BC2C0020C8
:107DD000431E022B09D300280CD0032809D101200F
:107DE00001404942122008407047002A01D1104644
:107DF0007047122070470000F0B59FB0154604464A
:107E00001E93020912200E2A00D98DE02026032994
:107E100003D02A46324000D086E01B911DAF204699
:107E2000394600F087F839784048807E81422DD26B
:107E300068003040AA00082313401B181420484350
:107E40003B490968496D0F187B707A1C6E070F97C4
:107E5000109107D510261E4316702F0703D5502604
:107E6000334313701E462A99EB0702D001231E43A9
:107E700016702C9E042703290B4616900E9707D0E8
:107E8000042B1B9907D10323119306E087204BE0B5
:107E900011971B9901E0002711972E9814902D98A7
:107EA00013902B9F299A1992289A27981790269811
:107EB000159025981290032E1B931A97189205D0AF
:107EC000042E169806D103273E4604E00E9F109A12
:107ED000169801E00027109A1154FFF759FE1CA9CB
:107EE0000896139A0992149A0A92119A0B920C9777
:107EF0000D91129900910190159802901798039096
:107F000018980490199805901B9806901A98079055
:107F10001EAA24AB2046294603F0A0F8002803D16E
:107F20000F9A9474012111741FB0F0BD1C2D002014
:107F3000BC2C002070B502460B48847E0B480068BC
:107F4000456D1035002003469C4208D02E78002E47
:107F500008D0AE78964204D014355B1CF4E7234673
:107F600000E001200B7070BD1C2D0020BC2C0020F7
:107F7000F8B5284A927E12258A4225D9002800D1D8
:107F8000014614224A4324480068436D99184C78EE
:107F9000A006C60F0020002E02D01027274014D1C3
:107FA000002E02D1082634400FD19E5C4C6888898F
:107FB000214600F067F91949884208D000198178F4
:107FC00048070BD4D42000E02846C0B2F8BD032EE9
:107FD0002846FAD8F1001248C840F6E7032E284692
:107FE000F3D8C0467E4436797600B74401060D01C9
:107FF0000320014005D10846E7E70320014001299D
:1080000006D02B20C043E0E7032001400229F8D12D
:108010000020DAE71C2D0020BC2C0020FFFF000010
:1080200000D4D40070B50346002900D10A4629487F
:108030000068416D012B0CD114235343CA5C012A03
:1080400033D0022A3ED1CA1894780420204390707D
:108050003AE014235343C9188E1C8978890721D527
:10806000002421460DF007FD1B4800684E21405CAE
:10807000C00717D0194800688069442202252946A4
:108080002B46FEF7B7FC00280CD001468571C47161
:108090000472FF204871822008710420487228462B
:1080A000FEF745FD0020307070BDC9184A788B7806
:1080B000134302221A438A7000210122084B0DF05B
:1080C00010FD70BDC8188078C9184A7802438A70BC
:1080D00070BDC046BC2C0020082D0020B82C00200C
:1080E00020BF0200F0B585B005463F48807E88423B
:1080F00001D2122774E016460C463C480068406DD9
:108100000290012D019514D10394641C3546641E20
:1081100012D0287804A9FFF70DFF00283ED0AD1D2E
:1081200004A801780120FFF723FF0028EFD00746BD
:1081300056E00C20009004E0FFF7E2FD0090019D66
:10814000039C28462146324603F040F807460028A3
:1081500046D1002C24D0002C34D00394307804A9CC
:10816000FFF7E8FE3079002802D17088002813D08C
:10817000022404A80778012128463A46FFF752FF57
:10818000002D00D12C46142078430299081844741D
:10819000B61D039C641EDEE70124EAE7D3271FE037
:1081A000029E11360024104FB87E84420AD2E2B2F9
:1081B000002501212846FFF735FF3570019D143653
:1081C000641CF1E7012D08D10098002807D1002791
:1081D00038463946FFF76CFD02E0FFF799FC0027AF
:1081E000384605B0F0BDC0461C2D0020BC2C002038
:1081F000FEB504460F4DA87E0F4909684E6D113635
:1082000000270097C1B28F4212D2317801290CD1D8
:1082100001AA002010715080707810700121204652
:1082200002F0D4FF002804D1A87E14367F1CE9E7B1
:108230000098FEBD1C2D0020BC2C00207CB50646FD
:1082400000090E2801D912207CBD1C461546304677
:1082500009F004F9002800D07CBD01A93046FFF7E1
:1082600069FE0028EFD001A800781421414304489A
:108270000068406D40188581446000207CBDC04688
:10828000BC2C0020B0B50A4A03280FD300239DB2AE
:108290004C5D022C03D16D186D78012D05D01B1992
:1082A0005B1C9CB28442F2D300E01A4690B2B0BD8F
:1082B000FFFF0000F8B50546002606700124009176
:1082C0000C7016480068476DFFF79CFA002801D033
:1082D0001348847EE1B211373046324600290FD070
:1082E0003B78002B09D0022B00D101203A460F3AEF
:1082F000137801229B0700D516461437491EEDE777
:10830000012A01D101212970012802D0F0B20128EF
:1083100002D1002000990870D0B2F8BDBC2C00201A
:108320001C2D002080B50120FFF762FF80BD0000FA
:10833000F8B5012098210BF0AFFC2B4E30602B4F8D
:10834000F87A397B0818142421460BF0A5FC326812
:1083500000255563D562F97A03462F46B9420AD003
:108360001D615F701F703268D36225467D434519D9
:1083700014337F1CF2E7002313631C4A127B52184C
:10838000CDB2AA420AD96543FF27475545192B614B
:10839000697033681D63491C2B46F1E79006000E97
:1083A000411C134C012220460BF064FC316808622A
:1083B0000E4DE87A297B08188006010E022220461D
:1083C0000BF058FC34686062E87A297B0818800654
:1083D000010E084A072320460DF038FB00F0F2F9A1
:1083E0000EF07CFFF8BDC046C02C00201C2D0020E4
:1083F000182D0020F983051080B5406901490DF062
:10840000FEFB80BD71870510E0B500200090064B93
:108410000146024600F00AF8002804D007200DF0BB
:10842000B7FAF9F7CDFD8CBD89840510F0B585B09C
:1084300004930192029107460220384003900124E0
:108440003C401048056834350A9E2D68002D16D032
:10845000002F0CD0002C03D02889029988420CD11F
:108460000398002803D068890199884205D12846DD
:108470003146049A9047002802D11035E5E70020E4
:1084800005B0F0BDC02C0020B0B5044680880025A2
:10849000C00501D4284606E06289218902200EF039
:1084A00003F9002800D0B0BD20896189042902D1D8
:1084B00000F0ACF8EEE700F017FB618920890EF0C0
:1084C000FEFF00202081094909684B6BA34205D0BB
:1084D0001A461B69A342FBD1103201E00A4634322E
:1084E000236913600A6B22610C63B0BDC02C0020AD
:1084F00080B50020FEF7A0F80D49098A2531490909
:1085000088420FD9491CE7F793FE0246422000211A
:108510000EF006FA002804D008200DF039FAF9F719
:108520004FFD80BD082000210DF044FA80BDC046FB
:108530001C2D0020BCB50C46002813D025882046F1
:1085400002F0CFFF0146284600F02EF8002809D09F
:108550006088002806D0A1891F2908D801A80180B9
:1085600060680AE02046FEF76DF80020BCBD606838
:1085700001AD2A460BF02FFC298840180079C1076D
:1085800004D11B2808D01D2806D009E01E2803D3DB
:1085900002210843232803D120460EF0A3FEBCBDD0
:1085A000204600F027F9BCBD074A12683432126831
:1085B000002A07D01389834202D153898B4201D00C
:1085C0001032F4E710467047C02C0020F8B504467E
:1085D0000D4E3068C56A2969C1622F8800211422B6
:1085E0002846FAF785FF042068811720E8802C814F
:1085F0002F803068416B45632961204600F070FA96
:1086000020460EF058FFF8BDC02C0020F8B50446F7
:108610000DF04FF81C480068466B002E32D03746EC
:1086200036693889A042F8D100257A89E8B2032852
:1086300004D8214600F02AF86D1CF6E720461146C2
:1086400000F052FA798920460EF039FF0020388177
:108650000D480068426BBA4205D011461269BA4211
:10866000FBD1103101E0014634313A690A60798961
:10867000042903D1C16A3961C762CEE7016B396150
:108680000763CAE7F8BDC046C02C002010B50446F9
:108690000846114600F058F880000019C1B202489F
:1086A00000680DF0E8F910BDC02C0020B0B50C46F4
:1086B00005464888001D81B22046FDF7CCFF2846BC
:1086C000214603F039F8002804D02046FDF7BAFF10
:1086D0008120B0BD0020B0BD09888088084000D04E
:1086E00086207047098882880A438280002070476C
:1086F000098882888A438280002070470749096878
:1087000034310968002904D00A89824203D010312B
:10871000F7E7FF20704708787047C046C02C00205C
:1087200010B504460846114600F00EF88000001906
:10873000C1B2034800680022024B0DF0D2F910BD0F
:10874000C02C002030750000084A126834321268CC
:10875000002A07D01389834202D153898B4203D068
:108760001032F4E7FF20704750787047C02C00208B
:1087700080B581080A4800683430006800280ED0AF
:1087800042788A4201D01030F7E70121090282883D
:108790000A43828007200DF0FBF8F9F711FC80BD39
:1087A000C02C002010B54489042C00D00624611888
:1087B0008AB201890020FDF723FF002800D08481C0
:1087C00010BD000010B5084C206840300DF0D2FA02
:1087D000206838300DF0CEFA044805493C22FAF7FB
:1087E00077FE01F0EFF810BDC02C0020C42C002053
:1087F000B4D40610F0B587B00446058802F071FEC7
:1088000001462846FFF7D0FE0546204600F058F8FE
:10881000064600F05BF80F2819D11E2E47D04020E5
:10882000304044D105212846FFF7BCFF002845D041
:1088300007460021062230463B4600F0FDFA6889D3
:108840003946FFF733FF0746002834D12FE0019562
:1088500000251E2E2F4616D0402006402F4612D14E
:10886000019B9888C00718D15A891989002630467B
:10887000FFF756FF0746002805D1019A908801218D
:1088800001439180374602A8058006950595019918
:108890000491039400F054F80DE0083342200321C2
:1088A00002220EF06BFC002801D0842703E0204652
:1088B000FDF7C8FE0027384607B0F0BD8827FAE765
:1088C00080B5818901F04DF880BD0000811E1E2910
:1088D00016D800207944097949008F4418170F17DA
:1088E00019171B171D171F172117231725171717E0
:1088F00027172917171717172B172D000120704757
:1089000052281BD0D22801D10A2070470F2070476F
:1089100002207047032070470420704705207047ED
:108920000620704707207047082070470B207047CB
:108930000C2070470D2070470E20704709207047AB
:10894000F0B585B004460078002807D16068FFF7CD
:10895000B7FF6070A568E86800283CD065782846B5
:10896000FFF7B4FF0E2808D880005B49095800299A
:1089700003D020468847074607E0A068C368002167
:108980000622284600F058FA86276168002919D087
:10899000882F03D0842F0CD0072F10D14F480068A8
:1089A00040300DF0EBF909200CF0F2FFF9F708FB6D
:1089B00008E04A48006838300DF0E0F909E0084660
:1089C000FDF740FE862F01D0002F02D1A06800F0F5
:1089D00047FA05B0F0BD67683846FFF771FF0646F5
:1089E000FFF774FF7988EA880423029300239142F9
:1089F0003ED80E283CD801934200344B9A5A344B4F
:108A0000C340DB0705D180239A439142019B03D0E9
:108A10002EE09142019B2BD3411E032901D307284D
:108A20000DD104A903AA029238460F4600F049FF6F
:108A30003B8802980088834218D8002B16D06668BD
:108A40003046FFF73DFF07463588304602F049FDC6
:108A500001462846FFF7A8FD05461E2F1DD04020E1
:108A600038401AD1162F1BD1718826E001200290C0
:108A700086271E2E89D04020304086D101930521C3
:108A80002846FFF78FFEE86000281DD003463046D9
:108A90000199029A00F0D0F977E70020E8605DE7DD
:108AA0003846FFF713FF0E2800D96DE7400009494B
:108AB000095AE888814200D301462846FFF772FE32
:108AC000E860002800D049E788275EE7F0D4061068
:108AD000CC4F00000ED50610C42C0020C02C002066
:108AE00080B500F081FF80BD70B50C46054601F0F1
:108AF00021F8074E326840322846214600F00AF835
:108B0000326838322846214600F004F870BDC0466D
:108B1000C02C0020F8B50D46064600921468002CC3
:108B200011D02746E4693888B042F8D1384602F0BF
:108B3000D8FCA842F3D1009839460DF02FF93846F9
:108B4000FDF780FDEBE7F8BDF0B585B00F4F386855
:108B500040300DF043F90446200414D06D46002047
:108B60002870386840300DF02FF90190068802F027
:108B7000B8FC01463046FFF717FD02902846FFF784
:108B8000DFFE641EE8E705B0F0BDC046C02C002043
:108B9000F0B58BB00A9314460D460746FFF704FD67
:108BA000002811D00646049780880C2741077FD4FF
:108BB000022C01D180077BD402950394109C0A9B60
:108BC000012B03D8032503E0122771E09800451C10
:108BD000A01C1946002904D0028855190830491EE6
:108BE000F8E7F088022B02D3A9B2814260D8A9B27B
:108BF000814200D30546A9B230460691FFF7D2FD67
:108C000000280ED0074603980228079701960FD137
:108C1000B9891D22384600F089F80A9801280FD03A
:108C20004EE008200CF0B4FEF9F7CAF988273FE0BF
:108C3000B9890A9801283ED11B22384600F076F8FF
:108C40002288B889401C81B23846FDF730FD636840
:108C5000B889E91E8AB2C01C81B23846FDF730FDE2
:108C600007984580039D022D0CD101200499029A9A
:108C7000FFF756FD0028019C0CD007460798FDF72A
:108C8000E1FC15E0E807019C04D0079A107A08215E
:108C90000143117202980799FFF708FD0746022D5C
:108CA00006D1002F04D1A08802210143A180002712
:108CB00038460BB0F0BD2322384600F037F80A984A
:108CC000A71C012105950028CAD00A90079DA889F4
:108CD0004018089181B2BB1E022428462246124E3B
:108CE000B047A889089E3018801C81B22846099494
:108CF00022463B460C4CA047311DA88940188EB235
:108D000006998A1B39888A4200DB0A4609997B58F2
:108D100081B294B228462246034DA847A1190837CC
:108D20000A98401E059DCEE7C1660510BCB51446E5
:108D30004068202904D301AD2A460BF04CF829885D
:108D400040180471BCBDF8B51D4614460F460646D2
:108D5000FFF7B6FD0E21C943D22800D00C31708830
:108D6000081882B20699BA4205D90D200870002071
:108D70002880862709E000270F702880B089C01C52
:108D800081B230462346FDF779FC3846F8BD000035
:108D9000F0B589B01F4603920E460546FFF704FC66
:108DA000002845D00446C068002841D002970F989B
:108DB00001900E9800901F48076838373F68002FD1
:108DC0000FD03888A84204D1384602F08AFBB0425E
:108DD00001D01C37F2E717480068383039460CF0EC
:108DE000DDFFE068FFF76CFD411E0298002813D0FC
:108DF000C8B21E2807D04022114004D1E36803996D
:108E0000029A00F019F8204600F02AF8002F0FD03F
:108E10003846FDF717FC0BE004A8009A82814170E8
:108E2000012101700199089106940597FFF788FDCB
:108E300009B0F0BDC02C0020BCB5002B0FD01C46E3
:108E40006B4699705870012018701A71080AD87012
:108E5000A189052520462A46FDF732FC6580BCBD68
:108E600010B50446C068002815D04188091D89B294
:108E7000FDF7F1FBE1686089FFF718FC002808D1D5
:108E8000628921890020FFF701FCA0880121884325
:108E9000A0800020E06010BDE0B501A802210180A3
:108EA00000900020044B01460246FFF7BFFA8638C7
:108EB000414248418CBDC046D986051010B50A48CC
:108EC000046838342468002C09D02046FFF7F8FCE9
:108ED0001E2802D04021084003D01C34F2E70020B5
:108EE00010BD012010BDC046C02C002070B5084D3B
:108EF0002868846B002C0AD0E6692868383021463F
:108F00000CF04CFF2046FDF79DFB3446F2E770BDA8
:108F1000C02C00207CB504468068418904291AD100
:108F200060688189491C89B2FDF7B1FB05461728A5
:108F300000D817251D4E308A854200D30546A36808
:108F4000988800070FD4198902202A460DF0E6FD03
:108F5000002814D07CBDC368022000210622FFF740
:108F60006BFF86207CBDD888A8420ED008334220F3
:108F7000032102220EF002F90028EBD105E0A068DF
:108F8000C580818808220A438280308A01AB5870EC
:108F900003251D70000A9870A068C468A189204646
:108FA0002A46FDF78DFB658000207CBD1C2D00202E
:108FB000F0B58FB00146406801918968CF680DAD6A
:108FC0000EAC2946224600F07CFC288807900EF063
:108FD00097FD02462088029000252B4600950395B8
:108FE000002A069550D050880790029988424BD8A5
:108FF000A8B2C01801998968C988884244D81C461B
:1090000008AD05921046294600F0BAFF2E7C039861
:10901000000606D00098864239D1C0080490069D0B
:1090200016E0B98905223846FFF780FE102E01D0E0
:10903000022200E00122069DB889401C81B2384618
:109040000392FFF773FEAD1CF0080490841C009699
:10905000B889401981B23846079AFDF728FBB889CC
:109060002818861C08A80CF080FE0346B1B20498AC
:10907000C2B23846FDF724FBE0B22D1805980EF079
:10908000A1FD02462346ABE70398000603D00698ED
:109090007880002007E0079881B204200A223B462E
:1090A000FFF7CAFE86200FB0F0BDF0B591B00746BD
:1090B00009AC1020207478688189491D89B2FDF7B8
:1090C000E6FAA08178680FAE0EAD31462A4600F070
:1090D000F8FB368878680697B9684488C86881893B
:1090E00007220290FFF722FEE01F29880491012148
:1090F000059180B203900196059887B23C1D0698B1
:109100008068C08884423CD8B0B209AA049901F0B2
:10911000A7FA002835D0054610A80090002208AB19
:109120000698294600F0E0FB862828D0002836D192
:109130006E8808984368069840688189C91D89B27D
:10914000039F3A46FDF791FA08990988B94216D16A
:10915000002814D107AF3E70300A7870284600F01E
:1091600037FF0646B870000AF87002988189059AA0
:10917000891889B204223B46FDF7A2FA0594761CB1
:10918000BAE7012F07D106200A220199029BFFF7B7
:1091900053FE862003E0029805994180002011B01B
:1091A000F0BDF0B597B00446406815A914AA00F0C8
:1091B00088FB0A9460688189491D428889B2072A20
:1091C00005D1FDF764FA0FA98881102004E0102270
:1091D0000FABFDF753FA80200FA908740A98407866
:1091E000102801D0022100E0042107910A9A916819
:1091F000CC68CB8805931278002A04940AD065883D
:10920000022D15D3A089401C81B2204600F0A9FB95
:1092100006460EE015AA1588102812D10FA801F0F5
:1092200081F9002800D1B8E00895A18911221BE03E
:109230000026A089401981B22046FDF728FA08903F
:1092400018E00BA8058102220271149A42810B9149
:109250000FA90E9101F0A8F9862802D116A81222B2
:109260009DE00895A18909222046FFF75FFD0125B1
:10927000658000260598801E019014A80088039040
:109280000996F6B20695AFB2B8190599884274D816
:10929000089885B20FAA2846039901F0E1F9002841
:1092A0006BD00446029516A8009000250BAB0A98D7
:1092B00021462A4600F018FB00284FD10B98008861
:1092C00007990918012F11D1FF2900D3FF21019817
:1092D000814200D301990991CAB2049EB089401C11
:1092E00081B23046FFF722FD022703E0B142049E1F
:1092F000069F5CD16588204600F06AFE0890B08920
:10930000C01981B230462A46FDF7D1F9079809996C
:109310000A1A3C46BF1C0A98407810280AD1B08926
:10932000C01981B23046089D17462A46FDF7BFF99D
:109330003A46271D2C46B089C01981B20B98436864
:10934000D5B230462A46FDF7BBF97D19758002205B
:109350000A990870601C0890099E91E78628069A71
:1093600016D084280546049821D18189891889B2AC
:10937000029AFDF79CF9842519E0012F06D116A861
:109380000A22027015A80588049C09E000250EE059
:1093900016A80278049C089D02E016A8102202700C
:1093A0000A984078A9B22346FFF746FD862528464D
:1093B00017B0F0BDF0B58BB005468068C468C788AB
:1093C0002878002824D02E460C36059668688089B7
:1093D000401C81B2042204AB2046FDF74FF93088CF
:1093E00069787F1E0C2903D1874253D20499401A11
:1093F00080B2874200D30746BAB27368A089401C86
:1094000081B22046FDF75CF9781C608000204DE0B9
:1094100068780C28029707D168688189C91C89B2CD
:10942000FDF735F90D2201E00B22002004AF039077
:109430003880A1892046FFF779FC68688189491C3A
:1094400089B2FDF724F90646788007A8068101272E
:109450000771A968079101F0A7F8862801D11227A2
:1094600015E030460EF024FB002810D0014606A877
:10947000009005AB2846039A00F036FA002817D072
:10948000842818D0862811D106A8077807E006A8F6
:10949000077004E006A80B27077004A846886878C0
:1094A00031463A462346FFF7C7FC86200BB0F0BD95
:1094B000059E029F93E7A089401C81B2042204AB61
:1094C0002046FDF7FDF88420F0E7F0B58DB0816807
:1094D000CE68C988069101780029079009D077885D
:1094E000B089C01981B23046FDF7D1F8079902461C
:1094F0000CE040780E2801D0212200E00F22B18933
:109500003046FFF713FC0122174607994868807818
:10951000801AC0B2450808780028029666D00799DC
:1095200008460C300190EDB2FF35E8B200230393FA
:10953000A84200D1B3E0BCB20698A04200D8AEE089
:10954000486881890592891889B202220CAB04927D
:10955000FDF794F807990878012802D1019808903E
:109560000DE00CA800880EF0A3FA01460798806869
:10957000008908AA00F0C6FD0799842865D00698DE
:10958000041B48780E2809D1B089C11908980288AF
:10959000944200DB144689B2A2B213E0B089C0192C
:1095A00081B2089A304616883246FDF780F8A41E2C
:1095B000B44200D33446A2B2BF1C029EB089C01987
:1095C00081B2089843683046FDF77AF83F197780F2
:1095D000079948782028059A04D10698C01B80B2C4
:1095E00002285CD304980870921C9CE70021059225
:1095F000079C88B2A84292D204914900606882898F
:109600005118491C89B202220CABFDF737F808A8A3
:10961000012606710C990181A168089100F0C4FF30
:1096200086282AD00CA800880EF042FA002827D0FD
:10963000079989680989012200F0EEFC00281ED1F3
:109640000499491C029E059AD3E70CA803888868F0
:10965000428901890020009002200DF0C5F9039095
:109660000028059A1BD17780B089C01981B292B2C7
:109670003046FDF71CF8842010E0122600E0064674
:109680000CA80188079840780E2801D10E2000E030
:1096900020203246029BFFF7CFFB862003900398E1
:1096A0000DB0F0BDF0B589B004460078002801D0B7
:1096B00000203BE06068A168C968069146888189FE
:1096C000491C89B2FCF7E3FF0546F11E60780027CC
:1096D00052280CD0D2280ED1A0684089042824D169
:1096E0000F3E052201270020049005960EE005910B
:1096F000042204970AE00591069EB18913223046A0
:10970000FFF714FB012004907080032207AB204672
:10971000294600F036F9024608A80270002A07D050
:1097200060782946069BFFF787FB862009B0F0BDCD
:10973000002F08D06168A06800890BF0F8FF0028AE
:1097400001D00022ECE76168079808AA00F0DAFD72
:109750000028EBD0842812D16068A1684A89098961
:10976000059B9BB20095019302900A20049B0DF08B
:1097700075F90028DAD1002060608420D6E708A8B7
:109780000278CDE770B586B004460078002814D082
:10979000A589A068C188491FA94200D80D46AAB270
:1097A0002369C0688189491D89B2FCF789FF681D5A
:1097B000A168C9684880002040E060688189491C30
:1097C00089B2FCF764FF0546032205AB2046294613
:1097D00000F0D7F8002808D00246A068C368162019
:1097E0002946FFF729FB862028E060688189C91C8B
:1097F00089B2FCF74CFF06466068A1684A8909896E
:1098000043885B1F9BB20096019302900A202B466F
:109810000DF08CFB002811D103AB5D70280A987005
:10982000DE7017201870300A1871A068C06881892E
:109830000522FCF745FF00206060842006B070BD63
:1098400010B504460078002801D0002010BD6068E3
:109850008189491C89B200F084F80346A0684289D6
:10986000018902200DF090FB002800D010BDA068F7
:10987000C06881891922FFF759FAA068C0680121E0
:109880004180842010BDB0B50546806842890189B9
:1098900042200DF077F80446002810D1A8684289CC
:1098A00001890120FEF7F2FEA86881884A0603D5E7
:1098B00000F06CFEA86881880222914381802046D6
:1098C000B0BD70B514460D4606468089401C81B275
:1098D0003046FCF7DCFE2880B089C01C81B23046DF
:1098E000FCF7D5FE208070BDFEB51F460646089DDC
:1098F00000242C700078012807D1306900281FD07F
:109900000C363E600020287029E00292B068008981
:1099100001913A462B4600F066FB002812D08428BD
:109920001DD101984388B06842890189029800904E
:1099300002200DF059F8002811D17B20C0430EE021
:109940000E2005E038680188029A914203D2072070
:109950002870862003E04168891841602046C0B223
:10996000FEBD1CB51F2903D801AA1180406805E07F
:10997000406801AC22460AF02EFA2188401800798E
:109980001CBDF0B585B01E4614460F46054601A81D
:1099900001810271A968019100F006FE862801D1BB
:1099A00012200CE038460EF083F83060002805D015
:1099B000A9680989224600F02FFB00E0012005B0CC
:1099C000F0BD000080B506480089163080B20EF068
:1099D0000BF8044800685C210122425480BDC04657
:1099E0001C2D0020C02C0020F0B5A1B0044600F0D2
:1099F0009BF8012814D107A8454914252A4611F0DF
:109A00001CF902A843492A4611F017F944200F9087
:109A100001210DAA0CAB20460BF0EBFD002801D074
:109A200021B0F0BD0CA801780DA80FAA10AB0AF068
:109A30007EFE0028F4D10F984428F1D80120364D3D
:109A400002AA294600F00CFE002810D00646204647
:109A5000FEF754FE10A90A7C3049C97A73681B6A64
:109A60009B68009349084B1C042100F008FD2C481A
:109A70000168833110A81022F9F74AFD00281FD091
:109A8000012007AA294600F0EBFD0028C8D000F00D
:109A90003FFE0028C4D0054604212046FEF784FD81
:109AA000818840220A43828010A8427C20462946B1
:109AB00000F026FD0B200BF06BFFF8F781FAAFE703
:109AC00001200EF01DF8064610AD12350027002EBD
:109AD000A6D0B8B26328A3D83178042912D171680E
:109AE0000A7D102A0ED1098A0E4A91420AD102211A
:109AF00032222B4600F0B0FC02462046314600F0F0
:109B0000FFFC7F1C30460EF05DF80646DFE7C046DE
:109B10002CD5061040D50610FFFF00001C2D00209C
:109B2000C02C00200229000080B50BF098FD4142B6
:109B3000484180BDF0B5A1B0042900D0DEE0074661
:109B4000FFF7F2FF6E4C6F4E012800D0A0E00BAD86
:109B50006D491422284611F070F810A834460026EA
:109B600044223146F9F7C4FC012021462A4600F080
:109B700077FD00280FD004463846FEF7BFFD616828
:109B8000096A8B686149C97A49084A1C042100F0B6
:109B900063FC10A90874042104973846FEF704FDFD
:109BA00010A9097C012903D180880006800F06D105
:109BB00057480168833110A81022F9F789FC012069
:109BC00003900DF09DFF054610A8123002900596F7
:109BD0004B4C002D34D0B7B2632F31D828780428ED
:109BE0000BD0022827D16868017D102921D1008A75
:109BF000494988421DD103981CE06868017D1029FD
:109C000019D1008AA04216D10498294600F0B0FD6F
:109C1000044602980090E2B202213223384600F056
:109C20002EFC0598012801D110A84474761C344CF0
:109C300001E00020059028460DF0C4FF0546C8E766
:109C4000012109AA08AB049F38460BF0D2FC00287A
:109C50001CD1B0B240002F4940188008133082B2A6
:109C600008A8017809A810AB0AF02FFD00280DD034
:109C7000044606AD09A906222846F9F729FCAC716D
:109C80004220042107222B460DF078FA1D4E1C4C71
:109C900001200DF035FF0546002812D02878042851
:109CA0000BD16868017D102907D1008AA04204D138
:109CB00000223846294600F023FC28460DF082FF9A
:109CC000E9E710AC10491422204610F0B6FF01203D
:109CD0003146224600F0C4FC00280FD00446384626
:109CE000FEF70CFD0949C97A6268126A926800920F
:109CF00049084B1C0421002200F0C1FB21B0F0BD3B
:109D000002290000FFFF000040D506101C2D002096
:109D1000C02C0020FEFF0300052A0000F0B5D3B0E0
:109D200000250C950B950A950995412082000DACF4
:109D300020462946F9F7DCFB257110204490169047
:109D400009A80F902046F9F720FCDC34019401208B
:109D50000DF0D6FE06464EA80C300290484D002E5F
:109D600041D03078032839D04EAF3046394600F024
:109D700007F9387C102831D1708804A908804EA8D2
:109D800080893D49411805291CD33C4941180429C3
:109D900003D329210902884220D10DAF022404AA4D
:109DA00038462146A84738462146029AA84700204F
:109DB00005AA314600F0A6F90598426801883846A0
:109DC000A8470BE00DAC022704AA2046394600F054
:109DD000DBFC20463946029A00F0D6FC30460DF0F6
:109DE000F1FE0646BBE70198828C002A06D00DA83A
:109DF000202101710146E031F9F7D4FB0DA84EACEA
:109E000004AA2146F9F7DFFB05AD102601232846F9
:109E1000214632460BF022FF1A4F3968833128461B
:109E20003246F9F775FB002819D03868833005A948
:109E30001022F9F74DFB03AD822028800095002405
:109E4000114B204621462246FEF7F0FA402028809A
:109E500000950E4B204621462246FEF7E7FA386869
:109E60005C21425CFD23134043540B200BF090FD1A
:109E7000F8F7A6F853B0F0BDFFD6FFFF00D8FFFFFC
:109E800089A70510C02C0020F1860510E586051075
:109E9000E0B50021009102200422074BFEF7C6FA2C
:109EA000002801D0812800D18CBD0B200BF070FD63
:109EB000F8F786F88CBDC046BD9E0510B0B58AB0D7
:109EC00004468088400601D400254BE009A8802183
:109ED00001802189009001200025244B2A46FEF7AD
:109EE000A5FAA18889073DD400283BD104AD2049BB
:109EF0001422284610F0A1FE01201E492A4600F037
:109F0000AFFB002812D0054600F002FC00280DD05F
:109F10000146208900F02CFC800712D42089002102
:109F2000012200F0BDFB054681281BD109A8402174
:109F300001802189009001200022104BFEF776FA63
:109F40000FE00D48039001AA04205080688810801B
:109F500003A8029061892089009202220123FEF762
:109F600017FE054628460AB0B0BDC046D986051082
:109F70002CD50610FFFF00000100FFFFF186051041
:109F800080B510220A740278042A0DD87A44127916
:109F9000520097440A16120202004068031D142260
:109FA00008461946F9F794FA80BD0522D2024068A6
:109FB000007D012809D18A8180BD0520C002C01C16
:109FC00004E00520C002801C00E0501C888180BD98
:109FD00080B5017802220A43022A02D10DF006FE62
:109FE00080BD408880BDF8B51C4600920E460746ED
:109FF00001220846394600F00FF820708625002817
:10A0000008D138463146009A00F07CF8862802D103
:10A010000E2020702846F8BDF0B585B01546019198
:10A0200001460478002702230E20032C1A463E46E0
:10A0300012D30BD0042C58D1486801788C07C9077B
:10A040008A0F002C00D54C32411C02E04868411CAC
:10A050000278801C0E780778012D03D11046184035
:10A06000184642D00320032D02D1082111403CD0D4
:10A07000042D02D10421114037D0052D02D14021F9
:10A080000A4032D004A903AA02AB019C20460BF07F
:10A090008AFA022802D1002F0FD125E0012D00D02D
:10A0A000FF08052D0BD104A80078022805D102A8CD
:10A0B0000078022814D1002013E00E2015E00020C3
:10A0C000002F12D003A90978FA0703D0032901D27F
:10A0D00005200AE07A0708D5022908D20F2004E0FB
:10A0E000052001210F4000D1384605B0F0BD2046C3
:10A0F00031460BF0CEFAB62801D00020F5E70C204F
:10A10000F3E70000F0B585B00D460978042911D8B1
:10A110001446C0467944097949008F44020D4A69C2
:10A120007E00734E306801467031C16668680BF07E
:10A1300007FE57E08626D3E06D4F38680146703140
:10A14000C1666B6801206E490026324600F0D6FADF
:10A1500001A90880002800D1ADE00DF0A9FCFFF7AF
:10A1600037FF02A9009108803868C06E01A9022754
:10A170003A46F9F7ADF95E480068C06E801C009958
:10A180003A46F9F7A5F95A48006868270421C153EF
:10A1900069680A7C102A00D091E0C06E0C31001D65
:10A1A0000222F9F795F952480068C15B891CC15336
:10A1B00085E04F4E306801467031C16669680978A4
:10A1C0007022815469884A1C03A90A8071300222D6
:10A1D000F9F77EF93068C16E6868001DC91C0BF084
:10A1E000AFFDC01C3168682288526831216076E07A
:10A1F00069680A7D102A32D13F4A521C0B8A934269
:10A200002DD13B4801686831216000686821102227
:10A21000425201468331C16661E06968896900295B
:10A2200045D0334E31686831216069680A7D102A53
:10A230003FD10A8A2F4B9A423BD1316868220224CF
:10A240008C520A467032CA66294600F091FA04A977
:10A2500008803068C06E2246F9F73AF93FE0096A93
:10A26000002924D0224E31686831216069680A7D56
:10A27000102A27D10A8A204B9A4223D131686822BA
:10A2800001238B520A467032CA66FEF737FAFF285E
:10A2900029D06968096A8B681849C97A49084A1C33
:10A2A000042100F0D9F831687022885417E0842620
:10A2B00016E0886907E03868682100224252683059
:10A2C00020600DE0086A0178890701D5022100E0CD
:10A2D0000421415A806832686823D152D066002632
:10A2E000304605B0F0BD3068702100264654F7E7CF
:10A2F000C02C002002290000292B00001C2D00206A
:10A30000FFFF0000F0B589B017460D4606460078FD
:10A310007488042845D0032877D17168086A00281A
:10A320007DD00A7D102A74D1098A494A914270D1A0
:10A330000097012107AA08AB2846FEF704FD002874
:10A340006ED12888FEF7DAF907AA117807230B40A7
:10A35000059313707168096A8B683E49C97A490888
:10A360004A1C042104900392029300F075F8059AA8
:10A3700001461140814257D102980090042104986F
:10A38000039B00F07CF87068006A0078C0073AD040
:10A390002E88284601F0A5F8024608A8008807A9DB
:10A3A0004CE071688869002839D00A7D102A30D1C4
:10A3B000098A264A91422CD10097022106AA08ABAD
:10A3C0002846FEF7C0FC00282AD106A80088059080
:10A3D0007088801E81B202200DF0A0FC002821D0E0
:10A3E00005998907890E406800780840884219D18C
:10A3F00006A802882888314600F082F870688069D3
:10A400000078C00712D100200AE0032038708620AF
:10A4100006E021462A463B4600F047F800E084204B
:10A4200009B0F0BDFD20F1E71320EFE72E882846A4
:10A4300001F057F8024608A8008806A9009001918B
:10A440000220314623460CF0D9F8E9E70229000042
:10A45000292B00001C2D002010B54843C408A4B2CD
:10A46000944201D9002010BD072210401A5DC2405D
:10A470002020411A0020C043C840104010BDB0B594
:10A480004843C408A4B29C420ED8049B0725284028
:10A490002025691A0025ED43CD402A4082408540A1
:10A4A000185DA84310431855B0BDFEB516460C46BE
:10A4B000054682688188009302AB3046FEF743FC74
:10A4C000002800D0FEBD2878810703D4A98802AAFD
:10A4D000118001E002996980C00701D10020FEBD12
:10A4E0003788304600F0FDFF024602A80088A968C0
:10A4F000009001910220394623460CF07FF8FEBD02
:10A50000BCB514460D46FEF7F9F8696889698B8871
:10A510008968009103210C4002212246FFF7AFFF1A
:10A52000BCBD000070B58AB0044605AD0DA114266F
:10A530002846324610F081FB68460FA1324610F0E3
:10A540007CFB204629460BF0CBFB002807D0694650
:10A5500020460BF0C5FB01464042484100E0012087
:10A560000AB070BDFB349B5F8000008000100000CB
:10A570000028000010000000FB349B5F800000807A
:10A58000001000000128000010000000E0B501AA42
:10A59000C22111800189009201200022014BFDF7A8
:10A5A00045FF8CBDF1860510F0B587B0054602ACBD
:10A5B00027491422204610F040FB0120254E314649
:10A5C000224600F04DF8002700283CD001462868BC
:10A5D0008288520637D52A79FE2313408624042B1D
:10A5E00032D00089012200F05BF881282BD0286846
:10A5F00081880A0625D4802739438180287902285A
:10A6000022D1288901281FD16889B0421CD1EA686B
:10A61000107C102818D190890F49884214D101204C
:10A62000314600F01DF800280ED001A807802968E7
:10A630000989009001200024084B2246FDF7F6FE10
:10A6400002E0FFF7A3FF3C46204607B0F0BDC0463E
:10A6500040D50610FFFF00002A2B0000E5860510FC
:10A66000F0B585B014460D460DF04AFA06460020B6
:10A67000002E12D07188A9420FD86F463046394655
:10A68000FFF77EFC204639460BF013FB002803D071
:10A6900030460DF097FAE9E7304605B0F0BD00000E
:10A6A00070B586B014460E46054601A8104914221E
:10A6B00010F0C3FA002E07D101200E4901AAFFF7BE
:10A6C000CFFF0646002810D02846FEF717F871681D
:10A6D000096A8B680849C97A49084A1C0421FFF7AE
:10A6E000BBFE204201D0002000E0812006B070BDFA
:10A6F00040D50610FFFF00001C2D002080B50DF096
:10A7000029FA002801D0408880BD002080BD0000CB
:10A7100070B58AB0054605A810A1142210F08DFA74
:10A720002878FE2101400024022914D128460DF08A
:10A7300049FA054600280ED0287802280BD06E462C
:10A7400028463146FFF71CFC05A831460BF0B1FA4C
:10A750000028EBD12C4620460AB070BDFB349B5F2D
:10A76000800000800010000002290000100000009E
:10A7700010B50C46FDF7C2FF616889698B688A884D
:10A780000221FFF769FE10BDF0B585B003920C46BB
:10A7900001210902411804910290E0300190200447
:10A7A00023D004980088102807D11022029801991C
:10A7B000F8F7F8FE00200499088010210D1AA9B2BC
:10A7C000A2B2914200D32546AFB202990818E030F8
:10A7D000039E31463A46F8F77BFE0499088828180C
:10A7E0000880641BF6190396D9E705B0F0BD000098
:10A7F000FEB5044600F09CF80C25002825D0122652
:10A80000002C23D0207D401E01281FD8207C8028CA
:10A810001ED010281AD1A089012188430321C90222
:10A82000884215D101200DF06BF9002810D0017875
:10A83000002907D141680A7C102A03D18989A2899D
:10A840008A4202D00DF0BEF9EFE72E463046FEBD3B
:10A8500000200DF04DFA002806D04168C98A002971
:10A8600004D04088401804E0012002E00DF0EEF929
:10A87000401C82B200263046314623460DF0C4F813
:10A88000002820D0F743E18A491E029100900194EC
:10A890007F1C217E8F4218D2E18A002904D0029ABF
:10A8A00011043AD0521E0292351D401C019CE169F0
:10A8B0008B5982B2012000210DF0A6F800282E4607
:10A8C000E6D187262EE08726C0E7184800685C217D
:10A8D000425C0223134343540A200BF059F8F7F764
:10A8E0006FFB606A00260028B0D02020205C002882
:10A8F000ACD021462031029100252F46019585429A
:10A9000000990CD2606AC01900F022F8002808D122
:10A910002437029800786D1CF1E7122602E0019EB0
:10A9200094E70646009800F0A3F88FE7C02C0020BB
:10A9300010B5FEF7C3FA0024002806D1FEF7ACFAE2
:10A94000002802D1FEF7D2FA0124204610BD0000F3
:10A95000FEB50E460446FFF7EBFF002866D0122531
:10A96000002C64D0207D802813D010285FD1208A4D
:10A970003C4988420DD1206A002858D082883A4943
:10A98000C97A4908491C8A4251D380680021F8F7E6
:10A99000AFFDA0782421084203D06078C01F0928A9
:10A9A00045D830460DF084F8002840D0064600789F
:10A9B00000283CD1207E811C304600F083F80546FB
:10A9C000002834D13046FFF703FB05460DF070F840
:10A9D0000146681C86B202273846324623460DF0EF
:10A9E00013F8B04225D130460DF062F80146A81C9C
:10A9F00082B2032023460DF007F8002829D00197E2
:10AA00000296E069002816D0207E002813D0002688
:10AA1000374687420FD2E0698019029900F06CF83E
:10AA2000002818D11C36207E7F1CF2E70C25284612
:10AA3000FEBD8725FBE70D4800685C21425C019B59
:10AA40001A4342540A200AF0A3FFF7F7B9FA002587
:10AA5000EDE7872501E00546029E304600F0D4F878
:10AA6000E5E7C046292B00001C2D0020C02C00204B
:10AA700010B50446FFF75CFF00280AD020460DF011
:10AA800017F801461220002902D00A78002A02D0C5
:10AA900010BD0C2010BD08460DF0A8F80146204658
:10AAA0000DF0E4F8064800685C21425C0223134381
:10AAB00043540A200AF06CFFF7F782FA002010BD19
:10AAC000C02C0020B0B50D460446FFF781FA61683E
:10AAD000C98A002908D0C04308186188401880B28C
:10AAE000A84206D30020B0BD00200DF001F9A0421D
:10AAF000F8D00C20B0BD0000F8B50E460446FFF7B4
:10AB000017FF002875D01225002C73D0207D8028D7
:10AB100001D010286ED1102808D1218A29221202D2
:10AB2000921C914202D1A169002963D0A17824220C
:10AB3000114203D06278D21F092A5BD8102815D1A0
:10AB4000208A2F4A8218052A10D8012393403122E7
:10AB500013420BD02278012A4CD100294AD1292155
:10AB60000902884202D1A069002843D030460CF087
:10AB70009FFF00283ED00746007802283AD10025E2
:10AB8000284631460DF0CAF8002835D02E4601215E
:10AB9000FFF798FF054600282CD13846FFF718FA32
:10ABA00005460CF085FF01466D1CAAB20420234621
:10ABB0000CF02AFF854221D1207D10280BD1208A5C
:10ABC00029210902891C884205D1A06982888068F0
:10ABD0000021F8F78DFC0B4800685C21425C0223E1
:10ABE000134343540A200AF0D3FEF7F7E9F9354638
:10ABF00000E00C252846F8BD8625FBE78725F9E708
:10AC000000D7FFFFC02C002010B50446FFF790FED0
:10AC100000281ED020460CF04BFF014612200029D0
:10AC200016D00A78022A13D108460CF0DFFF01463D
:10AC300020460DF01BF8084800685C21425C0223A6
:10AC4000134343540A200AF0A3FEF7F7B9F9002092
:10AC500010BD0C2010BDC046C02C0020F0B585B042
:10AC600004911224002839D01D4616460746022BAF
:10AC70000AD3022E32D0002104223846FFF710FDFD
:10AC8000812801D10C2429E00A98022E0390029514
:10AC900001960FD26D1C06466D1E17D032880836FD
:10ACA00010233846049900F01DF804460398002C40
:10ACB000F2D013E0022E11D10288202338460499E5
:10ACC00000F010F804460398002C07D10090384695
:10ACD0000499019A029BFDF75BFF0446204605B0EC
:10ACE000F0BD0000F8B51D4616460446FDF75CFCB5
:10ACF0001227002824D001461B4800685C22825C91
:10AD0000812092072CD48988490629D4701E80B2EC
:10AD10000CF0CEFE01460028384621D04868007865
:10AD200028421ED00846FFF7F3FC00280AD006464A
:10AD300003222146FFF770F9002805D0C020F8BD96
:10AD40003846F8BD8620F8BD102D01D0022500E060
:10AD5000012520463146FFF70BFD054201D00020BA
:10AD6000F8BD0C20F8BDC046C02C00201CB5059CC9
:10AD70000194049C0094FEF70BF81CBD80B50346BB
:10AD8000012002490022FFF7B9FC80BDFFFF00004F
:10AD900080B50346012002490222FFF7AFFC80BDC7
:10ADA000FFFF0000F0B585B004468778781E0321C8
:10ADB000049108430930800883B2207A03902088E8
:10ADC000029011480068806902253E222946FBF75F
:10ADD00011FE002814D00646009701940498039AA7
:10ADE0000240301D002702993B46FCF784FB357179
:10ADF00028463146FBF79BFE2046FBF723FC00E08C
:10AE00000727384605B0F0BDB82C0020B0B5044681
:10AE1000018802200CF030F90546002802D12046B6
:10AE2000FBF710FC2846B0BDF8B5174908680D4679
:10AE300024210024445425301122144F2146B847C0
:10AE400028683630FF2605223146B84729683B205E
:10AE50001F230B540122550308463B308552C37211
:10AE60004731072208462146B847074D28684E302B
:10AE700008223146B84706480068352144542868FE
:10AE800004490162C465F8BD082D0020F1340510A5
:10AE9000B42C0020BEFDFFFF10B53621054A3E2927
:10AEA00006D04318363B1B7814686354491CF6E7F8
:10AEB000002010BD082D002010B54621054A4E295E
:10AEC00006D04318463B1B7814686354491CF6E7C8
:10AED000002010BD082D0020054A12683523D35CE0
:10AEE000034201D00C2070473532117000207047AA
:10AEF000B42C0020034909683522895C0840411EB2
:10AF000088417047B42C0020F8B50024204600F09A
:10AF1000ABFE054601222F4B2746009218683421CC
:10AF2000405C84424FD22C20285CFE210140022943
:10AF30003DD119200601A85B80060CD5698F002041
:10AF400004F096FC3A28009A10462ED0A8190188E1
:10AF5000202291430180284603F04FFB0028009AED
:10AF6000104622D1284607F0E9FF009A0028104633
:10AF70001BD1E6B2304603F0FEFC009A00281046D2
:10AF800013D1304603F0FBFC009A002810460CD188
:10AF9000284603F05AFF009A0028104605D1304693
:10AFA00004F06DFE009A411E88410A4B00E000202B
:10AFB000411E88413906174600D107463320C0009C
:10AFC0002D18641CAAE7380603D0122001210AF0CC
:10AFD000F1FCF8BDB42C002000207047F0B58FB014
:10AFE0000292074607A8019010250C4E2A46B0474A
:10AFF0000BAC204639462A46B04703AF00260198DD
:10B0000021463A4633460AF0D9FF029839462A4685
:10B01000024B984730460FB0F0BDC046D134051002
:10B02000B0B50C46054601F08BF8FF2805D000208E
:10B030002946224604F0C3FAB0BD0220B0BD10B5C7
:10B04000044601F07DF8FF2805D08120002221462A
:10B0500004F0B5FA10BD022010BD0000F0B589B0B3
:10B06000009316460F460446012002252946FFF7A5
:10B0700033FF002806D101A80470200912240E28ED
:10B0800002D9204609B0F0BDF2F7B7FD002801D182
:10B09000F8075CD101A84780F80604D4F8070ED160
:10B0A0003807EED411E0132F13D008203A4682431C
:10B0B000152A0AD038462843122806D0E1E73D4039
:10B0C00008203A4602405019DBD1B80601D5B8072E
:10B0D000D7D1274601AC201D314605F003FE0834C8
:10B0E0002046009905F0FEFD0298202801D238463E
:10B0F000C8E7039920293A4627D3884225D80E98D5
:10B1000001A90873400720D00F9801AC607300F0CC
:10B11000ABF8617B8142EAD8109801A988730128B5
:10B12000E5D8129C119901AD28460F300622F8F798
:10B13000CFF96C75032CDAD8149C1B9D13987F28CB
:10B1400007D11F480068407A05E010469AE71120B1
:10B1500098E7F8F761FA01AEB075F8F76EFA287063
:10B16000F475FD212140112001298BD11699159AE2
:10B1700001AB99765A76002984D0032982D81A988F
:10B18000199901AAD07611760429B0D80428AED82E
:10B1900001A8012C03D0408810210140A7D11798A5
:10B1A00001A908770F28A2D8189801A94877012883
:10B1B000384600D966E701A806F036F862E7C046CF
:10B1C000082D002080B505F0F3FF80BDFEB51446C4
:10B1D0000D46064601200221FFF77EFE00280BD116
:10B1E0001221012E07D81F48807EA84203D3002ECB
:10B1F00004D0002D02D10846C0B2FEBD0191002747
:10B2000030462843394607D100220092304629466D
:10B21000134605F063FE0146FBB2AB420846EBD293
:10B220000297062108465843225C17090E2F16D8AC
:10B230005B1CDFB2AF4204D24F43E75D9742F7D1C8
:10B240000DE020184388007900903046294605F02B
:10B2500045FE029F7F1C00210028DDD0CCE701982D
:10B26000CAE7C0461C2D00200120704780B503F0BE
:10B2700075F880BDE0B5022801D3FF280DD100226A
:10B2800000926B4618700192581C0622F8F720F9BC
:10B290000199009803F07CF88CBD12208CBD002031
:10B2A00070470020704780B504F0F1FC80BD10B5F8
:10B2B000029C24042018120251181A04891804F060
:10B2C0000BFD10BD01207047002070470120704722
:10B2D00000207047F0B587B001890491C1880591BD
:10B2E0008488468807880020069006A9384600F022
:10B2F0009FF8054600285AD1039602940698807854
:10B30000C00751D10024102220463946FBF778F9B6
:10B3100000284BD007462A48039A911F89B212256C
:10B3200081423DD2029E062E3AD3801D864237D2FC
:10B33000B24235D8059A91087C2931D8511C714305
:10B34000049B9A0091422BD80A2B29D3834227D2FF
:10B35000019478681221017278680699097941721E
:10B3600006210825174C38462A46A0473846294664
:10B37000039AA0470A21384632462546A0470C24A6
:10B3800038462146059AA8470E213846049AA84710
:10B390007C800520394600F0CFF900280AD08125AD
:10B3A0003846FBF74FF902E00C2500E088252846D7
:10B3B00007B0F0BD0699122000F04FF8019DF6E7A6
:10B3C0007B0C0000AF66051070B50B49C97A1422DA
:10B3D0004A43143209490B6800210D460C461434C7
:10B3E000A24206D0DE6A755B85422546F7D1311947
:10B3F0001439084670BDC0461C2D0020002D0020C9
:10B40000B0B50949CA7A09490B68002421468A4225
:10B4100006D0DD6A2D5B854203D01434491CF6E763
:10B420001146C8B2B0BDC0461C2D0020002D002022
:10B43000B0B50C460546FFF7C7FF01462060022065
:10B44000002D09D0002907D00879002803D0897879
:10B450000620084000D00C20B0BD88710879C87162
:10B460008878062202438A707047907151719078F3
:10B470000421014391707047F8B5044614206043DD
:10B48000144B1B68DD6A2D18A87846078120002E12
:10B490001FD5AE79761C8E4201D0012919D1E979E8
:10B4A000914216D1AE1CAF1DE81D009018462146F2
:10B4B0000AF0E1FA00203870009908703178FB2218
:10B4C0000A40327029794A1CD1B2914200D0012140
:10B4D0002971F8BD002D002080B50846FBF7B2F8B1
:10B4E00080BD80B50221FBF7D2F880BDF0B585B0F4
:10B4F0001E4604920D460746FFF766FF00280FD050
:10B500000446039640791226A8420AD104990229DA
:10B5100007D8A078800707D4012907D0042006E0C7
:10B520000226304605B0F0BD0C26FAE702200029BD
:10B5300000D108460290821D00263046394601920D
:10B54000FBF75EF8002827D007464068012101720A
:10B55000786845720298801C82B206213846FBF753
:10B56000A6F808213846049D2A46FBF7A0F8002DCE
:10B5700005D00A213846029A039BFBF7A1F80198EF
:10B5800078800520394600F0D7F8002806D03846E4
:10B59000FBF758F88126C4E78826C2E7A671A07891
:10B5A000FB210140A170BCE770B504462220104980
:10B5B000085CA0421BD90F4D296830200A5C521C40
:10B5C0000A543422544330314868001983781B07E9
:10B5D00005D5C378112B02D34B785B1E4B7046897F
:10B5E0000021F7F785FF2868406B0019468170BD80
:10B5F0001C2D0020002D0020FEB50C460546222003
:10B6000012490290085C00270326114B0195C1B234
:10B610008F4219D21968496B8A19D21E1288AA4220
:10B620000FD1FF2C02D0895DA1420AD1F8B2254684
:10B630001C46FFF7B9FF23462C46019D029803499B
:10B64000085C34367F1CE2E7FEBDC0461C2D00209E
:10B65000002D002000207047002070477047704781
:10B66000002070477047704780B5406901490AF073
:10B67000C6FA80BD79B6051080B50349C97A814202
:10B6800001D300F077FA80BD1C2D0020F8B50546E7
:10B690000120682108F000FB234F3860234EF07A28
:10B6A0001424214608F0F8FA01463868C162012DD9
:10B6B00010D15C300AF05EFB2225705D342108F069
:10B6C000EBFA39684863705D4000102108F0E4FA35
:10B6D00039688864F07A411C154D0122284608F02B
:10B6E000C9FA39680862F17A0222284608F0C2FADB
:10B6F0003D686862F17A0F4A072328460AF0A6F9E6
:10B70000386817210185318C172901D28620F8BDB0
:10B710004185F17A4C43C06A00212246F7F7E8FEE2
:10B72000FFF79AFFF8BDC046002D00201C2D002019
:10B73000182D002069B60510FEB50C46011F0646FF
:10B74000022921D86288002520462946FAF7AFFF52
:10B750000227204639463246FAF7A9FF2582E581BD
:10B76000257360686061A0616088001D6080207A38
:10B77000384320722046FAF7C3FE002814D06088B0
:10B78000001F608081250FE0A0253F280CD02038C5
:10B790005F2809D801A886802221044A515C817162
:10B7A0000194FFF75DFF05462846FEBD1C2D0020D5
:10B7B000F0B5C3B004460088FFF706FE00287CD031
:10B7C0000546207A0327074028692A460C32022FB3
:10B7D000039208D100282FD011888426042954D33D
:10B7E0000121029131E000284AD06688002E26D03F
:10B7F0000021019104A8029020463246029BFAF7EC
:10B800003DFF2869406800902046FAF762FF014634
:10B81000009808F0D4FBA98928693246029BFAF700
:10B820004FFFA8898019A88181B22869FAF713FF10
:10B83000039A0198608002E02C616088A8811088DA
:10B8400004281BD328690026029600210191FAF7EB
:10B850001EFF001D81B2AA898A4216D812D1296919
:10B860004880012000F032F800282DD02869842675
:10B87000A04226D10198A881286122E0002618E084
:10B88000002602E00298002813D0A8781021014376
:10B89000A9704220012102222B460BF06FFC28697F
:10B8A000002806D0FAF7CEFE002028610399002078
:10B8B0000880002E05D1012F03D12046FAF7C2FEE1
:10B8C0000026304643B0F0BD0198EEE7BCB50C460B
:10B8D00005464888001F48800846FFF702FE011F02
:10B8E00002290CD806281AD005281DD0042811D109
:10B8F0000420A08128462146FCF71CFE18E03F28C2
:10B9000008D020385F2805D86846057001940CF0EF
:10B91000FBFD0DE028462146FFF7DEFD0EE0284640
:10B92000214609F0E1FD03E02846214600F008F831
:10B93000002803D06188091D6180BCBD0020BCBD0A
:10B94000F0B585B00C4606460F883846FFF758FD1F
:10B9500005468048C17A8D4206D2142068437E4A4B
:10B960001268D26A101802906268107A0023012EC1
:10B970001CD0002E3CD11E468D4212D219280BD865
:10B98000012181407948014206D0734800680122B4
:10B99000774B29460AF0A5F8029A9078FD210140DC
:10B9A00091702046FAF74EFE3046D0E08D4200D32B
:10B9B000C8E0567A13281DD8012100918140674ABA
:10B9C000114217D0012821D01421634A1268D26A8B
:10B9D00013283ED0122800D0B4E0019308466843F3
:10B9E00010188378DF0766D14671208800229DE019
:10B9F0001846ACE001930CF085FD002800D191E0E1
:10BA000003A8057103940CF07BFD93E00127284601
:10BA1000394632460193FFF72FFD019B002800D0E5
:10BA200090E026884E480068806942215222032314
:10BA3000FAF7E0FF019B002800D183E0054631467C
:10BA4000061D30462246FBF77FFBF8020A3008212C
:10BA500058E0694350188078C00773D113212846F5
:10BA600032460193FFF708FD019B00286AD10821A7
:10BA70002046FAF70CFE019B06463A4800684F2123
:10BA8000405C80075ED52788354800688069422180
:10BA90004C220323FAF7AEFF019B002852D0054643
:10BAA00006738772300A6873380AE8722E1D009890
:10BAB000C002062126E05807019B43D4694352186F
:10BAC00012203146FFF7D1FC019B264800684F2128
:10BAD000405CC00736D02788214800688069422131
:10BAE0004D220523FAF786FF019B00282AD0054640
:10BAF000061D304639462246FBF7DEFA0098C002A2
:10BB0000801C0F21FF22727082223270020A6A7238
:10BB100028720020E871A97142202946FBF707F836
:10BB2000019B0FE0029846710022384631461346C9
:10BB3000FFF7DCFC019B122809D8012181400A4A49
:10BB4000114204D020461C46FAF77CFD204605B081
:10BB5000F0BDC0461C2D0020002D002002000C006E
:10BB6000B82C0020082D002005000400400094029D
:10BB70003075000070B514244443144D1448006817
:10BB80004F21405C000713D52868C06A065B114846
:10BB900000688069062202210B46FAF72BFF002875
:10BBA00006D001460C4848600E810220FAF7BFFF1C
:10BBB0002868C06A011900228A718A78F923134023
:10BBC0008B70005BFF21FFF717FD70BD002D00207B
:10BBD000082D0020B82C002045710610B0B50C4689
:10BBE00005460020FFF7F0FB002805D001218180E9
:10BBF0000580614261418170B0BD0000F8B5044626
:10BC0000FFF7FEFB05461048C07A85421BD20F4E57
:10BC10003068294609F02FFF14276F433068C06A47
:10BC20000025C553C0190069002809D0FAF70AFD9C
:10BC30003068C06AC01905613068C06AC019858162
:10BC40002046FFF70CFDF8BD1C2D0020002D002024
:10BC5000704770470348006894214058C06B0068E3
:10BC60007047C046082D00203321C90041430448D5
:10BC7000006894228058C06B406840187047C046E6
:10BC8000082D002010B5014600200D4A914215D024
:10BC90000C4A12683423D25C521C0B4B1B68942450
:10BCA0001B59DB6B5B68521E08D03324E4001C195F
:10BCB0005B8F8B422346F6D10448201810BDC04646
:10BCC000FFFF0000B42C0020082D002068FEFFFFBD
:10BCD00010B50446F1F789FF012809D10E20604311
:10BCE0000449096894228958C96B8968081810BDED
:10BCF000002010BD082D0020FEB53E4C2068942584
:10BD00004059C06B02683220002616543A484069F8
:10BD1000010C192901D3192000041060029250600F
:10BD200000F0BAFA20684059C06B0768FFF7B7FA0D
:10BD3000012801D01B2000E0FB203882FFF7AFFA7A
:10BD400004462920C0000090A9200501F1F74DFF0D
:10BD5000012C019507D10128284D009C0CD0284DBD
:10BD6000FFF73AF905E00128009C05D0FFF734F908
:10BD70002546012800D108357D82FFF790FA012879
:10BD800001D01B2000E0FB20B882FFF788FA0546AF
:10BD9000F1F72BFF012D07D10128019D17490DD087
:10BDA000FFF71AF9164906E00128019D294605D03A
:10BDB000FFF712F92146012800D108317C831B20AE
:10BDC0003883FD81BC817C813881F98201F030FBB0
:10BDD000F2F77EF8029802F0F1FB0A4C2068342159
:10BDE000415CF0B2884203D200F00EF8761CF5E711
:10BDF000FEBDC046082D00201C2D002090420000F2
:10BE000048080000B42C002010B53321C90041437C
:10BE10001C4A12689423D258D26B526854182E21AF
:10BE20001F226254802100226250302160548C21F4
:10BE30006250E32162544121FF2363542F210723E1
:10BE40006354A285012121850F49618719210904C5
:10BE5000A165E1652166214690311B224A8090232D
:10BE6000E2520A4A0A4B4B608A602922D2008A8138
:10BE700001F024FB204602F0B6FB7834204609F09E
:10BE800079FF10BD082D0020FFFF000048011B00B6
:10BE90001B004801F0B589B0012B00D0A2E000AB37
:10BEA00007C30F990E98039029204F4C205C421E27
:10BEB00090410843E17F089107F018FA0690E67A6E
:10BEC000049601271821494C3846A0472346484C80
:10BED000216894254959C863382138469847216814
:10BEE0004959C96B08603320C400304621463F4A97
:10BEF00090473F4909684959C96B4860089887408D
:10BF000001F0CCFAF8B20821384A9047384909685C
:10BF100008954959C96B0968242200268E54086285
:10BF200024314F700594049844430794069D089C5F
:10BF30000798B0421BD001273846294607F0ACFECF
:10BF40002B4909680959C96B4968891984228850A5
:10BF50003846294607F0A0FE254909680959C96BEA
:10BF6000496889198822885005983618E0E70098B2
:10BF70000128049C09D10E21204607F08DFE1C49A2
:10BF80000968089A8958C96B88600198012809D105
:10BF90000821204607F080FE15490968089A89584B
:10BFA000C96BC860029801280FD12021204607F0F4
:10BFB00073FE0F4D2968089A8958C96B08610120E2
:10BFC000112107F069FE296848660398012809D104
:10BFD0001C21204607F060FE05490968089A895827
:10BFE000C96B486109B0F0BD1C2D0020993C0610BA
:10BFF000082D0020882140580188024A0A4002800A
:10C000007047C046FFFE000084214058018801228D
:10C0100091430180704788214058018880229143D4
:10C0200001807047FEB50C468021415C49060CD466
:10C030008030218A6288521A93B2458AAB4209D96C
:10C04000207AF7220240227201E0218A257B10200B
:10C05000019005E0E069431E9841000101901546FA
:10C06000002902D1207A800701D4012000E00220BB
:10C0700002900E4800688C27C059001DE2895118B3
:10C080001F260E40A9198AB2A16907F066FF6061F8
:10C090002573064B1868C05930180199029A11434C
:10C0A00081701868C0593018C570FEBD082D002079
:10C0B000F8B505462C20285C012403283DD1288FA3
:10C0C00000283AD02846F8F7D7FB2946283188427D
:10C0D00033D12F462C375420385C0006800F2CD1EA
:10C0E0002846E3300078800727D42846FA300088B5
:10C0F000002822D138790124214601F033FC06467C
:10C100003879002101F02EFC304302D1288F441CE5
:10C1100013E0C920400028180188C9070DD0F98A0A
:10C120004088401A81B2022907D3441EA1B2288F49
:10C13000401C82B2914200D30446A0B2F8BD000078
:10C14000F8B50446FF250A4884420FD00026094F5F
:10C1500038683421415CF0B2884207D2FFF784FD91
:10C16000408FA04201D0761CF2E73546E8B2F8BD18
:10C17000FFFF0000B42C00208900401884214058A3
:10C18000801C7047002901D0022100E00321802299
:10C190008258CA40012010407047842140580188CD
:10C1A000012008407047882140580088C005C00F12
:10C1B0007047882140580088C0B2C0097047882164
:10C1C000405801880320084070470000FEB507462C
:10C1D0004124005DF8F7D6FD0546385DF8F7C1FD4E
:10C1E00092236C1EE1B2029792377025032605292F
:10C1F00032460195294605D861B28A001949895805
:10C20000194CA258029CE35A7C88401EC5B2052DE9
:10C2100006D840B28000134D2D580195124D2E586E
:10C220009340581800024721CD0040190F49E3F709
:10C23000FFFF0090B44001982018000240190B49FC
:10C24000E3F7F6FF0646FC8807F0A4F80099081803
:10C25000B1B28C4200D821464018CD300299C86650
:10C26000FEBDC0466CD5061054D506107102000004
:10C27000F8B50A460146074800689423C058C06BC9
:10C28000006802AB019303AB00932030012309F057
:10C2900013FE8FBD082D002080B50548006894214D
:10C2A0004058C06B0068203009F085FE80BDC04654
:10C2B000082D0020F8B50A46014607480068942377
:10C2C000C058C06B006802AB019303AB00932030F1
:10C2D000012309F034FE8FBD082D0020BFB50C46A8
:10C2E0000546FFF7B7FC3221405C002801D0002052
:10C2F00011E00A48006894214058C06B0168086A40
:10C30000496A03AA012300930192FE2295432A461B
:10C31000234609F06DFD04B0B0BDC046082D0020D5
:10C3200070B50D4604461A4800682C21405CC007D1
:10C33000C10E01D111220AE0164800683D22825C3C
:10C34000920624D53D30C07A800720D51F224E208A
:10C35000C0434140104800684069CEB203233146D3
:10C36000FAF748FB002812D00146847200200873B7
:10C370004D7208721220C871062088713E204871E3
:10C3800004200871200AC8723046FAF7D0FB70BD4D
:10C39000B42C0020082D0020B82C0020F0B58DB062
:10C3A0000446954800682C21405CC007C50E6F20EC
:10C3B000C6436E4002F083F8904909683D228B5CC9
:10C3C000202213403D31002866D0002B00D110E11F
:10C3D000887BC00763D0002D00D11222A08A0C9068
:10C3E000A77DE07D0890608A0B90208A0990A08943
:10C3F0000A902068059060680790A0680690207EEB
:10C400000390607E0490E589A07E02907C480068DD
:10C410000069F1B20A23FAF7EDFA002800D1E8E04A
:10C420000446019707461F37457203982073049806
:10C43000E07202982072280AA07220460D3006256C
:10C4400005992A466F4B98472046133006992A468D
:10C450006C4B98476B4B2046193007992A469847F2
:10C460002120099921542520089A22542046213060
:10C47000090A41700A99080A787039700B99080AFC
:10C48000787139710C99080A787239720198F871CB
:10C49000201D29212222A2E0002B00D1A9E0887AC8
:10C4A000800745D4487AC00700D1A2E008200543A0
:10C4B000E07D0C90608A0B90208A0990A0890A90F8
:10C4C00020680890207E0690607E0790E789A07E15
:10C4D00005904B4800680069F1B206232A46FAF736
:10C4E00089FA002800D184E00446054613354772D6
:10C4F000069820730798E07205982072380AA07297
:10C5000020460D3006220899F6F7E2FF0999080A3D
:10C51000A07561750A99080A687029700B99080A54
:10C52000687129710C986076201D0121132256E054
:10C53000002D01D01C2200E00D22E07D0A90678AC8
:10C54000208A0B90A0890C90206807906068099061
:10C55000A0680890207E0590607E0690E589A07E08
:10C560000490274800680069F1B20923FAF742FAFB
:10C5700000283ED00446039707461F3745720598AA
:10C5800020730698E07204982072280AA072204650
:10C590000D30062507992A461A4B98472046133036
:10C5A00008992A46174B9847164B20461930099987
:10C5B0002A46984721200B9A225425200A99215473
:10C5C000201D21462131120A4A700C9A110A7970F5
:10C5D0003A70039A110A79713A710A211F220423D1
:10C5E00023713E234370E171A271F0B22146FAF744
:10C5F0009EFA0DB0F0BDC046B42C0020082D0020DE
:10C60000B82C0020D1340510B0B50D4604461248B0
:10C6100000683D21415C89061CD53D30C07A000789
:10C6200018D50E4800684069A1212C220223FAF790
:10C63000E1F900280ED00146047285721420C871F9
:10C64000042088713E224A710871200A4872A12094
:10C65000FAF76DFAB0BDC046082D0020B82C0020B6
:10C6600010B5A823C150C9214900435A20241C43B6
:10C6700044524018428010BD10B5A423C150C921B6
:10C680004900435A08241C4344524018428010BDBC
:10C69000882140580188012212020A430280704713
:10C6A00088228058002907D0012903D00188102250
:10C6B0000A430280082100E0102102880A43028018
:10C6C000704788228058002907D0012903D00188AB
:10C6D00040220A430280202100E0402102880A43D0
:10C6E0000280704788214058018880220A430280D6
:10C6F000704788214058018804220A43028070470D
:10C7000080B588228058028803239A43028019400A
:10C7100002880A430280152009F03AF9F5F750FC27
:10C7200080BD10467047B0B504463225FFF792FA37
:10C7300044550020B0BD0000F0B587B00446007E2F
:10C74000617E09020E18721E082A00D30822A07EFC
:10C750000490E07E0390607D0121274F0191B8474E
:10C760000546A07DE17D09020818002106913246A8
:10C77000B8473346029606462E431920C2010621C9
:10C7800018460592B8473B460546354303980002D4
:10C7900004994718FF22F43238460699984706460E
:10C7A0002E43781C02994843800881B20A2900D898
:10C7B0000A21207F627F12021018059A0E4DA847A9
:10C7C00006432320215C1F20084005211022A84792
:10C7D000304301D006980CE0204622300078C00695
:10C7E00006D11E202228F5D0215C401C0029F9D05A
:10C7F000019807B0F0BDC0462D2F0610FEB50446C7
:10C80000C9204200A05AC30725462C35002B7FD0F3
:10C81000A6187288511A0B0404D008B2002877D5E4
:10C820002820FEBD41050FD4010716D4800638D458
:10C830002879F1F736FB00285FD028790121002202
:10C84000134603F01BFA58E028791146FFF700FA67
:10C8500030883249014031804FE0606CAF6F7968B9
:10C8600040186064B9683A682878022802910192F9
:10C8700028D1687DF8F786FA042801D0062800D16F
:10C880000220029B796999420A4600D31A46226522
:10C8900080002018816501984008616C0818606468
:10C8A0001AE02746E237E96F687DF8F7C3FA38786F
:10C8B000012804D1E96FBC34204601F071FC3088B6
:10C8C000202118E0FFF7C6F9029B019961634068D7
:10C8D000984200D318462065F86820873869E16CD3
:10C8E0000A186266A066994203D0E364204601F00C
:10C8F0007AFE308808218843308030880221014345
:10C90000012081433180152009F042F8F5F758FBEA
:10C910002879F1F7F5FA0020FEBDC046FFFB0000C4
:10C92000426E511A4166491E01D400207047802191
:10C93000405C800601D5082070473E20704780B5D6
:10C94000FFF792F92C210022425480BD10B50C460D
:10C950000146020A12200E2A11D81A2C0FD80122E1
:10C96000A240084B1A420AD00846FFF78BF900286C
:10C9700006D0112109014018214600F0A5FF10BD85
:10C98000022010BD2000080410B504462D202154BB
:10C990002D34207D06F090FF207D06F0DFFF10BDD6
:10C9A000F0B5ABB00746C07AFFF75EF90646FFF771
:10C9B00051F91E903D682220295C1F2216921140D9
:10C9C0002954687D1090A87B1F90E87B1890287CE4
:10C9D0001A90687C1C90A87C1790E87C1290287DA7
:10C9E0001590A87D0A90E87D0E90287E1490687EB0
:10C9F0000F90A87E1190E87E0C90287F1390687F9E
:10CA00000B9028781B90284622304478B87BF8F7A2
:10CA1000B9F9209005F0DCFF0D904220002232523F
:10CA20002D203254F0203250EC203254E4207F216B
:10CA300031542F2007213154099416980440312095
:10CA4000199434542197B87B41217054F87A3021DD
:10CA50007054882030580260842030580260802052
:10CA6000089032503746F0371D927A6001243485A1
:10CA70000F98000214994018149080B203210F916E
:10CA8000890241434002F0640B980002139A801817
:10CA9000139080B200037166B06612980002179975
:10CAA0004018159909044018159070650C980002FB
:10CAB000119940181190308706F026FC219BED213A
:10CAC0000C9474547087192000013018179018982E
:10CAD00000021F9940181A99090440181C99090668
:10CAE0004018189030462C301F903246E2321E35E6
:10CAF0001A950D980128129206D1187C012803D1AD
:10CB000020201B99084004D1187BFE2101400229F6
:10CB10001BD101201070987B1A9C2146F8F78AF9E6
:10CB20003546BC352846214601F03AFB1F98407D2A
:10CB300000220092189901910292294619921346F7
:10CB400001F049FB219B1D9001E01D9810703446B7
:10CB500090349F20B877F948B883F9487883179ABA
:10CB60001088202188431080D87AF1F7B9F929205C
:10CB7000C500A9200701FEF792FB0128209916D1D4
:10CB80001E9800891B280DD1042907D11E98C08941
:10CB9000B84207D11B20A08020800EE01E9880891B
:10CBA000A84204D0179B1888089A104318801B20AD
:10CBB000A0802080042900D02F460E9805022781EE
:10CBC000E780A7811B2060816080678227821E9F8B
:10CBD000F88A1C94E081219CE07A02F035F9E07A31
:10CBE00003F03AF8E07A01F0C8FE3846314601F029
:10CBF000EFFCE07A03F034F8E07A01F062FC3046B2
:10CC000002F0A0FE11200001301800F06DFE209807
:10CC1000F8F7ABFA217BCB4A12681768032904D0D6
:10CC200002290BD1381A3E3812E00E21209C2046F2
:10CC300006F05AF9381A3E38219F0BE02199497BBA
:10CC4000381A002901D0903002E0812149004018B3
:10CC5000219F209C1B9B0A995A066918042C0F9D42
:10CC600007D03D7BFE232B40022B0C9D00D11D469F
:10CC70001B9BDB090D93D20F0E9269184D022918E8
:10CC80003B68787B00282BD00C911B9309984409B2
:10CC900006F046F907461794204601F0B7FC032139
:10CCA0001F9A1170109949027163C0197085F16C57
:10CCB0001E9A5268914200D31146316580B22946CE
:10CCC00006F009F90D304100726B8A181B9B9B1C02
:10CCD00002210F910E991E91219F1C9C0C9D1AE020
:10CCE0000D4602211F98017000207085042C00D091
:10CCF000214689007118896DF26C8A4200D30A4678
:10CD00003265109909026D18083385210F910D992C
:10CD10001E9117901C9C7564B06422A8002181802C
:10CD20001B912291874800683D21415C8906109241
:10CD300006D53D30817BC90704D1807A800701D4B4
:10CD40001E9F38E0786801681D46FE230B4022AA2A
:10CD5000022B00D01546C9B21E91797B00290CD058
:10CD600022A90D9A002A16D039684A7BC0231340A5
:10CD700022AA402B0ED011460DE022A90E9A002ABD
:10CD800009D03A68D179C0230B4022A9402B02D1A7
:10CD9000911C00E00831BA7A24AB9A753A899A82DC
:10CDA000259526911E9AFE2A03D003210A40174694
:10CDB00000E00127431C1B9D6562012038402421AF
:10CDC0006054A56220462430401C062219461C46A9
:10CDD000F6F77EFB24A8857607761799C175139917
:10CDE00041821199018214998181718FC181219FA2
:10CDF000797B41762494FFF7D1FAF87B002803D0A1
:10CE0000B97A708FFFF78CFA12980178708FFFF75C
:10CE1000FBFB1C99486A896AFFF72AFA7C7BBF7B77
:10CE20003846F7F7C0FF1E903846F7F7D1FF38466F
:10CE3000209D2946F8F74BF938462946F8F7DBF8E4
:10CE400038461A99F7F7F6FF38461899F7F7E0FFD2
:10CE500038461D99F8F765F938461999F8F742F8F8
:10CE600038461599F8F717F838463146F8F71DF99E
:10CE70003546143538462946F8F7ABF838461E993A
:10CE8000F8F73AF9FEF7A8F8002802D13846F7F784
:10CE900045FE3846002C02D0F8F78CF801E0F8F790
:10CEA000F5F834462834FEF7FAF9FF2101280DD0B1
:10CEB000209101F0BAFA2099012807D001F0A6FAD2
:10CEC000012801D0169901E01B98C143C9B2384628
:10CED000F7F7F3FF304621463A4600F035FA0021D5
:10CEE00028463A4600F030FA3046F7F7F6FD284675
:10CEF000F7F7B1FD2198817B2091407C3446443482
:10CF00001CCC1F998D78CF780F4907910F49069156
:10CF10000F4905910F49049103970295D11A019188
:10CF20000094002801D00D4C00E00B4C109B0F9A90
:10CF300020983146A0472BB0F0BDC046FF0400004A
:10CF4000FBF70000082D002023850610B18606108F
:10CF500059850610E3850610813806101D34061029
:10CF6000F0B589B00446FE26855BC76CF6F79CFBDE
:10CF7000E321625C324062543521090146187D4349
:10CF800068003018EFF3108172B6616CC943401825
:10CF900000D487E007972046E2300890304606F03C
:10CFA00079FA002804D041490968C97B03296FD167
:10CFB0000690204631300590204642300490606C47
:10CFC000801B002608214AB2002A0CD4CBB22A4684
:10CFD0009A40904202D301279F40F619821A00D34B
:10CFE0001046491EEFE70899888B4643049A10883B
:10CFF000801B1080B5B2059F387C097801290FD1BC
:10D000001646F7F7D6FD36883A7C00230093019048
:10D0100002932146BC311046324601F0DCF810E0A4
:10D02000F7F742FE2521081A089046433878301851
:10D0300080B201F0A5F838700899081880B201F0A4
:10D040009FF80146387CF8F76CF807984543606C08
:10D05000401B6064608D294605F03DFFA26C824252
:10D0600004D9121A0D2A00D80D22A264606E40194C
:10D070006066E06E51000918606C821A387C06F018
:10D08000B1F9069800280DD1387C06F025FA09E0A0
:10D09000089A5078012101435170142008F078FC5F
:10D0A000F4F78EFF62B609B0F0BDC0460C2D00202B
:10D0B00010B500242046FEF7D7FD0A49096834223E
:10D0C000895C2C30A14207D00278002A06D0332296
:10D0D000D2008018641CF5E7FF2401E001210170F3
:10D0E000E0B210BDB42C0020F8B505460088FEF76C
:10D0F000C9FD002811D0044606462C36EFF31080F7
:10D1000072B620467830294608F038FE3078032879
:10D1100005D12046FFF724FF1AE00220F8BD707DFC
:10D12000274D2968497B884212D1F6F7BDFA296854
:10D130000968C943401801218902401808D5706D5B
:10D140004021014004D12046FFF733F8002802D0E7
:10D1500062B68420F8BD2046F7F78EFB05462046D0
:10D16000283085420AD001212046FFF705F8854284
:10D17000EED02878102101432970E9E711480068B2
:10D180008C214058A66F318AF28951181F220A401B
:10D190001718BD1C20462946F7F7ABFB2046314641
:10D1A000FEF740FF6667F8780028D1D001212046BD
:10D1B000FEF7E8FF0128CBD16878001D6870C7E74B
:10D1C0000C2D0020082D0020F0B585B00F46044638
:10D1D0004120205CE221615C25462C3501290DD1DE
:10D1E000F7F7E7FCEA8A6E7D002300930190029333
:10D1F0002146BC31304600F0EEFF10E01646F7F74E
:10D2000053FD04970746464368793618B0B200F0DC
:10D21000B7FF6871F01B049F80B200F0B1FF0146B8
:10D22000687DF7F77EFF287802280CD12046F7F7B3
:10D2300005FC2046F7F76CFB687DF7F727FF626C6B
:10D24000216D687D2DE0A66C608D394605F043FEAA
:10D250008019A16C002900D10D30E16C49083E39DC
:10D26000884201D9082022E0A064616B40000029B7
:10D2700001D00F1805E0E16E0818276DB84200D8FC
:10D280000746264614363046F7F7D8FB3046F7F700
:10D290003FFB687DF7F78EFE606CA16C421A687DDB
:10D2A000394606F09FF8608E401C6086002005B06D
:10D2B000F0BD000070B5044606462C360546AC3578
:10D2C000F0F793FC01280BD130790E2141430E4831
:10D2D000006894228058C06B80684018C07900E0D4
:10D2E0000120F7F742FF09494843000A103028603F
:10D2F0003278032A07D1626BA36C5B009A18514302
:10D30000090A0818286070BD082D0020710200006D
:10D3100070B500242046FEF7A7FC0546094E30688C
:10D320003421415C8C420CD2E321695CC90703D0F3
:10D330002846FFF715FE30683321C9006D18641CBC
:10D34000EEE770BDB42C002070B516460D460446BD
:10D35000F7F79FFA2046F7F7B7FA2046F7F7F0FA03
:10D3600020462146F7F72AFB2046F7F75BFB2046CD
:10D370003146F7F73FFB2046F7F789FB2046F7F7E2
:10D380005DFB2046F7F7C4FA2046F7F70AFB002DAD
:10D390000DD0942000210A46F7F70EF901462046E9
:10D3A000F7F766FB20462946F7F7A3FA70BD124847
:10D3B000006890214558962001210022F7F7FCF8DB
:10D3C00001462046F7F754FB2046F7F7C5FA2046FA
:10D3D000F7F7DAFA2046F7F7CBFA2046F7F7A4FA80
:10D3E000A91C2046F7F785FA2046F7F70EFB2046E2
:10D3F000F7F766FB70BDC046082D002003480068A3
:10D4000094214058C06B006834307047082D0020CC
:10D410003321C90041430548006894228058C06BFD
:10D42000406840181121090140187047082D00205C
:10D4300010B501201249134CA04703201249A04700
:10D4400005201249A04708201149A0470020114992
:10D45000A04702201049A04702F045FAF0F731FD3D
:10D4600001F030F801F0EAFC02F00BFC01F08BFA5D
:10D4700001F095FA01F0C3F801F09AF810BDC0462A
:10D4800055EE05100DD9051015F60510F508061016
:10D49000E1FB0510B5E9051069E8051080B512201B
:10D4A000042106F0F9FB0449096894228958C96BE4
:10D4B0000968486380BDC046082D00203321C9009B
:10D4C00041431048006894228058C06B406840185F
:10D4D0001121090141180222002A09D00023CB8022
:10D4E000FF234B717D235B040B604031521EF3E739
:10D4F000CB214900FF224254192109010022425048
:10D500007047C046082D0020491C514306224A435B
:10D51000101880B270478221425A80239A434252A7
:10D5200070478221405CC009704700002A2804D857
:10D53000032141430248405C704714207047C046B5
:10D5400084D5061010B50C46FFF762FFA101401804
:10D55000007910BD10B5002306A11A46042B03D094
:10D560008C5C531C8442F8D1042A01D3002010BDE6
:10D57000012010BD0100161F4142484170470000C4
:10D580002A2805D803214143024840188078704773
:10D590001420704784D5061070B50D460446164811
:10D5A00000682C21405CC007C10E01D1052206E0B5
:10D5B000124800683622805CC0061CD515226F20F8
:10D5C000C04341400E4800680069CEB20223314694
:10D5D000F9F710FA00280ED0014604728572002077
:10D5E000C8710420887105224A710871200A4872A6
:10D5F0003046F9F79CFA70BDB42C0020082D0020AD
:10D60000B82C00208221425A802313434352704792
:10D610004B424B41990140188179CB070020002BE8
:10D620000BD0022A05D0012A05D0002A05D188078F
:10D6300002E0080700E04807C00F7047B0B5144685
:10D640000D46FFF7E5FE022C08D8A9014018801D01
:10D65000E100034ACA40017811430170B0BDC046E1
:10D6600002040800B0B5034600202A2B67D8032423
:10D670005C43364D2C1964788C4260D1D11E4842EF
:10D6800048412A2B5AD89A0001A39A589746C04677
:10D690003FD705103FD705103DD705103FD70510E0
:10D6A0003DD705103DD705103DD705103DD70510D6
:10D6B0003FD705103DD705103FD705103DD70510C2
:10D6C00041D705103DD7051045D705103DD70510AA
:10D6D0003DD705103DD7051041D705103DD70510A2
:10D6E00041D705103DD7051041D705103DD705108E
:10D6F0003DD705103DD7051041D705103DD7051082
:10D7000041D7051041D705103DD705103FD705106B
:10D710003DD705103DD7051041D7051041D705105D
:10D720003DD7051041D7051041D7051041D7051049
:10D7300041D7051041D7051041D705100020B0BDD5
:10D740000120B0BD481E81410846B0BD84D50610F9
:10D75000B0B5034600202A2B00D9B2E003245C4375
:10D76000584D2C1964788C4200D0AAE0D41E604237
:10D7700060412A2B00D9A3E0990001A251588F469D
:10D78000C3D80510C3D805102DD80510C3D805106F
:10D7900031D8051031D805102DD805102DD8051019
:10D7A000C3D805102DD80510C3D805102DD80510E5
:10D7B0002DD805102DD8051031D80510C1D8051069
:10D7C000C1D805102DD805102DD805102DD805105D
:10D7D0003FD805103FD8051051D8051057D805106F
:10D7E00061D80510C1D8051045D8051045D80510D9
:10D7F00067D805102DD805102DD805104BD8051069
:10D800006DD805104BD8051077D8051039D80510FC
:10D8100039D8051039D805107DD8051087D80510DE
:10D820008DD805109FD80510AFD805100120B0BDC8
:10D83000601E84412046B0BDFDF733FD3DE0FDF79D
:10D840002EFD3AE0FDF7C8FB37E000F0DFFD1FE0FA
:10D85000F0F7CBF931E0601E8441F0F7C6F922E021
:10D86000F0F7C3F914E000F0E0FD22E0601E84410F
:10D8700000F0CCFD17E000F0C9FD1EE0601E844101
:10D88000FDF726FD0FE0FDF723FD01E001F079F83B
:10D890000146401E8141604260410840B0BD601EAB
:10D8A000844101F06EF8411E88412040B0BD00F077
:10D8B00006FE002804D0FDF707FD411E8841B0BDDB
:10D8C0000020B0BD84D5061080B58022825A920710
:10D8D00008D480308171152008F05AF8F4F770FBF5
:10D8E000002080BD3A2080BD0021802908D07D2203
:10D8F00052044250421801231B02D3804031F4E706
:10D900008021425A0123134343527047B0B50C465D
:10D910008500FFF773FD00684451B0BDB0B51446F3
:10D920000D46FFF775FDAA0181180B79A34204D1BA
:10D930007D235B04835000208871B0BD70B51C4608
:10D9400015460E46FFF764FDB10140180571002C25
:10D9500001D0212100E001218279DE231340C91882
:10D96000817170BD10B50C46FFF752FDA101401842
:10D9700081790120084010BD10B50C46FFF748FD25
:10D98000A1014018083010BD10B50C46FFF740FD4E
:10D990008221425A012313434352A1014018817945
:10D9A00040220A43827110BD10B50C46FFF730FDCE
:10D9B000A1014018817910220A438271152007F0D5
:10D9C000E7FFF4F7FDFA10BD10B50C46FEF74CF971
:10D9D000A10141188B2252008B5C40241C438C54C3
:10D9E000FEF787FE10BD10B5FEF73EF90446002194
:10D9F000FEF7C2FB8078FF219831605419200001A6
:10DA0000215A10220A43225210BD70B502467D20D1
:10DA1000430400200446802C12D01519AE79F60775
:10DA20000BD02D79FD26354207D015596E1E06D430
:10DA30009D421E4600D86E1A16514034EBE7222054
:10DA400070BD000070B500242046FEF70DF90546B4
:10DA5000094E30683421405C84420CD2284600F0E4
:10DA60000DF8002802D0284600F008F83320C00046
:10DA70002D18641CEDE770BDB42C0020F0B58DB0FE
:10DA80000746ED20385C39462C310028079161D0DB
:10DA9000FF2403945634192000013D183846FEF740
:10DAA0008EFB03280AD12888010707D50021E971D8
:10DAB0000822904328803846FEF722FE0B9538193D
:10DAC0000490384600F01EFA00280A9774D01120FE
:10DAD00000013D18079804790121002628463246A6
:10DAE000FFF796FD0746284631463246FFF790FD80
:10DAF00038430A9F60D10C9400213846FEF73CFB66
:10DB00000646417884780798027820460991FFF705
:10DB10001FFE00284AD00498807804280AD104986F
:10DB20000078A04248D001223046294600F0F9F999
:10DB3000002841D10398163038188178042900D183
:10DB4000D3E1012935D10798027820460999FFF7DA
:10DB500089FDD3E148780024002800D1C2E13E4687
:10DB6000B436B86F3D467835497D0C91002801D018
:10DB7000F8F7A6FC284608F0FDF803CEFEF79AFB5E
:10DB8000079D6978788FFFF707FD384602F010F897
:10DB90002879FEF739F9287900F0D2FC002800D165
:10DBA000A0E1012028700C9868759BE10C98FFF7A4
:10DBB0001AFF3846FEF728FA452080003C1811204D
:10DBC00000013818069000200890C5430B9E012DD7
:10DBD00000D186E1681C0C9030880321099108402F
:10DBE000012808D1B079FF2805D03846FEF7E7FABA
:10DBF000002800D1ACE0E078401E042800D93AE1CA
:10DC00007844007940008744022B617D9200002D0A
:10DC100000D1BCE00A9800F075F9002800D12AE193
:10DC200004988078042804D10B980088400700D419
:10DC300021E1002101220A9800F090F900280B9DB3
:10DC400000D111E1079800790021FFF78BFE002831
:10DC500000D109E1A078400600D403E1052002E1EB
:10DC60000A98FEF7ACFA05900C98C6B20122069FFE
:10DC700038463146FFF7CCFC05460022384631468F
:10DC8000134600F057FAA178C90600D4F3E00599CD
:10DC9000002900D0EFE0002D00D0ECE0002800D0FB
:10DCA000E9E0207800F05EFA074601250A98294647
:10DCB000FEF762FA034607980079062231461E46AF
:10DCC000B847A078C1076AD1E570D4E00A98FEF79A
:10DCD00076FA032800D0CEE0207800F043FA06461A
:10DCE000079800790C99C9B200252A462B46B047FF
:10DCF00060700A982946FEF703FDA078C10768D135
:10DD00000120B7E00A9800F0FDF8002800D1B2E049
:10DD10000C98C5B203220A9E3046294600F01EF92F
:10DD200000285DD0A078C10776D1012093E00B9840
:10DD30004088800700D49EE0207800F013FA002885
:10DD40007BD006460B98408840076DD508226CE0D2
:10DD5000012638463146FEF70FFA022181704170E4
:10DD6000099A02700B9A9279C2700B980088084346
:10DD70000B99088038463146FEF7C2FC07980079B7
:10DD80000422002331460B9EFFF7D8FDA6E004983D
:10DD90004078C0076FD00220049988706BE0099921
:10DDA000E17003996170EF210840A07001250A9885
:10DDB0002946FEF7A5FC70780821801CC0B20091AE
:10DDC00001900296002029462A462B46F8F70DFEC0
:10DDD00051E040063CD46078FF284AD0042049E056
:10DDE0002846FFF7C9FB0B9909884A072BD4820103
:10DDF000B218039B1833D25C042A03D0002822D126
:10DE0000012A20D1042001430B980180152007F03E
:10DE1000BFFDF4F7D5F82EE040061BD46078FF284C
:10DE20000B9A1AD1022017E00722079800790C9963
:10DE3000C9B20023B0470120E0700B9A5088062138
:10DE40008843508017E0042081430B98018012E042
:10DE500005200FE005200B9AE0701088042188430C
:10DE6000108008E00220E070288804218843288080
:10DE700001E00220E0700B9E3088C0060A9F26D584
:10DE80003846FEF79CF9002821D10021012206988E
:10DE9000FFF7BEFB00281AD1012638463146FEF7AF
:10DEA0006BF90721817002214170099901700B996A
:10DEB000C979C1700B980088082101431020814363
:10DEC0000B980180384631460B9EFEF719FCE0782E
:10DED000FE210140022901D10120089040340C9D0F
:10DEE00075E6089CE0B20DB0F0BD0078A04200D10C
:10DEF00062E600223046294600F013F8002800D0E0
:10DF00005AE656E610B50446FEF747F9002804D055
:10DF10002046FEF754F9032801D1002010BD01204E
:10DF200010BD70B5920189180E794088C1B20124E4
:10DF30000D2901D1012E0FD0112901D007290AD1B5
:10DF4000050A2846FFF7F2FA864204D12846FFF771
:10DF500017FB002800D10024204670BDF0B58DB01D
:10DF600005920E4604463020205C0C9000210A9158
:10DF70002046FEF701F94178049111210901079427
:10DF8000641809904788FAB2012520463146089264
:10DF90002B4600F0CFF80A9A0B90F81FC0B20B285E
:10DFA00000D31546624FC7402F4020463146FFF749
:10DFB0002FFB0546B00120180690407903900A9681
:10DFC0003046FFF7D9FA0646800121184879C97909
:10DFD0000B9A002A07D0042911D1089988420ED142
:10DFE000002D04D114E0002D12D004293BD1002FC4
:10DFF00033D0099821463246FFF793FF31E00C9861
:10E000003146FFF79FFA054601200B90042432E0C9
:10E0100000250598032854D001284DD1079F384684
:10E020002C30027808980499FFF71CFB0028099E01
:10E0300042D001240C982146FFF794FC00280B9451
:10E0400071D0AB204000381805780898FFF782FAA5
:10E050000121002863D10C4662E00899401A411E54
:10E06000884100282BD00C983146FFF76BFA054603
:10E0700001200B900524079F099E70781021801CB9
:10E08000C0B2009101900296012100200A46034689
:10E09000F8F7ABFC284600F065F8002808D00546E4
:10E0A00033460698461D0C980A992246A8473070B8
:10E0B0003846FDF7A9FF0B9D28460DB0F0BD0025A1
:10E0C000FAE70B950C980A9D2946FFF73BFA059055
:10E0D000002F0CD0099E304621462A46FFF721FF2B
:10E0E0000028079F0B9DE7D003240B9008E00898B9
:10E0F00003998142079F099E04D101200B900324BC
:10E10000059DBAE705980128D5D13846FEF74BF8AA
:10E1100000280B9DD0D0012505240B95ADE70224E6
:10E12000A80600D40C460898FFF700FA0546A4E7B5
:10E1300041040000B0B50C460546002B03D0104644
:10E14000FFF708FA04E0A001281880798006C00FC4
:10E15000002805D0022228462146FFF759FAB0BD13
:10E160000020B0BD10B501461239032901D20020AC
:10E1700010BD8400FFF742F90068005910BD00008F
:10E1800006494143090C2422D2434A43101881B264
:10E19000242900D92538C0B27047C046EB060000DC
:10E1A00070B50D460446401C002625223146F5F781
:10E1B0009FF93046252E0CD207213140F208AA5C87
:10E1C000CA40D10703D0C1B261184E70401C761C02
:10E1D000F0E7207070BDF0B58BB0059317460D4683
:10E1E00009A9F6F7F6FC119C10980690002818D0A3
:10E1F0000495129E00250698A84210D0049803901A
:10E2000009A8029008A8019007A80090EBB2204648
:10E210003946059A00F012F870556D1CEBE730781E
:10E220000AE0039509A8029000220192009220467C
:10E230003946134600F002F80BB0F0BDF0B589B0D6
:10E24000154608AA00261670002D06931A4600D11E
:10E250002A46070C474011980790002D04D100234F
:10E26000069801281C4638D81098059079405140EE
:10E270000C46022E07D8A0B200F04EF811214143FF
:10E28000CC19761CF5E72046784086B23046FFF779
:10E2900077FF242815D8C108059A525CC900411A95
:10E2A000C9B2CA40D1070CD008A90870079A511CFE
:10E2B000127800239A420DD0CE5C86420BD05B1CB4
:10E2C000F8E7079908784643330CC818407808A93E
:10E2D000087000E02523002D0ED10F990E9808AD8F
:10E2E000BAB200900192079802900395A2B2DBB2F5
:10E2F000069800F00FF8287809B0F0BD10B5044674
:10E30000012007F05FFEC0B22178E2F717F860182D
:10E31000407810BD7047000041000A4A0A4040089A
:10E320000949014088188100084A0A4080080849C4
:10E33000014088180101074A0A40000906490140C6
:10E3400088187047AAAA010055550000CCCC0700D8
:10E3500033330000F0F000000F0F0000B0B50124CF
:10E36000204602F021FD0546204600F008F928432A
:10E370000AD106480068942140580C3007F01BFE73
:10E3800000F0AFF80020B0BD0C20B0BD082D00207B
:10E39000F0B587B00C46054606910590012630463B
:10E3A00002F002FD0746304600F0E9F838431DD17F
:10E3B000E8B2FF2805D10590FF2109060C4006941C
:10E3C0000546104800689421405803A9019104A90A
:10E3D00000910C3001232946224607F06DFD0028EC
:10E3E00006D005A8012100F07BF805E00C2006E02E
:10E3F00003A80078002801D0002000E0072007B023
:10E40000F0BDC046082D0020002070470020704756
:10E410007047002070470020704700207047704709
:10E42000002070470020704770470020704710B5EB
:10E43000846F00F009F8FF2804D0C000E169096882
:10E44000081810BD002010BDFEB5846F267D8A1B04
:10E45000457A00D25219D3B2174F3F7FAF4200D353
:10E460002F46BB4224D20293254622350F4623462F
:10E47000423329780191697800911B78394601254A
:10E48000BE422E4608D919466A23C05A238CC01AA8
:10E490000B4639464642464102988540019805425E
:10E4A00006D00098054003D18B4201D0002E00D148
:10E4B000FF22D0B2FEBDC0461C2D002070470020B8
:10E4C0007047704780B509200021FFF71FFA80BD13
:10E4D00070470020704770477047704700207047B2
:10E4E0007047704770477047704770478C214143B1
:10E4F00004480068942280584068806B0068006877
:10E5000040187047082D0020704770477047000082
:10E5100010B5012810D101290ED1012A0CD10024F7
:10E520002046FFF7E3FF14300449897F002903D018
:10E5300004608C30491EF9E710BDC0461C2D002038
:10E540000020704702480068942140584068704796
:10E55000082D00207047704710B50446FCF7B4FE44
:10E56000012808D1601E062807D8FFF7EBFFEF212E
:10E570004454002010BD112010BD122010BDB0B5B4
:10E5800005460024FCF7A0FE01280DD1FFF7DAFFB5
:10E59000EB21415CC90707D0002D04D0EA30007898
:10E5A0000124044000E001242046B0BD0020704753
:10E5B00080B511200021FFF7A9F980BD0021034A91
:10E5C0008162C2621921C901018670470100010000
:10E5D00080B5034601200002081828330A22194694
:10E5E000F4F776FF80BDF82100224250F830012177
:10E5F000090441607047704770470020704780B53C
:10E6000010200021FFF782F980BD00004007000FB5
:10E610000149085A7047C04606D60610801EC0B28F
:10E62000032801D3002002E0C1000248C840C0B264
:10E630007047C0460104060080B500F00BF80002E8
:10E640002721C90040180249E1F7F2FD80BDC0460C
:10E650007102000010B5801EC3B2022B06D840B272
:10E66000830006A0C05808A4E35801E0502003230B
:10E6700099400818D100401810BDC0462C00000079
:10E68000D0020000CE0100000200000006000000E1
:10E6900004000000F0B591B01746189A00921A468F
:10E6A00008900028079119D0164608466D30CD6FA6
:10E6B000C722002F03D107998C6FE7890799AA5CBD
:10E6C0000C928A880692009A16803246007805904D
:10E6D000086D01900820049009200FE00846B8302A
:10E6E000002F00D1CF8DC17B0C91008806900120B6
:10E6F00005900020019003200490042003900898C6
:10E700004542454100207F33044600D017980C99BC
:10E71000022901D30A9401E014210A9108990029E1
:10E7200001D108990A91002B01D016990A91012173
:10E730000B9123461094029406460997BFB2002F0E
:10E7400004D1002D02D110B200285FD40B98C0B2C2
:10E75000002815D01546012803D102200B900498FB
:10E7600002E000200B90039806990C9A059B04F098
:10E770005BFAC0B20899079A04F0F2F9431C2A46E2
:10E7800010B200240D900028204600DC032099B22E
:10E79000CF190546FF35AF420F940E9601D8381AAF
:10E7A00000E0E0431C46164691B2002900D10A91D0
:10E7B000C1B20A98C2B20C98FFF73EFF1099081830
:10E7C000AF4204D80F9D2F463246234605E0099FED
:10E7D00023463F19FF3F32460F9D0E9C0D99CD30C9
:10E7E0001090C813C043121820062846A4D00198E0
:10E7F0001099814204D90298C0B20099088000247F
:10E800000298401C02900025204695E710980028A9
:10E8100000D0CD3811B0F0BDB0B5014600791F2849
:10E8200011D8002002460346252A0FD007241440A1
:10E83000D5084D5DE540EC0703D05B1CDCB2022C33
:10E8400003D0521CF0E70020B0BD0120B0BD000095
:10E8500080B5044909689422895848310522F4F7A3
:10E8600037FE80BD082D0020F0B585B01F46144648
:10E8700005460391FFF780F802902846FDF7F4F96A
:10E88000611E062974D806462C30C04679440979A1
:10E8900049008F4403036D2F6D345F000078032817
:10E8A00066D1FC1C2046FFF7B7FF012858D1387A03
:10E8B00001907F7A05222046029C214607F0F0F95C
:10E8C00038020199401882B230462146FDF7C8FE51
:10E8D00000240226284621463246FEF7AFFE0123D9
:10E8E000284621463246FFF729F828460399FFF7C4
:10E8F0004BF83DE0B878012836D02A2135E0314682
:10E90000FE310A88318FC08AFEF7FEFD04A901910D
:10E910000880029C20462946FFF79AFF0120B87024
:10E920000820787003203870F91C0522204607F073
:10E93000B7F908370222019C2046394607F0B0F9A2
:10E94000228830460299FDF78BFE28460399FFF78F
:10E950003BF80DE0022228460399FEF7DFFF07E0AF
:10E960002846FFF740F803E023213046FEF70CF875
:10E97000FF2005B0F0BD00207047704770470020B1
:10E9800070470020704710B50C2000242146FEF788
:10E99000BDFF0D202146FEF7B9FF10BD704710B531
:10E9A0000E2000242146FEF7B1FF0F202146FEF77E
:10E9B000ADFF10BDF0B591B00C93144605460B9118
:10E9C000FEF7DAFF0A902F462846FDF74DF9611E43
:10E9D000072900D9D6E005462C350646FE36C04646
:10E9E0007944097949008F440303CD1FCD2C7BC89E
:10E9F0002978032900D0C5E009900C9C63892289FD
:10EA0000E18830880E460021009101910290304645
:10EA1000314608921D4600F00DF9002800D1B4E0FF
:10EA20003846FEF7E0FFADE00C998B7823210F2BE1
:10EA30000A4600D02A22002B00D01146FDF7A4FF81
:10EA4000A0E00C99891C07910446FDF703F9089092
:10EA500032880994218FE88AFEF756FD0546282062
:10EA6000012106910A9C2154208B618B08184008D3
:10EA70001090A08B0490E68B0DA8077110A90F9140
:10EA80000D94EFF7E7F9109820830595290489196B
:10EA9000664A049D2B04034307980CC00160644838
:10EAA0000C9908800320400232032146E560226170
:10EAB000069A520205C408980068628B1202083C4C
:10EAC000904200D31046486110984002886009982F
:10EAD000059AFDF7D1FD38460B99FEF775FF51E019
:10EAE00028210A9E715C01293D4643D104460DA8A8
:10EAF00005710D96EFF7BAF94A4800683D21415C6F
:10EB0000890632D53D30407A40072ED5F08B0C90E7
:10EB1000B08B0990378B668F43480068006980216D
:10EB2000242204242346F7F765FF00281DD0014660
:10EB30000B304E7207700A97099F4F730C9B03713D
:10EB400000220A720322CA710A228A713E224A7185
:10EB50000C71320A8A720A9A120A42703A0A8A734D
:10EB60001A0A42718020F7F7E2FF002128460A4680
:10EB700000F0BFFE0022284601E0002238460B9933
:10EB8000FEF7CCFEFF2011B0F0BDE078002800D1E8
:10EB900046E7711E082900D3082181420C9900D252
:10EBA0003EE78A88B24200D93AE733460A9E2946B0
:10EBB000F583089DB5833383738309031C465B0289
:10EBC000520240022DC63160099EF26C01209A4229
:10EBD00006D1B26E914203D1308F281A411E88416E
:10EBE00028210A9D685410940DA8077110A90F914F
:10EBF0000D95EFF72FF9022238460B9C2146FEF7C0
:10EC00001DFD0022012338462146FEF797FE0C9891
:10EC1000828930462946FDF72FFD38462146FEF70A
:10EC2000B3FEAFE7082D0020B82C00200003010040
:10EC3000030C000070B504461220062C1CD31925C5
:10EC4000ED01AC4218D8062916D3A94214D8A14226
:10EC500012D394087C2C0FD8059C049EB4420BD38D
:10EC60000A2B09D3AB4207D80698521C4A434243A9
:10EC70009008834201D8122070BD002070BD0000B2
:10EC8000FEB50646876804792046FCF7EDFF054689
:10EC90002046FDF71DF8002844D08079042841D192
:10ECA0007802E96C81423DD028462C30029592359D
:10ECB00039683D2212016B889B019A18EB889A42B1
:10ECC00000D81346184A4A4311463668007802288D
:10ECD0000BD116481818814207D2019112490093AE
:10ECE000E1F7A6FA009B019938602888F0844B2050
:10ECF00080001818091A00D2002168892A8A9042D7
:10ED000000D310468142029B00D8084682B2A92156
:10ED100009018A4200D80846B084012120463246C3
:10ED200000F006F8FEBDC046E2040000BC0B000087
:10ED3000F8B51C4615460E461F469037FCF7C8FF2F
:10ED4000002802D00088022801D0012000E0032022
:10ED5000A98C0B4A8918C1400A480818C00881B21A
:10ED60003888884200D30846002E02D0E98C8142C0
:10ED700000D3014679802046FDF728FAF8BDC04649
:10ED800088FEFFFFB5FF0700FEB50568067930462F
:10ED9000FCF76AFF07463046FCF79AFF002847D089
:10EDA0008079042844D13C469034A88CE188814283
:10EDB0003ED0E080002130462A463B46FFF7B8FFB0
:10EDC0001C4800683D21415C890631D53D30407AC0
:10EDD00040062DD52689A588E088019020880290DC
:10EDE0007F8F15480068006980212622042423466D
:10EDF000F7F700FE00281BD0014606748573019BBF
:10EE00000373029A827207720720C8710B208871FF
:10EE10003E2048710C71300A4874280AC873180AD9
:10EE20004873100AC872380A48728020F7F77FFECC
:10EE3000FEBDC046082D0020B82C002080B50A2059
:10EE40000021FEF763FD80BD7047002070477047CA
:10EE500070477047F0B58DB0099316460F460446CB
:10EE6000FEF78AFD054608942046FCF7FDFE0346A2
:10EE7000052E07D13D211846FDF786FDFF263046B9
:10EE80000DB0F0BD044607952A46283205462C35BC
:10EE9000287802282AD11078401EFF260B28EED8A9
:10EEA0004000C04678448088400087440B00A200A0
:10EEB000A500C000CA00CE0028012C015401640145
:10EEC000730176010A2009998870FF2630460430C4
:10EED00008800121089815460A461C46FEF7AEFB3D
:10EEE0002046FDF7FFFB02202870C8E7012E2ED137
:10EEF00000205070069200251F4618462946FDF74F
:10EF000041F909998978032955D100283B46079E84
:10EF1000B0D1099CE01C3146303108220492184BD4
:10EF2000984720460B3031462E310222144B984729
:10EF300020460D303146049A114B9847153420363F
:10EF40000422204631460E4B9847052039E0507880
:10EF5000FF260D2893D8EC344000C04678448088C2
:10EF6000400087440F0010005D0165016E019201B1
:10EF7000D2011C02E5013C02E901F9011002300254
:10EF8000A15C0610B6E70B2009998870022050702A
:10EF9000FF263046043008800024012208982146CC
:10EFA0001D46FEF74BFB2846FDF79CFB28462146F5
:10EFB000FDF787FB63E701283B4600D05AE70125B0
:10EFC0002846089E069C6070257100243046214624
:10EFD0002246FEF733FB3846FDF75AFB3046214602
:10EFE000FEF7E2FC0122304621462346FEF7A6FC4E
:10EFF00044E70320107019E1099880780B2800D0AD
:10F0000038E704201070022118461D46FDF759FB11
:10F010000124089F38462146FEF7C6FC00223846E8
:10F020002146FEF70BFB2846FDF732FB27E70B20B6
:10F030000999887005201070FF263046043008803A
:10F040001DE7062010700121D1E10496099FBE1C26
:10F050000025F949284605930692884704460B90F7
:10F060002846F54988470C902846F349884703907D
:10F07000F24939800A90069D287A0002697A0904CB
:10F080004018A97A09064018C01C3060079F38460E
:10F09000333000F011FA70602006F98D090208186B
:10F0A000E97B4018B0600BAC601C00F005FAF06022
:10F0B0000398000661794018A17909024018E179A6
:10F0C0000904401830610AAD6878A9780902081867
:10F0D000E978090440187061049E082220463946E8
:10F0E00006F0DEFD203704222846394606F0D8FD1A
:10F0F000072006990870012108980A46FFE00820B9
:10F1000010700426BBE609988078112861D0072882
:10F110005FD00D285DD00428079E00D0AAE6092004
:10F120001070099FF81C3146083108221C4606F071
:10F13000B7FD0B37314624310422384606F0B0FDC6
:10F140002E66012100220898FEF778FA2046FDF786
:10F150009FFA052693E609988078112846D00D2855
:10F1600044D0052800D085E6144601210898FEF712
:10F170001BFC0A200CE0062009998870FF26304607
:10F1800004300880022118461446FDF789FA0B2046
:10F19000207074E60C201070CCE009988078062866
:10F1A00000D067E6002015461070BE4800682C218C
:10F1B000405CC007C10E6F20C04348401C465A8FB8
:10F1C0002979C0B2012900D015E1114600F0B2F949
:10F1D0001CE0B44800682C21405C0001C043802141
:10F1E0000143902008405A8F1A210BE0AD48006877
:10F1F0002C21405C0001C043802101439020084045
:10F200005A8F06211C46002300F062F92046FCF7C5
:10F2100002FF2046FCF7EEFE012108980A46FDE0B9
:10F220000320507001211846FDF74BFA0B2626E605
:10F23000099880780B2800D01CE604205070032623
:10F240001DE6099880780328079F00D012E6052064
:10F250005070099CE01C3946303108252A46954BF0
:10F26000984720460B3039462E310222914B984761
:10F2700020460D3039462A468E4DA8471534203792
:10F28000042220463946A847B0E000250395884C63
:10F29000284605930692A0470B902846A0470C905D
:10F2A0002846A04704210291099CA1700D2161709C
:10F2B000032121700A90E11C0BA8019004960826F6
:10F2C0007C4B324698470B340AAF38462146029DA4
:10F2D0002A46784B9847079C2146083101983246C8
:10F2E000049E744B9847734B2434384621462A4673
:10F2F0009847062006994870012208980399FEF75E
:10F300009DF90598FDF7EEF9B9E5674800683D21DC
:10F31000415C890604D53D30407AC00600D580E0C6
:10F32000002108981446FEF73FFB20460D27B7E062
:10F33000092050700626A2E50620099988700B2046
:10F340005070FF26304604300880012518462946B3
:10F35000FDF7A6F9257092E50020099050705148FC
:10F3600000682C21405CC007C10E6F20C04348409C
:10F3700011465A8F097901290593C0B23ED1114631
:10F3800000F0D8F83EE018461546FCF744FE00248D
:10F39000012208982146FEF7C1FA6C706FE5D0781B
:10F3A000012810D105200999887007982866FF2642
:10F3B000304604300880002118461446FDF770F9E5
:10F3C000082060705BE5099819461C46154600F058
:10F3D000E3F80C2068702046FCF70CFE4FE5099816
:10F3E0008078062800D045E50A2050700021089852
:10F3F000FEF7DAFA43E50021012305E700210123A6
:10F4000000F066F80598099921700446FCF703FEA0
:10F410002046FCF7EFFD012208983946FEF77EFAF8
:10F420002DE5204800682C21405CC007C00E0496E2
:10F43000069205D0192204E0D35F061003170000DE
:10F440000A22079F6F21C9434840C1B2F88D089036
:10F450005C8F164800680069042509912B46F7F770
:10F46000C9FA39460727002818D006460472200A30
:10F47000707230460A3030310822F4F729F80899C2
:10F48000080AF074B1740520F0710D20B0713E20AF
:10F490007071357109983146F7F749FB049E06985B
:10F4A0004770ECE4B42C0020082D0020B82C00207C
:10F4B000D35F0610A15C0610017842781202511841
:10F4C000827812048918C078000608187047000076
:10F4D000F8B51E4615460F460446C00606D4134826
:10F4E000006836214056002804D4F8BDBF200440EF
:10F4F000062200E016220E4800686107C90E401877
:10F50000006902232146F7F775FA0028EDD001467D
:10F5100005728672C7710420887108224A710871C9
:10F52000280A48722046F7F702FBF8BD082D002094
:10F53000B82C0020B0B50D460446C00606D41448C9
:10F5400000683B214056002804D4B0BDBF200440D1
:10F55000072200E017220F4800686107C90E401813
:10F56000006902232146F7F745FA0028EDD001464D
:10F5700005720020C8710320887130204871042072
:10F580000871280A48722046F7F7D1FAB0BDC04684
:10F59000082D0020B82C00200322027085235B0078
:10F5A000C95C490703D406230D21022203E006218A
:10F5B000017111211346C370817042707047F8B514
:10F5C000144606460846FCF75DFB302141560029EB
:10F5D00005D42C300078022803D1122518E002252A
:10F5E00016E0CFB2002538462946FEF7DDF9384649
:10F5F0002946FEF7C1F901462B30002E01D00570D7
:10F6000006E00122027010311022204606F048FB6D
:10F610002846F8BDF0B585B01C4615460F4606468F
:10F62000FEF7AAF9039002963046FCF71DFB06464A
:10F63000FF20062D00D99EE004978521490073180C
:10F6400037462C377D442D796D00AF440308942A4A
:10F6500094944F000499012965D109208BE0A17889
:10F660000E2902D0082900D085E0E41C0399083156
:10F670000546082220461E4606F012FB05223046AB
:10F680002146F3F725FF029E3046049C2146FEF7F3
:10F690008BF90322002330462146FEF74FF9284616
:10F6A00069E0A17807294AD0092964D107461920C1
:10F6B00000013518E41C052218462146F3F708FF1F
:10F6C0000398407C002805D0728F802000212346BB
:10F6D00007F0F6FC0120400229880143298003221B
:10F6E00002980499FEF71AF9384644E0029009207E
:10F6F0000190607003202070E61C304600F03EF858
:10F70000A079F7210140A17108253046039E3146BA
:10F710002A4606F0C5FA0498012808D1387802284C
:10F7200026D1A57026E00446032202981CE0019829
:10F73000A070E078317A0140E17031741AE03978D4
:10F74000032918D104461878F72101401970039B4A
:10F75000587C002805D0728F083380201A2107F0CA
:10F76000AFFC032202980499FEF7D8F8204602E085
:10F770000E20A070029805B0F0BD0000FEB500900C
:10F78000FBF78DFD0546FEF7A9FEC0B2C02141433F
:10F790002806C50C0D4309200602EEF726FAC7B26B
:10F7A00077432F43EEF712FC05033D432C4EB04741
:10F7B000C0B22C4F47432F430D208506FEF726FE8F
:10F7C000C4B26C433C4373204504FBF705FCC7B24D
:10F7D0006F432743FBF700FC0546B0472840C0B203
:10F7E0000325EC0444433C43FEF70EFE80074742EA
:10F7F000274303F0EDF8800338431B49014301918F
:10F80000FBF74FFDC0B20E244443FFF7BAF80006E1
:10F81000470C2743B047F921090104010C403C4340
:10F820002E02EEF7D3FB0546754325430120C402A3
:10F83000FBF74AFD0006000B0419FEF740FEC0B2BC
:10F84000604328436121014308480068006A08407A
:10F85000029001A908220098F3F73AFEFEBDC046C7
:10F860002BE40510002000031D000008082D0020D7
:10F8700070B504460846FCF705FA00281CD0064679
:10F880002C363178032907D18521490040180078AA
:10F89000000701D41A2424E030790121FEF762F830
:10F8A00000280DD0002C09D130790121FDF74AFE46
:10F8B000032803D1002414E0022412E03A2410E0CB
:10F8C000307901252946FEF757F8447430792946E6
:10F8D000FEF76AF830790322002429462346FEF712
:10F8E0002DF8204670BD80B506200021FEF70EF8E9
:10F8F00080BDB0B515460C46FCF7B6F9E621435A73
:10F90000002D1A4600D02246C46C0146E6310D8B0C
:10F910006543008F0A306843000B84B2641D944233
:10F9200000D3224694B2A3420BD048800A800879C3
:10F93000012806D002200871132006F029F8F2F7FA
:10F940003FFBB0BD10B5C26C0146E6310B8B534393
:10F95000028F0A325A43120B93B2084CA34200D8CA
:10F9600023465B1DE6240353012008714A801320BF
:10F9700006F00EF8F2F724FB10BDC046B30B0000F2
:10F98000F0B589B000242046FCF76EF90090012004
:10F990000890414800683421405C84427AD2332088
:10F9A000C0000594604300990D182C20285CFE21AE
:10F9B000014002296BD10121009C20460791FCF7F0
:10F9C000E1FB0646002120460191FCF7DBFB411ECE
:10F9D0008841002E0899049100D104902B462846B6
:10F9E000E83003902846E6300290EA33089F0693F9
:10F9F0001C78F02626400F252540032D1FD0022D10
:10FA00000BD0012D2BD1049800282CD013200121DC
:10FA100005F0D0FF069B022525E003980088029997
:10FA20000988081A0A2343431C4800680599C9B28B
:10FA3000A830012206F055F8069B032513E0A00626
:10FA400011D5049800280CD00598C0B200F028F811
:10FA5000002801D0D02626400898069B04E0019893
:10FA600002E0D02626400898EFF3108172B619788C
:10FA70008C4203D12E431E70002102E007990F40F3
:10FA800039464A1E914162B600270842B0D1059C12
:10FA9000641C7EE709B0F0BDB42C0020082D0020C6
:10FAA00070B505460121FDF75DFF0446012804D12C
:10FAB0001320012105F07EFF0AE001262846314689
:10FAC000FDF772FF0822002328463146FDF736FF76
:10FAD0006042604170BD0000FEB50446FCF7C4F80A
:10FAE00005462C20285CFE21014002295AD10294AF
:10FAF0002F46E6373A79D00619D4F0240192144003
:10FB000001212846FCF73EFB064600212846FCF76B
:10FB100039FB304306D00298FFF7C2FF012801D01D
:10FB200020200443019A10262643788827E0C02627
:10FB30001D4800684021405600281CD5688F019060
:10FB40001A480068806942211446232202252B4668
:10FB5000F6F750FF224600280DD00146019AC271E7
:10FB600085715720487104200871100A08724220DC
:10FB7000F6F7DDFF2246164078883988081A0A23EE
:10FB80004343EFF3108072B638798242029902D172
:10FB9000032006433E7162B603480068A830012284
:10FBA00005F09FFFFEBDC046082D0020B82C0020A8
:10FBB00010B50446EA20205C01280DD020463030E4
:10FBC000017806480068A83005F055FFE6200021BE
:10FBD0002152E6346180217110BDC046082D0020FD
:10FBE00070B5FF24062A35D80546900001A21058AA
:10FBF0008746C04611FC051019FC051055FC051080
:10FC000031FC051055FC051055FC051035FC0510A0
:10FC1000012917D113241DE0002628463146FDF79F
:10FC2000C3FE0822284631463346FDF787FE11E021
:10FC3000012108E00120587003201870012907D025
:10FC4000132006E0002108222846FDF767FE01E0A8
:10FC500012209870204670BD7047704770477047FB
:10FC600080B5FCF701F84121405C03490968497AF5
:10FC7000F5F742FA80BDC046082D002070470020ED
:10FC8000704780B50B200021FDF740FE80BDF8B520
:10FC900015460C460126064004D11121072C19D81F
:10FCA000002C17D00221084004D11121072D11D8B2
:10FCB000002D0FD00727002801D03D4600E03D4031
:10FCC000FBF7C8FFC577002E01D03C4600E03C4062
:10FCD000847700210846F8BDF0B58BB00E46054686
:10FCE00080B2FBF7CFFF002811D00446FF200C3074
:10FCF00020180078092108420BD0303420780127E1
:10FD00003946FDF72FFE002806D03A2002E00220F7
:10FD100000E01A200BB0F0BD310AF30705D1CAB2DA
:10FD20001120072AF6D8002AF4D0320CB00706902A
:10FD300007D41E46D3B21120072BEBD8002B334635
:10FD4000E8D02D0C022D01D91120E3E70493072000
:10FD5000014008AB029319700390024007AE327065
:10FD60002478FBF777FF01460698002801D50E4658
:10FD70001F3606912046FBF777FF05900194204639
:10FD8000FBF7A6FF347804990029029901D006995F
:10FD90001E310A788270C47003990D4000D005802E
:10FDA0000425E107294600D0394606920222A3071E
:10FDB00000D511460492C679B14200D10C46069A8C
:10FDC000D30700D03D46930700D5049D03940490CB
:10FDD0008779BD42059A00D1069514462C34B1426C
:10FDE00017D1BD4215D10320710700D50646528FA9
:10FDF0000096790700D50746022000213B4600F017
:10FE0000FBFC032F57D10498008801284FD0042110
:10FE10004EE092320121019D284605911646FDF7DC
:10FE2000ABFD07463088F88109A80571099700F0F5
:10FE30008BF82078032825D1059D049B9A7904200E
:10FE4000042A0146039C069E0BD07107014608D484
:10FE5000012A2A46294600D03146C907114600D159
:10FE60000221DA790097042A2A4601D0204082082C
:10FE70000123019D284600F0F5FC28463146FEF797
:10FE8000E6FF04E000203874039C069E019D3C754B
:10FE9000FE7400207874012428462146FDF784FD75
:10FEA0000722284621462346FDF748FD0FE006219C
:10FEB000607DF5F70CF9032E09D10498008801281C
:10FEC00001D0042100E00621607DF5F794F80020C0
:10FED00020E7000080B5FBF7BDFE0249C1610020AC
:10FEE00080BDC04602000707F8B50546FBF7F0FEE7
:10FEF000002827D00446FBF7ADFE06462846FBF750
:10FF0000B3FE054600210E222046F3F7F1FAF08BEE
:10FF10006080B08B208041270095E85DF4F732FFC8
:10FF20000125042801D1064601E02E4686400098AE
:10FF3000C05DF4F716FFA671042801D1054600E064
:10FF40008540E5710020F8BD0068A9210901818183
:10FF50002922D200C2804181018182807047F8B598
:10FF60000546FBF781FE04462846FBF7B1FE07462F
:10FF70001120000125182846FDF7D3FA064600286F
:10FF80002CD02C3420780228009506D1387A00280D
:10FF900000D1B879B8717D7A05E0787A002800D16F
:10FFA000B879B8713D7A002D00D1FD79FD71042832
:10FFB00004D13888012803D0042102E0410800E080
:10FFC0000621607DF5F783F8042D00D06D08607D73
:10FFD0002946F5F710F80098FDF79DFA3046F8BD70
:10FFE00080B507200149FDF791FC80BDF1FF0510A8
:10FFF000F0B587B01E4617460D460446FDF7BCFC1B
:020000041006E4
:10000000039004942046FBF72FFEFF22072F00D910
:100010009DE103460295552080001D181C462C3496
:100020007F00C0467F44BF887F00BF4407001C009C
:10003000440050006A009001260071002078029967
:10004000012900D0BCE0022800D00BE1039E307CE7
:10005000032800D166E1012800D078E1022003994D
:100060000874172273E1F07805A988703079C87098
:100070000498144600F0E1FA68E1652080001D183C
:1000800020780299012974D10228039900D0D3E085
:10009000087C022800D15DE1002800D057E116203D
:1000A000B070032070703070C87CF070087D3071C3
:1000B000012008744BE1F17805A881703179C17095
:1000C0002D781646072D00D194E0022193E0B078F8
:1000D000072800D1D7E01128049F00D1F0E01828AC
:1000E00000D103E1172800D031E105A900200871F3
:1000F000F07888703079C8703846144600F0DFF91F
:1001000024E1B0781446162800D189E02A2188E03D
:10011000019296330093049E3046039F394600F0C7
:10012000B1F9617D3046FEF793FE009B79883888EF
:100130001A88904202D15A8891420AD05980188078
:10014000EFF3108072B601204002E98F0143E98786
:1001500062B6EFF3108072B601200002E98F01430E
:10016000E98762B6072204980299FDF7D7FB019A46
:10017000EDE00228039968D1087C0528049F00D18E
:1001800008E1002800D0E2E0009301923846FBF736
:100190009FFD1821B1700521717003243470017A1C
:1001A000F170407A3071711D0222284605F078FD09
:1001B0000398047428880028D9D038460299E6E0CC
:1001C00002284BD1039E307C1446032800D0A6E0C1
:1001D000707C05A90871049D2846324600F0FAF8A3
:1001E000002800D1B2E02846314600F04BF9072242
:1001F000284679E00121049F817100213846FDF7EE
:10020000BBFB04463846FBF72FFD2C21405C02283F
:100210000BD1FF2006302082072D25D02A2024E094
:1002200023211846FCF7B0FB90E0072D29D105A942
:10023000384600F002FA24E01620B07003207070F7
:100240003070C87CF070087DACE01720B0700320DF
:1002500070703070487DF070887DA3E002220498B1
:10026000FDF7ECF9182272E02320A0740024384630
:100270002146FDF799FB0722012338462146FDF769
:100280005DFB324663E0154605A907208870002013
:100290004870F0780870039F787CC870049E3046E0
:1002A00000F0A3F92078032803D13046394600F046
:1002B000E9F8072230460299FDF730FB2A4646E06E
:1002C00005A911208870F078087030794870039D76
:1002D000687CC8703846144600F087F938462946CD
:1002E00000F0D0F80722384602992DE000930192E1
:1002F000F01C05AC0522214605F0D2FC039D687C6C
:100300002071384621462A4600F064F800284BD078
:100310003846294600F0B6F80722384624E7072277
:10032000049811E01446707C05A90871049D2846C4
:10033000324600F04FF8002849D02846314600F0F8
:10034000A1F8012107222846FDF7E8FA22461046C7
:1003500007B0F0BD00930192049F3846FBF7B8FC4C
:100360001821B1700521717003243470017AF17085
:10037000407A3071711D0222284605F091FC0398E5
:1003800004742888002800D1F1E601213846FDF7E1
:100390001BFB15E01620F0701120B0700320707068
:1003A0003070887C3071D2E7029C012C04D101218D
:1003B00002223846FDF742F938462146FDF7E4FAB5
:1003C0001120000100990818FDF71CF9CFE6042060
:1003D0003074BBE7FEB501920C460646FBF744FCC1
:1003E00007463046FBF774FC05462C200297395C23
:1003F000032913D127780120042F30D8032F2ED0C2
:100400006278042A2BD8032A29D065239B000298FE
:10041000C3186A722F7262881A8000E02F7A002F48
:1004200002D16A7A002A16D00020032917D1697AEE
:10043000002914D0EA79019B00933A405207D20F69
:1004400004460123304600F00DFA697A3046FEF783
:10045000FEFC204603E021790120002900D0FEBDEA
:100460000446E97903204A0700D50146029A528FD3
:10047000AB790091590700D503468020002100F098
:10048000BBF9E6E7BCB50D460446FBF721FC0028A6
:1004900007D08179C079042807D128460C30012281
:1004A00005E0A81D0022012101E0A81D002200880E
:1004B000688000950023204600F0D4F9BCBDFEB54D
:1004C0000D460446FBF704FC0646287901280290F5
:1004D00014D1002520462946FDF74EFA0746027D35
:1004E000C37C9342019505D1032B02D3042B019DBC
:1004F00000D10125F0781840B37814E0012120469E
:100500000191FDF739FA0746AB784375EA788275B1
:100510000025934204D1032B01D3042B00D10125E4
:10052000387D1840FB7C1340002D02D083420346E7
:1005300007D10021002B0A460AD0DA0704D0012295
:1005400003E0002211460DE004229B0700D50222A1
:10055000002807D0C10701D0012100E00421800755
:1005600000D50221B37900209A42034600D01346F9
:100570003372F279914200D0084670722046FBF740
:1005800073FB652189004518717A002902D1317AFF
:1005900000291AD0034642330146FE310A88018FF2
:1005A0001888FCF7B1FF2880317A00290FD0F07944
:1005B000009708404007C20F0123204600F052F97F
:1005C000317A2046FEF743FC01E0002028800298A3
:1005D000012809D02046019D2946FDF7E5F90222B0
:1005E00020462946FDF72AF8FEBD7CB50D46064695
:1005F000FBF76EFB04463046FBF736FBA97807296C
:1006000007D1FF210C31425CF623134043541A21D9
:1006100000E06978EA78002A00D07CBDE6790325FD
:10062000720700D52E46428FA3790096580700D551
:100630002B46802000F0E0F87CBDF0B585B00F4679
:100640000446FBF711FB0546002120460291FDF709
:1006500093F90646012001907074B878F074F87828
:1006600030759220285AF08103A804710396FFF791
:100670006BFC2C20285C2C35022808D1707C38714A
:1006800020463946FFF71BFF0298307425E02046CC
:10069000FBF71EFB81787175C778B775337D0B400A
:1006A000DBB2002B19D081798B4216D0D90702D04A
:1006B000019A114601E00221019A5B0700D504214D
:1006C000F37C1F407B0703D4C079001F42424241A4
:1006D00000960123204600F0C5F80026204631464A
:1006E000FDF762F90722012320463146FDF726F97E
:1006F0002878022804D1002102222046FCF79EFF20
:1007000005B0F0BDF0B587B00446FBF7ADFA05467D
:10071000C9204700EE192046FBF7DAFA0446EF5BE2
:10072000B8052B4648D5304800683D21415C890614
:100730003ED53D30407A40063AD590352889019023
:10074000A8880290E888039028880490588F059024
:1007500026480068006980212622042506932B463E
:10076000F6F748F9069B002822D00146019A027448
:10077000029B837303980873049888720598087223
:100780000720C8710B2088713E2048710D71100A36
:100790004874180AC8730398000A48730498000A3A
:1007A000C8720598000A48728020F6F7C0F9069BC7
:1007B00030880F4901403180F80512D5E1790320D6
:1007C0004A0700D501465A8FA3790091590700D5F1
:1007D00003468020002100F00FF8308805490140D1
:1007E000318007B0F0BDC046082D0020B82C002095
:1007F000FFFD0000FFFE0000F8B50446C0062CD443
:100800000F46164800683D21415C890625D53D30DC
:10081000807A000721D51E461546114800686107F9
:10082000C90E40180069272203232146F6F7E2F893
:10083000002812D0014606984D720873CE720F72CE
:100840000C20C871062088713E2048710420087170
:10085000280A88722046F6F76AF9F8BD082D0020AC
:10086000B82C0020FEB5029301920E460546FBF718
:10087000FBF90446074690342846FBF729FA089905
:10088000042E06D1002804D0019A002A0CD00A2296
:100890000BE088880880012E02D1C0080E3801E0E4
:1008A00080080F38029E0FE00822029E8A5A0A80B2
:1008B0000088022801D0012000E003200B4BD21851
:1008C000C2400B481018C00883B222889A4200D355
:1008D0000246002E03D093B2C889984200D3104636
:1008E00060803846FBF772FCFEBDC04688FEFFFF05
:1008F000B5FF0700F0B587B01E4614460F46054603
:10090000FDF73AF804902846FBF7AEF9FF22062CD3
:1009100000D9A2E00346C0467C4424796400A74481
:1009200003199C449C9C5F00012F6AD1192000018F
:100930001C18185AC10404996FD5284600F0A4F871
:10094000012105222846FCF7E9FF21884C48084090
:10095000FF2263E002930392284600F0CFF80028BC
:100960007AD1F01C05220192049C214605F098F9E9
:10097000029E31463C312046019A05F091F919203A
:1009800001017018715A0A056AD501221203114338
:100990000180052228463946FCF7C0FF708F2146AA
:1009A00000F084F82846214617E0B0780C2854D18E
:1009B000F01C0524049E314603922246029305F062
:1009C0006FF9284639462246FCF7A8FF0298408F67
:1009D000314600F06BF82846314600F055F83BE010
:1009E000039206A830210180012F20D11920010196
:1009F000585A820416D5012105222846FCF78EFF9D
:100A000015E01446052228463946FCF787FF28469C
:100A1000049900F039F822461FE00C2219490140E0
:100A200021801AE059180122D202104308800D20BB
:100A3000F0700C20B0700620707003203070311DF3
:100A400006A80224224605F02BF905A804210180FE
:100A5000B11D224605F024F9039A104607B0F0BDF7
:100A6000012252031143018028463946FCF79CFFBE
:100A70000522002328463946FCF760FFECE7C04614
:100A8000FFEF0000FFF7000010B50C46FBF7ECF895
:100A90000146192000010A5A01231B0213430B527D
:100AA0003C310522204605F0FBF810BD70B50C4620
:100AB0000546104800683721405C000719D50E48EC
:100AC00000688069022121220323F5F793FF0028A3
:100AD0000FD00646001D29462246F6F7C7FA082021
:100AE000B0710C2070710420307102203146F6F78D
:100AF0001EF870BD082D0020B82C002080B5FBF733
:100B0000B3F8FF219231415C0120084080BD000014
:100B10000248006894214058006D7047082D00205D
:100B2000704770477047002070470000B0B50E480E
:100B30000068A4214458FF20A0770025E577FAF744
:100B40004BFA01280FD1FFF7E3FF242207498A5C03
:100B5000002A2A4600D00268A2622322895C00296A
:100B600000D04568E562B0BD082D00201C2D002096
:100B700010B5017C022909D101240474016882683E
:100B8000C3680CC0A12006F033FB00E0002420461F
:100B900010BDF8B51E4617460D460446F3F779FE1C
:100BA0002046F3F784FE2046F3F7FBFE204621465D
:100BB000F3F704FF20463946F3F79BFE2046314603
:100BC000F3F756FF069F002E02D02046F3F75FFF93
:100BD0002046F3F738FE2046F3F7B2FE2046F3F73F
:100BE0007CFF2046812F09D12946F3F703FF2046D9
:100BF000F3F724FF2046F3F756FFF8BDF3F760FF45
:100C00002046F3F7EAFEF8BDF8B51E4617460D4636
:100C10000446F3F73EFE2046F3F749FE2046F3F77D
:100C2000C0FE20462146F3F7C9FE20463946F3F7B9
:100C300060FE20463146F3F71BFF079F002E02D0CF
:100C40002046F3F724FF2046F3F7DFFE2046F3F7B4
:100C5000FAFD2046F3F774FE2046F3F731FF2046F5
:100C6000F3F77AFE2046F3F7F6FE812F07D12046F0
:100C70002946F3F7BFFE2046F3F7F1FDF8BD204605
:100C8000F3F7DCFEF8BD0000F8B51D4616460F462A
:100C90000446F4F79DF811492046F4F7B9F81049D5
:100CA0002046F4F7F8F820463946F4F725FA2046AE
:100CB0003146F4F7FAF920462946F4F78AF90698FE
:100CC000812803D12046F4F7E1F9F8BD2046F4F776
:100CD00071F901212046F4F705F9F8BDD6BE898ED9
:100CE000555555008A7812044B781B029A180978DA
:100CF000511801607047000070B5044602F0FCFA1C
:100D00004D21415C094D0022BE2391420BD0066863
:100D1000F65AA642164600D02E4601252D025B1932
:100D2000521C3546F1E7A8B270BDC046FFFF000077
:100D300070B50C460546084600F00DF806462046FC
:100D4000294600F023F88019E16F884201D800207D
:100D500070BD452070BDFF2168310246C232D27895
:100D6000042A0B4600D0B323032A01D0194600E021
:100D7000F331C222805C012202408307DB0F9A1804
:100D80004007C00F10184843BB307047F8B50A46FB
:100D9000014600200090019002907E23DB43FDF786
:100DA00079FC04B080BD0000F8B5044602F0A4FA56
:100DB00001464D20085C020200200D4B0546AA4268
:100DC00013D00E687619BE27F75B9F4203D0CE275B
:100DD000F75D012F03D001263602AD19EFE7002C95
:100DE00004D0C320305C411E8841F8BD0120F8BD0D
:100DF000FFFF0000B0B50446D620205C800701D478
:100E00000020B0BD254684352846FDF76DFBA16F57
:100E10002846FDF761FBA06F08300021FDF758FB65
:100E2000606FA16F6167A0670120B0BDF0B585B0AC
:100E300004920E4605464D2402F05EFA0555066002
:100E400003904D300121029041700191CB040026A6
:100E50007C27049AE8B2864226D203980068C351E0
:100E6000C5195420114929525224002028534224E4
:100E700029535E2428555C24FF2129555A216854A2
:100E8000462107246C52286168616B60049900292F
:100E900002D050652C3D2A60019800023F185C3258
:100EA00002980578761CD5E705B0F0BDFFFF00007D
:100EB00010B502F021FA4D21425C0021BE238A4286
:100EC00008D00468E45A240B05D1012424021B191C
:100ED000491CF4E7FF21C8B210BD0000F0B58FB087
:100EE0000E9317460D460646054302F005FA0446E2
:100EF000002D07D03846FFF7FFFEA749884218D1DA
:100F000042204AE025464D35002637460E96287881
:100F100086420CD22068C019CE21415C012901D142
:100F200000F07AFA012000023F18761CEFE70E98D5
:100F300033E0010222685418CE21615C012E24D1D5
:100F400000021518D620285C01273840002926D039
:100F500000280AD08C202858A96F2A468C32526863
:100F600005C1686FA96F6967A86794202858002693
:100F7000002808D094357D2044010E984443F2F7B0
:100F800093FB20182860304607E00020012904D197
:100F90000546204600F040FA28460FB0F0BD002874
:100FA00007D08C202858002803D1902028580028EA
:100FB00006D0B820285AC10704D0E98DF52901D9F7
:100FC0001220EAE7122301461A461940022903D1EA
:100FD0004221695A002940D000070FD56D48BE2133
:100FE000695A814201D00E9800E08020802801D902
:100FF0001046D2E70E9000281046CED01498BA21A1
:1010000068527D2671010E9A51439422A9500028FE
:1010100001D0CF216F54BC2168522046ECF7AAFFC3
:101020000028BAD12946D631284664302A4654329F
:101030006A67A8672B4678330978C9070D930ED1E4
:1010400000210160A96655480168204665300622E6
:10105000F2F73EFA0D98006808E00C209DE78C211D
:1010600069582A468C32526806C00838294694319D
:101070000E91842169582A46843252688160C26088
:101080002046FFF7B7FE00280C9602D0FDF72AFA9B
:1010900006E02846743001680D9B1A6802601960EA
:1010A0000E992646CE362846B8300D90086800289E
:1010B00005D0F2F7F9FA0E9A116808181060377027
:1010C000C420295CD027E85D81220E9200922E4632
:1010D000143622463346FFF7D7FDE85D2521F3F7A6
:1010E000ECFE2F46D0370D980088C00603D420466A
:1010F000ECF760FF42E0F2F7D7FA9C210B916850C1
:1011000002F0E4F8099002F0E9F80A9038780890C3
:10111000942000210D910A46F3F74EFA03460E98EB
:10112000009020460899099AFFF733FD3878099016
:10113000962001210D9AF3F73FFA03460D9800908F
:101140000E980190304609990A9AFFF75DFDE96F04
:101150000B982A583878124B0793124B0693124B70
:101160000593124B0493142303931F2300AE0EC662
:101170000C99CB0021460E9A02F050F99C24295973
:10118000387802F027F92859397802F0D7FB002087
:1011900003E7C046FCFF0000FFFF0000B42C002066
:1011A00039150610C1190610311806104115061020
:1011B000F8B50C460646FFF79FFD054618488542E0
:1011C0002BD000942C0202F097F807683819BE2142
:1011D0004652B821405CC00707D028023818CE21FB
:1011E000405C012801D10C2518E00E4800685630FB
:1011F0000626009C21463246F2F76AF92802381882
:101200008C210122425001468C3100254D608D30E9
:1012100021463246F2F75CF900E012252846F8BD77
:10122000FFFF0000082D0020F0B5C3B0044602F017
:1012300063F80546207803AFFFF75EFD6C498842EE
:101240002DD0020229688D18CE22AA5C0C26012A14
:1012500000D1CAE06288D30605D50302CB18DB8D26
:101260001F2B00D9C1E00296082316469E43152E77
:1012700004D10302CB18DB8D002B78D100020818B3
:10128000016D002923D0496D0029029E78D0097A8A
:10129000002975D033210A426DD01226A5E0FFF750
:1012A00007FEFF2865D0000229680D182078BE21AE
:1012B00068528C20002129504C2029543820295470
:1012C000E9632964A962E96228468C304160207B89
:1012D000C22168542F46C237607D7870A07DB870F7
:1012E000607E3871207FB872237EFD221340042077
:1012F0000321012B034600D00B46E67D032E00D0D0
:101300003346FB70E37E1340012B00D00846A17EDC
:10131000032900D0084678712846B63000F06CF8F2
:10132000A06800028021685060680190A07B009056
:10133000627B6388617F2E46803600207060029059
:10134000B060F97233873A75009878750198000299
:10135000E867A07B3071284685300F34062221468D
:10136000F2F7B6F8308F000701D52248E867029EF1
:101370003BE0072639E0C721415CA37E8B4234D194
:1013800039468031C237C38D03AE0296F3850A8792
:10139000227B3A70627E3A71A26812020A60227E53
:1013A000FD263240042103230193012A0B4600D07D
:1013B000019BE27D032A00D01346FB70E27E32409F
:1013C000012A00D00199A27E032A00D0114679712A
:1013D00000211791616809022291C08D0299ECF7F2
:1013E000D6FD002800D172E74526304643B0F0BD57
:1013F000FFFF0000DC05000010B50446002004F0EB
:10140000E1FD044901402088401A424242414A40DD
:10141000228010BDFF0F0000B0B50446EFF310802E
:1014200072B62546CE35A87801F0E6FFD120205CC3
:1014300001F0E2FF62B6A87802F090FACE20002117
:101440002152A87AFF2801D0FBF779FAFF20A87271
:10145000287A800701D5FDF746F8B0BDFEB50293A6
:1014600014460F46054601F047FF064630488542C0
:1014700001D11F2007E001200221F9F72DFD0028EE
:1014800000D0FEBD2B481221A04201D20846FEBD6D
:1014900001912846FFF730FC000231680E18204603
:1014A0003146ECF774FD0028EBD1CE20315C3820BA
:1014B000305C042F12D1002938D00028019A1BD0AB
:1014C0001B48854218D1F08D002815D0B820305A1D
:1014D0001021014021431046D3D10FE03546383565
:1014E000002911D0032F09D102202870F486002092
:1014F000B08602993163FEBD1046FEBDB636304659
:10150000FFF77AFF0020FEBD374628370028029AF1
:1015100005D03968A120029A05F06AFE029A3A6065
:1015200001202870F4850020B085FEBD0198FEBD25
:10153000FCFF000072060000D021FF2242547047D9
:10154000F0B58FB00746D020385C2C235843684A4A
:1015500012681018807D3C4694343A46B4320592A5
:101560003E46D6361428049602930AD1F2F79CF828
:10157000054601F00FFF059B28183230A0600125B9
:101580001BE0A268561800253046114601F0FEFE09
:10159000002805D0F86FA1680A18A2606D1CF3E757
:1015A000059B9888000708D4012004F012FD059BD4
:1015B00050490140A0684018A0609888032101406C
:1015C000481E814148001880987B01220146019203
:1015D00011408207D20F89184007C00F0818401E1B
:1015E000987738461E4600F08BF80146307FF3F7B7
:1015F0008EFC307FF3F74AFD002003900499487178
:1016000038462830FFF7B4FA064638463C30FFF734
:10161000AFFA002E049E02D03179C90704D1002808
:1016200005D03079800702D53846FFF7E3FBA16883
:101630002068059BDA88002A02D1DA7E012A03D0CD
:1016400088424CDA00284AD0987E002847D09888F3
:10165000000720D50DA80090039981800D9106A860
:10166000019A42763C228276FF228275C181224A0B
:1016700082827A6F137A03768181C175009B07930A
:10168000093206920A910893FAF788FE30788007AB
:1016900001D5FCF728FF0220F9F72CFC012819D10D
:1016A000059BDA88002A01D03C2000E0432001900D
:1016B000124800680299405C0001C0431946A1230A
:1016C0000343B12018400B7A9A1AD3B28A7A01994F
:1016D00000F05EF8384600F095F8A168059B187F89
:1016E00001F078FE0398707128460FB0F0BDC04637
:1016F000102D0020FF0F0000FFFF0000B42C002081
:10170000FEB50446C220275C01253D40BA07D00F34
:1017100028187907C90F4018401EC0B2C234267C71
:10172000B0420FD101920120029004F04BFC012E37
:101730000AD0022E0ED1C0B20621DEF7FFFD12A0A4
:10174000405C12E0607C11E002990840002D04D159
:101750000CA108E0B808381A07E00199002901D463
:1017600007A100E005A10818007860747100C2B2FA
:10177000CA40032010402430FEBDC04606090000C8
:10178000070D00000B0E00001B1E272D3639000030
:10179000F8B51F4616460D460446C0060BD417483A
:1017A00000683D21415C890627D53D30C07A80071D
:1017B00023D51F2202E0BF200440112210480068F8
:1017C0006107C90E4018006903232146F5F712F995
:1017D000002812D001460F20C872FF2088720F73B4
:1017E0004E720D721220C871062088713E20487119
:1017F000042008712046F5F79AF9F8BD082D00205D
:10180000B82C0020B0B50446D120205C01F0F4FDD6
:101810002546CE35A87801F0EFFDCE2000212152DB
:10182000A87AFF2801D0FBF78AF8FF20A872B0BD84
:1018300070B50446C520205CFCF7F0FE0546264640
:10184000C536F07A2946F3F742FCF07A2946F3F7D9
:10185000D2FBF2F728FF01F039FD0246B07D2146A8
:1018600000F001F870BDF8B514460D4606460F4667
:10187000B8370420002E01460DD139884A0707D415
:10188000032211404A424A41022903D0510002E09A
:10189000012100E006212170002E07D13988014086
:1018A00004D12E20285C801D60700FE0002E04D033
:1018B000284642300078801D00E00C2060702046F1
:1018C0000830696F09310622F1F702FE696FA01C2A
:1018D000491C0622F1F7FCFD20782F2101402170E0
:1018E000686F0078C007400E40182070696F097A51
:1018F000C9010818207001F06BF8217840010843F5
:1019000020707142714138880422024090080840DA
:1019100001D1082700E00E27002801D00C2011E09B
:10192000002E01D03C2000E028202958002E01D0B4
:10193000422000E02E202D5AE0192A46F1F7C8FD7A
:101940007819801E60700020F8BD0000F0B585B0E9
:1019500016460D460446F2F782FFF1F7E6FE032035
:10196000C043C11C68460181012101824173BE212F
:10197000615A81722746BE37BA7EC272BA7C8273C0
:101980000E4A891A4A1E9141C1730173019600954E
:10199000FBF706F820462830FFF7EAF83C342046EB
:1019A000FFF7E6F800203874B87C01F095FD387E2A
:1019B000800701D5FCF797FD05B0F0BDFCFF0000E6
:1019C000F0B58FB0044601F089FC06908B4D286875
:1019D000F2F703FF06462868F2F716FF0546D02700
:1019E000E05D2C214143864A12685118897D1429F3
:1019F00003D10A21032201F035FF2046B4300790BD
:101A00000894DB340594002E39D000250E950D95F1
:101A1000069C2078C0090DA908707A480068C05D4E
:101A20000390481C2146083106263246F1F750FD46
:101A30000C9504950B9520784006C00F0BA90870F3
:101A4000481CA11C3246F1F743FD20780F260640C2
:101A5000052E01D1F1F769FE079FFB7B3A79049CC3
:101A6000029409AD01950898843000900BA8314686
:101A700007F0EAFB41087E2908D8014607E0012665
:101A80000024002D5AD0089D079F5AE0012129709B
:101A9000089D696F0A680D9B9A422DD149680E9A7C
:101AA000914229D10446FF3C611E8C41032E23D173
:101AB000FF2821D0B888012480071DD5039801286C
:101AC0001AD12846F2F7CBFE787E012809D1788911
:101AD0004D49884205D009AA1178C0B2521C00F0C5
:101AE00097F8387FF3F7D2FA012005990870284655
:101AF000FFF79EFE002624E0B888C0071AD0052E06
:101B000018D10698FAF718FE012813D10A990998F6
:101B1000FAF7E4FB41424141214001290AD10398EF
:101B2000012807D109AA28460699ECF7F8F90126F9
:101B3000002406E000243C80012602E0079F3C8050
:101B4000089D3988B87F002822D0002922D1401E64
:101B5000B877B88803210140481E81414800388089
:101B60002846FFF7CDFD0146387FF3F7D0F9387FDF
:101B7000F3F78CFA2846F2F761FFF1F7D6FD002063
:101B8000059908702846FFF753FEF1F7E6FD2AE0B5
:101B9000002919D019480068F2F736FE002822D033
:101BA0002846F2F74BFF787C012801D0174900E066
:101BB000462114352846F2F7A2FF3888401E3880A7
:101BC000F2F771FD00260EE0F1F7AFFD2846F2F7BF
:101BD00035FFF888401EF88000212846FFF7B0FC4A
:101BE000387F01F079FC002C02D03888401E388004
:101BF000F4F7FCFE30460FB0F0BDC046042D0020C7
:101C0000102D0020082D0020FCFF0000EE02000037
:101C1000F8B50E460546154800683D21415C890629
:101C200022D53D30C07A40071ED5144610480068C2
:101C30004069A1212B220323F4F7DCFE002813D0F6
:101C40000746467205720A3006222146F1F740FC2B
:101C50001320F8710920B8713E2078710420387182
:101C6000A1203946F4F763FFF8BDC046082D0020D7
:101C7000B82C002070B50E46044605469C356868B1
:101C80000D4941182046D030407801F0A3FB204692
:101C9000FFF761F88019E16F081A2946224600F023
:101CA0000DF8204600F050F89C202158D020205CF0
:101CB00001F090FB012070BDFFFFFF0FF0B585B074
:101CC000144603911746B43700210197002836DCEB
:101CD00004900026BD5F002D13D4B87C471BB81CB0
:101CE00080B2214601F009F80290781C80B22146AA
:101CF00001F003F8002D0BD00299081A019F049EF1
:101D000010E0012004F065F90E490840049E0BE044
:101D1000012004F05EF9019FBD5F0A490840012DD2
:101D2000049E01DB691E3980E16F0918039B1A6864
:101D3000891819608019E16F40180121C6E7C8B2FF
:101D400005B0F0BDFF0F0000F0B589B00446D92002
:101D5000002525540120049004F034F908A90880D6
:101D6000206D0395458620464030029020469430F1
:101D700005902046B43006902046D4300790322794
:101D8000324E522F0AD008A801F0F0FA3040216DEF
:101D9000CA5B1018C9194880BF1CF2E72046FEF73D
:101DA000DAFF0190E56F069EB77C3846214600F0C9
:101DB000A4FF039AB281791C31800221079BD9715B
:101DC000A28502990A807D43019949190818C830F3
:101DD000059D6860A9684018E860B07B049A0240DD
:101DE0008107C90F51184007C00F0818401EB0776F
:101DF00000F08EFF07990870F288A9682868002A09
:101E000002D1F37E012B03D088421CDA00281AD0BD
:101E1000B07E002817D0002A01D03C2100E04321E9
:101E20000B4800682C23C05C0001C043A12303437E
:101E3000B1201840337A9A1AD3B2B27AFFF7A8FCCD
:101E40002046FFF7DFFC09B0F0BDC046FF0F0000E1
:101E5000B42C0020FEB50446C720205CFCF7DEFB56
:101E60000546D126A05D2946F3F731F9A05D294644
:101E7000F3F7C1F8A05DF3F709F9D420215CA05D68
:101E8000F3F745F8F2F70FFCDB20205C2546B83568
:101E90002646DB36062801D0052802D127463C37E6
:101EA00001E0274628372046FCF7BAFA024629887F
:101EB000307800940197002300F001F8FEBDF0B5E2
:101EC00093B01E4607460FA8059010A8049011A8CD
:101ED000039012A8029019980B900190189C0094FE
:101EE00038460A9100F0B2FD0D9001F0EFF9054679
:101EF000002E07D011A801782A1D2046FCF794FA7D
:101F0000002691E0281D11A90A78D10708900C92AB
:101F100002D100260E960AE0616F491C06220E923D
:101F2000F1F7D6FA0C9A606F0078C007460E90075A
:101F3000099411D508980E9C00190999496F093127
:101F40000622F1F7C5FA0C9A0998406F007AC00191
:101F50008619A41D0E94099C234698332146C4314A
:101F600010070791069311D5087AD98B089A0E9C11
:101F7000115512190F231B020B4007990003C018BB
:101F8000000A50700C9AA41C0E94099CD00616D519
:101F9000F81E032805D800F0BBFE079902464874D6
:101FA00000E00A7C08980E9C0019CB780699096815
:101FB00000F017FE0799E41C0E940C9A099C9006F9
:101FC0001BD506988168206D406D0690FCF72AFAB3
:101FD00000280CD008980E9C00190699583112223E
:101FE000F1F776FA12340E94099C0C9A04E0DF2083
:101FF0000C9A024011A802700799500601D4089962
:1020000009E008780C9200F05DFF0C9A08990E9B8D
:10201000C8545B1C0E9350B2002805D50E980918C1
:10202000206D406DFCF74AFA0D9C12986870072FDE
:1020300001D0072000E0082006432E7011A8008878
:102040007F210140E970FE210F40022F01D00021C5
:1020500001E00A99890110AA13883F221A405118F9
:10206000A970C0050BD50FA802780B9EB088811807
:10207000B180316809185819C01CF1F729FA2046B7
:1020800013B0F0BDD121FF2242547047D021FF226E
:102090004254704710B50446F1F747FBBA20215A65
:1020A000491E2152D120205C01F016FA10BD00001B
:1020B000F0B587B00446F1F738FB02A81949018151
:1020C000002606820121C173FF2101910431818123
:1020D000BE21615C81722746BE37B97EC172D125AF
:1020E000615D81732146DC310291216D28310391BC
:1020F000FAF756FC20462830FEF73AFD20463C30E1
:10210000FEF736FDB87C01F077F93E74605D01F0B2
:10211000E3F901986055387E800701D5FCF7E3F9B3
:1021200007B0F0BDFFFF000070B5044600250D703C
:10213000006DF2F794FB2646C736F2F7B4FA072093
:102140003075606F8560606FC560606F017A727D09
:102150005206D20F0A430272606F2146DE31093007
:102160000622F1F7B5F9206D3021405C636F08332A
:1021700001222946FCF7ADF9C720205C29462A46F2
:10218000FCF75AFA7B30982160502046FFF762FE38
:1021900098340148A08370BDF9FF0000F0B589B004
:1021A0000D460446D020205C2C214143574A12683A
:1021B0005118897D264698362746B837142909D103
:1021C000F1F772FA044601F0E5F821183231716036
:1021D000387E09E00497002D0AD01C21715E002989
:1021E00006D571684B4A891801F0F4F8012788E098
:1021F0006842311D2246FFF761FD0746002D00D1E0
:102200002F462546D9357168B08B002818D002209A
:10221000A870B068401A3060049C0D46A17A012273
:102220000A408B07DB0FD2184907C90F5118491E06
:10223000A17605A906AA00F06FF8294641195DE0CC
:10224000287800281DD002910320A87008AA0392C4
:1022500007AB214600F0C2FB019003980178049877
:10226000C07B0022FCF7E8F90921C9430931B18399
:10227000D0303060049800788007254808D0B083BB
:1022800015E020460C46FFF75FFD2146049C35E033
:102290000199002938D0206D03907D208000022113
:1022A0000122F2F789F901460398F2F7E1FB204693
:1022B0002830FEF75DFC039020463C30FEF758FCCA
:1022C00001460398084313D02046B6300191FFF72A
:1022D00093F801990398002802D06878C00704D1C8
:1022E000002905D06878800702D52046FEF782FDD8
:1022F000B168049C607E01F06DF80299207E01F0C7
:1023000069F8384609B0F0BDC01DB8E7102D0020AF
:10231000F6FF0000A0860100B0B50C461549414308
:102320000D0A154988420DD301201070144A00216E
:1023300028460B46DEF7B4F9681A40084018000A30
:1023400010490CE0002111700C4A28460B46DEF7BC
:10235000A7F9681A4008401800091D21C9434143E4
:102360002060481900022721C90040180149DDF703
:102370005FFFB0BD710200001F8901001211111131
:102380004F1BE8B4D4FEFFFF7CB50446FFF7B8F955
:102390000146D026A05DF2F7BAFDC520205CFCF70F
:1023A0003DF90546A05D2946F2F791FEA05D29465C
:1023B000F2F721FEDB20205C2146B831062801D04F
:1023C000052802D122463C3201E022462832098803
:1023D0000094019200221346FFF771FD7CBD0000BE
:1023E000FEB504462B4E3068F2F70EFA054630680B
:1023F0002746D037F2F76EF9064601207872D020D2
:10240000205C2C214143244A12685118897D1429EB
:1024100003D10A21072201F025FA002E04D03878D2
:1024200001F05AF80120FEBD26469836002D23D033
:10243000B878002820D0F1F778F92046F2F7FEFAB4
:10244000B068164909680D687B35401B306002A9E9
:1024500001AAFFF761FF401901210A46F1F74BF984
:102460000546B878401EB8702046FFF78DFFF2F79A
:102470001AF9002DD3D1D5E71C20305E002806D4F0
:10248000F1F753F900212046FFF788FEC7E7F2F77E
:102490000AF9C7E7042D0020102D0020082D002088
:1024A000F0B595B007460446C434FEF754FC0F90CF
:1024B000A0780E90F86F0C90002638463146FEF753
:1024C00065FC0B9000F002FF05460D9000F006FF42
:1024D0001190217B81201290009038462A46334685
:1024E000FEF757FB3846F2F790FA9C2010903958C7
:1024F000207BFA6F414B0793414B0693414B059369
:10250000414B0493142303931F230A9302930191D5
:1025100000920E9A0C9951430B9B5918521C0F9B19
:102520005A438B183946129D2A4600F077FF3846E9
:102530003146FEF72BFC0F90F1F7B6F80E90C42051
:10254000395C607B3A6D009513461433FEF79CFBB3
:1025500013A90A980871F0431390607BF2F76AFCA4
:10256000607BFF21F2F7A9FC607B0C9009943D6D24
:102570009420089631463246F2F71EF80346129E22
:10258000009628460C990D9AFEF703FB607B0D9090
:102590003D6D96200121089C2246F2F70DF8034676
:1025A00000940196143528460D99119AFEF72CFBDC
:1025B000386DF2F72AFAF1F777F8C83010997850A9
:1025C0003846FFF7C1FB0998407B10490791104935
:1025D00006911049059110490491062103910A21A1
:1025E00002910E490E9A5218019200910F9B80336E
:1025F0003946324600F012FF15B0F0BD8D200610AE
:10260000E1230610892306109D210610852006105F
:1026100021260610551E0610751C0610FFFFFF0F21
:10262000F0B591B004460CA80021089101700AA8E9
:1026300001250570C5480068D021465CC44F386844
:102640000994B834F2F746F8002805D0F1F76DF890
:10265000607E00F041FF37E1012E04D03868F2F7C8
:10266000D3F80028F2D03D46099F3E4698362868A8
:10267000F2F7B3F80796B28BB6498A4220D10646E4
:102680002868F2F7C1F8002817D00AA800250570BD
:10269000607EF2F78FFC3E6D942029462A46F1F7C2
:1026A0008BFF01463046F2F7E3F9E07B401E02283B
:1026B00018D37D208100FA3115E00798828B3046CF
:1026C0003E46DB36A4495118062914D879440979C5
:1026D00049008F440310106376108C003846EBF7E6
:1026E0002EFCEDE046210998006D1430F2F707FA50
:1026F000F1F7D9FFE4E0002800D1A3E0386D1430F1
:10270000F2F7BAF8054600780F2303406878052BE6
:1027100002D0032B00D0D3E0222800D9D0E00396CA
:10272000821C3846DC308D4E29460693B047089F00
:1027300010970F972878C0090FA90870481C2946E0
:10274000083106263246854B98470E970D97287814
:102750004006C00F0DA905910870481C0495A91CDE
:10276000069D32467D4B9847E37A22780998006DA2
:10277000014630312830099E84360096099E01902A
:1027800002910598294606F05FFD316D28228F548D
:10279000174641087E2957D8014656E0386DF2F7B2
:1027A0004DF93D6D7D20800002210122F1F704FFEB
:1027B00001462846F2F75CF906203070617F2177E8
:1027C00024E0F0F7B2FF386DF2F738F93D6D942050
:1027D00000210A46F1F7F0FE01462846F2F748F9D3
:1027E0006088401E6080607E00F076FE68E0607F5A
:1027F00020773D6D7D20800002210122F1F7DCFE73
:1028000001462846F2F734F9042030700CAE0BABC9
:102810003946324600F0E2F805463178E07B002286
:10282000FBF70AFFD03007990860384600F082FABB
:102830003846FFF70FFB002D42D14648C01D0799CF
:1028400088833DE0384639E00121326DD35D0B438A
:10285000D355716F0A680F9B9A4213D14968109A39
:102860009142049B0FD10246FF3A511E8A410892C1
:10287000032D08D1FF2806D02088800727D4012007
:10288000089000E0049B2088C00716D0052D14D1C5
:102890001846F9F751FF01280FD1316D886AC96ACE
:1028A000F9F71CFD4142414108980140012904D13A
:1028B0000AA93046EBF74FFB02E03046FFF7EAFB90
:1028C000F4F794F80AA80578284611B0F0BD0AA8D4
:1028D00000210170306DF1F7C2FF052003990870E7
:1028E0000CAA0BAB314600F079F8002812D0194839
:1028F000801D0897079FB883356D7D2080000221D9
:102900000122F1F759FE014628463D46089FF2F79D
:10291000AFF803E00F48C01D079DA883F1F7C3FE81
:102920000CA80178E07B0022FBF786FED0302860FF
:102930003046FFF78FFA607D0128C1D1326DD15D3D
:10294000A0792832521CFFF763F9B9E7082D00205F
:10295000042D0020F6FF00000700FFFFD134051012
:10296000F8B50446D820FF212154B820255A012764
:102970002F402646D836002F04D0FAF799FB307046
:10298000FF2822D0B83400F0ABFF2076FF2813D008
:102990000021E8061AD40D4600F0A2FF2946607611
:1029A000FF2813D1002F02D03078F9F7C8FF207E1E
:1029B00000F0B8FF072109E00721002F06D030788A
:1029C0000C46F9F7BCFF214600E00C210846F8BD93
:1029D00080B500F091FC4E21405C80BDF0B58FB019
:1029E0001F460D460446FE202040082803D1AE6F46
:1029F000E86F08360DE020460A38C0B280280AD8B1
:102A00000AAE284621460792324606F057FC079A3E
:102A1000E86F012309E0601FC0B2022801D328201B
:102A200000E03C202E1800232846B821415A08A86F
:102A3000059009A804900397029201960095002240
:102A4000204600F003F80FB0F0BD0000F0B587B0ED
:102A50001E46144605900C9A002B03D0D06F1746E3
:102A6000154602E0002517461046C722825C012366
:102A70000598069300F0D8F8002C01D0044602E037
:102A8000202104468C43002E11D06D35A9780029F1
:102A900004D0E9794B424B41069303E004218C4377
:102AA000012106912978002901D108218C43C5060E
:102AB000E0B231463A4600F053F8039006980028F9
:102AC000214602D0102021468143ED0F0491C8B267
:102AD00031463A4600F044F8E1050022002901D4CD
:102AE000019512E00D998B88C988C91A0B0409D089
:102AF000FE22131A8DB2AB4229DA0399511A012230
:102B0000019203E0019515490C40114602940E9B79
:102B10008AB255425541059A921E561EB2412A402C
:102B200000D10398119D109E0F9F0C18641C1C70FF
:102B3000002A049B00D1029B3B80308029700699BB
:102B400048424841002A00D1019807B0F0BD069ADA
:102B5000534253410193049C0390D7E7FFFE0000CA
:102B600010B5C30701D0072300E00123840700D577
:102B70009B1D4407E40F1B19040700D59B1CC406CA
:102B800000D5DB1C840600D512334406E40F1C1963
:102B900040B2002823D5002A21D0002910D0D07AB5
:102BA000002800D00934D06FBE21405C05F0B5FC90
:102BB000002814D04068807F00280FD03B340EE0FE
:102BC000106D00280BD0406D002808D0417A0029F4
:102BD00005D0007A022802D10A3400E02334E0B2A2
:102BE00010BD7CB5154604465E1E002080290246B5
:102BF00008D301AB6A4608461946FFF78DFB0098DB
:102C0000C20101983F210D401543257060701F21BE
:102C1000090400020840022E00D302267105401864
:102C2000000CA0707CBD0000F0B54524A4004D064A
:102C3000ED0F861E072E0AD8201DC0467E44367929
:102C40007600B7440A0F03130317191DF0BD8B2834
:102C50001BD1002D20D0B1202BE01821002D1DD13B
:102C600008461CE088071ED580241DE0002D1FD0DB
:102C7000C5201EE00320F0BD002B1CD088202DE0D5
:102C8000002B00D008342046F0BD0A38802822D816
:102C9000002B22D0782021E071200AE05820022A5F
:102CA000D4D80846F0BD6C34002806D0082005E0D2
:102CB00085202018F0BD802010E038204A0802232B
:102CC00013408906C90FC91808182043A9010143F8
:102CD00001204840F0BD0020F0BD70202118A8015F
:102CE0000843F0BD10B54442444100F005FB4E21BD
:102CF0004454002010BD01207047096D52228A5AA9
:102D0000030953430007C00E0818408E1818704777
:102D100010B58AB0064800689421415848316C4685
:102D20002046FBF73DFA2046FBF7E8FA0AB010BD53
:102D3000082D0020B0B50446C720205CFBF76EFCD0
:102D40000546C734A07A2946F2F7C1F9A07A294688
:102D5000F2F751F9A07AF2F799F9617BA07AF2F7CC
:102D6000D6F8F1F7A0FCB0BD70470000F0B583B015
:102D700004464C4804602046F1F70BFD054620460A
:102D8000F1F7D7FC06466846F0F7D8FC0099091A17
:102D90004B0B45490A681146D031002B02D1106017
:102DA000012000E00020087040480068447B0021BA
:102DB000FF2C0AD02C2060433D4A12681018827CF8
:102DC000002A02D0416AC068FFE70127002E03D025
:102DD000002D01D1002911E0002D15D0354A8B1AA4
:102DE0005A425A41344BCD1A6B426B41334D4E1B04
:102DF00075427541002907D013431D432A4E294DC2
:102E000004D08847002701E0274E264D2868F1F7B7
:102E1000B4FC002801D0042520E02868F1F768FC04
:102E2000002801D0012519E02868F1F76DFC002881
:102E300001D0022512E02868F1F7B7FC29460525E4
:102E400000280BD10868F1F7BCFC002806D1154812
:102E50000068F1F73FFC002820D000250120A840A1
:102E6000174909680A6802430A60002002F090FDD1
:102E7000EFF7A6F8F0F759FC204600F02DFB346878
:102E8000607D012808D1217C0F200840E2680909F3
:102E9000FFF76AFF0020607503B0F0BD002FE9D195
:102EA000EDE7C046042D0020082D00200C2D002049
:102EB000102D0020919306108D9306109593061007
:102EC000B82C002010B5F0F7B8FB044600F0E6F986
:102ED000201840B210BDFF220E324243100A89086A
:102EE0004143880C401C7047042805D0012806D1B6
:102EF000FF20A430074A04E0044A054801E0064ADE
:102F0000064841438818000A7047C046E926010078
:102F1000381A000006120000C62000004703000017
:102F200001480068008B7047082D0020904201D8AE
:102F3000884201D21220704700207047002070475D
:102F40001220704780B54069014902F058FE80BDEB
:102F5000552F061080B50349C97A814201D9FCF783
:102F6000BBFD80BD1C2D0020F0B591B005930B92E8
:102F70000D910C90A848017F0891C17E0991817E36
:102F80000791C17A0A91C57F0126E021A34C304602
:102F9000A047A34F386058213046A0473968942293
:102FA00006928850284606F077F9072129400598AF
:102FB00006F09CF91798059001901C98009019ABA9
:102FC0000ECB0D9804910D93EAF7ECFE2C250A9890
:102FD0002946A04739689C2288500B99012900D0C6
:102FE00007960020012900D00990012900D00890FF
:102FF00041208600012909D131462031012000F00D
:103000004BFE874909688C22885036E0252182488A
:103010000A91415C30462030002901D0014600E091
:1030200044212C4626277C4AD25D002A00D0014646
:103030002925794A525D002A00D001460C9A012ABE
:1030400000D10146012000F027FE754909688C2255
:1030500088500C980128314610D06F48405D0028F8
:1030600031460BD16C48C05D0028314606D16A4814
:103070000A99405C0028214600D0314618980A90F1
:103080001698029001273846644CA047644D296881
:103090009022885010213846A04729689822039230
:1030A000885004213846A0472968A022885034213E
:1030B0000C973846A0472968A42288500798C5B2C3
:1030C000311F2846A04706460B9C012C05D15C21E8
:1030D000284600F0E1FD024600E000222846314685
:1030E000FDF7A4FE10AB0898D870099898700D9F52
:1030F0005F700A9818702046059E31462A4606F0F1
:10310000DBF8029D28462146FBF725FA2846214692
:103110003246FBF7FAF92846214632463B4606F08E
:10312000E4F800972846214632460A9BFBF7F0F95F
:10313000FBF775F9012C07D1012E05D105F0ECF94B
:10314000012D01D105F0EBF90D98012801D105F011
:10315000E7F9FBF75DF90498294622463346FDF767
:10316000E0FC2D4FF87A411C2E4D28460C9A00F0B9
:1031700081FD2B4F3968C82288502748C17A022226
:10318000284600F077FD39680A4698325063039864
:10319000085878605068B8602046FBF7DBF9FBF709
:1031A000B3F900F0FDF8FDF7C1FC06F086F8FDF775
:1031B000B7FCF7F739FEF0F758FA396800248C723B
:1031C00048722046F0F759FAF3F7C8F83868406EAD
:1031D000FCF743FD3868069D40590C3002F0EBFEC9
:1031E0000C9E3046FBF777F93868415940228C54E1
:1031F000094A128B02831F200F90E0430E90483142
:103200000EA8052202F04CFD38684059F102542204
:10321000815211B0F0BDC0461C2D0020993C061013
:10322000082D0020182D0020B0B588B0129C0694FF
:10323000119C0594109D04950F9D03950E9D02957C
:103240000D9D01950C9D0095FFF78EFE012C10D170
:10325000FBF75CF9F8F750FD0748C17A07480068AA
:10326000A830074A052302F0F1FBF3F7E5F8FBF776
:1032700085FB08B0B0BDC0461C2D0020082D0020E5
:10328000452F061000210A46062905D0435C002B75
:1032900000D00122491CF7E7D0B27047044800680B
:1032A0005C21405E0D2141434031C8117047C0464A
:1032B000082D0020044800685E21405E0D21414336
:1032C0004031C8117047C046082D002002480068F0
:1032D0008C2140587047C046082D002002480068E5
:1032E000902140587047C046082D0020002801D08A
:1032F00030207047202070470248006894214058D1
:103300007047C046082D0020FEB51548006894217E
:103310000291415854200190085ACF6B124C451C21
:10332000A9B2090A0E2901D90E494518002F0FD05C
:10333000002620683421415CF0B2884208D2F8F7B8
:1033400093FC761CA9B2408F8142F2D12846E6E771
:10335000034800680299405801994552A8B2FEBD41
:10336000082D002002F1FFFFB42C00200188054A3F
:103370008918018088B204494143080C484080B252
:103380007047C04615FCFFFFAB020000C043401869
:10339000C00F704701480068806870470C2D0020FE
:1033A0000948C07A094909681231002804D000226E
:1033B0000A802C31401EF8E7054800680021C173DF
:1033C000FF210902818170471C2D0020102D002053
:1033D0000C2D00202C224243014800688150704788
:1033E000102D00202C23434302480068C250C0180F
:1033F00041607047102D0020FF280BD02C21414345
:10340000054800684018817C082901D0102100E09F
:10341000202181747047C046102D0020F0B588B07F
:1034200007932C2747431A480668F019847C012C1F
:103430002BD103461233149D0695139D0595129DBD
:103440000395119D0295049110990F9D0E9C009477
:1034500001920D9A079C44608260009AF2511F22EB
:10346000154045751140817501210175019AC2749D
:1034700001820299C161039901620599416206992D
:1034800081620499C1600220187008B0F0BDC04686
:10349000102D002080B50A4909680A7B012A06D14F
:1034A000CA7B032A05D10020FBF780F880BD0020ED
:1034B00080BD0968081A03494018C00F80BDC04686
:1034C0000C2D00200BFEFFFF024909684A680260CC
:1034D000887B70470C2D0020F0B5B3B00746DC4860
:1034E00000680B9001200190099000210B988173D6
:1034F000D84803680A911972FF2008900230988218
:10350000187CF02101400A0988181874598AD140A2
:10351000C907D14909680791059306D0002002F038
:1035200037FAEEF74DFD059B187C0F2102910840FC
:1035300018749621099841430B98129181600120DB
:103540000490C04379B2814210DC7F2007402C25D3
:103550007D43079C60190A906659F0F7A5F8301A68
:10356000BE49401800D5EFE0384604E0F8B2FF2825
:103570000ED000210A912C214143079840180121C7
:103580000175817C082902D112300421017008974D
:10359000F0F78AF812990C18AF4807682837002509
:1035A0002846AF49CA7A95423AD23E46163E31780D
:1035B0000A07520F1ED00421317039462839096894
:1035C000CA43A21829D4611A38461C3800683A4602
:1035D0000C3A12689047394618390A8812180A803E
:1035E000394614390A7880187F2800D37F20087064
:1035F000317801208906890F0FD03968002906D05B
:1036000038461C38006888473078012804D00020EC
:10361000307039461539087001202C376D1CC0E711
:103620000028B5D18C480068034612330024214697
:10363000A24209D01D78042D03D1CDB213AE74552A
:10364000491C2C33641CF3E70A0674D0CAB20E92EC
:10365000002206920C46039216460D910E9A96424F
:103660006ED012961094E3B200272C463E46BB4221
:103670000DD013AAD25D2C2555434559002F02D0F9
:10368000F243AA1801D53C462E467F1CEFE7129D57
:103690004A1BD2B2511E13AA535CE4B2175D5754B1
:1036A00013550F91CBB2D35C002D2ED01D4611992E
:1036B000CAB213ACA45C2C277C430259911B041999
:1036C0006368C91895314AD4D1430C9A511849D42A
:1036D0006F43C1198A7D0B7D9340497D0126324697
:1036E0008A409A4200D81346A17D277D8F40617D94
:1036F0008E40BE420F9D00D837469F422B460D9903
:10370000109C00D3119B129E11E00D990E9A012A74
:1037100001D102220692109C129E0F9D2C225A4328
:103720008358821852689A1896320C922B46641E5F
:10373000761C119392E700200B99486088732DE066
:10374000039A1646069B13E06019807C102800D16E
:103750000AE7202800D107E700243D4621E0963EF5
:10376000049B04E00D98401E119000263346039AF6
:103770001198C0B213A90D5C0B9842608373FF2DA2
:103780000CD02C20684307990918D8B201280A9157
:1037900005D10868301A0B99486000E0FF25019CAC
:1037A000089FF0F771FF2A480068FF2D2FD011976E
:1037B0001294044608200A9FB874FDF7B4F96573A3
:1037C0003A6AF868796890473E680B942660284604
:1037D000F0F770FFF0F767FF1298002823D0F87C0D
:1037E000C10901223046EFF786FF00281DD0099855
:1037F000400009901028119F00D276E6FDF792F95B
:10380000A12006210022134603F0B8FC09E004467B
:10381000EFF78BFFF0F740FF0020E073FF2000027E
:10382000A08104990FE0EFF798FF049B0B990B73AD
:10383000F87CC873059AD660117C029C2140000177
:1038400008181946107403480068017233B0F0BDBF
:103850000C2D0020082D0020102D0020D4FEFFFF8D
:103860001C2D002010B51F231A402C24444303486C
:103870000068001982751940417510BD102D002097
:10388000B0B52C2444430B480068059D0551001930
:10389000049C8460C1600B9981620A994162099914
:1038A00001620899C1610799817506994175C274D1
:1038B0004360B0BD102D00202C2141430248006818
:1038C0004018102141827047102D00202C224243C5
:1038D00002480068801881747047C046102D00208F
:1038E00010B50E480168283100200D4AD37A98425D
:1038F0000BD2EFF3108372B60B46163B1C78002CEC
:1039000005D062B62C31401CF0E7FF2004E0002215
:103910000A600121197062B6C0B210BD102D0020DE
:103920001C2D0020FF2806D02C21414302480068AE
:103930004018002141827047102D002010B50C4620
:10394000EFF3108172B6FFF7A5FD62B6002800D034
:1039500010BD2046FFF7C0FD10BD0000B0B5044605
:103960001348C07AA04222D9EFF3108072B6FF2527
:10397000EC35EFF799FE4019FFF78CFD0D4A1368FF
:103980000021197262B601280CD1106841600A4A00
:10399000436893420BD8037A002B07D143685B1C22
:1039A0004360F5E72046FFF797FDB0BD0172B0BD5B
:1039B0001C2D0020082D0020FFE10400F8B5184C54
:1039C00001250422174E20462946B047164F38607D
:1039D000102220462946B047396808600C2220464C
:1039E0002946B04739680968C860104DE989242222
:1039F0002046B047014638680268D06881600021DF
:103A0000082903D000235352891CF9E7E989D180A2
:103A100000211181E989418000F048F9F8BDC046D4
:103A2000182D0020753C0610142D00201C2D0020A0
:103A3000FEB51A4A12681368EFF3108272B60622B6
:103A40009C5EE2172746974340000090185E144A98
:103A50000291891849094D1C0128019505DB421B7B
:103A6000564212B2D51335403F18D8680022865E00
:103A700009B28E420EDD3EB28E420BDD009959181E
:103A8000621BDA800A88019BD21A0A80029900F030
:103A900043F9024662B61046FEBDC046142D002012
:103AA000FFFF1F00B0B50D46044600F05BF901466C
:103AB000284600F00BF8044800680068C0682146FA
:103AC00000F00FF9B0BDC046142D002010B50B4A10
:103AD00012681268EFF3108372B64300D05E441888
:103AE000D4520BB2C318012B02DB4342C10B194065
:103AF000D0880818D08062B610BDC046142D0020B2
:103B0000084909680A68EFF3108172B60621515E10
:103B1000CB1799434000105E002800DD091888B2D9
:103B200062B67047142D0020FEB58124002832D0E3
:103B30000646029101941948006800680090501EE2
:103B40001F2101434C1CA7B2304600F013F9054673
:103B500087420CD9601B81B20298FFF769FF0028E9
:103B6000019C18D00146304600F029FA12E0AF421D
:103B700010D20098C06831463A4600F007F9044672
:103B8000781E4009691E4909081A81B20298FFF798
:103B90009DFF00E000242046FEBDC046142D0020FD
:103BA000BCB50C4601461C48006805682889EA68CF
:103BB0005288131AA34226DAA11A081801A908800C
:103BC000164800688069422140220323F2F712FF61
:103BD000002817D004460222C2720920A072204693
:103BE0000C3001A9EFF774FC0020607206212172ED
:103BF000E071A171FF206071822020714220214676
:103C0000F2F795FFBCBD0320224600F009F8288991
:103C100000192881BCBDC046142D0020B82C0020FE
:103C200010B5084B1B681B68EFF3108472B6400098
:103C30001C5AA41A1C524800195A8918195262B603
:103C400010BDC046142D0020B0B50C4605490968CA
:103C50000D6803212246FFF7E3FF2889001B288116
:103C6000B0BDC046142D0020014841680160704776
:103C7000182D002070B5144605464C430068401EC0
:103C8000032101434E1C002130462246EFF730FC51
:103C900030192860304670BD80B50A46014602489A
:103CA000FFF7E8FF80BDC046182D0020F0B581B0B9
:103CB000054640888624002810D0AE68002E0DD01E
:103CC00000246C602C80274634602846314600F082
:103CD00008F824367F1C68888742F5D3204601B057
:103CE000F0BD10B5002915D000220C462346521C09
:103CF0002468002CFAD1EFF3108472B64468416056
:103D00001C6001888918018062B6002001F068FEFD
:103D1000EEF756F910BD0000F0B5114A89184909AF
:103D20004A1C94B2EFF3108172B60021002C13D01C
:103D300003889C4210D8641E41680D4606D00026B8
:103D40000D462D68761CB7B2BC42FAD82C68446088
:103D500000242C609A1A028062B60846F0BDC04664
:103D6000FFFF1F000021002802D00068491CFAE76D
:103D700088B27047002806D000210068491C00283E
:103D8000FBD1480100E0002080B2704770B50024EC
:103D900000290AD000260D460968334620339EB21A
:103DA00096420ED20029F6D101E023462546D11ACB
:103DB00089B2FFF7B1FF286000280AD17920C443F7
:103DC00007E0002904D0FFF78CFF00242C6000E0FE
:103DD0000024E0B270BD002908D0002809D08BB2C1
:103DE000202B04D3006820390B04F6D10021118068
:103DF000704700207047F0B581B0064650090406B0
:103E000004D0002E2DD03668401EF8E71C465B1EFD
:103E100020469841002C1FD0002E1DD01F200240AC
:103E20002020851AA8B2A3B2984200D32546009557
:103E3000AFB2B018001D3A460D46EFF749FB0098A7
:103E4000241AA1B24A1E08469041002904D0E9195B
:103E500036680022002EE3D1002803D07E20C04324
:103E600000E08120C0B201B0F0BDF0B581B00D46D8
:103E70000646002A08D0002E2AD090B2202806D369
:103E80003668203A1004F6D1002E21D00022002BF3
:103E900020D02020841AA0B299B2884200D31C46B8
:103EA000A7B290B23018011D28463A460093EFF7AA
:103EB0000FFB009B1B1B180404D0ED193668002271
:103EC000002EE6D198B2002805D07E20C04302E043
:103ED000812000E00020C0B201B0F0BDF0B583B099
:103EE00002910646002A08D0002E33D090B2202836
:103EF00006D33668203A1004F6D1002E2AD00022CC
:103F0000002B019320D000271D4690B21F2814D803
:103F100020218C1AA1B2AAB2914200D32C46A2B29F
:103F2000B9B2029B59183018001DEFF7F1FA0028BA
:103F30000FD12D1BE719002200E0203A280404D0FD
:103F40003668002EE1D100E00027B8B2019B1B1AB1
:103F500000E00346184603B0F0BD10B5521E1F2303
:103F600013439AB2531C9AB29A4201D000220DE038
:103F700053090A460021541864684450091D202939
:103F8000F9D1116820305B1E1C04F2D1104610BD1F
:103F9000B0B5521E1F2313439AB2531C9AB29A42D1
:103FA0000CD15209031D00240D591D51241D202C34
:103FB000FAD100682031521E1304F3D1B0BD02467D
:103FC00000680028FBD111607047F0B58DB09142B8
:103FD00000D383E01346064600290CD00C46354634
:103FE000002D0BD0A0B2202809D32D68203C20043E
:103FF000F6D1002403E00024354600E000251F46EA
:104000003246002A08D0B8B2202806D31268203FD2
:104010003804F6D1002700E0002220040AD00291E3
:10402000291D0492A2B205A80393EFF751FA029951
:10403000039B049A002E019506D000203668401C90
:10404000002EFBD1400100E00020002A3DD0C91A1B
:104050000D18280439D004922021C81B82B2ABB2BB
:104060009A4200D32846029582B20D1BA9B2914212
:1040700000D30546AAB2A0B205A90818B9B2049E99
:104080007118091DEFF724FA2C19EF190397B8B22C
:10409000202803D132680020039000E03246A0B20D
:1040A00020280AD1019C201D05A904922022EFF7A7
:1040B0000FFA049A246801940024039F002A07D071
:1040C0000298451B2804C6D102E0A0B2202805D0E2
:1040D0000198001DA2B205A9EFF7FAF90DB0F0BDE5
:1040E000F0B597B0E54C6720C543E9F786FDE44E8F
:1040F000012802D0F07A002810D027462C46383408
:10410000E9F77BFDF17A6143784338184418E9F701
:1041100074FDF17A4143DB48484324182634E9F71B
:104120006CFD01280ED12846603031894143284674
:104130004430B27A4243501829464831327B4A43D0
:10414000801800E000200390F0890A90F7F7A7F8A4
:10415000012801D0E9F73AFFE9F747FD012811945A
:1041600009D12C463834E9F748FD6043F17A4143E0
:104170000839099101E000200990F2484C30139071
:10418000E9F724FF012815D0F7F789F8012811D0A5
:104190002920305C00280DD12520305C002809D171
:1041A0002620305C002802D0E6484C3001E028464A
:1041B00024301390E3486C301290E9F707FF012890
:1041C00015D0F7F76CF8012811D02920305C0028B1
:1041D0000DD12520305C002809D12620305C002834
:1041E00002D0D8486C3001E028463C301290E9F704
:1041F000EDFE1090B07E0090F07F0F90E9F7FDFC8F
:104200000790F07F0190FAF769F90890F07F02902B
:1042100001F065F90027F7F757F80128384615959A
:1042200016974FD1707F0A2800D30A202C463834C5
:104230004443C03C0025FAF7F8F801282F4620D166
:10424000E9F7DBFC01280E9503D0159B1846543086
:1042500002E0159B18464830BA49E431B27F4A4320
:10426000101835461E466036E97F32468A40871868
:10427000E9F7C3FC012802D1E87A4643BF192E466C
:104280000E9DE0191490FAF71AF90746FAF7CDF8DF
:1042900004463C40E9F7B1FC2040012808D1F07EFB
:1042A000401E03210143B07FB0224243D043451A50
:1042B00014984419E9F78AFE6043A24908182C3083
:1042C000159D169F0690E9F798FC0128394609D1FB
:1042D000F7F7C0F90128394604D12220305C29467D
:1042E000143141430591FAF7A0F80128384621D14D
:1042F0009448D430B17E414328464830F27A424354
:1043000054180027FAF7DBF8012810D1E9F775FCFB
:1043100001280CD1159A10465830317F4143104680
:104320006030F27E424350188438B77E4743E0192C
:10433000159D169F0E90F6F74FFE0128384633D193
:10434000E9F75BFC012802D02F465C3704E02846E1
:104350006030F77A47430C3F2325705D0024002826
:10436000204605D0E9F749FC705D404203218843AF
:10437000C0192427F15D159A64324A438518F6F76F
:10438000A3FF01280DD1E9F721FE012809D1FAF791
:104390004CF8012805D1F45D002C159801D0044695
:1043A00050342819159D169F0D90E9F726FC012819
:1043B000394609D1F6F775FF0128394604D1284658
:1043C0004830F17A414314390C91E9F716FC012881
:1043D0003A4608D1FAF7D5FA01283A4603D12846D9
:1043E0004C30F27A42432620315C2520345C63183D
:1043F0002920305C0493002B149010D02820335CCB
:10440000284660305843F83848432723F35C543536
:104410005D434C4B5B19483363431F1814980028C5
:1044200016970B920DD002462A20305C454D2B4644
:10443000B033434337462E46C8365643F318483BFD
:1044400003E02A20305C002337462826BE5D7143F6
:10445000091827263D46BE5D74432418601813D002
:10446000159F3E464C3666433C4634344C43A119B6
:104470003C465C3444430C19143C07E010FCFFFF3D
:104480001C2D00207CFDFFFF0024159F03990A9E30
:104490001198081839464431714340180999401859
:1044A00013994018129941183846603006460F9A01
:1044B00096408919109A012A06D1224E009A564335
:1044C00071184526B60089192E46079D059A012DBB
:1044D00002D1019DA84009180898012805D1384645
:1044E0001830029DA840411870390698049D08189C
:1044F00080180E9940180D9940180C9940180B9986
:1045000040181499CD4201D03818583016994018E7
:10451000C0180419F2F76BFA012800D1E419706889
:1045200020180321C943F28DD21C0A40B38DDB1C35
:104530000B409A18338EDB1C0B40D118401A17B071
:10454000F0BDC04690FEFFFF80B501F096F980BD3A
:10455000B0B594B004464178012529403E306A4602
:1045600000F019F800280CD1694650222046EEF7D9
:10457000CFFF002808D06946487828403E3100F037
:104580003BF86078102801D2002002E0204601F0BC
:1045900069F914B0B0BDFEB5144606460125029176
:1045A000012905D17079C0210140402900D10025A1
:1045B00001F040F920463E30019027461E37204644
:1045C00001F03EF9002815D1002D0BD060780121B3
:1045D000014002988142F2D1062201983146EEF75D
:1045E00097FF03E03046394600F080F90028E6D115
:1045F0000020FEBDB320FEBDF0B595B00C460546CB
:1046000001F018F901AE3E36B32701A801F018F900
:10461000002810D1062230462146EEF779FF01A985
:10462000497801220A40AA42EFD10028EDD101F0D9
:1046300037F90027E9E7F8B215B0F0BDB0B5044688
:10464000074D2878002803D101F0F4F801202870E4
:10465000204601F0F5F8002801D000212970B0BDF6
:10466000502D0020BFB50D46044601AA084621463C
:1046700000F07FF8002801D101F012F92846214608
:10468000FFF7BAFF04B0B0BDFEB51446019106466F
:1046900001F0D0F827464437204601F0D1F8002831
:1046A00011D16078C006F7D502AD384601992A4687
:1046B00000F07AF8022228463146EEF729FF00285A
:1046C000EAD10020FEBD8120FEBDF0B585B01E46BA
:1046D00017460D46044602AA0846214600F049F84E
:1046E00000280BD10498B84206D1BAB20C2031464A
:1046F000EEF79EFE002816D001F0D2F8019602AE29
:104700003570701C06222146EEF7E2FE0497304613
:10471000019901F082F8002805D006462846214676
:10472000FFF76AFF00E00026304605B0F0BDB0B5E7
:1047300098B01C46154601AAFFF72DFF002816D198
:1047400001A94A78012010403E3115AA00F011F865
:10475000002801D0B3200AE029681798884201D9BF
:10476000872004E0286081B2204601F04BF818B0A1
:10477000B0BDF8B514460D46064601F01DF8671C9D
:10478000204601F01FF800280BD1062228463946A2
:10479000EEF7BEFE0028F3D12078B042F0D1002021
:1047A000F8BDB320F8BD0000F0B591B001920091C2
:1047B000054608A90320088007AA0024148014488D
:1047C0000068183003AF3B4600F024F80DAE10220D
:1047D00030462146EEF78CFE082230460099EEF76F
:1047E00077FE09AC384631462246F6F7F7FB02AEB3
:1047F000022230462146EEF76BFE287802994140AE
:10480000019A1170707869784140517011B0F0BD13
:10481000B42C0020BFB50D786C46257049786170C6
:104820001178A1705178E1700021039102910191FA
:1048300021461A46F6F7D2FBBFBD0000E0B503469D
:1048400001A9012008806A46002010800248006803
:104850001830FFF7DFFF8CBDB42C0020F0B587B017
:10486000009003AE3046FFF7E9FF0027384601F01D
:10487000A9FB010A02AD69703F2404404034384668
:1048800001F0A0FBAC70287001AF304629463A46D3
:1048900000F00EF80326009C204639463246EEF71B
:1048A00017FEE01C29463246EEF712FE07B0F0BDB7
:1048B000F0B589B000920F46054605AE00211022E2
:1048C0003046EEF715FE0324304639462246EEF711
:1048D000FFFD01AF284631463A46F6F77FFB0098C8
:1048E00039462246EEF7F4FD09B0F0BDBCB50A46E4
:1048F0000446C11C01AD10462A46FFF7D9FF03222A
:1049000028462146EEF704FE002800D08120BCBDD9
:10491000F0B585B000931746054601AE3046083025
:1049200008242246EEF7D4FD304639462246EEF7FB
:10493000CFFD28463146009AF6F750FB05B0F0BD92
:10494000E0B50B46014601AA01201080024800682C
:104950000830FFF75FFF8CBDB42C0020F0B595B098
:1049600001931746039100251495139512951195FF
:1049700011A90DAC04902246F6F730FB0F200290EF
:10498000265609A9204600F085F8002E67D409A80C
:104990000299445605A900F07DF8002C6CD411A8AA
:1049A000002410222146EEF7A3FDFDB2112D21D3E4
:1049B000201D81B210220DAB0398F1F75FFE00209D
:1049C000102807D00DA9095C11AA135C4B401354A1
:1049D000401CF5E711AD0DAE049829463246F6F7B6
:1049E000FDFA102228463146EEF772FD103F1034D2
:1049F000A4B2DAE7102D08D1201D81B210220DAB30
:104A00000398F1F73BFE09A814E00DA8002110223D
:104A1000EEF76EFD380608D00DA8431B1033201D9D
:104A200081B203982A46F1F729FE0DA8401B802188
:104A3000C17305A8019A0021102909D00DAB5C5C57
:104A4000435C634011AD6C5C5C406C54491CF3E703
:104A500011A90498F6F7C2FA002015B0F0BD11A80C
:104A6000872101700F2D92D009A8415D11AA525DD6
:104A70004A4042556D1CF5E711A8872101700020BE
:104A80000F288CD005A90A5C11AB1B5C53400B545A
:104A9000401CF5E710B5027852000A70491C00224C
:104AA0000F2A0BD083185B785B008B548456002C44
:104AB00002D5012423438B54521CF1E710BD0C2076
:104AC00070470000F8B500276B4B6C4A3D461868EC
:104AD0003421405C854200D3CDE01068A4214058C9
:104AE000002800D1B2E0C4192089002800D1ADE02F
:104AF000A07A0146D13905295DD3002800D1A5E06F
:104B0000FE2800D18AE0A22859D0AA2800D181E04D
:104B1000B22854D0B42800D18AE0BA287AD0BF286D
:104B200000D189E0F02800D18BE0102800D090E07F
:104B30000121204604F00AFD002800D196E000265D
:104B4000A672F3F70FF800284B4B4C4A7ED060203A
:104B5000205CC0077AD004F06AFC484A464B002823
:104B600074D0E079C021014040296FD144480068E9
:104B70004F21405C000769D524894248006880695C
:104B8000482202210B46F1F735FF3C4A3A4B0028F8
:104B90005CD001460420487208220A72CE718871E6
:104BA0008C72FF20487182200871200AC87202208E
:104BB000F1F7BDFF48E0204605F07EFA44E0E07DD5
:104BC00001260007304613D5204605F07AFD00285F
:104BD00006D0122804D00E2000F0DAFEEDF7F0F92E
:104BE000E07D60210140603948424841224B234A20
:104BF000E17C022904D1E17B10220A4016091F4AF8
:104C0000002823D0002E21D06020205CC00724D0B3
:104C10004B2023E0204600F037F815E060202056B6
:104C2000002813D5002170222046EEF761FC0BE02E
:104C3000204605F0ABF807E00021204605F0F3F927
:104C400002E0204604F004FD0C4A0B4B70376D1C4B
:104C50003DE7204600F019F80AE05B20C043A0724F
:104C60000E2000F095FEEDF7ABF901E0F120A07207
:104C7000014B024AEAE7F8BDB42C0020542D002075
:104C8000082D0020B82C002070477047FEB5604FFB
:104C9000604C38680168002900D1B8E001F094F850
:104CA0000546008805F09EFC0028F2D006463868CC
:104CB000B021405C00280ED008210022012330469C
:104CC00004F07EFD00280ED0FD2800D096E0284696
:104CD000F1F7B8FCDDE76868007A05280CD12846B2
:104CE000314604F041FD2846F1F7ACFC0E2000F0FF
:104CF0004FFEEDF765F9CCE7B17AF12901D0002933
:104D00000AD16021725C0121114001D10B28DED152
:104D1000002901D00128DAD1F07D000706D50296DE
:104D2000019501A800F094F8FC28CBD16020305CFC
:104D3000C00707D10296019501A800F08BF8FC2866
:104D4000C0D122E06868007A042831D0032837D027
:104D500001281AD1B07A002803D0FB2847D0F128C7
:104D6000B5D1308905F01EFC0246002001462346DD
:104D700000F08EF8307E810702D50321084330769B
:104D80002846314604F0F0FED9E72846314605F0C2
:104D900061FAFC2803D0862899D0842892D1F07D2E
:104DA000000794D50296019501A800F04FF889E715
:104DB000B07AB6288BD12846314605F09FF8BEE779
:104DC000B07AB22809D0B42807D0B52800D07EE741
:104DD0002846314604F09CFFB1E7F07C022800D061
:104DE00075E738684021415C032908D16FE7092144
:104DF00000220123304604F0E3FCA0E7386829468E
:104E000000F0C3FF0F2000F0C3FDEDF7D9F8FEBDA1
:104E1000542D002030750000F8B50A4D05400A4EAB
:104E200030680768002F0CD03C46FF692088A842F4
:104E3000F8D13068214600F0B1FF2046F1F702FCBE
:104E4000F0E7F8BDFF0F0000542D00201F20704731
:104E50001F2070471F20704780B50648C17A06485A
:104E600000680830C91CC9B2044A072300F0EEFDEF
:104E700080BDC0461C2D0020542D0020814E061000
:104E800080B54069014900F0BAFE80BD294F061087
:104E900010B5002906D0862401291BD1022A19D871
:104EA000002100E0032101280AD0002811D1881830
:104EB000C1B2094800680830012200F012FE06E085
:104EC0008818C1B204480068083000F0D4FD0446D8
:104ED00000E00024204610BD542D0020FEB50546FC
:104EE0007020029045430F480068A421019140586A
:104EF000471939890220012400262246334602F050
:104F0000B1F93846214604F00BFC3889FFF784FFDD
:104F1000044800680199405840193146029AEEF75A
:104F2000E7FAFEBD542D002080B5022802D805F016
:104F3000A9FA80BD0449C97AC91C814203D9C01E9F
:104F4000C0B2FFF7CBFF80BD1C2D0020F8B5292093
:104F5000C1000124204D2046A847204E3060204F3C
:104F6000F87A7021A8473168A422885005F012FA17
:104F700028212046A8473168AC228850F87AC01C06
:104F8000C0B2411C174D28462246FEF773FE316819
:104F90008862F87AC01CC1B202222846FEF76AFE77
:104FA0003168C862084600F0E5FEFFF755FF30683B
:104FB0004221002545524021032242540A490463FC
:104FC00041638563443010212A4601F008F82846E1
:104FD00005F074FBF8BDC046993C0610542D002026
:104FE0001C2D0020182D00200710070710B50446BF
:104FF00000F00CF8002801D00C2010BD0248006819
:1050000040214454002010BD542D002070B510489C
:1050100000683421405C702141430E480268A4328C
:1050200000200346994212D01468E518AC7A602635
:10503000AD5DED0704D16034E4B2512C04D205E03B
:105040005034E4B2412C01D37033EBE7012070BD42
:10505000B42C0020542D002010B50446FFF7D6FFD5
:105060006178012903D1002805D1024604E0002817
:105070000FD00C2216E00C220B4909684023CB5CB0
:10508000032B01D16E22D243032B0BD0002802D078
:1050900008E0054801683031102208462146EEF745
:1050A00017FA0022D0B210BD542D002010B50C46C6
:1050B00005F098FA002810D0C17C02290FD10949C7
:1050C00009688C63C17B10220A43C2730E2000F072
:1050D0005FFCECF775FF002010BD022010BD0C2016
:1050E00010BDC046542D0020F0B589B0049315467C
:1050F0000591074606AE08AC30462146F2F71EFE83
:105100002278002000950499019102903846059973
:10511000334600F003F809B0F0BD0000F0B587B0E9
:105120000293009201913A4909683423CA5C7027BE
:1051300057430025EC43374B1E68A4360C99069163
:105140000E9903910D9905910494AF425ED0336896
:10515000591909897035641C0029F6D1944255D239
:105160005F19394668390880384670380521017062
:1051700038460F3800990170384610380090019970
:10518000017038460E380622234B0299164698477E
:10519000FE20069A104001210A40022800D0114644
:1051A00006923C466F3C217002280598039900D076
:1051B00001463D466E3D28463246174B98473846D5
:1051C0001738069901703846163805993246124B41
:1051D00098473846583800210422EEF789F9381FDD
:1051E000663F10213970049901602078294605F046
:1051F000B9F9002805D000980078C00701D0FB203D
:1052000038700E2000F0C4FBECF7DAFE07B0F0BDFA
:10521000B42C0020542D0020D1340510F0B589B0F5
:1052200004931746059106460E9C2046FEF72AF881
:105230000F9D002808D007A806222146EEF748F95E
:1052400006A80122027005E007A806AC2146F2F785
:1052500075FD2278009704980190029507AB3046BF
:105260000599FFF75BFF09B0F0BD0000F0B589B00C
:1052700015460E4605F0B6F9002870D00446807A2F
:10528000BC2806D1278908A8002101802646283697
:1052900056E027463037E17D090709D420462830FB
:1052A00008223146EEF714F93D70280A7870A07A8A
:1052B0002189029108A900220A8026462836BC28A6
:1052C0003DD025461C35F1280FD1E07D000736D4AE
:1052D00007AA019228463146FFF766FA0222019892
:1052E0003946EEF715F9002821D0384631462246D6
:1052F00004F09BF900281AD0029D2846F5F79FFE7E
:10530000207E80070CD0284605F04CF9024601208B
:105310000021154BFFF7BCFD207EFC2101402176CA
:10532000022003220023294601F09CFF17E00D48CC
:105330000068083008AA29463346FFF76BFA029F37
:1053400003AD002110222846EEF7D2F8227C284631
:105350003146EEF7BDF838462946F5F761FE09B04B
:10536000F0BDC046B42C002030750000F8B50E46E4
:105370000546104605F036F9002856D00446074683
:10538000002E0BD00020B87208340122062D32D135
:1053900039891546062E0ED005220DE0F97A012036
:1053A0000843F872F97C891E022910D8F97D090793
:1053B00008D5042107E004220220002301F052FF57
:1053C0002A4618E00221F92210404018F872B87AF3
:1053D000AD2805D0AE2805D0BC2827D1BF2002E0DB
:1053E000AF2000E0F020B87208340E2000F0D0FAB0
:1053F000ECF7E6FD00226020385CC0070BD1B87ED8
:10540000C10605D5EF210140B97641B2002918D473
:10541000002A19D109E0387EFC21014039760321A8
:105420000140481E81410A430ED1F8BD062DDBD153
:10543000F128D9D1398902200022134601F012FF48
:10544000D2E76F210840B876208805F0ABF8024615
:1054500001200021014BFFF71BFDF8BD3075000056
:1054600010B505F0BFF8002825D00446008905F0E6
:1054700099F80246012000210F4BFFF709FD208912
:10548000FFF7CAFC6020205CC007A07A04D160301E
:10549000C0B2512804D307E05030C0B2402803D82E
:1054A0000221204604F03CF9FE20A0720E2000F0FC
:1054B0006FFAECF785FD10BD30750000B0B50546FC
:1054C0000024204605F0DAF8002801D00C2404E07E
:1054D000012D02D1012005F0F1F82046B0BD0020D9
:1054E0007047704770470000B0B50C460546088805
:1054F00005F078F8002825D0002D0FD0012D21D1FE
:10550000608841281ED812480068214600F036FC09
:105510000F2000F03DFAECF753FD16E06168097AC0
:105520000B2909D1017E03220A40012A0AD1FC225B
:105530001140891C017605E08A1FD2B2042A01D8E5
:1055400004F05EFE2046F1F77DF80020B0BDC046B5
:10555000542D002010B5C37A5C07A20F09D0012298
:1055600013405A425A41037C0320102B09D00346B2
:1055700008E0DA070AD1807A0122F12809D013461F
:1055800008E00423002C05D4034603E00223002294
:1055900000E00223002A01D1184600E00120002982
:1055A00000D0184610BDF8B51C4616460D46002121
:1055B00029701170197005F015F8002817D00746EA
:1055C00001212970807AF12810D1009100213846FC
:1055D000FFF7C0FF3070012809D102202870F97A46
:1055E0004907890F00D10098207000E03170002039
:1055F000F8BDF8B51C4615460F4604F0F3FF002829
:1056000016D00646811C06222846EDF761FF707809
:1056100069460870002F1FD000281DD0012809D12D
:10562000F1798A090120022A16D8402903D213E011
:105630000220F8BDF179C0200840402808D1694611
:1056400030462A4603F0DAFF002803D08120F8BD57
:105650008620F8BD6846007820700020F8BDB0B5FF
:1056600004F0C0FF002811D004460025294603F0AD
:105670006DFF00280BD0A17AF12905D1A17BCA07C3
:1056800002D0890700D50020054600E00225284603
:10569000B0BD10B50C4604F0A5FF002805D0817AF6
:1056A000F12902D1007CA04201D2B62010BD002019
:1056B00010BD80B504F096FF002806D06021425C42
:1056C000802313434354002080BD812080BDF0B56A
:1056D00089B00E4604F086FF002825D005461C3010
:1056E00005A90091FFF72CF974882B466833271D14
:1056F000B9B204223046F0F7E3FFFAB201AF0098E6
:1057000031463B46FFF72AF908372046083081B278
:10571000082230463B46F0F7D3FF0C347480A86E65
:10572000401CA866002000E0022009B0F0BDF0B5E2
:105730008DB00D464F8804F055FF002805D0044673
:10574000407C400603D4B12034E0022032E0214600
:10575000483105A81022EDF7BBFE083FB9B20C2274
:1057600002AE28463346F0F789FF30787178090297
:105770000818B17809044018F17809064118E06E5C
:10578000814201D8401C10D10191FAB205A809AE9E
:1057900029463346FFF7E2F802A8001D0836082222
:1057A0003146EDF7B5FE002801D0052002E0019852
:1057B000E06600200DB0F0BD014800210170704787
:1057C000582D0020BCB50346064D28780C210091C9
:1057D000012400222146EDF7B3FD2C7000F004F8FF
:1057E000BCBDC046582D0020C01CC0B2042802D346
:1057F0007E20C04302E0C1000148C840C0B27047EB
:10580000B3B7B400E0B503460091022001210C2299
:10581000EDF796FDFFF7E8FF8CBDE0B50B460146BE
:105820000089009001200C22EDF73CFDFFF7DCFF22
:105830008CBD00000148002101707047592D0020E7
:105840001CB50346064C20785021009100210A46E1
:10585000EDF776FD01212170FFF7C6FF1CBDC046A4
:10586000592D0020E0B5014600200090502203464B
:10587000EDF718FDFFF7B8FF8CBDBCB5002421463D
:1058800020460D460094C0B2214622462346EDF73D
:1058900057FDC21C691C0120002AF2D1E8B2BCBD30
:1058A00080B50220EDF7EEFD80BDE0B50346262071
:1058B0000090022100200246EDF742FD002800D0B2
:1058C00081208CBDE0B501460023009302202622F2
:1058D000EDF7E8FC002800D081208CBD034800686B
:1058E00000218160C1600161016070475C2D002072
:1058F00070B5204D2968EFF3108272B60A68002651
:105900000E604B6813434B6062B600280ED02868C7
:105910004168CA070AD0012251404160EFF310806C
:1059200072B6286801681143016062B62C681034B1
:10593000206800280FD0204600F066F88000296813
:105940000818EFF3108272B68268866048681043C8
:10595000486062B6ECE72868041D074D20680028FF
:1059600006D0204600F050F8810069588847F5E7D6
:1059700070BDC0465C2D002018D606100348006894
:10598000016800690843411E884170475C2D002072
:105990001F21014001228A40EFF3108172B60449B1
:1059A0000968400980000B5813430B5062B67047DA
:1059B0005C2D00201F22024001239340EFF3108250
:1059C00072B68900054A126851184009800008180B
:1059D00081681943816062B67047C0465C2D002023
:1059E0001F21014001228A40EFF3108172B6054960
:1059F000096840098000081801691143016162B615
:105A00007047C0465C2D0020EFF3108172B601682C
:105A10004A420A405140016003485043C00E03A16E
:105A2000085C62B67047C046DF3A650400010206B2
:105A3000030B0710040E0C150817111A1F050A0F87
:105A40000D1416191E0913181D121C1B10B5122453
:105A500000280ED0002A0CD00B2B0AD841700370FE
:105A6000036A5954491E4B1CFAD302610024047581
:105A7000C061204610BDF8B505461220002D1BD090
:105A80000C466A788A4217D92B6A195DA14201D166
:105A90000020F8BD17463E46DF5D974201D0A74281
:105AA000F9D10020974205D09955964202D1284657
:105AB00000F003F8296A0C55F8BD10B542788A4207
:105AC00007D1017D0024002909D00830EDF707FE39
:105AD00005E04900426A515E00F06AF8044620463B
:105AE00010BDF0B585B0122600285ED01F460D46C9
:105AF000044643788B4258D9207805210903814018
:105B00008F4252D804920293EDF7CEFD02462378DD
:105B1000206A405DA8420CD00498002845D0204659
:105B20000391294604931646FFF7A5FF03993246D1
:105B3000049B332078430E46010A0818010C08180C
:105B40007107D20851184218581DC0B2C2400195C1
:105B50006800616A04920A52EDF7A6FDC00803903E
:105B60006278206A17463B46C75D97420DD07D009C
:105B7000666A755B2678761D0399F1406D1A2DB221
:105B8000049E711A09B28D42EDDDC15C019A815407
:105B9000206AC2540298834206D1049801B220467A
:105BA00000F006F8064600E00026304605B0F0BDDD
:105BB000FEB50191044607460837EDF775FD0290E2
:105BC0000D462678207D002804D03846EDF787FD65
:105BD000227800E03246701D029CE108C140019825
:105BE000401A00B2401EC1170832DAF797FC0219BA
:105BF0004D4138462B46EDF761FDC0B2FEBDFEB506
:105C0000029105464778006AC45DEDF74DFDC00876
:105C100001902046C2B2BA420DD053006E6AF35AC8
:105C20002E78761D0199F140591A09B2012903DC39
:105C3000286A805CEEE73846296AC855C6B228460D
:105C40003146FFF73AFFE0B2B04206D0296A0F5C56
:105C50000C54029988473C46F5E7FEBDF0B5002A92
:105C60000BD00024E543002B264600D056190F5DCB
:105C700087556D1E641CA242F5D1F0BD70B5034678
:105C80000120002909D0002426462546965D9E4223
:105C900004D16D1CEEB28E42F8D370BD204670BDAB
:105CA000002A05D003780B70521E491C401CF7E7F0
:105CB000704780B5027C0B7C9A4206D1202A07D01F
:105CC000102A09D18989808908E00020C04380BD5D
:105CD0001022EDF71DFC80BDC968C068401A80BD68
:105CE00070B58AB00C46014605AD142628463246EA
:105CF000EDF7EEFB684621463246EDF7E9FB287CDE
:105D0000802807D005AC0D490C222046EDF7E0FBBA
:105D10000020E0816846007C802807D06C46074957
:105D20000C222046EDF7D4FB0020E08105A869464F
:105D30001022EDF7EDFB0AB070BDC04670D606101C
:105D400010B50A460146007C202804D0102805D151
:105D50000C31022403E00C31042400E0102410462E
:105D60002246EDF7B5FB204610BD017C802900D00E
:105D70000C30704700210160406070470022CA610A
:105D8000426811601C31416070470268CA61002A94
:105D900002D10A461C3242600160704703688B42A0
:105DA00009D01A46DB698B42FBD1CB69D361002B4A
:105DB00007D11C3204E0CA690260002A01D1024600
:105DC00042600020C861704701460068C2690A60ED
:105DD000002A00D149600021C1617047002100689C
:105DE000002802D01C30491CF9E788B27047000037
:105DF000F0B587B0044608060D9D52D00195FF20EE
:105E000015468543012605930C9B1F460096374097
:105E100003977E421640F2B252190692254D059F15
:105E20003A462A401E469D07ED173D400490030662
:105E30002B409B18022030400290481E0590C8B2AB
:105E400041080026C8B2C200A01845680298002880
:105E500001D118480540A0580246049FBA43039F49
:105E6000002F01D1384600E0C0B282180698904257
:105E700001D1AB4218D0AB4203D804D1069890426E
:105E800001D94E1C01E0481E05900598801BC0B248
:105E9000401CC2B2510889198242D3D00020019D12
:105EA00004E00021084601E0019D0098297007B038
:105EB000F0BDC046FFFFFF00F0B589B015460F46A4
:105EC000044606790068616808AA009301923A4680
:105ED0002B46FFF78DFF00210F9B0E9A002807929B
:105EE00026D106976779BE4222D202930390049589
:105EF00008A90878059686420DD0059F2268FDB254
:105F0000ED0056193346083B0ACB515173607F1E92
:105F1000F9B28142F2D12168C000069A0A500818ED
:105F2000049941600598401C207101210398029B4F
:105F3000089A079C22701870084609B0F0BDF0B5A9
:105F400087B00F460146007900260C9C00282FD010
:105F50000390086804914968059206AD0093019585
:105F60003A46059BFFF744FF002821D00290059494
:105F70000D9A049C236806A90978CD005B19DB798A
:105F800013700398401E0390C0B2814223460BD089
:105F90001D68CEB2F600AF19BA68FC68AA517C60E1
:105FA000491CCAB28242F3D103981871029E059C23
:105FB000267007B0F0BD00210171704780B5EDF784
:105FC000D4FA80BD1CB501AC2046EDF70DFB20884E
:105FD0001CBDE0B501A8EDF713FB01988CBD7CB5A5
:105FE0000C4605460020C6B2A6420ED20020FFF79E
:105FF000E9FFA85501A90870000A69460870711CDC
:10600000A14200D26854B01CEDE77CBDF0B595B05C
:106010003948006800900BA8FFF747FC002831D0F2
:1060200001AF06240025354B384621462A469847BD
:106030007879C021014379710BAE30462030304B66
:1060400039462246984707AC1027204639462A464B
:106050002A4B9847304621463A46294B984703AC8D
:10606000204639462A46254B98473046103021466F
:106070003A46234B98473046FFF724FC002803D1CB
:10608000054603E0002501E00E20C5431D4C2268B3
:106090002E320026062730463946FFF7EFFD0BA9C2
:1060A000002801D0203101E021682E3100986030B5
:1060B0003A46EDF70DFA2268083210213046FFF714
:1060C000DDFD002805D0206808300BA91022EDF76F
:1060D000FFF92268183200201021FFF7CFFD0028B9
:1060E00006D00BA91031206818301022EDF7F0F916
:1060F000E8B215B0F0BDC046BC2C0020DF5F061032
:10610000D1340510B42C0020B0B5FFB083B01C46CC
:106110006D462B73AA722972A8711B0A6B73120A3F
:10612000EA72090A6972000AE87128460E308699F7
:106130002246EDF7CDF920460A30A870000AE87033
:106140000F202871FF206870822028700C20687151
:106150000E34A1B22846E7F7B5FB7FB003B0B0BD5F
:10616000B0B5FFB083B00C4605468B68CA888988F5
:106170006846801DF1F7EDF8280702D5A068F0F712
:1061800061FA03990A460A3268468270120AC2709E
:106190000E220271054A02800C2242710E3189B230
:1061A000E7F790FB7FB003B0B0BDC04682FF0000B0
:1061B000B0B5FFB085B00C4605468B68CA888988A3
:1061C00002A8801DF1F7EAF8280702D5A068F0F7C9
:1061D00039FA02ACA38962892189E0880E340094DF
:1061E000FFF792FF7FB005B0B0BD0000F0B5FFB083
:1061F00086B00C4605460B7ACA8889886089A689CC
:10620000276900900196029703A8801DF1F70FF906
:10621000280702D52069F0F715FA03A8417B827B95
:10622000120251180A460B328270120AC2701A22E8
:106230000271054A02800C2242710F3189B2E7F7E0
:1062400041FB7FB006B0F0BD82FF0000F0B5FFB0AB
:106250008CB00C4605468B68CA88898807A8801DC3
:10626000F1F71DF9280702D5A068F0F7EBF907A8A8
:106270004189059101890391C18802910C300490F4
:106280000025049EA8B2059988421CD231188AA81C
:10629000069002242246EDF71BF9A81C80B23118A3
:1062A00089AF38462246EDF713F9281D84B230191C
:1062B0003B8806990A88009002980399FFF724FF0B
:1062C00038882518DEE77FB00CB0F0BDB0B5FFB060
:1062D00083B00C4605468B68CA8889886846801D4D
:1062E000F0F756FF280702D5A068F0F7ABF968462B
:1062F000C17A039A120251180A4609328270120AB0
:10630000C27004220271054A02800C2242710D31D2
:1063100089B2E7F7D7FA7FB003B0B0BD82FF0000C3
:10632000B0B5FFB083B00C4605468B68CA88898833
:106330006846801DF0F74AFF280702D5A068F0F7ED
:1063400081F96846817A8900CA1D8270120AC2707A
:1063500005220271044A02800C2242710B31E7F7D8
:10636000B1FA7FB003B0B0BD82FF0000B0B5FFB09E
:1063700083B00C4605468B68CA8889886846801DAC
:10638000F0F739FF280702D5A068F0F75BF96846F7
:10639000C17A039A120251180A4609328270120A0F
:1063A000C27006220271054A02800C2242710D3130
:1063B00089B2E7F787FA7FB003B0B0BD82FF000073
:1063C000B0B5FFB083B00C4605468B68CA88898893
:1063D0006846801DF0F72DFF280702D5A068F0F76A
:1063E00031F9684641890A4608328270120AC27041
:1063F00007220271054A02800C2242710C3189B2D7
:10640000E7F760FA7FB003B0B0BDC04682FF00007E
:10641000B0B5FFB083B00C4605468B68CA88898842
:106420006846801DF0F71BFF280702D5A068F0F72B
:1064300009F9684641890A4608328270120AC27018
:1064400008220271054A02800C2242710C3189B285
:10645000E7F738FA7FB003B0B0BDC04682FF000056
:10646000B0B5FFB083B00C4605468B68CA888988F2
:106470006846801DF0F709FF280702D5A068F0F7ED
:10648000E1F8684641890A4608328270120AC270F1
:1064900009220271054A02800C2242710C3189B234
:1064A000E7F710FA7FB003B0B0BDC04682FF00002E
:1064B000B0B5FFB083B00C4605468B68CA888988A2
:1064C0006846801DF0F7F7FE280702D5A068F0F7B0
:1064D000B9F86846C17A039A120251180A4609327D
:1064E0008270120AC2700A220271054A02800C22CE
:1064F00042710D3189B2E7F7E5F97FB003B0B0BD65
:1065000082FF0000B0B5FFB083B00C4605468B6833
:10651000CA8889886846801DF0F7EBFE280702D5F7
:10652000A068F0F78FF86846C1890A460C3282707D
:10653000120AC2700C220271044B038042711031A6
:1065400089B2E7F7BFF97FB003B0B0BD82FF0000AA
:10655000F0B5FFB086B00C4605460B89CA8889881D
:106560006089A689276900900196029703A8801D7B
:10657000F0F778FF280702D52069F0F763F803A841
:10658000C1890A460C328270120AC2701B22027143
:10659000054A02800C224271103189B2E7F792F964
:1065A0007FB006B0F0BDC04682FF0000B0B5FFB0BE
:1065B00083B00C4605468B68CA8889886846801D6A
:1065C000F0F783FF280702D5A068F0F73BF868468C
:1065D00041890A4608328270120AC2701E22027174
:1065E000054A02800C2242710C3189B2E7F76AF940
:1065F0007FB003B0B0BDC04682FF0000F0B585B0EB
:106600000546C00645D4264800685024005D002495
:10661000C0073FD00293039204910A9E214800686C
:106620006907C90E40180069711E03220A4311321E
:1066300091088BB256222946F0F7DCF900282CD0BD
:1066400007460B9801903E740299B973039B3B7304
:10665000049ABA72300A7874080AF873180A7873C0
:10666000100AF8723846123001993246ECF730FFC2
:106670000C207872012038720A36300AF871BE7127
:10668000FF2078718220387128463946F0F74FFA9A
:1066900000E08624204605B0F0BD0724FAE7C04696
:1066A000082D0020B82C0020F8B50446C00608D4F8
:1066B0000D46194800685021405C800703D400272C
:1066C00027E0862725E01646144800686107C90EB2
:1066D00040180069572203232146F0F78BF9002860
:1066E00016D00146067385720C204872022008728B
:1066F0000027CF7106208871FF2048718220087121
:10670000300A4873280AC8722046F0F710FA00E0F1
:1067100007273846F8BDC046082D0020B82C0020B9
:10672000F8B50546C00621D40E461348006851212D
:10673000405C002480061AD5174600930F48006875
:106740006907C90E401800690F2203232946F0F794
:1067500051F900280DD001460098C8604F810E8184
:10676000074848602846F0F7E2F900E08624204612
:10677000F8BD0724FBE7C046082D0020B82C0020F8
:1067800061610610F8B50546C00621D40E461348CF
:1067900000685121405C002440061AD5174600933A
:1067A0000F4800686907C90E4018006910220323CA
:1067B0002946F0F71FF900280DD001460098C8605F
:1067C0004F810E81074848602846F0F7B0F900E095
:1067D00086242046F8BD0724FBE7C046082D00208C
:1067E000B82C0020B1610610F8B50446C00608D4E4
:1067F0000D461E48006851214056002804D4002749
:1068000000E086273846F8BD1F461646184800683F
:106810006107C90E401800695B2204232146F0F786
:10682000E9F8002820D00146079A06980090C8731E
:106830000E738D720C234B7211230B723846002796
:10684000CF710A238B714A748873FF224A718222A6
:106850000A710098000A0874300A4873280AC8723E
:106860002046F0F764F9CDE70727CBE7082D002095
:10687000B82C0020F0B587B00546C00643D40E46BC
:10688000244800685221405C002480073CD50492D3
:1068900005930C9A204800686907C90E40180069E2
:1068A0001E490692511803220A43113291088BB2F5
:1068B0005C222946F0F79EF8002828D007460D995B
:1068C0000698009003910191381D3146049A059B6A
:1068D000F0F789FD280704D50398EFF7B3FEF720FA
:1068E00005400C20787212203872FF2078718220C7
:1068F00038710698C01DB871000AF87128463946EB
:10690000F0F715F900E08624204607B0F0BD072413
:10691000FAE7C046082D0020B82C0020FDFF030038
:10692000F8B50446C00625D416460D46144800683E
:106930006107C90E401800695D2203232146F0F764
:1069400059F8002818D00146067385720C20487249
:10695000162008720027CF7106208871FF20487129
:1069600082200871300A4873280AC8722046F0F75E
:10697000DEF802E0862700E007273846F8BDC0466B
:10698000B82C0020F8B50446C00625D416460D469E
:10699000144800686107C90E401800695E2203238D
:1069A0002146F0F727F8002818D0014606738572B3
:1069B0000C204872172008720027CF7106208871BA
:1069C000FF20487182200871300A4873280AC87273
:1069D0002046F0F7ACF802E0862700E007273846AB
:1069E000F8BDC046B82C0020F8B50446C0062ED429
:1069F0001F4616460D46184800686107C90E401824
:106A000000695F2204232146EFF7F4FF002820D01D
:106A10000146069808748F730E738D720C224A72A9
:106A200019220A722B460025CD710A228A71FF2293
:106A30004A7182220A71000A4874380AC873300AFF
:106A40004873180AC8722046F0F771F802E08625EC
:106A500000E007252846F8BDB82C0020F8B504460C
:106A6000C00620D41F4616460D461148006861072F
:106A7000C90E40180069112205232146EFF7BAFF1D
:106A8000002812D001460898079A069B48610A829E
:106A9000CB810F734E810D81064848602046F0F788
:106AA00046F80020F8BD8620F8BD0720F8BDC04696
:106AB000B82C0020ED610610F8B50546C00621D4BB
:106AC0000E46134800685221405C002400071AD586
:106AD000174600930F4800686907C90E40180069FF
:106AE000142203232946EFF785FF00280DD0014625
:106AF0000098C8604F810E81074848602846F0F72B
:106B000016F800E086242046F8BD0724FBE7C046BF
:106B1000082D0020B82C00204D620610F8B5044660
:106B2000C00608D40D46194800685021405C400753
:106B300003D4002727E0862725E01646144800687E
:106B40006107C90E401800695822032721463B46B9
:106B5000EFF750FF002815D00146067385720C2010
:106B600048720F720027CF7106208871FF2048718C
:106B700082200871300A4873280AC8722046EFF74D
:106B8000D6FF00E007273846F8BDC046082D002094
:106B9000B82C0020FEB50446C00624D4164613487F
:106BA00000685022805C002500071DD51F4601911A
:106BB00002950F4800686107C90E40180069072553
:106BC000032321462A46EFF715FF00280CD0014683
:106BD000C760468101980881064848602046EFF763
:106BE000A6FF029D00E086252846FEBD082D002058
:106BF000B82C0020CD620610F8B50546C00621D499
:106C00000E46134800685021405C0024C0061AD587
:106C1000174600930F4800686907C90E40180069BD
:106C2000082203232946EFF7E5FE00280DD0014690
:106C30000098C8604F810E81074848602846EFF7EA
:106C400076FF00E086242046F8BD0724FBE7C04617
:106C5000082D0020B82C002021630610F8B5054649
:106C6000C00621D40E46134800685021405C002421
:106C700080061AD5174600930F4800686907C90EA9
:106C800040180069092203232946EFF7B3FE0028C4
:106C90000DD001460098C8604F810E8107484860BA
:106CA0002846EFF744FF00E086242046F8BD07247D
:106CB000FBE7C046082D0020B82C00206D630610AD
:106CC000F8B50546C00621D40E4613480068502189
:106CD000405C002440061AD5174600930F48006810
:106CE0006907C90E401800690A2203232946EFF7F5
:106CF00081FE00280DD001460098C8604F810E81AA
:106D0000074848602846EFF712FF00E08624204637
:106D1000F8BD0724FBE7C046082D0020B82C002052
:106D2000C1630610F8B50546C00621D40E461348C7
:106D3000006850214056002400281AD517460093B9
:106D40000F4800686907C90E401800690B22032329
:106D50002946EFF74FFE00280DD001460098C86085
:106D60004F810E81074848602846EFF7E0FE00E0BB
:106D700086242046F8BD0724FBE7C046082D0020E6
:106D8000B82C002011640610F8B50546C00621D4C1
:106D90000E46134800685121405C0024C0071AD0F9
:106DA000174600930F4800686907C90E401800692C
:106DB0000C2203232946EFF71DFE00280DD00146C3
:106DC0000098C8604F810E81074848602846EFF759
:106DD000AEFE00E086242046F8BD0724FBE7C0464F
:106DE000082D0020B82C002061640610F8B5054677
:106DF000C00621D40E46134800685121405C00248F
:106E000080071AD5174600930F4800686907C90E16
:106E1000401800690D2203232946EFF7EBFD0028F7
:106E20000DD001460098C8604F810E810748486028
:106E30002846EFF77CFE00E086242046F8BD0724B4
:106E4000FBE7C046082D0020B82C0020B1640610D6
:106E5000F8B50546C00621D40E46134800685121F6
:106E6000405C002400071AD5174600930F480068BD
:106E70006907C90E401800690E2203232946EFF75F
:106E8000B9FD00280DD001460098C8604F810E81E1
:106E9000074848602846EFF74AFE00E0862420466F
:106EA000F8BD0724FBE7C046082D0020B82C0020C1
:106EB00005650610F8B50446C00608D40D46194805
:106EC00000685121405CC00603D4002727E08627D4
:106ED00025E01646144800686107C90E401800698D
:106EE000592203232146EFF785FD002816D00146DD
:106EF000067385720C2048720D2008720027CF712E
:106F000006208871FF20487182200871300A48737A
:106F1000280AC8722046EFF70AFE00E00727384625
:106F2000F8BDC046082D0020B82C0020F8B5044656
:106F3000C00620D41F4616460D461148006861075A
:106F4000C90E40180069122205232146EFF752FDB1
:106F5000002812D001460898079A069B48610A82C9
:106F6000CB818F814E810D81064848602046EFF726
:106F7000DEFD0020F8BD8620F8BD0720F8BDC04624
:106F8000B82C002051650610F8B50446C00628D478
:106F90001F4616460D46154800686107C90E401881
:106FA0000069602203232146EFF724FD00281AD050
:106FB0000146067385720C2048721C2008723A46FE
:106FC0000027CF71072088718A73FF2048718220C3
:106FD0000871300A4873280AC8722046EFF7A7FDE7
:106FE00002E0862700E007273846F8BDB82C0020CD
:106FF000F8B50546C00621D40E4613480068522154
:10700000405C002440071AD5174600930F480068DB
:107010006907C90E40180069132203232946EFF7B8
:10702000E9FC00280DD001460098C8604F810E8110
:10703000074848602846EFF77AFD00E0862420469E
:10704000F8BD0724FBE7C046082D0020B82C00201F
:10705000AD6506101CB589886C46E01CF0F716F883
:107060000520A070132060700420207008212046A5
:10707000E6F728FC1CBD0000B0B50446C00616D4D7
:107080000D460D4800686107C90E401800690222CC
:1070900021461346EFF7AEFC00280AD00146074808
:1070A00048600D812046EFF742FD0020B0BD8620EC
:1070B000B0BD0720B0BDC046B82C002055700610EA
:1070C000FEB50546C00633D417461C4800683D226D
:1070D000825C002492062CD53D30407A000728D5EA
:1070E00001910293164800686907C90E40180069AB
:1070F0002522042329460093EFF77CFC00281AD0B0
:107100000646477201983072380AB07230460B302A
:1071100008220299ECF7DCF90099F1710C20B071AA
:107120003E207071317128463146EFF700FD00E0D6
:1071300086242046FEBD0724FBE7C046082D00201C
:10714000B82C002010B5FFB083B089886C46A01D14
:10715000F0F7E8F9217A481DA070000AE0700120DC
:107160002071FF206070822020700820607109313A
:107170002046E6F7A7FB7FB003B010BDF8B5044684
:10718000C0062DD415460F460093184800686107C5
:10719000C90E40180069511E03220A4309329108A2
:1071A0008BB240222146EFF725FC00281AD0064674
:1071B000C57287720C3000992A46ECF789F90027CE
:1071C000777206203072281D010AF171B071FF201C
:1071D00070718220307120463146EFF7A8FC02E042
:1071E000862700E007273846F8BDC046B82C0020A7
:1071F000F8B50446C0062DD416460D46184800685A
:107200006107C90E40180069412204232146EFF7A7
:10721000F1FB002820D001460A30067105700027D6
:107220004F7210220A72CF710A228A71FF224A71AC
:1072300082220A71320EC271320C8271320A42719C
:107240002A0EC2702A0C82702A0A42702046EFF77A
:107250006EFC02E0862700E007273846F8BDC046EE
:10726000B82C0020F8B50446C00608D40D461948CD
:1072700000684E21405C800703D4002628E0862663
:1072800026E01F461646144800686107C90E4018DC
:107290000069452203232146EFF7ACFB002816D0F6
:1072A0000146857204204872012008723246002689
:1072B000CE71062088714F730A73FF2048718220B7
:1072C0000871280AC8722046EFF731FC00E0072653
:1072D0003046F8BD082D0020B82C002080B500F005
:1072E00035FD80BDF8B504460588F4F7FAF8014687
:1072F0002846F1F759F90546204600F0D7F81D2831
:1073000003D0232801D01B280ED16188EA8891423E
:1073100005D8032903D3232867D1042965D820463B
:10732000EFF790F90020F8BD204600F0BFF8A988DB
:10733000CA066ED5012802D0AA78904269D11020E1
:107340008143A9806A89298903263046F1F79EF98D
:107350006188E8880091814200D99AE0204600F0D7
:10736000A5F8421E0121CA410023102A00D988E055
:1073700092001F4601A39A583B4697463374061065
:10738000377406104374061061740610C17306103A
:10739000897406108974061089740610C17306106A
:1073A0002F740610837406103B7406102F74061099
:1073B0008374061083740610837406108974061093
:1073C000092802D1009904295BD3112802D1009821
:1073D000062856D3A089401C81B2204600F047FA07
:1073E0003B4600284DD0014643E01D280DD1A8881A
:1073F000800612D46A8929890220F1F791F90028C0
:107400004CD1A88820210143A980204600F0B7FF75
:10741000F8BD204600F0B7FAF8BD08354220032138
:1074200002222B46FFF7AAFE002837D177E70B464A
:1074300027E0052325E0334623E0009B042B1FD9DA
:107440001FE0009806281CD3A089401C81B220466A
:1074500000F00DFA01280BD002281AD1122108E001
:10746000009802280DD3009B581E800708D108E021
:107470000421009EB01ED8F761FF0029334600D0DA
:1074800000230098984204D10748016820468847A5
:1074900002E0204600F05EFF842801D18420F8BD80
:1074A0000020A870F8BDC0469830002080B58189C2
:1074B00000F0DDF980BD80B500F070FC80BD80B5C6
:1074C00000F06EFC80BD0000F8B50546818840885C
:1074D000F1F76AF8002808D0044629781E2906D159
:1074E000A088800639D40C2693E1122691E1480643
:1074F00006D4CA48CA4A0260A088C00600D56DE119
:10750000E0888A1E86261E2A00D991E003275200B1
:107510007A4492885200974422007C011E007C012C
:107520009F007C01A2007C0122007C011E007C01E6
:1075300094007C012D017C0190007C017C017C0188
:10754000A9007C01AC007C017C017C017C017C01F8
:1075500021007C019400052701E0E0880127B9B2F1
:10756000814200D307460097BFB220463946F1F763
:1075700019F900282FD006462A78818900F054F99D
:107580002878811E16292DD84900C046794489885B
:1075900049008F4416000D0170000D0177000D01A8
:1075A00093000D01A1000D01AA000D01BA000D010B
:1075B000C0000D012F000D010D010D01CE000D01C8
:1075C000E6009848028AB089401C81B23046EFF745
:1075D0006EF80320EBE00820FEF7DAF9EAF7F0FC9A
:1075E000882616E1202800D1CAE0522802D0D228ED
:1075F00000D0DDE02A89B089401C81B23046EFF727
:1076000056F8EB686A89B089C01C81B23046EFF742
:1076100057F82878122800D1B8E0D22800D0C7E067
:1076200000980C38708020893146FEF750F8BFE092
:10763000522902D0D22900D0EBE0D22908D0032170
:1076400007E0297A49004F1C874200D887E7E0E02D
:107650000F216A89571882E7E989CF1D7FE7E9681A
:10766000097C802900D089E0152778E7A9894F1D7A
:1076700075E7022773E76A892989304600F0A2F985
:10768000052094E06A892989304600F09BF9AA898F
:10769000B089401D81B23046EFF709F8E889C01D76
:1076A000B84200D80746F81F82B22B69B089C01DC6
:1076B00081B23046EFF704F8072078E06A8929891B
:1076C000304600F07FF9B089401DEB68197C8029B5
:1076D0005ED181B210225EE02A89B089401C81B25D
:1076E0003046EEF7E4FF0B2061E02A89B089401CA8
:1076F00081B23046EEF7DBFF6A89B089C01C81B2E7
:107700003046EEF7D4FF0D2051E02846314600F018
:107710004DF90F204BE06A892989304600F052F973
:10772000B089401DEB68197C802939D181B21022C3
:1077300039E02A89B089401C81B23046EEF7B7FFA4
:107740006A89B089C01C81B23046EEF7B0FF2B6960
:10775000AA89B089401D81B23046EEF7B1FF1720EB
:1077600025E02A7AB089401C81B2304600F05CF8EE
:1077700019201CE0E968097C80294CD00727EEE637
:107780002846314600F012F9212010E013200EE0C7
:1077900081B20C3302223046EEF792FF092006E058
:1077A00081B20C3302223046EEF78AFF1120A0701E
:1077B000009870802A78B189304600F035F8287832
:1077C000410611D41E280FD0628921890320F0F7C9
:1077D000A7FF002804D03046EEF734FF842618E0D7
:1077E000A08810210143A18060893146F0F75EFF37
:1077F000002801D081260CE0287800261E2808D118
:10780000628921890220F0F741FFA0882021884366
:10781000A0803046F8BD1127A1E6C0469830002070
:10782000217E06101C2D0020BCB51446406820297E
:1078300004D301AD2A46FCF7CEFA2988401804711A
:10784000BCBDBCB504468089401C81B2204600F016
:107850000EF86188081AA1894018801C81B20222A2
:1078600001AD20462B46EEF709FF2888BCBD1CB5AC
:107870001F2903D801AA1180406805E0406801ACC7
:107880002246FCF7A8FA2188401800791CBD1CB5D7
:10789000818942885118891E89B2022201AC23468F
:1078A000EEF7ECFE20881CBDFEB50E46418805298A
:1078B00012D11C4615468189052201AF3B46EEF7E1
:1078C000DDFE78783070B878F978090208182880D9
:1078D000029820700020FEBD8620FEBDBCB5044687
:1078E0008089401C81B22046FFF7C1FF6188081AD9
:1078F000A189401881B2022201AD20462B46EEF745
:10790000BDFE2888BCBD70B514460E46054680896C
:10791000401C81B22846FFF7AAFF02464643B01C2E
:107920006988884208D2A989081881B22846234666
:10793000EEF7A4FE002070BD862070BDBCB50446E5
:107940008089401C81B22046FFF791FF1121C94375
:10795000012800D10E3160884018A189081881B231
:10796000022201AD20462B46EEF788FE2888BCBDDA
:1079700080B50B4642888189491D89B2521F92B257
:10798000EEF773FE80BD1CB50446008801AB18807D
:10799000422002210A46FFF7F1FB002801D0842093
:1079A0001CBD2046EEF74EFE00201CBD10B50C4657
:1079B000C3688989007A4200481C81B22046EEF7EC
:1079C0007FFE10BDB0B514460A4605468089401CAE
:1079D00081B22846EEF76BFEA889C01C81B228460A
:1079E0002246EEF764FEB0BD10B504460821FCF750
:1079F00053F904490968602200238B5248666031BC
:107A00004C8010BDC02C0020F0B585B01746049006
:107A10001C4D28686024065B0246603252889642FC
:107A200017D202940393002917D00197084600F05B
:107A30002BF8441C2868B1B2A2B291420BD3C90002
:107A4000406E4018014608390822EBF741FD761ECA
:107A5000F0E7002712E0019F00E03446406EA1B23B
:107A6000C900049A42544018039A42602868029B55
:107A7000C25A521CC252406E40184780384605B068
:107A8000F0BDC046C02C002008490A68516E622330
:107A9000D25AD2005218083A824202D3401AC00881
:107AA00001E00020C04380B27047C046C02C0020D7
:107AB00080B500F00FF80549884205D0C0000449A0
:107AC0000968496E081880BD002080BDFFFF0000D6
:107AD000C02C002010B5044600F024F80649884266
:107AE00007D0C200054B1B685B6E9A185288A242F1
:107AF00000D0084610BDC046FFFF0000C02C00208B
:107B000080B500F00FF80549884205D0C00004494F
:107B10000968496E081880BD002080BDFFFF000085
:107B2000C02C002070B509490A686021535A002111
:107B30000225074C8B4206D0566E765B864203D2F6
:107B40000835491CF6E7214688B270BDC02C0020DC
:107B5000FFFF0000FEB5029315460022884223D89D
:107B60000C4616490F686021795A00291CD00092F2
:107B70000191FFF7D7FF06462046FFF7D3FF019993
:107B8000491E814200D3014689B2B2B28A420DD861
:107B9000786ED300C45CAC4204D1C0184368029C28
:107BA000A34205D0761CF0E71046FEBD0098FEBD4E
:107BB00003498A4200D10020FEBDC046C02C0020EF
:107BC000FFFF000080B5FFF75FFF074909686022EB
:107BD0008A5A401C80B2904203D2496EC0000818F5
:107BE00080BD002080BDC046C02C002080B500F0C4
:107BF00003F8408880BD0000F8B5047802252146CE
:107C0000294302291ED1FFF73FFF0F49096860226F
:107C10008B5A401C82B29A4210D2002C08D0022CFF
:107C2000F7D1D7004E6EF75D2F43022FF1D106E05A
:107C3000D7004E6EF75D002FEBD100E04E6ED00006
:107C400080190838F8BDC046C02C002006480068DE
:107C50006021415A002905D0406EC9000818801FD4
:107C60000088704700207047C02C0020FEB50D46EC
:107C70000446FFF7EBFF002834D0AC4232D806466A
:107C8000A0422FD32046FFF725FF04461648844222
:107C900028D0AE4200D32E463046FFF71BFF1349D3
:107CA0000F686026B95B4A1E824217D901900546CB
:107CB00002948BB26D1CAAB29A420DD2796EA0B218
:107CC000C0000818D20089180822EBF701FC074809
:107CD0000768B95B641CECE7029C0198C243A218D8
:107CE0005118B953FEBDC046FFFF0000C02C002054
:107CF00010B509490A686021535A190409D0516E18
:107D00009CB2E400611808390C785B1E8442F4D1FF
:107D100000E00021084610BDC02C002010B504462C
:107D20000846FFF7FFFE08490968496E82B2D20093
:107D30008B5CA34205D0421E00041046F6D1002001
:107D400010BD881810BDC046C02C002070B5114C65
:107D5000A07A2421FBF7A0FF0F490B6800221D46E3
:107D600050351E4648369A64DE641A655D65A47A0D
:107D7000002C0CD002620B685B6D1860012303704D
:107D8000054620350B685D652430641EF0E79A6572
:107D900070BDC0461C2D0020C02C00207047000084
:107DA000F8B50D460446194E376848373F68002F2E
:107DB00010D07888A0420BD1B888A84208D1387872
:107DC0001821014339700C20FDF7E2FDEAF7F8F8BD
:107DD0002037EBE7042D17D13068816D0B46002B5F
:107DE0000BD01A469D680023002DF8D0AB88A34223
:107DF0002B46F4D1AB689360F1E7002904D08A8860
:107E0000A24201D189688165F8BDC046C02C00201E
:107E100080B502480068804780BDC0469C30002085
:107E2000F0B595B005460488F3F75BFB01462046A4
:107E300000F06EFA8626002800D108E204462F885A
:107E40002846F3F74EFB01463846F0F7ADFB0890A5
:107E50002078FB21014021700C273846FDF798FD62
:107E6000EAF7AEF8284600F065FA012807D16088E5
:107E7000EFF79AFB002860D0204600F060FA2078E7
:107E80000022010757D4A379591E112900D9DEE138
:107E9000079249007944898849008F44C50002014E
:107EA0000F01990099001F01640175017C01B9015E
:107EB000A600A600B8001100B00011001100B0002B
:107EC000C00600D5A7E0A28861880A202B46FEF7ED
:107ED000BFFF002800D0B4E1A079112800D1B2E1A1
:107EE000637A21690891102800D0D0E10693A8890F
:107EF000401C81B22846EEF7CAFB0590A889C01C39
:107F000081B22846EEF7C3FB0026A2896988491F83
:107F10009142049000D0CFE1384606994843089A30
:107F2000101880686189411828461546FFF720FD22
:107F3000069B0390C4E1164689E109A90FAA0EAB7E
:107F40002846FFF7B1FC00282BD02846EEF77AFB35
:107F50000EA80078122808D160880421F0F724FBCD
:107F60008188012252020A438280A079012804D12B
:107F7000089B99880422914399800EA909780A29BF
:107F800008D0072902D10A2800D175E721781022EC
:107F90000A4322700E2800D171E7102800D16EE745
:107FA0006AE709A800780790A38862880FA800886C
:107FB00021460EAC2478009001940C460220114614
:107FC0001A46079BFEF710FC0028BED006463EE18D
:107FD000A28861880A202B46FEF740FE002800D0C8
:107FE0002FE12846FFF77AFCC8E0A28861880A20C2
:107FF0000B2B00D020E12B46FEF7C6FE1FE1A28826
:1080000061880220FEF756FF002800D019E12846BB
:10801000EEF718FB17E16089002800D113E1002674
:1080200026720F20A07112E1A889401C81B2284657
:10803000EEF72DFB0646172800D81726B348008A0E
:108040008642089F00D30646B888000714D5F888F2
:10805000B04211D03B460833422003210222FFF7F1
:108060008DF8002800D0ECE0207810210143217029
:10807000B88808218843B8802078C00600D5FE88DB
:10808000618802203246FEF749FD002800D0D8E082
:10809000FE80B8880821014304208143B98020462E
:1080A000DCE0A28861880A202B46FEF79FFE0028AC
:1080B00000D0C6E02846FFF7C4FB0BE0A288618829
:1080C0000A202B46FEF798FD002800D0B9E028468C
:1080D000FFF7DDFB8C49884253D1B4E0284600F01D
:1080E00008FA089060890EA9088020460C30079095
:1080F00009A80C3005900FA8401D06900026F7B285
:108100000FAA28463946FFF7FEFB002800D0A1E061
:108110000898072805D109A81021017402220598A2
:1081200003E009A88021017410220699EBF7D0F929
:108130000EA80FA90222EBF7CBF909A80799FDF7C2
:10814000CFFD00280DD1A288618808980090019584
:108150004743B81C83B20220FEF78CFB002800D0F6
:1081600082E0761CCBE7A28861880A202B46FEF7C6
:1081700011FD002865D12846FFF7E0FB61898842A0
:1081800061D2401C208161E0A28861880A202B46D0
:10819000FEF796FD53E0284600F0ABF9064606943C
:1081A0006088EFF701FA089002246888A3B283423E
:1081B00053D2089801280ED1A889001981B20FAFB7
:1081C000284632463B46EEF759FA5C2031463A469D
:1081D000EFF786FB1AE0069FBA887988009601952A
:1081E0000220FEF747FB00282BD1387F10280DD145
:1081F0000698008B4249884208D10698408804219D
:10820000F0F7D2F981883F4A11408180A419CCE768
:10821000A28861880A202B46FEF784FD002810D131
:108220000898C088411E6888401E82B291420AD8D0
:1082300061890818608109E02B46FEF7D9FE002805
:1082400001D0842603E0204600F079F8079E3046EE
:1082500015B0F0BD0EA800880AE0069800F06FF88F
:108260002846EEF7EFF9F1E70E98401E0EA90880B8
:10827000618982B28A4202D2401C208102E02046FB
:1082800000F05DF82846EEF7DDF90026DFE76189AA
:10829000089AA0894018608180B25F43D11989880B
:1082A0008842D3D1207A401E984224D90026668184
:1082B000607A401C6072CAE7F0430390069B089DF9
:1082C000394659436A5A2846059D95420BD10246C4
:1082D00041184A8861898A18049DAA4203D102463E
:1082E00003980028D5D026720F20A0712078102185
:1082F00001432170ABE7012020720F20A071A5E798
:108300002A2B0000FFFD0000FFFF00001C2D0020B5
:10831000074A126848321268002A07D053888342FD
:1083200002D193888B4201D02032F4E71046704787
:10833000C02C002080B5818900F0CBF880BD80B5CD
:10834000017808220A4302700C20FDF721FBE9F7AF
:1083500037FE80BD10B50488F3F7C3F80146204608
:10836000FFF7D6FF002808D0017818220A430270D0
:108370000C20FDF70DFBE9F723FE002010BDF0B542
:1083800085B0044605888089461C2046FFF7D2FF49
:10839000232810D0B1B21B2822D12046EEF777F95E
:1083A0000146284600F05CF800283DD02046EEF754
:1083B00049F9002550E06788B1B22046B9422AD277
:1083C000EEF765F90146284600F04AF80028EDD19D
:1083D000B01C81B22046EEF75AF93018061DEBE7C3
:1083E0002046EEF754F90146284600F039F80028F7
:1083F00024D06E4675802046F3F773F8B0801E20B7
:1084000030703046FFF760F80546002820D120463E
:10841000EEF718F91CE0F3F764F802460A20294643
:108420002346FEF749FB12E02046F3F75AF80246CE
:108430000A2029462346FEF7A5F908E02046F3F76F
:1084400050F802460A2029462346FEF769F90546F8
:10845000002D01D07B20C543E8B205B0F0BD00007F
:10846000BFB5044600F022F80546002806D10E48A4
:10847000014600F01BF80546002802D028780228A3
:1084800001D200200DE003A902AA01AB2046FDF7AE
:108490008AF8002804D1287802A909788142F0D20C
:1084A000C02004B0B0BDC046FFFF0000074A1268FC
:1084B00058321268002A07D09388834202D1538829
:1084C0008B4201D00832F4E710467047C02C0020E0
:1084D00070471CB51F2903D801AA1180406805E028
:1084E000406801AC2246FBF776FC218840180079F1
:1084F0001CBD80B58189491C89B2FFF7EAFF80BDA8
:10850000002070470020704780B541680078F2F77E
:10851000E3FF002080BD7047704700207047704720
:108520007047B0B504463020255C608FF3F791FBAF
:108530002846F6F705F82546ED35002804D03034F6
:10854000607C0121FBF7C2F9002028701520FDF79F
:108550001FFAE9F735FDB0BD7CB50446ECF78CF9A0
:10856000054601212046F3F707FE26462C36214614
:1085700028318D4210D085420ED0616F2046F3F72E
:1085800051FD01212046F3F7FDFD012804D1687853
:10859000002801D0001D68702546AC3530780328CE
:1085A00013D101A8FAF790FF012806D000280AD1BC
:1085B000E06EA16C4900081806E0216D0198884220
:1085C00002D3084600E0206D68602046F3F7FEFD08
:1085D0002046F4F76FFE296814342046ECF78FFA32
:1085E0007CBDF0B589B002464220155A506C01900E
:1085F00040180690C92040001018049010464230E0
:10860000059010462D3003900792FE320292002012
:108610000890A9B20122079E3046F4F782F8F16C67
:108620004143726C541874640899411808912D18CC
:10863000AFB230463946F4F7E1F80646002802D1D9
:108640000698201AE5D4059C2088B84205D90298DE
:1086500000880799FC31F5F7CEFF2580002E089D94
:108660001BD10798416C019A8F1A3946F4F758F9D3
:108670000646002811D11120000107990818394633
:10868000F5F7C3F90646002807D1079839462A4668
:10869000F4F79AFD0646002807D0039C207DFBF7DF
:1086A0000BF92670002004990880284609B0F0BD17
:1086B000F0B599B00446408E401C60864120275C8E
:1086C0002D20205C002808D0EBF72FF83846FBF768
:1086D000F3F83846FAF700FFBDE215200001201834
:1086E0000790C92040002018089020462C300C909C
:1086F000254680352046AC3006902046E4300B906D
:10870000EC4E3068ECF780F80A9000280D953ED0CA
:10871000264614363046ECF7A2F83046ECF793F8CC
:108720002878800747D409972046ECF7A5F8074634
:10873000254628350C98007800210891032800D0A0
:10874000A8E03046ECF798F80346AF4215D03978E8
:1087500003200A460240032A0AD1890600D40220D7
:10876000385C062804D120460793F3F743FC079BA7
:108770000D9A10684021014311601878397801433F
:10878000C80676D40D980078C0067FD582E0099798
:108790002046ECF764F82046ECF755F80EA80021C7
:1087A00081770176059141773068ECF721F8002850
:1087B00014D0012518E08B2040002518EAF7B5FFFA
:1087C0000C9E707DFBF778F8002028703546132149
:1087D00071700799887108990880F2E13068EBF7A9
:1087E000C0FF0546401E85410EA8C5763068ECF7EF
:1087F00016F807460F90002D1ED0EAF796FF0B9D46
:10880000E868002802D0C188491CC1802869002876
:108810000D9E0AD00C98407DECF768FA400029695B
:1088200008189421425A521C42520EA8012505767E
:10883000306800210591B9E004973068EBF7CDFF6F
:108840000D9F39784A090125294691430EAA917650
:1088500003900E903068EBF760FF00286ED03878F8
:10886000C0067BD4EBF71FFF386810210143396045
:1088700078E0069840680790EAF716FF616C081ADE
:108880000799401802D4E16E884203D2EAF74DFFFF
:10889000012008902046F3F792FC02283DD10D9864
:1088A00080680068C10615D4400636D50C98407D16
:1088B000ECF757F90D9B98680168402291430160DD
:1088C00018680821884318601320FDF761F8E9F75C
:1088D00077FB22E0079700200F900E900C9F787D89
:1088E000ECF753F9787D0EA9ECF726FB38780328CE
:1088F00003D10C98407DECF742FB0D9B9868016812
:108900001022914301601868082101431960132067
:10891000FDF73EF8E9F754FB079FAF420B9901D0F2
:10892000888AC88208980028099F0C9D00D045E1DC
:10893000069801683046ECF7E2F844E13068EBF75E
:1089400004FF002827D00398002824D0EAF7EDFE82
:108950000EA83D21059181770D9E23E0EAF7E5FE03
:108960000EA80576049F0B98C068002802D04188A5
:10897000491C41800B9E306900280AD00C98407D2C
:10898000ECF7B4F94000316908184A21425A521CE8
:1089900042520D9E07E00D9E3068102188433060E2
:1089A00000250595049F31682020084379427941CC
:1089B00089013A464027B84340183060002D27D03F
:1089C0000EA8807F00286BD10EA8C07E0028099FCA
:1089D0000D9E00D0E9E0A06C00280B9D00D1C2E004
:1089E000354E3068D021415C01294AD10568E5F750
:1089F000FCF8012800D09FE00C9800790E2141433B
:108A0000306894228058C06B80684018C07994E028
:108A1000154620461430EBF72FFF11900178032202
:108A200011400EAE029171750178890600D40222C0
:108A30000490805CF075F4F779FD3075A16E616685
:108A40000123002D0D9A08D01168194005D0162673
:108A5000EAF76BFE0EA8867722E091684978C9078D
:108A600003991AD0002918D0029A032A0FD13D2663
:108A70001228EDD8194681401048014203990CD1C3
:108A8000E6E7EAF752FE0EA8012101766AE00498B3
:108A90004078002801D03D26DAE7059800280FD05D
:108AA0000C9D687DFAF708FF0EA8807F687001268C
:108AB000099F89E0042D0020082D002012000400E9
:108AC0001D46019720460F46EBF7D6FE06460EA838
:108AD000002101774176129603911091002F00D169
:108AE00055E10C980078022814D104980078317868
:108AF0000143C80609D5276DEAF7D6FD616C081A4F
:108B0000C01902D4E16E884204D2EAF70EFE0EA824
:108B10000121017604984778002F00D137E10D98A4
:108B200000680826064000D1B0E0F2F7B8FB012843
:108B300000D199E01C2098E00120666CECF715FB51
:108B4000281A6064A16C891B0818069A5168814232
:108B500001D9081A50600020A06460632046F4F731
:108B6000A9FB0B9D0D9E0EA8807E012802D1A06E50
:108B7000606604E01220FCF70BFFE9F721FAE868D1
:108B8000002802D00188491C0180286900280C9D1A
:108B900008D0687DECF7AAF840000B9909690A5AD9
:108BA000521C0A522879F7F759F80EA8007E0128BE
:108BB0000C9D08D13068102188433060204600F0B9
:108BC00088FA012600E000266D7D2846ECF77DF846
:108BD0000D990968002805D0480705D42846EBF709
:108BE000C0FF04E00807F9D52846EBF7CEFF002EBA
:108BF0001FD00D9EF568002D17D009940C9C607D48
:108C0000ECF73CF802462946103101232846FDF7CF
:108C1000D5F9607D099CECF71BF801462035082248
:108C20002846FDF73DF80020F0603846FAF754FC7E
:108C300001E0EBF738FD0A9800280CD1EAF72CFD8B
:108C40007F2805D00546FAF735FB28180B990870E0
:108C50002046F7F704F801242046FCF7C1FEE9F7A7
:108C6000AFF9204619B0F0BDFC20049938420DD070
:108C70004878001F487002200B9988711320FCF778
:108C800087FEE9F79DF90EA8407D0290029803281F
:108C900010D10EA8C57D022D18D111984078022858
:108CA00014D10EA8012101770D9D286802210143EE
:108CB000296043E00C980078032818D10B98007ABB
:108CC000002814D00220109901434FE02046F3F70A
:108CD00064FA002821D00C98407DECF737FA002E7A
:108CE0000D9D2BD00C98407D00F06BFA26E011987A
:108CF00005904778F2F7D3FA012801D01F2600E04B
:108D0000FF263E401FD003982067EDF7A1FB002807
:108D10001DD0022010900B9D2CE00C9800780328A9
:108D200008D1272D06D1119840780B2802D10EA822
:108D3000012141770EA8012141760D9D28688021EF
:108D40000143296001E0039810900B9D16E00598FF
:108D500000788006C00F3218618F2846EDF750FC6E
:108D60002067002801D0294600E002210B9D1091C8
:108D7000880703D50C98407DECF7E8F91198007846
:108D8000A98AE982202101400EA88175129E012145
:108D900020460491F3F7F0F9074620462830059065
:108DA000A36F002B10D0187A00070DD5D8690028C2
:108DB0000AD0BE4208D00598864205D00D990868B1
:108DC000019A9043086003E00F9800280C9D19D089
:108DD000BE421AD0059FBE4227D058699861197BC0
:108DE000039D1D731A8A511819828AB21E465B8828
:108DF0009A421CD2F2895118C90602961AD100680B
:108E0000B06117E0EBF74FFCDDE002930321204651
:108E1000F3F776FC2046EBF70EFDB878272802D151
:108E20000EA801214177059F07E0029305E0F6694E
:108E3000029604251098284310902046F3F7B9F9BC
:108E400005462046F3F7BBF90EA90E7F002E22D16E
:108E5000012820D1012620463146F3F78DF9074637
:108E600020463946EBF745FD387880061FD4B878A0
:108E700027280B990C9D47D002284BD10D990868E3
:108E800030430860687D1F210A46FAF7EBFCA06EAC
:108E9000079908603EE0EDF7E9FA002814D0EBF7F7
:108EA00002FC0E98002807D00C9D049806E020468E
:108EB000EBF717FD0C9D2DE011200C9D2085204621
:108EC0003946EBF716FD73E002980028E7D0012D34
:108ED000E5D0012EE3D0EBF7E6FB7C4800688C215F
:108EE0004058029D298AEA8951181F220A40101809
:108EF000871C20463946EBF7FCFC20462946F3F751
:108F000091F865670C9D53E0A87D7871E87DB87194
:108F1000002088820D9880680068010717D48006B9
:108F200011D5687DEBF71DFE0D9B98680168202226
:108F30009143016018680421884318601320FCF7EE
:108F400027FDE9F73DF8EBF7AEFB0D9D20E0002093
:108F500017901690687DEBF718FE687D16A9ECF760
:108F60005FF82878022802D1687DECF775F8EBF7F6
:108F70009AFB0D9DA868016808229143016028684A
:108F80000421014329601320FCF702FDE9F718F8DA
:108F900002212046F3F7B4FBA86801684A070C9D3C
:108FA00006D504229143016008990888304308805F
:108FB00001212046F3F7E6F8012804D1787800284B
:108FC00001D0001D7870109881070D9906D5097899
:108FD000090703D5687D00F0F4F81098410706D51D
:108FE00020467830FCF7F0FEEDF76AFA1098C007DB
:108FF00026D011984578F2F752F9012801D01F22A6
:1090000000E0FF222A40206F428011990B789B06D6
:1090100002D40023037302E001230373521C40684F
:10902000891CFAF7B5FF206F0025C56111990978F1
:1090300003220A40017A11430172EDF725FA2567F0
:109040000EA8407E012831D100212046F3F794F884
:109050000646119801784078000240183080F5F7F4
:10906000E4F90546F5F7D2F92843C0B2FAF73EF91C
:109070000EA9897D202901D0022100E00321119A47
:109080005118001FC3B252789A4200D30246D2B29E
:10909000B01CEAF71DFA0D984068016801220A43E6
:1090A00002601520FCF774FCE8F78AFF0EAD20463D
:1090B000294600F00DF8A87D202800D080E4119802
:1090C000807881092046F5F7C4FE79E4082D002058
:1090D0007047FEB50446F020205827464237002846
:1090E00002D08188491C8180254680352046F5F7CD
:1090F00083FA606C01903E882046F2F7D9FF024661
:1091000020463146F3F70DFBE26C4243616C89184F
:10911000616400903018029086B23888B04206D957
:109120002046FE3000882146FC31F5F764FA2868B5
:1091300080218843286020463146F3F75FFB0646CE
:1091400002983880002E1AD1606C0199471A204687
:109150003946F3F7E5FB0646002810D1112000013F
:1091600020183946F4F751FC0646002807D120465E
:109170003946009AF4F728F8064600280AD0C92094
:109180004000251827462D37387DFAF795FB3E70AD
:1091900000202880A06F002801D0C66900E00026CA
:1091A0007834002E0CD03546F669287A0007F8D5B9
:1091B00020462946FCF7F2FD2846EDF743FAF0E792
:1091C000FEBD1CB504466946EBF7A1FD0098411EA3
:1091D0000091002802D10198401E01906946204666
:1091E000EBF7AAFE1CBD000070B584B015460A4618
:1091F0000446002B07D00A9882421FD10B98684082
:1092000000021BD11BE0099808990123002902D014
:1092100006461E4004D1002911D1022108400ED07B
:109220000848006894214158C868096903AE009352
:1092300001962B46FCF7DCFD002800D1FF242046D8
:1092400004B070BD082D0020F0B587B0CD1EFF2101
:10925000FD2425421CD1002A1AD00D9E0C990C68C1
:10926000059406934B6882C8FF2000063C46844361
:1092700012C60393059802900698019068426841CF
:109280000090C8B25207D30F3A46FFF7ADFF014630
:10929000084607B0F0BD000010B501248440082145
:1092A0002046FAF7F9FC03490968942289584C745E
:1092B000C86010BD082D00207047704710B51446D7
:1092C0000A39C9B2F5F7B3F80021002803D00278B3
:1092D0004068012302E00B460A460846A160E160AF
:1092E0002374E280A180206010BD7047F8B500288B
:1092F00046D00E46012568212846FAF7CDFC214FBD
:109300003968942409598860B540EEB20821304686
:10931000FAF7C2FC3968095989684D7248600096AD
:1093200075001126212E0FD008212846FAF7B4FC2B
:109330003968095989688919491F086038680059CE
:10934000806885550836EDE728210098FAF7A4FCD7
:1093500039680959896808600B48022501262946A1
:109360003246FAF787FC39680959896888640648E3
:1093700031462A46FAF77EFC396809598968C8647B
:10938000F8BDC046082D0020182D00200020704791
:10939000002070470020704780B50A4A12683D23BC
:1093A000D25C0270012A05D0002A08D10846EEF7E7
:1093B000F3FC02E00846EEF7F9FC002080BD8620B1
:1093C00080BDC046542D002070B50D4606460620CF
:1093D000F2F7B2F90446002803D02846EDF732F937
:1093E00008E0308901F0DEF802460020024B014619
:1093F000FBF74EFD204670BD30750000B0B51C4631
:109400001546002907D1018900200622EDF7F8F85A
:109410000146002809D00220488048680572486843
:1094200044720620F2F788F9B0BD8820B0BD80B53F
:10943000FBF78AF880BDF0B597B0044603AE002173
:1094400050223046EAF754F85920205C71780143E5
:10945000717030463E3021465A3106252A46EAF7D9
:1094600037F8207CF070E07D010716D411202056DB
:10947000002804D503A8417880220A43427003AE35
:10948000301D21461E310222EAF722F8B01D214686
:1094900020310822EAF71CF803E0FE21084003A966
:1094A000887003A80E302146283110263246EAF78C
:1094B0000FF8607C81060CD503AF38461E3021467C
:1094C00038311022EAF704F87878202101437970C6
:1094D000607C40060BD503AF38462E30214648311C
:1094E0001022E9F7F5FF7878402101437970A07CDC
:1094F000052108420AD003AF3846443021461C31CA
:109500000222E9F7E5FF7878304301E003A84078CC
:10951000E17A2940014303A84170A16EE26E1591E2
:109520001692FBF715F8054600280CD0A11C01ACDB
:1095300006222046E9F7CCFFA5714220052107222B
:109540002346FDF71BFE284617B0F0BD70B594B05A
:109550000E4604464178801C6A46FBF71CF8054617
:10956000002E05D0002D03D16846214600F004F8F6
:10957000284614B070BD0000F8B50C460546012021
:109580008873E878087408461C302946443102265E
:10959000194F3246B84720461E30291D3246B8477B
:1095A00020462030A91D0822B847204628302946E9
:1095B0000E3110263246B8472046383029461E3133
:1095C0003246B8472046483029462E313246B84701
:1095D000A86CA066E86CE066687806210140E1723C
:1095E000E0210140607C08436074A878010702D53F
:1095F000FE210840E075F8BDD134051070B594B077
:1096000014460E464178801C6A46FAF7C4FF0546A8
:10961000002807D10020307069463E3106222046DE
:10962000E9F756FF284614B070BDB0B594B01446A3
:109630006A46FBF729F80546002803D1684621460B
:10964000FFF79AFF284614B0B0BD1F2070470000F6
:1096500070B50446807B03210140258903290AD186
:109660002046FFF7E8FE002805D00821002220460A
:1096700000F026F870BD284600F094FF0246012055
:1096800000210E4BFBF704FCE07C032802D10020F4
:1096900000F0E6FF20461830002604223146E9F7A4
:1096A00027FF2046314600F03BF8F120A07202204F
:1096B000294632463346FDF7D5FD70BD30750000B2
:1096C000F8B516460C460546008900F06BFF0246C9
:1096D00001200027114B3946FBF7DAFB2889FBF7FD
:1096E0009BFB0221284600F01BF828461830042274
:1096F0003946E9F7FDFEE87B2F210140E973002E92
:1097000004D06878A91C00F051FEFB27AF722989AC
:10971000022002462346FDF7A5FDF8BD3075000086
:10972000BCB56022825CD207827A04D16032D2B2A8
:10973000512A04D30FE05032D2B2402A0BD8094A42
:109740001268B123D35C002B05D0B132047D012512
:10975000A540AB4313706A4611710090104600F0AB
:10976000B2FFBCBD542D0020B0B50C466021615C39
:1097700001220A40A37A4068417A02D19F2B02D885
:10978000B0BDB02B14D3F02B15D9F12B0ED10F296E
:109790000CD1254659350F2101222046FFF790FFB5
:1097A00029785A342046FAF75DFFB0BD002AE7D089
:1097B000207E8007E4D001222046FFF781FFB0BD64
:1097C000F8B51F4613460C460546052219462346A2
:1097D000FFF714FE0646002F01D1882E04D0012287
:1097E00028462146FFF76CFF3046F8BD10B50B49FF
:1097F0000A68B121535CB1320021032905D001244C
:109800008C401C4203D0491CF7E7032103E00028E9
:1098100001D023431370C8B210BDC046542D0020A0
:109820000001002900D00830C0B270471CB50421E7
:1098300007226C462346ECF721FF62780A21042AAE
:1098400013D86A469278012A0FD86A46D2789207CE
:109850000BD40749096834228A5C69460979914228
:1098600002D31129014600D3062108461CBDC0467B
:10987000542D002080B5127D1201002900D008323D
:10988000D1B2044A12685318B43304210722ECF70A
:10989000F5FE80BD542D0020F0B524490968027DF5
:1098A00012010832D2B28B18B5241C5D0473B624A1
:1098B0001B5D012B03D1437B02241C4344730B46E5
:1098C0003633032515430C46B434655D01262E401E
:1098D000877B3743877304263540C77B2F43C77385
:1098E0001643A55D057405251543645D6025455D3A
:1098F000ED070ED11D782C4007252C4084740624DA
:1099000022438918B422895C5A780A402A4042745A
:10991000F0BD5D7825404574062422438918B422A1
:10992000895C1A780A408274F0BDC046542D00202C
:10993000F8B5017B427BD30701D0930705D4C37DE3
:1099400008241C4003D0920701D0032219E0C37BF6
:109950000522134214D0424B1B6840255D5D4A43EB
:10996000404B9A18525DC27403461333002A0BD140
:10997000002C3DD101296FD1012D6DD101226CE068
:109980000122C274034613336024055D012635406D
:1099900003D11A240457002C26D404460F3424780B
:1099A000E40704D0012A02D103241C7052E0C37DD5
:1099B0001B0703D5022A01D10023C376022A11D145
:1099C000C27BEF231340C373254A12684023D25C45
:1099D0000024022A274618D3042A0BD0022A13D1C6
:1099E000374612E0002435E01D4C24683134D6E7B8
:1099F000042232E00229374607D304292F4604D037
:109A0000022901D1274600E0FF27174909684E22A5
:109A1000895C49071ED506891448006880690225BB
:109A2000462203232946ECF7E5FF002812D0014621
:109A30008672042048720D720024CC710520887152
:109A40000F73FF20487182200871300AC8722846BF
:109A5000EDF76DF82046F8BD02221A7094E7C04673
:109A6000542D00207CD60610082D0020B82C002094
:109A70000B49096830228A5C0123134030314A784F
:109A8000D207520FD218CB78DB07DB0ED2188978B9
:109A90004B080B43D907090F511801707047C04696
:109AA000542D002070B505460089FBF7D8FD4642CD
:109AB00046411B4909683C22895C022904D00024E4
:109AC00001292AD1002828D108200143A975154869
:109AD00000684E21405C012480071ED52D89124864
:109AE0000068806902214B220323ECF783FF0028E2
:109AF00013D001468572042048720B2008720020A2
:109B0000C871052088710E73FF204871822008718A
:109B1000280AC8720220EDF70AF8204670BDC04638
:109B2000542D0020082D0020B82C002010B507244B
:109B30004480446821720B4909684024095D4468E7
:109B4000617201211140426891724168CB72416893
:109B5000029A0A734168039A4A73406804998173B0
:109B600010BDC046542D0020F8B50C46074601250F
:109B70002846FFF73BFE022801D93820F8BD0646EB
:109B80003846FFF753FE002810D001461048006801
:109B9000B122825C002A03D0B130B540AA430270E2
:109BA000002201232046FFF70BFEF8BD2675012198
:109BB00038462246FFF75EFE2046FFF773FF002877
:109BC00001D00020F8BD204600F004F8F8BDC046E2
:109BD000542D0020F0B587B0044606A80026067074
:109BE00021890B223046ECF70BFD00281BD0059095
:109BF000B020A072E675E07B2F210140E173434F56
:109C00003D68207D01210491FFF70AFE4019B7212C
:109C1000455C38683221405C022806D10820284083
:109C200003D1032151E0882661E0207EC00705D1E1
:109C300006AF3846FFF71CFF387802E0607D06A9C2
:109C40000870054018202840E17D0143E1750807B0
:109C500001D4B42706E0204600F031FD014600287B
:109C600033D1B227204600F0DFFC06984107C90F28
:109C7000E173C007800FA0732046FFF70DFE20465A
:109C8000FFF756FE014600281FD1E07C022804D1D0
:109C9000E07BC00601D44D20C7431C480068352135
:109CA000405C06A90B78627B617CA57C00900191E9
:109CB00002950221059D2846FFF738FF20462946D8
:109CC000FFF782FB0146002814D010480068B1223B
:109CD000825C002A05D0B130237D049D9D40AA43BB
:109CE000027001232046059AFFF76AFD06463046BA
:109CF00007B0F0BDE07AF8210140E17205983146E5
:109D00002246FFF7B7FDA772F1E7C046542D0020A9
:109D1000F0B589B00C46074609890025152228466A
:109D2000ECF76EFC002813D00646002F06D0234621
:109D30002833052110223846ECF7A0FCE07D00070F
:109D400008D42146483105AA204600F031F807E042
:109D5000882019E005A80290019401A800F061F99B
:109D6000112070807068032101720521102205AB5B
:109D70003046ECF7A5FC20463146FFF725FB0028CE
:109D800002D1B620A072284609B0F0BD10B5044635
:109D9000483010210022FCF722F9E07D000702D4B0
:109DA000B520A07210BD204600F03AF910BD0000A9
:109DB000F0B59BB01446069107460FAE00252E2243
:109DC00030462946E9F794FB3046103010220699B8
:109DD000E9F77EFB2036F87C03280DD0022812D14B
:109DE00044480068806B0FA90870020A4A70020C90
:109DF0008A70000EC87006E03E48016844310FA822
:109E00001022E9F765FB387D01210591FFF708FD78
:109E10000290387D2946FFF703FD01906120385CF0
:109E2000F07106960FAE3046283039466231062270
:109E30000092314B04909847787806990870304624
:109E40002130B91C0390009A2B4B98472948006891
:109E500001994118B4310BAF3846093007220192FD
:109E6000254B98472348006802994118B431B81C23
:109E7000019A214B9847781C0699C91D059A1E4BDB
:109E800098471D4B38460699059A98471036102D6D
:109E900007D0705D0BA9495D414007A841556D1C75
:109EA000F5E70FA807A92246F1F798F80BAE0025B1
:109EB000102230462946E9F71BFB06273046049955
:109EC0003A46E9F705FBB01D03993A46E9F700FB6E
:109ED000102D07D0605D0BA9495D414007A8415591
:109EE0006D1CF5E70FA807A92246F1F777F81BB01C
:109EF000F0BDC046542D0020D1340510F0B58BB014
:109F00000D46064600240294098915222046ECF7E6
:109F100077FB002820D007462B4638330521102236
:109F200030461E46ECF7AAFBE87D000716D40094E5
:109F3000344603AE284621463246FFF739FF29460C
:109F40002831102230462646009CE9F7E1FA01A9A3
:109F5000BC220A7002900CE088245BE001A80A9001
:109F600002A8099003A80890079507A800F05AF8DE
:109F70000298002806D00421012328463A46FFF71C
:109F80001FFC1BE0112078807868042101722B46A9
:109F90004833052110223846ECF792FB2846394613
:109FA000FFF712FA002809D10198A8721B4800682F
:109FB0003521405C297C814200D928740298002810
:109FC00028D1E87D000725D407A8002410222146C7
:109FD000E9F78EFAE87C03280DD0022812D10F4849
:109FE0000068806B07A90870020A4A70020C8A7028
:109FF000000EC87006E009480168443107A8102225
:10A00000E9F766FA29464831283507A832462B4633
:10A01000FAF77EFC20460BB0F0BDC046542D002060
:10A0200070477047704780B5012911D1427C5307B2
:10A0300005D0C37D1B071DD506231A401AD1602207
:10A04000835C01221A40002906D0002A19D103E0BE
:10A05000002900D080BD0022817CCB0704D0C37DC5
:10A060001B0701D4D12109E08B0706D4490708D585
:10A07000D52103E0D021817280BDD3218172002AD5
:10A0800002D000F004F880BD00F016F880BD80B565
:10A090006021415CC90706D111214156002902D532
:10A0A000817E8A0602D4FFF7D3FA80BD04221143D1
:10A0B0008176FFF7CAFA80BDF0B589B0044608A8DA
:10A0C00000260680218915223046ECF799FA0028EF
:10A0D0002DD005466020205CC0060BD42746603793
:10A0E00020461C3002210022FBF779FF387810212E
:10A0F00001433970A07AD138042875D878440079A2
:10A10000400087440219384E60003C4800682146F0
:10A110001C31083008AA04AE3346FAF77BFB6868A6
:10A120000621017211206880227C052158E00E2052
:10A130000021FBF73FFC5FE004AE08210291002202
:10A1400030460196FBF74BFF20461C3008AF3146E6
:10A150003A46FAF729FB0B206880686807260672E2
:10A160000521022228463B46ECF7AAFA284631464A
:10A17000029A019B36E0112068806868082101720C
:10A1800004A800211022E9F7B3F9EDF7EBFC002851
:10A1900002D004A8FAF752FB0521102204AB28468E
:10A1A00020E003A8067004AE3146FFF7F5F808205A
:10A1B0006880686809210172686803994172062104
:10A1C00028460A460DE01120688068680A2101725D
:10A1D00020461C3004AE3146FAF7B2FB05211022AE
:10A1E00028463346ECF76CFA20462946FFF7ECF890
:10A1F000002801D1DD20A07209B0F0BDB42C0020F0
:10A2000080B5827ADD2A23D18A1F042A1ED8D22162
:10A210007A44127952009744180211070A00817C8F
:10A220008A0702D5D32110E0817C49070CD4602134
:10A23000415CC90704D1FFF72AFF80BDD42104E0A7
:10A240000121FFF7F0FE80BDD5218172FFF734FFB9
:10A2500080BD0000F0B585B007464068057AA81FAC
:10A26000042823D80C46887A8626D0281FD1204679
:10A2700059300190208900F095F902460020444BA6
:10A2800002900146FAF704FE062D05D0092D11D0E3
:10A29000082D34D0072D3DD1E07D000707D4607C28
:10A2A000C00704D0062D44D128342CE08426304643
:10A2B00005B0F0BD607C8007F9D503AB00269E8019
:10A2C0000396062138460A46ECF7CFF9002845D018
:10A2D0007868407A019D287023465A330621384613
:10A2E0000A46ECF7CBF92878012803D1A879800930
:10A2F000032845D3617C2020084360742FE0607CF4
:10A300008007D4D538340521102238462346ECF78F
:10A31000B5F933E0607C4007C9D5234648330521B1
:10A3200010223846ECF7AAF9607C402101436174A1
:10A3300017E07868407AA0777868807AE0772346DB
:10A340002033072108223846ECF798F9607C8021F9
:10A35000014361744007800F10D102E0607C400728
:10A36000A5D40198C079C00705D100262046314602
:10A37000FFF759FE9BE72046FFF76AF9029E96E732
:10A380000821002201232046FFF71AFA06468EE72D
:10A390003075000080B503200821F9F77DFC0249E3
:10A3A0000968A822885080BD542D0020FEB5019177
:10A3B000032002900027304A3D4616461068A82424
:10A3C0000059C019801C06220199E9F7A1F800285C
:10A3D00031D002980328324609D110680059C05D77
:10A3E0008006800F01D0032000E0E8B20290083719
:10A3F0006D1C032DE1D110684125415DA830022973
:10A4000036D80299CF000068C019801C1646062273
:10A410000199E9F75DF8306800591021C15502989B
:10A42000C2B200200121154BFAF732FD3068415DC0
:10A43000491C4155FEBD30680059C35DCF2119400C
:10A44000103103221A40531C032A02D0DC2421407D
:10A450001943C155032A00D1134609A0C05C7D21D0
:10A46000CB004343EAB200200121FAF711FDFEBD03
:10A4700001210172FEBDC046542D0020B80B000022
:10A4800003050A14F8B5294E3168A8254959C400B6
:10A490000A5DD3060ED4930646D50919930735D025
:10A4A000FC231340521E03241440E2180A7000F0EB
:10A4B00041F8F8BD00F03EF8306840590019841C9E
:10A4C0006520C64337466537194800683421405C2B
:10A4D0007F1C874228D215480068A425405980195E
:10A4E0007036683006222146E9F712F80028EBD1D1
:10A4F0000E4800684059815DFB2915D11021815516
:10A500000E20FBF745FAE7F75BFDF8BD3546002462
:10A51000082208462146E8F7EBFF3068B021445492
:10A520004121425C521E4254F8BDC046542D0020C9
:10A53000B42C002010B5044600200121074B224610
:10A54000FAF7A6FC06480068A8214058E100425CE2
:10A55000CF2313402033435410BDC046204E00008B
:10A56000542D0020F8B50C460720C0430C4E05467C
:10A570000835182D10D03168A827C95908180A3095
:10A5800006222146E8F7C4FF00282846F0D13068AB
:10A59000C059405DC00601D40020F8BD0120F8BDBF
:10A5A000542D0020B0B50D4909683422895C00287B
:10A5B00011D00B4A1268A4320023DCB28C420AD2BA
:10A5C000702565431468641924894440240501D02A
:10A5D0005B1CF2E71946C8B2B0BDC046B42C0020DF
:10A5E000542D0020F0B501460020002917D00C4A58
:10A5F00012683423D35C70225A436F23DD43094B26
:10A600001B68A4332C467034A24208D01E6875190A
:10A610007827ED5B4D402D052546F4D13019F0BD6E
:10A62000B42C0020542D0020B0B504460B4800681F
:10A63000AC2140584578801CA11C0622E8F768FF31
:10A6400001460020002900D0B0BD61788D42FBD1C9
:10A65000617B012001436173B0BDC046542D0020D1
:10A6600080B52822504304490968AC23C95808180A
:10A670000021E8F73DFF80BD542D002070B50D4945
:10A6800009683422895C70224A430B490B68A43361
:10A6900000210C46A2420AD01D682D19EE7DF60756
:10A6A00002D02D89854201D17034F3E7012108469B
:10A6B00070BDC046B42C0020542D002070471F20D0
:10A6C00070471F207047704770470000002310B587
:10A6D000040003604360836081814366C28103613B
:10A6E00043618361190008225C3000F047FA0B4B8C
:10A6F000246263620A4BA3620A4BE3620A4B236340
:10A700000A4B9C4205D00A4B9C4202D0094B9C420A
:10A7100003D12000583000F08DFA10BD15A90610A5
:10A720003DA9061075A90610A1A90610602D0020EC
:10A73000C82D0020302E002010B5034A03490448DC
:10A7400000F06CF810BDC046A03000200DB506101A
:10A75000B030002041680B4B10B50400994201D085
:10A7600000F0D4FEA168084B994202D0200000F00E
:10A77000CDFEE168054B994202D0200000F0C6FEF4
:10A7800010BDC046602D0020C82D0020302E0020B6
:10A7900010B5094B094A04211A6009480022FFF745
:10A7A00095FF012209210748FFF790FF022212219D
:10A7B0000548FFF78BFF10BD982E002039A7061023
:10A7C000602D0020C82D0020302E002010B502483A
:10A7D00000F031FA10BDC046A12E002010B502488D
:10A7E00000F02AFA10BDC046A12E002010B50400CA
:10A7F000FFF7ECFF236A002B02D0FFF7EFFF10BD3D
:10A80000044B2362044B1B68002BF6D1FFF7C0FFFB
:10A81000F3E7C04655A70610982E0020F7B51400A0
:10A82000002600900191A5686768013F04D524685F
:10A83000002CF8D13000FEBDAB89012B08D90E22C7
:10A84000AB5E013304D029000098019B9847064372
:10A850006835EAE7036A70B505000E008468002BCE
:10A8600001D1FFF7C3FF636EDB0705D4A3899B0506
:10A8700002D4A06D00F0DFF9A3891B0702D523697C
:10A88000002B1FD12100280000F00CF9002819D05E
:10A8900001256D42636EDB0705D4A3899B0502D4B5
:10A8A000A06D00F0C9F9280070BD0136A360002B2F
:10A8B00004DAA2699A4216DC0A2914D023685A1CC9
:10A8C00022601970A3683178013B0029EDD1A360A3
:10A8D000002B0FDA220028000A3100F0A1F8013025
:10A8E000D6D00A25D6E72200280000F099F80130DA
:10A8F000E8D1CDE723685A1C22600A221A70F0E7DB
:10A9000010B5034B01001868FFF7A4FF10BDC04647
:10A91000AC30002070B50C000E25495F00F05CF9EA
:10A92000002803DB636D1B18636570BDA389024AB1
:10A930001340A381F9E7C046FFEFFFFFF8B51F0002
:10A940008B8905000C001600DB0505D50E23C95EBA
:10A950000022022300F02CF9A389054A28001340A5
:10A96000A38132000E23E15E3B0000F049F9F8BDFF
:10A97000FFEFFFFF70B50C000E25495F00F018F9DE
:10A98000A389421C03D1054A1340A38170BD8022D4
:10A9900052011343A3816065F8E7C046FFEFFFFF54
:10A9A00010B50E23C95E00F0F1F810BD30B50500FA
:10A9B000140008001A009BB0002C05DA8B2301203C
:10A9C0002B6040421BB030BD822369469B008B81C7
:10A9D00000210090199104908C4200D0611E012347
:10A9E0000291059169465B42CB8128001E9B00F0D5
:10A9F0008DFA431C01DA8B232B60002CE2D000225D
:10AA0000009B1A70DEE7000013B5044C009313009E
:10AA10000A0001002068FFF7C9FF16BDAC30002016
:10AA2000F8B506000D001400002804D0036A002BBE
:10AA300001D1FFF7DBFEA369A360A3891B0702D541
:10AA40002369002B09D12100300000F02BF80028E9
:10AA500003D001256D422800F8BD23692068EFB2BC
:10AA6000C01A6369EDB2834205DC2100300000F0BA
:10AA70004DFD0028EDD1A3680130013BA3602368A0
:10AA80005A1C22601F706369834204D0A389DB07CC
:10AA9000E1D50A2DDFD12100300000F037FD00287C
:10AAA000D9D0D6E72D4B70B5050018680C000028EA
:10AAB00004D0036A002B01D1FFF798FE0C22A35E9D
:10AAC0001A0723D4DA0607D409222A60402201207B
:10AAD0001343A38140423AE05B0713D5616B002921
:10AAE00008D023004433994202D0280000F0B2F885
:10AAF000002363632422A3899343A381002363601B
:10AB0000236923600823A2891343A3812369002BAF
:10AB10000BD1A0218022A389890092000B4093428F
:10AB200003D02100280000F047FD0C22A35E012184
:10AB30001A000A400B420BD00022A2606269524206
:10AB4000A26100202269824201D11A06BED470BDE2
:10AB5000990700D46269A260F3E7C046AC300020D8
:10AB600030B500240139A24201D1002005E0035D87
:10AB700001340D5DAB42F6D0581B30BD0300821886
:10AB8000934200D1704719700133F9E7002370B583
:10AB9000064D040008002B60DAF7BEFA431C03D10F
:10ABA0002B68002B00D0236070BDC0469C2E002077
:10ABB00070B50400080011001A000023054D2B6039
:10ABC000DAF7CBFA431C03D12B68002B00D02360AB
:10ABD00070BDC0469C2E002070B504000800110016
:10ABE0001A000023054D2B60DAF75DFA431C03D1F0
:10ABF0002B68002B00D0236070BDC0469C2E002027
:10AC000070B50400080011001A000023054D2B60E8
:10AC1000DAF766FA431C03D12B68002B00D02360BF
:10AC200070BDC0469C2E0020014B18687047C0467E
:10AC3000AC30002070477047704710B500F001F845
:10AC400010BD002310B59A4200D110BDCC5CC45495
:10AC50000133F8E770B505000C1E10D0043C2368E2
:10AC6000002B00DAE418280000F0E0F81D4A136811
:10AC7000002B05D163601460280000F0DFF870BD80
:10AC8000A34208D9206821188B42F3D119685B6868
:10AC900009182160EEE71A005B68002B01D0A3427F
:10ACA000F9D911685018A0420BD120680918501822
:10ACB00011608342E0D118685B68411811605360ED
:10ACC000DAE7A04202D90C232B60D5E720682118CF
:10ACD0008B4203D119685B68091821606360546076
:10ACE000CAE7C046A82E002070B50F4E0D0031688F
:10ACF0000400002902D100F0D7FC306029002000B8
:10AD000000F0D2FC431C03D101256D42280070BD28
:10AD10000323C51C9D43A842F8D0291A200000F047
:10AD2000C3FC0130F2D1EFE7A42E0020F7B50322D7
:10AD3000CB1C9343083305001F000C2B34D20C2787
:10AD4000B94233D8280000F071F8374E33681C0040
:10AD5000002C2FD139002800FFF7C6FF0400431C48
:10AD60005FD134680094009B002B4AD1002C52D054
:10AD700023682800E3180099019300F095FC019BDB
:10AD8000834248D123682800FF1A3900FFF7ACFF3F
:10AD9000013040D02368DB19236033685A68002AE9
:10ADA00033D1009B336019E0002BC9DA0C232B60F0
:10ADB0000020FEBD2168C91B20D40B290AD9E21945
:10ADC0002760A34204D1326063681160536005E0DC
:10ADD0005A60F9E76268A3420ED13260280000F0A1
:10ADE0002DF8200007220B30231D9043C21A9842F1
:10ADF000DFD01B1AA350DCE75A60EFE7230064683A
:10AE0000A6E7009C63680093ADE71A005B68A34265
:10AE1000FBD10023DAE70C2328002B6000F00EF8AA
:10AE2000C6E70760DAE7C046A82E002010B5024842
:10AE3000FFF701FF10BDC046A02E002010B502484C
:10AE4000FFF7FAFE10BDC046A02E0020F0B58E68B8
:10AE500085B01F000C000B6802900392BE4230D8F0
:10AE60000C21625E9021C9000A4228D0032021698A
:10AE70005B1A0193636943430198DD0FED187B1C56
:10AE80001B186D10AB4200D91D00520528D52900B2
:10AE90000298FFF74BFF061E2CD0019A2169FFF79D
:10AEA000D0FEA289184B1A4080231343A381019B33
:10AEB0002661F61826603E006561ED1AA560BE4267
:10AEC00000D93E0032000399206800F0B6FB002054
:10AED000A3689B1BA36023689B19236005B0F0BD8A
:10AEE0002A00029800F0FDFB061EE0D121690298BD
:10AEF000FFF7B0FE0C230120029A40421360A289A2
:10AF000034331343A381E9E77FFBFFFFF0B5A1B022
:10AF100003901D008B890F0016001B0611D50B69CD
:10AF2000002B0ED14021FFF701FF38603861002867
:10AF300005D10C23039A136001204042CFE0402347
:10AF40007B61002308AC6361203363761033A37602
:10AF5000079535002B78002B01D0252B48D1AB1B52
:10AF60000593B5420BD0320039000398FFF76EFF0E
:10AF7000013000D1AEE06369059A9B1863612B78BC
:10AF8000002B00D1A6E0012200235242626004A9F6
:10AF9000543252186E1C2360E360A3601370A365E3
:10AFA000544B052218003178059300F08FFB751C77
:10AFB00000281FD12268D30604D5532304A95B18A7
:10AFC00020211970130704D5532304A95B182B21E2
:10AFD000197033782A2B16D0350000210A20E36837
:10AFE0002A786E1C303A092A50D9002911D117E06D
:10AFF0000135AFE7059B2268C01A01238340134344
:10B000002E002360CCE7079B191D1B680791002BBE
:10B0100001DB0B9304E05B42E360022313432360F4
:10B020002B782E2B0CD16B782A2B34D1079B023531
:10B030001A1D1B680792002B01DA01235B4209935A
:10B040002D4E03223000297800F040FB002806D066
:10B050004023801B834022680135134323602978F5
:10B06000062226486E1C217600F030FB002838D0DE
:10B07000234B002B22D10722079B0733934308332E
:10B0800007936369049A9B18636162E74343350041
:10B0900001219B18A4E700230A20190001356360F1
:10B0A0002A786E1C303A092A03D9002BC8D009919E
:10B0B000C6E74143350001238918F1E707AA00924A
:10B0C00021003A000F4B039800E000BF0490049B5E
:10B0D0000133D6D1BB890D985B0600D52CE721B092
:10B0E000F0BD07AA009221003A00064B039800F039
:10B0F0007BF8EBE795D606109BD606109FD6061078
:10B10000000000004DAE0610F7B5160001938A68E6
:10B110000B690C000090934200DA130022003360A8
:10B1200043321278002A01D00133336023689B0632
:10B1300002D53368023333602268062315001D40B0
:10B140001A4227D0230043331B785A1E93412268AA
:10B15000920630D4220001990098089D4332A847F6
:10B16000013025D00622236800251340042B05D189
:10B170003368E568ED1AEB43DB171D40A3682269CD
:10B18000934201DD9B1AED180026B54220D1002024
:10B1900010E00135E36832689B1AAB42D2DD220031
:10B1A000012301990098089F1932B8470130F0D166
:10B1B00001204042FEBD3020E118433108702100DB
:10B1C0005A1C45310978A218433202331170C1E785
:10B1D0002200012301990098089F1A32B8470130D4
:10B1E000E6D00136D1E70000F0B58BB006920A0038
:10B1F00043320793059003920A7E0C00109B782A35
:10B2000009D8622A0BD8002A00D1BAE07A49049101
:10B21000582A00D18EE0250042352A7022E0100025
:10B2200063381528F7D8D4F7F9FF16001F00F6FF8A
:10B23000F6FFF6FFF6FF1F00F6FFF6FFF6FFF6FF3C
:10B240009F0036007E00F6FFF6FFB000F6FF3600E6
:10B25000F6FFF6FF820025001A684235111D1960BD
:10B2600013682B7001239EE018680968021D0D0603
:10B270000BD506681A60002E03DA2D23039A764256
:10B2800013705D4B0A27049318E006681A6049069C
:10B29000F1D536B2EFE70868196840C9050602D44F
:10B2A000400600D5B6B21960534B0A2704936F2AA3
:10B2B00000D1023F2300002243331A706368A36069
:10B2C000002B06DB04212268039D8A43226033435E
:10B2D0000CD0039D30003900D5F730F8049B013DB8
:10B2E0005B5C2B70330006009F42F3D9082F09D115
:10B2F0002368DB0706D5626823699A4202DC3023A3
:10B30000013D2B70039B5B1B2361079B2100009376
:10B310000598069B09AAFFF7F7FE013048D10120E6
:10B3200040420BB0F0BD202209680A432260782217
:10B3300032490491210045310A701968226840C9D8
:10B34000100602D4500600D5B6B21960D30702D554
:10B35000202313432360002E01D01027AAE72022C8
:10B36000236893432360F8E71A680D68101D496944
:10B37000186013682E0601D5196002E06D06FBD532
:10B3800019800023039D2361BFE71A68111D19600E
:10B39000156800212800626800F098F9002801D0A3
:10B3A000401B6060636823610023039A1370ACE75D
:10B3B0002A00236906990598079DA8470130AED059
:10B3C00023689B0715D4099BE0689842A9DA180006
:10B3D000A7E72200012306990598079E1932B04776
:10B3E00001309CD00135E368099A9B1AAB42F0DC2E
:10B3F000E9E70025F7E7C046A6D60610B7D606103F
:10B40000F7B50C228B5E05000C001A0756D44A686B
:10B41000002A02DC0A6C002A4EDDE76A002F4BD0BE
:10B42000002280202E682A601A004001216A024012
:10B43000034233D0626DA3895B0706D56368D21AD5
:10B44000636B002B01D0236CD21A00232800E76A1B
:10B45000216AB847A289431C06D129681D2946D80C
:10B46000294BCB40DB0742D500236360236923606F
:10B47000D20405D5431C02D12B68002B00D1606596
:10B48000616B2E60002917D023004433994202D00B
:10B490002800FFF7DFFB002363630DE00123280092
:10B4A000B8470200431CC6D12B68002BC3D01D2B0C
:10B4B00001D0162B1AD12E6000201EE00E69002E3E
:10B4C000FAD00F680E60BA1B019200229B0700D1D0
:10B4D0004A69A260019B002BEEDDA36A32001F00C7
:10B4E0002800019B216AB847002807DCA289402375
:10B4F000012013431BB2A3814042FEBD019B3618BD
:10B500001B1A0193E6E7C046010040200B6970B5A5
:10B5100005000C00002B02D10025280070BD00287A
:10B5200004D0036A002B01D1FFF760F90C22A35E5F
:10B53000002BF1D0626ED20704D49B0502D4A06D1B
:10B54000FFF779FB28002100FFF75AFF636E050023
:10B55000DB07E2D4A3899B05DFD4A06DFFF76CFB6A
:10B56000DBE7000070B50E001D000E23C95E14005D
:10B5700096B000290CDAB2898023110019401A42D2
:10B5800014D18023DB0000202960236016B070BD39
:10B590006A4600F065F80028EDDBF02301991B02F4
:10B5A0001940044BC9184B425941EAE70021402396
:10B5B000E9E7C04600E0FFFFF0B502268B890500F1
:10B5C0000C0085B0334207D023004733236023614A
:10B5D0000123636105B0F0BD03AB02AAFFF7C2FF10
:10B5E000029F019039002800FFF7A0FB002808D136
:10B5F0000C22A35E9A05EDD4032293431E43A68139
:10B60000E2E78023A28920601343A381039B20618A
:10B610006761002B0CD028000E23E15E00F032F8A9
:10B62000002805D00323A2899A43023B1343A38138
:10B63000A389019A1343A381CCE710B5884202D9AC
:10B640008B18984208D300239A4207D0CC5CC4548C
:10B650000133F9E78B5C8354013AFBD210BD000043
:10B66000002370B5064D0400080011002B60D9F7C7
:10B670005DFD431C03D12B68002B00D0236070BDFF
:10B680009C2E0020002370B5064D040008002B609E
:10B69000D9F75AFD431C03D12B68002B00D023603F
:10B6A00070BDC0469C2E0020002370B5064D0400DE
:10B6B00008002B60D9F75CFD431C03D12B68002BDD
:10B6C00000D0236070BDC0469C2E0020C9B28218F5
:10B6D000904201D10020704703788B42FBD00130AB
:10B6E000F6E7F7B506000C001500002905D111009A
:10B6F000FFF71CFB04002000FEBD002A03D1FFF76A
:10B70000A9FA2C00F7E700F01CF80700854202D8E0
:10B710004308AB42EFD329003000FFF707FB01904D
:10B72000002801D1019CE6E72A00BD4200D93A0079
:10B7300021000198FFF785FA21003000FFF78AFA0F
:10B74000F0E70B1F1B68181F002B01DA0B58C018FD
:10B750007047000070B5051C00F0B4F8291C041CEB
:10B76000281CD6F72DF8002810D1281C00F02EF840
:10B77000FE218905D4F742FF002807D0FFF754FACD
:10B7800021230360024800F025F8041C201C70BD32
:10B790009AD6061070B5051C00F020F8291C041C70
:10B7A000281CD6F70DF800280ED10021281CD4F74C
:10B7B00011FF002808D0FFF737FA2123002103608A
:10B7C000081CD5F771FA041C201C70BD400040080D
:10B7D00070470000004870470000C07FF7B5FF21A8
:10B7E00042000300041C5208C9058A4209D3011C07
:10B7F000D5F728FC011C201CD5F764F8041C201C7C
:10B80000FEBD002AFBD0002806DA011CD5F774FD26
:10B81000011CD5F749FAF1E702000A40084240D07E
:10B82000C11580220F005B025B0A12047F3F1343A5
:10B83000C90700D45B0000248021192026007F1056
:10B840005B00490475181A009D4202DC6E185A1BF1
:10B8500064180138530049080028F3D1002A19D090
:10B86000164D174E286831682B680193D5F744FDB3
:10B87000011C0198D4F7B8FE00280BD02868316865
:10B88000D5F720F82D68011C281CD4F7A3FE00284A
:10B8900010D00234FC2364109B05E318FC05E41867
:10B8A000ADE7802000045B00110001320342FAD0B2
:10B8B0004942B6E7012301349C43EBE7CCD606109E
:10B8C000C8D60610FE21F8B54300041C5B088905A4
:10B8D0008B4204D10020002C09DC9C4807E08B42FD
:10B8E00006D9011CD5F708FD011CD5F7DDF9F8BD17
:10B8F000FC2189058B4258D28C229205934200D8B4
:10B9000022E1011CD5F79EFB9149051CD5F79AFB56
:10B910009049D4F7D7FF291CD5F794FB8E49D5F76A
:10B92000EBFC291CD5F78EFB8C49D4F7CBFF291CE7
:10B93000D5F788FB8A49D5F7DFFC291CD5F782FBB0
:10B940008849D4F7BFFF291CD5F77CFB8649061C24
:10B95000281CD5F777FB8549D5F7CEFC291CD5F7F0
:10B9600071FB8349D4F7AEFF291CD5F76BFB8149E6
:10B97000D5F7C2FC291CD5F765FBFE218905D4F754
:10B98000A1FF011C301CD5F78FF9211CD5F75AFBFC
:10B99000011C7948D5F7B0FC011C201CD5F7ACFC84
:10B9A000011C7648D5F7A8FCA1E700285CDAFE2147
:10B9B0008905D4F787FFFC218905D5F743FB644946
:10B9C000041CD5F73FFB6349D4F77CFF211CD5F756
:10B9D00039FB6149D5F790FC211CD5F733FB5F4952
:10B9E000D4F770FF211CD5F72DFB5D49D5F784FCFA
:10B9F000211CD5F727FB5B49D4F764FF211CD5F741
:10BA000021FB5949051C201CD5F71CFB5749D5F7CC
:10BA100073FC211CD5F716FB5549D4F753FF211CA5
:10BA2000D5F710FB5349D5F767FC211CD5F70AFB66
:10BA3000FE218905D4F746FF061C201CFFF7CEFE29
:10BA4000311C041C281CD5F72FF9211CD5F7FAFA54
:10BA50004949D5F751FC211CD4F734FF011CD4F718
:10BA600031FF011C46489DE7011CFE208005D5F7EB
:10BA700043FCFC218905D5F7E5FA041CFFF7AEFE6F
:10BA80003349061C050B201CD5F7DCFA3149D4F7E5
:10BA900019FF211CD5F7D6FA2F49D5F72DFC211C0B
:10BAA000D5F7D0FA2D49D4F70DFF211CD5F7CAFAE6
:10BAB0002B49D5F721FC211CD5F7C4FA2949D4F725
:10BAC00001FF211CD5F7BEFA2749071C201CD5F71A
:10BAD000B9FA2649D5F710FC211CD5F7B3FA244949
:10BAE000D4F7F0FE211CD5F7ADFA2249D5F704FCB6
:10BAF000211CD5F7A7FAFE218905D4F7E3FE011C26
:10BB0000381CD5F7D1F8311CD5F79CFA2D03071C4A
:10BB1000291C281CD5F796FA011C201CD5F7ECFB34
:10BB2000291C041C301CD4F7CDFE011C201CD5F7A9
:10BB3000BBF8011C381CD4F7C5FE291CD4F7C2FE83
:10BB4000011CD4F7BFFED2E60E48D0E6DB0F494019
:10BB500008EF1138047F4F3A4611243DA80A4E3EA3
:10BB600090B0A63EABAA2A3E2EC69D3D6133303F23
:10BB70002D57014039D119406821A233DA0FC93F4E
:10BB8000DA0F4940DB0FC93FF7B500258AB00E46F2
:10BB90000446002804D0002E06D10C98002803DDAE
:10BBA000612040010DB0F0BD0C98002804DB102886
:10BBB00004DA2079800601D48C48F3E72079410724
:10BBC00001D4810702D58948401CEBE74021084396
:10BBD00020712046143008901CE0002081004A1992
:10BBE0009219537817781B023B4397785BBA1B0472
:10BBF0003F02D2783B4313430A195269401C534019
:10BC000004AA53500428E9DBA26804A80899E2F7C3
:10BC1000F9FB009D0C992846103000908842DCDB2F
:10BC2000207980061ED400291CDD002081004A19DD
:10BC30009219537817781B023B4397785BBA1B0421
:10BC40003F02D2783B4313430A195269401C5340C8
:10BC500004AA53500428E9DBA26804A80899E2F773
:10BC6000D1FBC0E000200090019002900390694653
:10BC70000846A268E2F7C6FB00998722C80F504326
:10BC8000019A4900D20F114300910199029A49008B
:10BC9000D20F114301910299039A4900D20F114327
:10BCA000029103990C9A49004140284610300391B3
:10BCB00090421AD1002081004A1993195A781F78AE
:10BCC00012023A439F7852BA12043F023A43DB7899
:10BCD0006F461A430B195B697F58401C7B405A40E2
:10BCE00004AB5A500428E6DB74E0009A8723D00F97
:10BCF0005843019B5200DB0F1A430092019A029BAA
:10BD00005200DB0F1A430192029ACB0F52001A43E2
:10BD100002924A00424003920C9A0020531BDA1709
:10BD20009C46920F62449210964616E081004A1992
:10BD300093195A781F7812023A439F7852BA120424
:10BD40003F023A43DB786F461A430B195B697F5811
:10BD50007B405A4004AB5A50401C8645E6DC8100CB
:10BD60000A196B4652695B5867465A4004AB5A50F1
:10BD70007F1A00224B19BC469E460BE073469B1867
:10BD8000F35CD7001825ED1BAB4004AD6F587B402A
:10BD90006B50521C9445F1DC002A09D0D6001822C1
:10BDA00004AB961B5D588022B24055405D5005E0C3
:10BDB00004AA53580125ED076B40535004AB6A4663
:10BDC00005E081000D196D69565875405D50401CA5
:10BDD0000428F6DBA26818460899E2F713FB2079DD
:10BDE0000421084320710020DCE600001D0C000047
:10BDF000F8B516460F46040009D0002E07D0254698
:10BE00008035E86D401E102804D31348F8BD61202A
:10BE10004001F8BD2079400604D400221146204696
:10BE2000FFF7B2FE2079022108432071002018217B
:10BE30000CE0C217920F1218920892001219830791
:10BE40005269DB0ECB1ADA403A54401CEA6D82424A
:10BE5000EFDC00203260F8BD1F0C000010B50400BC
:10BE600007D002230022A16800F01AF8010003D0D5
:10BE70000CE06120400110BD00201022226102462A
:10BE800083001B19401C5A610428F9DB606A1028E2
:10BE900001D0024810BD084610BD00001D0C000076
:10BEA000F0B5002807D0002905D05B079C0F002AB9
:10BEB00004D1012C02D061204001F0BD436A102B57
:10BEC00003D0182B01D0202B05D1012C05D00569FA
:10BED0006D1E102D01D31A48F0BD102B02D018484A
:10BEE000801EF0BDC2600379F9252B400371012C3F
:10BEF00020D000231C469D002D185B1C6C61042B78
:10BF0000F9DB002313E0DC17A40FE418A408A40055
:10BF100025182E461436B4461C1BD65CE4001827A0
:10BF20006D693C1BA640354366465B1C3560046961
:10BF30009C42E8DC0279D20700D181600020F0BD8C
:04BF40001F0C0000D2
:04BF4400F8B5C04646
:04BF4800F8B5C04642
:10BF4C005465726D696E616C00000000284E554C92
:10BF5C004C2900000D0A3D3D3D3D3D3D3D3D3D3DE7
:10BF6C003D3D3D3D3D3D3D3D3D3D3D3D3D3D3D0D25
:10BF7C000A000000416C657274537461747573200F
:10BF8C0070726F706572746965733A202030782511
:10BF9C003032580D0A00000054696C7444617461AD
:10BFAC002070726F706572746965733A20203078F6
:10BFBC00253032580D0A0000526177494D552070DA
:10BFCC00726F706572746965733A20203078253011
:10BFDC0032580D0A00000000416C65727453746194
:10BFEC007475732064657363725F636F756E743AF6
:10BFFC002025640D0A00000054696C74446174615E
:10C00C002064657363725F636F756E743A20256488
:10C01C000D0A0000526177494D55206465736372B7
:10C02C005F636F756E743A2025640D0A0000000082
:10C03C003D3D3D3D3D3D3D3D3D3D3D3D3D3D3D3D24
:10C04C003D3D3D3D3D3D3D3D3D3D3D3D3D0D0A0DA7
:10C05C000A0000000D0A2D2D2D2047415454204874
:10C06C00414E444C45204445425547202D2D2D0D25
:10C07C000A000000536572766963652048616E643E
:10C08C006C653A203078253034580D0A00000000D9
:10C09C00416C657274205374617475733A0D0A00A7
:10C0AC0020204465636C3A20203078253034580DBC
:10C0BC000A000000202056616C75653A2030782506
:10C0CC003034580D0A0000002020434343443A20EA
:10C0DC00203078253034580D0A00000054696C74F7
:10C0EC0020446174613A0D0A00000000526177200F
:10C0FC00494D552053616D706C653A0D0A00000076
:10C10C00FB349B5F800000800010000002FF0000E9
:10C11C0010000000FB349B5F8000008000100000CA
:10C12C0003FF000010000000FB349B5F80000080C8
:10C13C000010000004FF000010000000FB349B5FA7
:10C14C00800000800010000001FF000010000000C3
:10C15C0048616E646C653A203078253034580D0A8D
:10C16C0000000000454E41424C45440044495341B7
:10C17C00424C4544000000003E3E3E20416C65723E
:10C18C0074537461747573204E6F7469666963615E
:10C19C0074696F6E732025730A0A00003E3E3E20C0
:10C1AC0054696C7444617461204E6F746966696380
:10C1BC006174696F6E732025730A0A003E3E3E203F
:10C1CC00526177494D55204E6F746966696361748D
:10C1DC00696F6E732025730A0A0000003E3E3E20F4
:10C1EC004E4F204D61746368202D20556E6B6E6F21
:10C1FC00776E2048616E646C6521200A0A0000008D
:10C20C00424F4F540A00000053656E736F72204901
:10C21C006E6974204572726F720A000053656E73FA
:10C22C006F7220496E697469616C697A65640A0081
:10C23C0043616C6962726174696E672062617365D7
:10C24C006C696E652E2E2E20283330207365636F3B
:10C25C006E6473290A00000048616E646C6520707E
:10C26C006F737369626C79206E6F742076616C6980
:10C27C006420616E796D6F7265210D004572726F6D
:10C28C007220696E20424C455F535441434B5F49C9
:10C29C006E69742829203078253032780D0A000018
:10C2AC006863695F6C655F7365745F64656661750F
:10C2BC006C745F706879206661696C65643A2030D3
:10C2CC0078253032580A000020204661696C202005
:10C2DC00203A206163695F68616C5F77726974658D
:10C2EC005F636F6E6669675F6461746120636F6D15
:10C2FC006D616E64202D20434F4E4649475F44418B
:10C30C0054415F505542414444525F4F4646534559
:10C31C00542C20726573756C743A20307825303249
:10C32C00580A00002020537563636573733A2061CB
:10C33C0063695F68616C5F77726974655F636F6E68
:10C34C006669675F6461746120636F6D6D616E64B3
:10C35C00202D20434F4E4649475F444154415F5086
:10C36C005542414444525F4F46465345540A0000DF
:10C37C0020204661696C2020203A206163695F6847
:10C38C00616C5F7365745F74785F706F7765725FF3
:10C39C006C6576656C20636F6D6D616E642C2072BC
:10C3AC006573756C743A203078253032580A000069
:10C3BC002020537563636573733A206163695F680A
:10C3CC00616C5F7365745F74785F706F7765725FB3
:10C3DC006C6576656C20636F6D6D616E640A000030
:10C3EC0020204661696C2020203A206163695F67D8
:10C3FC006174745F7372765F70726F66696C655F7F
:10C40C00696E697420636F6D6D616E642C2072654A
:10C41C0073756C743A203078253032580A0000005D
:10C42C002020537563636573733A206163695F679A
:10C43C006174745F7372765F70726F66696C655F3E
:10C44C00696E697420636F6D6D616E640A00000023
:10C45C0020204661696C2020203A206163695F6767
:10C46C0061705F696E697420636F6D6D616E642CB1
:10C47C0020726573756C743A203078253032580A06
:10C48C00000000002020537563636573733A2061CC
:10C49C0063695F6761705F696E697420636F6D6D4E
:10C4AC00616E640A0000000020205075626C6963A4
:10C4BC0020426C7565746F6F74682041646472659A
:10C4CC0073733A20253032783A253032783A253059
:10C4DC0032783A253032783A253032783A25303273
:10C4EC00780A000020204661696C2020203A204701
:10C4FC0061705F70726F66696C655F7365745F64A1
:10C50C0065765F6E616D65202D2044657669636587
:10C51C00204E616D652C20726573756C743A2030F9
:10C52C0078253032580A00002020537563636573F8
:10C53C00733A204761705F70726F66696C655F73E8
:10C54C0065745F6465765F6E616D65202D20446552
:10C55C0076696365204E616D650A00002020466196
:10C56C00696C2020203A204761705F70726F666999
:10C57C006C655F7365745F617070656172616E6329
:10C58C0065202D20417070656172616E63652C2091
:10C59C00726573756C743A203078253032580A0005
:10C5AC002020537563636573733A204761705F7025
:10C5BC00726F66696C655F7365745F6170706561DD
:10C5CC0072616E6365202D20417070656172616EC1
:10C5DC0063650A0020204661696C2020203A2061A6
:10C5EC0063695F6761705F7365745F696F5F6361D7
:10C5FC00706162696C69747920636F6D6D616E64D2
:10C60C002C20726573756C743A2030782530325852
:10C61C000A0000002020537563636573733A206130
:10C62C0063695F6761705F7365745F696F5F636196
:10C63C00706162696C69747920636F6D6D616E6491
:10C64C000A00000020204661696C2020203A2061FD
:10C65C0063695F6761705F7365745F73656375723F
:10C66C006974795F726571756972656D656E7473E5
:10C67C0020636F6D6D616E642C20726573756C74C4
:10C68C003A203078253032580A00000020205375AB
:10C69C0063636573733A206163695F6761705F738D
:10C6AC0065745F73656375726974795F72657175B2
:10C6BC006972656D656E747320636F6D6D616E6408
:10C6CC000A00000020204661696C2020203A20617D
:10C6DC0063695F6761705F636F6E666967757265CA
:10C6EC005F66696C7465725F6163636570745F61CA
:10C6FC006E645F7265736F6C76696E675F6C69737D
:10C70C007420636F6D6D616E642C20726573756C33
:10C71C00743A203078253032580A000020205375A6
:10C72C0063636573733A206163695F6761705F630C
:10C73C006F6E6669677572655F66696C7465725F4A
:10C74C006163636570745F616E645F7265736F6C57
:10C75C0076696E675F6C69737420636F6D6D616E63
:10C76C00640A00003D3D3E3E20456E6420424C452F
:10C77C005F496E69742066756E6374696F6E0A002A
:10C78C00FC300020722300000700010200001E0094
:10C79C00F7000000A00F0000640002100802010363
:10C7AC00170001000001010101010100000100035B
:10C7BC00000400004552524F523A204C616E647393
:10C7CC006C696465207365727669636520696E694E
:10C7DC0074206661696C65643A2030782530325873
:10C7EC000A0000003E3E3D3D204843495F4449530A
:10C7FC00434F4E4E454354494F4E5F434F4D504C63
:10C80C004554455F4556545F434F44450A0000006C
:10C81C0020202020202D20436F6E6E656374696F7D
:10C82C006E2048616E646C653A202020307825308B
:10C83C0032580A20202020202D20526561736F6E03
:10C84C003A202020203078253032580A0000000091
:10C85C00436C69656E7420446973636F6E6E6563B7
:10C86C007465640A0A0000003E3E3D3D2048434981
:10C87C005F4C455F434F4E4E454354494F4E5F55B9
:10C88C0050444154455F434F4D504C4554455F53C4
:10C89C0055424556545F434F44450A002020202002
:10C8AC00202D20436F6E6E656374696F6E20496E28
:10C8BC0074657276616C3A20202025642E25303206
:10C8CC0064206D730A20202020202D20436F6E6E73
:10C8DC00656374696F6E206C6174656E63793A2060
:10C8EC0020202025640A20202020202D2053757024
:10C8FC006572766973696F6E2054696D656F7574B6
:10C90C003A2020202564206D730A000050485920DD
:10C91C007570646174653A207374617475733D301D
:10C92C0078253032582054583D25642052583D25E6
:10C93C00642028333D436F646564290A00000000BD
:10C94C003E3E3D3D204143495F4741505F50524F71
:10C95C00435F434F4D504C4554455F5653455654D9
:10C96C005F434F44450A00003E3E3D3D2041434954
:10C97C005F4741505F4B455950524553535F4E4FA3
:10C98C0054494649434154494F4E5F5653455654BA
:10C99C005F434F44450A00003E3E3D3D2041434924
:10C9AC005F4741505F504153534B45595F5245517E
:10C9BC005F56534556545F434F44450A00000000F0
:10C9CC003D3D3E3E206163695F6761705F706173DE
:10C9DC00736B65795F72657370203A204661696C80
:10C9EC002C20726561736F6E3A2030782530325886
:10C9FC000A0000003D3D3E3E206163695F67617047
:10CA0C005F706173736B65795F72657370203A2028
:10CA1C00537563636573730A000000003E3E3D3D31
:10CA2C00204143495F4741505F50414952494E476D
:10CA3C005F434F4D504C4554455F56534556545FDC
:10CA4C00434F44450A00000020202020202D205078
:10CA5C00616972696E67204B4F0A20202020202DBF
:10CA6C00205374617475733A203078253032580A2B
:10CA7C0020202020202D20526561736F6E3A2030CB
:10CA8C0078253032580A000020202020202D2050FC
:10CA9C00616972696E6720537563636573730A000D
:10CAAC000A0000003E3E3D3D204143495F47415452
:10CABC00545F5352565F524541445F56534556544A
:10CACC005F434F44450A000048616E646C6520303A
:10CADC0078253034580A00003E3E3D3D2041434904
:10CAEC005F474154545F5352565F4154545249422C
:10CAFC005554455F4D4F4449464945445F5653454F
:10CB0C0056545F434F44450A000000003D3D3E3EF5
:10CB1C0020636F6E6E656374696F6E5F636F6D70AB
:10CB2C006C6574655F6576656E74204661696C2C06
:10CB3C00205374617475733A203078253032580A5A
:10CB4C00000000003E3E3D3D206863695F6C655F00
:10CB5C00636F6E6E656374696F6E5F636F6D706C1F
:10CB6C006574655F6576656E74202D20436F6E6EFF
:10CB7C00656374696F6E2068616E646C653A203011
:10CB8C0078253034580A000020202020202D204306
:10CB9C006F6E6E656374696F6E2065737461626C21
:10CBAC006973686564207769746820403A2530326F
:10CBBC00783A253032783A253032783A2530327846
:10CBCC003A253032783A253032780A00202020205D
:10CBDC00202D20436F6E6E656374696F6E20496EF5
:10CBEC0074657276616C3A20202025642E253032D3
:10CBFC0064206D730A20202020202D20436F6E6E40
:10CC0C00656374696F6E206C6174656E63793A202C
:10CC1C0020202025640A20202020202D20537570F0
:10CC2C006572766973696F6E2054696D656F757482
:10CC3C003A202564206D730A000000006863695F68
:10CC4C006C655F7365745F706879206661696C658B
:10CC5C00643A203078253032580A00003D3D3E3E83
:10CC6C00206863695F6C655F7365745F70687920B9
:10CC7C00436F64656420533D38207265717565732C
:10CC8C007465640A000000006863695F6C655F721C
:10CC9C006561645F706879206661696C7572653A6C
:10CCAC0020726561736F6E3D3078253032580A0002
:10CCBC003D3D3E3E206863695F6C655F72656164F3
:10CCCC005F706879202D20537563636573730A0058
:10CCDC003D3D3E3E2050485920506172616D2020F0
:10CCEC0054583D2025642C2052583D2025640A00C0
:10CCFC003D3D3E3E206863695F6C655F7365745FA4
:10CD0C007068792050485920506172616D20205410
:10CD1C00583D2025642C2052583D202564202D2080
:10CD2C00000000004661696C0A00000053756363E3
:10CD3C006573730A000000006163695F6761705F6F
:10CD4C007465726D696E617465206661696C75726B
:10CD5C00653A20726561736F6E3D307825303258BC
:10CD6C000A0000003D3D3E3E206163695F676170D3
:10CD7C005F7465726D696E617465203A20537563DA
:10CD8C00636573730A0000006163695F67617474A3
:10CD9C005F636C745F65786368616E67655F636F12
:10CDAC006E666967206661696C7572653A2072659A
:10CDBC0061736F6E3D3078253032580A00000000E8
:10CDCC003D3D3E3E206163695F676174745F636CD7
:10CDDC00745F65786368616E67655F636F6E6669C3
:10CDEC0067203A20537563636573730A0000000073
:10CDFC003D3D3E3E206163695F6761705F736574A2
:10CE0C005F6164766572746973696E675F636F6E78
:10CE1C0066696775726174696F6E202D2066616931
:10CE2C006C2C20726573756C743A20307825303216
:10CE3C00580A00003D3D3E3E205375636365737395
:10CE4C003A206163695F6761705F7365745F6164E9
:10CE5C00766572746973696E675F636F6E66696716
:10CE6C0075726174696F6E0A000000003D3D3E3EB4
:10CE7C00206163695F6761705F7365745F6164767D
:10CE8C006572746973696E675F6461746120466171
:10CE9C00696C65642C20726573756C743A203078FB
:10CEAC00253032580A0000003D3D3E3E205375634C
:10CEBC00636573733A206163695F6761705F736563
:10CECC00745F6164766572746973696E675F6461BF
:10CEDC0074610A003D3D3E3E206163695F6761708D
:10CEEC005F7365745F6164766572746973696E678C
:10CEFC005F656E61626C65204661696C65642C20AF
:10CF0C00726573756C743A203078253032580A008B
:10CF1C003D3D3E3E20537563636573733A206163F8
:10CF2C00695F6761705F7365745F61647665727465
:10CF3C006973696E675F656E61626C650A000000FB
:10CF4C0044697361626C652061647665727469739F
:10CF5C00696E67202D206661696C2C207265737573
:10CF6C006C743A203078253032580A003D3D3E3EF4
:10CF7C002044697361626C652061647665727469C2
:10CF8C0073696E67202D20537563636573730A0094
:10CF9C006163695F6C326361705F636F6E6E656352
:10CFAC0074696F6E5F706172616D657465725F75C7
:10CFBC0070646174655F726571202D206661696CA7
:10CFCC002C20726573756C743A2030782530325889
:10CFDC000A0000003D3D3E3E206163695F6C326398
:10CFEC0061705F636F6E6E656374696F6E5F7061A5
:10CFFC0072616D657465725F7570646174655F7282
:10D00C006571202D20537563636573730A000000EE
:10D01C005B43616C6962726174696E675D20256443
:10D02C0025250A0043616C6962726174696F6E2018
:10D03C00636F6D706C6574652E20426173656C69ED
:10D04C006E65203D2025642E253032642064656792
:10D05C000A0000005B54696C745D20737461746524
:10D06C003D256420206465763D25642E2530326490
:10D07C0020646567202076656C3D25642E25303252
:10D08C0064206465672F6D696E0A00005B42726FE5
:10D09C006164636173745D206C6576656C3D2564B9
:10D0AC0020206465763D25642E253032642064652D
:10D0BC00670A00005B54696C745D20435249544903
:10D0CC0043414C2074696D656F7574202D20726519
:10D0DC0073657474696E670A000000005B54696CB8
:10D0EC00745D205741524E494E472074696D656FEF
:10D0FC007574202D20726563616C6962726174694C
:10D10C006E670A006163695F6761705F7365745F66
:10D11C006164766572746973696E675F646174616A
:10D12C00206661696C65643A203078253032580A83
:10D13C00000000003E0E04106A0D0410540D041083
:10D14C00D00D0410540D0410040E0410540D0410D2
:10D15C00D00D04106A0D04106A0D0410040E041096
:10D16C00D00D0410400D0410400D0410400D04109F
:10D17C000E0E04106A0D04106A0D0410540D0410E8
:10D18C00AA0E0410540D0410040E0410540D0410B7
:10D19C00AA0E04106A0D04106A0D0410040E04107B
:10D1AC00AA0E0410400D0410400D0410400D041084
:10D1BC00000000000000545452205245474745538C
:10D1CC0000000000583304103C3404103C340410AC
:10D1DC003C3404103C3404103C3404103C34041033
:10D1EC003C3404103C3404103C3404103C34041023
:10D1FC00CE320410FC3204103C3404103C340410C5
:10D20C003C3404103C3404103C3404103C34041002
:10D21C003C3404103C3404103C3404103C340410F2
:10D22C003C340410023404103C3404103C3404101C
:10D23C00863304103C3404102A3304103C3404109C
:10D24C003C34041058330410303132333435363713
:10D25C0038394142434445460100000001000000BA
:10D26C0050130020010000000100000054130020A6
:10D27C000100000001000000581300200100020012
:10D28C000400060008000A000C00100020004000FA
:10D29C0080000001010101030701000008040204E1
:10D2AC000801010191F00410A3F0041031EF0410F7
:10D2BC0001F004105DED04103DEE041000F00710B9
:10D2CC0000080000AA02000000F80710F80701008F
:10D2DC000000000053544D33325742300000000020
:10D2EC0002000000441A00200000000008000000AA
:10D2FC00442F002000000000010000004C2F0020F3
:10D30C000000FFFF00000000040000000CD306101A
:10D31C000000000002000000481A0020010000007C
:10D32C00000000000100000028D3061001000000DE
:10D33C00010000004C1A002020000000FB349B5F11
:10D34C008000008000100000052A00001000000082
:10D35C00010000002C30002010D306100A00000041
:10D36C00FB349B5F8000008000100000292B000024
:10D37C001000000000000000000000001CD306108C
:10D38C0002000000FB349B5F800000800010000056
:10D39C002A2B00001000000000000000000000001C
:10D3AC000000000002000000FB349B5F8000008046
:10D3BC00001000003A2B00001000000000000000DC
:10D3CC00000000002CD30610C00E0510E40E051052
:10D3DC009C0E05100A0F0510300F0510CAEBECED72
:10D3EC00EFF0F1F2F3F4F5F6F7F8F9FAFAFCFDFDCB
:10D3FC00FEFEFFFF0000010203040506CAEDEEEF7E
:10D40C00F0F1F2F3F4F5F6F7F8F9FAFBFCFDFDFE9A
:10D41C00FF000102030808080808080853544D339C
:10D42C0032574230202A0510122A0510322A0510D4
:10D43C00982A0510382A0510502A05100952051093
:10D44C0035520510C5520510FD5205100403020299
:10D45C000101010100000000000000008DDB041040
:10D46C00ADDB041013E405101BE4051017E40510E4
:10D47C001BDC04103BDC04105BDC04107BDC0410B4
:10D48C0025700510BBDC0410DBDC0410FBDC041085
:10D49C009BDC0410297005102D70051031700510DF
:10D4AC001BDD041031750510158F0510B18F05109B
:10D4BC00AB900510A3910510B5930510B59305100D
:10D4CC00CB940510A3910510A5960510A5960510F3
:10D4DC00A59605108597051041980510879805109D
:10D4EC00CB9405108300850007000700830085009E
:10D4FC0005000700030003000F00050082008100F7
:10D50C0005000300FFFFFFFFFFFFFFFFFFFFFFFF13
:10D51C00FFFF010000000000FFFF01000000FFFF03
:10D52C00FB349B5F8000008000100000052A000087
:10D53C0010000000FB349B5F800000800010000096
:10D54C00292B000010000000020000000300000066
:10D55C0003000000060000000300000003000000B0
:10D56C003C0000007000000070000000D0030000C0
:10D57C0070000000C3010000000C0002080004024F
:10D58C0000011703010D030101000101001302004A
:10D59C000309000309000101000101000506001246
:10D5AC0002000309011418001418001203000801EA
:10D5BC00010801000609010609010703020703001F
:10D5CC000705001403000A02020A010009230011D6
:10D5DC0002011102010E24020E09020E10000F04AA
:10D5EC00000B04020B05000B0500100B02100B00C6
:10D5FC000C04010D0B00092B0000F401FA0096003D
:10D60C0064004B0032001E0014000000396C051041
:10D61C005DB605101785061067B6051065B60510C2
:10D62C00A1DA04106FDB0410B1E00410CFE0041099
:10D63C00EDE004100BE1041029E10410117E06103A
:10D64C00C9A6061059E0041077E00410DBE40510BD
:10D65C009DE90510CDDB041085DE041019DE0410E5
:10D66C0037DE0410FB349B5F80000080001000004C
:10D67C000101020102010002010002020201020189
:10D68C00010101010200020100232D302B20006852
:10D69C006C4C006566674546470030313233343593
:10D6AC003637383941424344454600303132333401
:10D6BC003536373839616263646566006042A20DA5
:04D6CC000000803F9B
:08D6D0005C30FD7F0100000049
:10D6D800FFFF00000100010001000000A712002068
:10D6E8000100020002000000A812002001000E0044
:10D6F8000E000000AC12002003070000FB349B5F03
:10D7080080000080001000000229000010000000C6
:10D7180064D2061003070000FB349B5F8000008082
:10D7280000100000022900001000000070D206104E
:10D7380003070000FB349B5F80000080001000009E
:10D7480002290000100000007CD206100024F4001A
:10D7580004000000010000000200000003000000B7
:10D7680032000000101A0020FFFFFFFF0000FFFF3B
:10D778000100000002070000FB349B5F800000806E
:10D7880000100000002A0000100000000000000047
:10D7980000000000382F002002070000FB349B5FC8
:10D7A8008000008000100000012A00001000000026
:10D7B8000000000000000000E8D206100207000088
:10D7C800FB349B5F8000008000100000042A0000EA
:10D7D800100000000000000000000000F4D2061055
:10D7E80002070000FB349B5F8000008000100000EF
:10D7F800A62A000010000000000000000000000041
:10D8080000D3061022070900FB349B5F80000080CC
:10D8180000100000882B000010000000000000002D
:10D828000000000000000000FB349B5F80000080C7
:10D8380000100000001800001000000001000000A7
:10D84800000000000000000002000000502F00202F
:10D8580003070000FB349B5F80000080001000007D
:10D86800022900001000000038D30610FB349B5F2B
:10D878008000008000100000011800001000000067
:10D88800010000000000000000000000000000008F
:10D89800000000000201060E094C414E44534C4959
:10D8A80044455F455753030301FF06FFFFFF000090
:10D8B80000000000FFFFFFFFFFFFFFFF8779061052
:10D8C800D18406100000000003000000602D002035
:10D8D800B030002000000000602D0020C82D00207E
:10D8E800302E0020000000000000000000000000B2
:10D8F8000000000000000000000000000000000020
:10D90800000000000000000000000000000000000F
:10D9180000000000000000000000000000000000FF
:0400000510045C7512
:00000001FF
