:020000041004E6
:1000000000000120B5390410913404109934041013
:1000100000000000000000000000000000000000E0
:10002000000000000000000000000000A1340410E7
:100030000000000000000000AB340410B5340410D0
:10004000193A0410193A0410193A0410193A041014
:10005000193A0410193A0410193A0410193A041004
:10006000C5340410193A0410193A0410193A04104E
:10007000193A0410DD34041000000000193A04108D
:10008000F5340410193A04103B3504100000000048
:100090002D35041000000000000000001135041090
:1000A0001F35041049350410000000000000000056
:1000B0000000000000000000000000000000000040
:1000C00010B5904216D98AB2030C090C0C4659435C
:1000D00080B25343444350431B191A041B0C10189D
:1000E000594180225203002312184B41520DD8026D
:1000F000104310BD4843802252031218520D10467F
:1001000010BDC0468B0707D0013A22D30B780131CE
:10011000037001308B07F7D1830730D0DB4219D051
:100120000138043A08D308C943701B0A43801B0CEA
:1001300003710430043AF6D2D20707D30B88437018
:1001400001D08A78C2701B0A8370704701D00B7887
:1001500043707047043A06D308C903801B0C4380E0
:100160000430043AF8D2D20705D30B88038005D0B7
:100170008B788370704701D00B780370704770B430
:10018000103A03D378C978C0103AFBD2530701D391
:1001900018C918C001D508C908C0D20704D30B88F4
:1001A000038002300231002A01D50B78037070BC45
:1001B0007047C046EFF31482EFF30981154880F3CE
:1001C0001488BFF36F8FF0B543464C4655465E46E4
:1001D0006746F8B4104CEFF30883636006B4BFF3CE
:1001E0004F8F30BFC046C0460B4C646884F308880C
:1001F00082B003BCF8BC9846A146AA46B346BC46AA
:10020000F0BC04BC80F3098881F31488BFF36F8FBE
:100210001047C046000000000400002003B47146EF
:10022000490840004900095E49008E4403BC7047FC
:10023000002243088B4274D303098B425FD3030A25
:100240008B4244D3030B8B4228D3030C8B420DD338
:10025000FF22090212BA030C8B4202D312120902C6
:1002600065D0030B8B4219D300E0090AC30B8B4204
:1002700001D3CB03C01A5241830B8B4201D38B03B2
:10028000C01A5241430B8B4201D34B03C01A524157
:10029000030B8B4201D30B03C01A5241C30A8B429A
:1002A00001D3CB02C01A5241830A8B4201D38B0285
:1002B000C01A5241430A8B4201D34B02C01A524129
:1002C000030A8B4201D30B02C01A5241CDD2C3099B
:1002D0008B4201D3CB01C01A524183098B4201D317
:1002E0008B01C01A524143098B4201D34B01C01A02
:1002F000524103098B4201D30B01C01A5241C3087A
:100300008B4201D3CB00C01A524183088B4201D3E8
:100310008B00C01A524143088B4201D34B00C01AD4
:100320005241411A00D20146524110467047FFE740
:1003300001B5002000F006F802BDC0460029F7D044
:1003400076E770477047C0469140030090409C4656
:10035000203A9340194352426346D34019437047B1
:100360008446100062468C461900634600E0C04691
:100370001FB500F033F9002801D40021C8421FBD89
:1003800010B500F077F84042013010BD10B500F014
:1003900025F9002801DB002010BD012010BDC0465A
:1003A00010B500F01BF9002801DD002010BD012070
:1003B00010BDC04610B500F0A1F8002801DC0020F7
:1003C00010BD012010BDC04610B500F097F8002800
:1003D00001DA002010BD012010BDC0461C21012300
:1003E0001B04984201D3000C10391B0A984201D318
:1003F000000A08391B09984201D30009043902A2F6
:10040000105C40187047C04604030202010101015C
:100410000000000000000000F0B5CE469946030C35
:100420009C46130447461B0C1D000E006146040445
:10043000240C80B50700100C4B43654341436043D7
:100440002C0CC01824188C46A34203D980235B02CD
:100450009846C444494679435643230C2D042D0C39
:100460008919634424046019C918C0BCB946B04650
:10047000F0BDC046F0B55746DE464E464546E0B5AF
:100480000D000400E80F83460903D80F090B8246CC
:1004900019488C461F0369005E00490D3F0B760D1D
:1004A000814218D086420FD00120B1420DD1BC4507
:1004B0000BD1944209D1D3451CD0002905D1604607
:1004C0002043431E984100E00120F0BCBB46B246E9
:1004D000A946A046F0BD01208E42F6D161463943BF
:1004E0000F0017432743F0D15B465246981A431E2C
:1004F0009841EAE70020E8E7FF070000F0B557461B
:100500004E464546DE46E0B50D000E034900490D56
:100510008A46DF0FE90FBC4683B02F4F04008046A8
:100520000191580019039146360B090B400DBA454D
:100530001DD0B8420DD05746002F2AD13443002891
:1005400024D10A4336D0002C41D1634658000138EB
:1005500015E0114338D15346002B01D12643F4D086
:10056000019B634507D1019B5800013807E02643F2
:100570002AD1504521D00120019B5F42384303B06E
:10058000F0BCBB46B246A946A046F0BD002CDCD06C
:10059000E6E70028EFD0019B6345ECD18245EADC19
:1005A000E1DB8E42E7D8DED1C845E4D80020C8455B
:1005B000E5D2D8E7002CE2D0DDE7114304D1019B5E
:1005C0006345D8D10020DAE702204042D7E7019BFB
:1005D0006345E6D0CFE7C046FF070000F0B55746B9
:1005E0004E464546DE46E0B50D000E034900490D76
:1005F0008A46DF0FE90FBC4683B02E4F04008046C9
:100600000191580019039146360B090B400DBA456C
:100610001ED0B8420DD05746002F27D134430028B2
:1006200033D10A4334D0002C40D1634658000138FE
:1006300015E0114312D15346002B01D12643F4D0CB
:10064000019B63451DD00120019B5F42384306E0BA
:10065000264303D15045F6D111431CD0022003B0EC
:10066000F0BCBB46B246A946A046F0BD0028EAD081
:10067000019B6345E7D18245E5DC02DB8E42E2D88F
:100680000ED0019B58000138E9E7002CCDD0D7E708
:10069000002CE4D0D7E7019B00206345DFD0D2E7F0
:1006A000C845D0D80020C845D9D2EAE7019B6345A8
:1006B000E4D0C8E7FF070000F0B557464E46DE46D7
:1006C0004546E0B51F000B031B0B16009A46CA0FE8
:1006D0004B000400914685B05B0D00D1CFE1CD4ABF
:1006E000934255D05146420FC9000A438021090464
:1006F0001143C2009046C84A8A4693469B44002351
:10070000002502933C037B00FA0F0196240B5B0D3E
:10071000009200D188E1BF4A934200D192E0BE4AE4
:10072000944663449B440A2D42DCE400730F234348
:100730008024494624041C43F3000193009B0020BD
:100740005940CBB20393022D00DC94E00123AB406F
:100750001D00A6232A00DB001A401D4200D029E21A
:1007600090239B001D4200D14DE200238024994636
:100770002403A84B10004A461B052343D20713430A
:10078000190005B0F0BCBB46B246A946A046F0BD74
:1007900052460243904600D0ACE19B46022392466B
:1007A00008250293AEE7009BA2469946019B984616
:1007B000029B022B00D1CAE1032B00D192E1012B55
:1007C00010D1002300240022D4E701227B083A4004
:1007D00013435246D2071343984653465B089A4642
:1007E000039B99465B46581C8023DB005B44002B2F
:1007F00000DCB1E1424652070BD00F2241460A40CD
:10080000042A06D04246111D414592418846524273
:1008100092445246D20106D55246804B1A4080235C
:100820009246DB00C3187E4A934200DD8FE14246C8
:10083000D108524652070A4351465B054C02240B2D
:100840005B0D97E7734B26439C46E344002E00D193
:100850006FE1032349461D43009B5940CBB20393EC
:100860000A2D00DD33E10123AB401D000323029379
:1008700088222A4297D1424643461204120C16009F
:1008800001981D0C030C0004000C4643B4461E00E6
:100890006E430096160007005E436146B0466F4304
:1008A0000E0CB8444644B74205D980214902884617
:1008B000009F4744009761460904090C370C360431
:1008C0008C463100614401911100260C2404240C53
:1008D00061438C462100694389466146090C88467C
:1008E00072434A4442447543914503D980214902E9
:1008F00088464544110C884661460904090C8C461B
:1009000012046244B91802915146090C8C465146B2
:100910000F043F0C3900414345448846614641433A
:100920008A4641466046090C894658437B435344F6
:100930004B449A4503D98021490289464844190C01
:10094000894641460904090C8846390061431B0465
:100950004344884661464C4371438C464146774345
:100960000E0C3F19F6194844B44203D980214902BC
:100970008946CC440299009F894631044F448946F8
:100980004146974292410C04240C4C44FF185242B9
:100990006419A1189F429B41884682465B42994652
:1009A00090459241AC42A441C244D1445242644277
:1009B000144399459B41824592415B425242134305
:1009C0004A46360CA419E31863445B02D20D1A435D
:1009D000019992467A020A43501E8241FF0D174345
:1009E0004A4652021743B846DB0100D5EDE60D4BEF
:1009F000039A5B449146002B00DCACE03A005207BE
:100A000000D110E70F2258463A40042A00D0F9E6F8
:100A100009E7C046FF07000001FCFFFFFFFFFFFEE4
:100A2000FE070000FF030000220032436FD0002CBD
:100A300000D1C2E02000FFF7D1FC020003000B3A16
:100A40001D20821A30001900D04008398C40020065
:100A5000224334008C405946CB1A86498B469B442E
:100A60000A2D00DDA4E64946009B01945940CBB213
:100A7000140000200393022D00DD67E6FBE65346D9
:100A8000034398463CD05346002B00D1A3E0504688
:100A9000FFF7A4FC0B235B429C4602008444110038
:100AA0005046083988401D23804660461B1A2000A6
:100AB000D8400300404603439A4623008B409846A3
:100AC0006C4B00259B1A9B46002302931AE60F2DC0
:100AD00000D0C9E0802352461B031A4202D01C42B8
:100AE00000D192E08024534624031C432403424651
:100AF000240B3EE69B46032380460C25029301E629
:100B000000239A469B46013304250293FAE501210E
:100B10000D430A2D00DD4BE6494600984140C9B21D
:100B20000391022D00DC96E00023002401200193B4
:100B30000CE649460223009A2B435140CAB2039265
:100B40000A2B00DD34E6002D57D1039B9946002483
:100B50000022494B0EE658460121C91A382900DD0A
:100B60002FE61F2956DD1F2254465242D31ADC407D
:100B7000202907D0414B42469C465346604483405F
:100B80001A43904642460721531E9A410B002243C6
:100B900013400024114209D00F231340042B5DD0D1
:100BA000111D91429B410A005B425B07D2081A4328
:100BB0000023DFE5039B9946FAE50198FFF70EFC59
:100BC00002000300153220331C2A00DC38E7019AAA
:100BD000083882403FE7FFF701FC15239C46844418
:100BE0000200634620321C2B00DC58E700239846A5
:100BF0002300083883409A4662E71D000023002442
:100C000002200193A2E5029032E61C43009B019A68
:100C10009946AEE51A4B5246C31840469A40C84022
:100C20000243404698400300581E834154461A43ED
:100C3000CC40530709D00F231340042B05D0131DBC
:100C4000934292415242A4181A00230208D501236C
:100C5000002400228EE5894600248BE50023A5E7C9
:100C600063076402240BA1E7009BA2469946019BFF
:100C7000984637E70DFCFFFFFF0700003E04000029
:100C80001E040000F0B557464E464546DE46E0B528
:100C900083B0009001910C034D00CE0F610A009CBF
:100CA0005F00640F0C43009900920193C800190380
:100CB0007B0D9946019BCC4FDB0F9C464B0A00995C
:100CC0008046490F1943009B8B46DA0092466D0D12
:100CD000B94500D1BFE00123614659404B468C46DF
:100CE000EB1A8E4275D0002B00DCA3E249460029A6
:100CF00000D1CEE0BD4200D100E20127382B19DC43
:100D0000802759463F0439438B461F2B00DDFAE10B
:100D10002027F91A8C4659466746B9400F00110042
:100D2000D9400F4361468A40511E8A415946D940F5
:100D30001743641AC71BB84280414042241A230259
:100D400000D440E16402640A002C00D154E1200088
:100D5000FFF744FB0300083B20213800CA1AD040AB
:100D60009C4002009F4022439D4200DDA6E1581BAB
:100D70000130091A3C008F40C4407B1E9F41130084
:100D80008B4027431F43C2403B0014000025134300
:100D900000D1F7E17B0700D177E30F2338003B4018
:100DA000042B04D0381DB842BF417F42E41923020E
:100DB00000D468E38C4B01359D4200D1F4E08B4BAD
:100DC0006D051C406D0D6707C00864020743240BC6
:100DD000ECE0002B00DC29E34946002900D0D6E0F6
:100DE0005946114300D12EE1591E012B00D1E6E1F5
:100DF000BB4200D182E101270B00382914DC1F2BF4
:100E000000DD3CE22027F91A8C4659466746B94076
:100E10000F001100D9400F4361468A40511E8A419C
:100E20005946D940174364183F18874280414042D1
:100E30002418230200D4C6E06B4B01359D4200D13B
:100E4000B2E00121694B7A081C4039400A43E707A8
:100E5000174364089EE7664B11438A46EB18002946
:100E600028D066452CD0002B5BD0002D00D12CE182
:100E70005B4666465F07D2081743DD083B002B43FD
:100E800000D1E2E0802424032C432403564D240B9C
:100E90008CE05946114300D1D5E0591E012B00D1F9
:100EA000B9E1BB4200D1B1E101270B00382900DDD7
:100EB00040E72AE76146012779408C466645D2D152
:100EC000002B00D1C5E0002D00D055E14B46250098
:100ED000054300D112E2591E8C46012B00D149E294
:100EE000414DAB4200D18FE20127382911DC634626
:100EF0001F2B00DD5BE26146202327005B1A050003
:100F000098409F40CD40431E9841CC402F4307431B
:100F1000A344BF189742924152425A4414004D468E
:100F200087E7344F6B1C3B4200D0B6E059462300A4
:100F300011430F000343002D00D026E1002B00D108
:100F4000C0E1002900D1A1E0831A98465B464045E4
:100F5000AD41E31A6D425B1B80252D042B4200D16D
:100F60004BE15B46101A824292411C1B070001268E
:100F700063465242A41A27431E40002F00D142E18B
:100F80002C4200D16DE2194B01251C401BE7BD42EC
:100F900000D13BE10127382B00DD45E7802759468A
:100FA0003F0439438B462AE7002400272D052543BB
:100FB000F60735433800290003B0F0BCBB46B24603
:100FC000A946A046F0BD7B0704D00F233B40042B6D
:100FD00000D0E7E62B00F808034A67070743E50857
:100FE000934200D14AE7A5E0FF070000FFFF7FFF23
:100FF00001F8FFFFFE0700003800FFF7EFF90300DC
:1010000018331F2B00DCA7E63A00083882409D42C7
:1010100000DD8AE05B1B581C1F2800DCD8E11700AC
:101020001F3BDF40202805D040231B1A9A40531E47
:101030009A4117430025002F00D1E5E07B0700D03F
:10104000ABE62C00C6E7C008C6E700270024D14D58
:10105000ACE7D14F6B1C3B4271D123000343002D01
:1010600000D04EE15746002B00D1B5E1002F0DD046
:101070008318834280415C4440422418220200D5F8
:10108000C8E11F009846274300D1BCE043466707EC
:10109000DB081F43E50800234CE0831A98465B46B3
:1010A0004045BF41E31A7F42DB1B1F027CD4474609
:1010B0001F4300D1A6E01C00474645E6B74CED1A99
:1010C00014407B0700D080E784E74B4625000543AA
:1010D00066D05F1E012B00D1FCE0AE4DAB4200D1CB
:1010E0005EE16646382F00DCB4E00120171ABA42F0
:1010F00092415B4652424D469C1A20E66707C00863
:101100000743E508BAE61F005946203FF9400F00A3
:10111000202B05D04021CB1A594699400A439246CC
:1011200053465A1E93411F4304E6EB1A9B4D15404C
:101130006F07ED082C035D05240B6D0D36E7954D0B
:10114000AB4200D1D6E0821821008242804159444E
:1011500040420818C707520817434408520700D4F2
:1011600085E10F221D003A40042A00D01AE6FF084C
:10117000640727430509DDE75B46D2085F0717438D
:10118000DD087BE60027002410E7002B00D0D6E026
:10119000002900D02FE1802400267E4D240305E79E
:1011A00066465C46D00817E75B46171ABA4292417A
:1011B0001C1B012663465242A41A1E40C4E5831834
:1011C000834280415C44404225182A0200D4DAE080
:1011D000724A5B081540EA071A4369085B0700D4A6
:1011E0004AE10F231340042B00D1FCE0171D974266
:1011F000A441644202256418ECE647461C001F43E4
:1012000000D043E7002600250024CFE6C00867078A
:101210000743E50832E6871A5B46B8428041E41A84
:101220004042241A230228D46307FF081F43E5081D
:1012300001237FE7002B00D173E64B465F1B3B0089
:10124000002D00D142E7382F00DDECE080230E00B6
:101250001B041C431F2F25DC20252300ED1B010050
:10126000A840AB40F940451EA8410B43FC40184341
:101270005B461B1B9B4639E76646012562E51F005E
:101280005946203FF9408C46202B05D0402759462F
:10129000FB1A99400A43924657467B1E9F4163467C
:1012A0001F43C1E53B002500203BDD40202F04D03B
:1012B0004023DB1B9C40204380464046431E984110
:1012C000284313E700299DD0012663465C469046DB
:1012D0001E40DBE6171A5B46BA4292411C1B524283
:1012E000A41A2302C8D46307FF081F4366460123DC
:1012F000E5081FE71D000024002757E65C46D008DC
:101300006AE6002B00D137E75346C008670707435A
:10131000E508002B00D1B1E580231B031D4208D056
:101320005946C808184204D1D20849070A43170091
:1013300005007B0FFF00FF085B071F439EE5C00809
:1013400063071843E508002953D080231B031D427F
:101350000AD05946CC081C4206D101266346250016
:10136000D008490708431E40470FC000C0087F0748
:10137000074383E58318934292415C445242A51887
:101380002A0200D524E76F07DB081F43ED0801237D
:10139000D0E6C046FF070000FE070000FFFF7FFF0A
:1013A0005B46D2085F0766461743DD0866E5250001
:1013B000203BDD406346202B05D0402361465B1A6D
:1013C0009C402043804647467B1E9F412F43A0E51B
:1013D00020210027091AD2E4002F00D113E75C4630
:1013E00017000025F6E5D708490702230F432D090A
:1013F000A0E6070042E55B4601265F07DD0863467D
:10140000D20817431E4039E55B46D2085F071743F1
:10141000DD0833E51E4ADB0822405707520201254A
:101420001F43140BC2E50E0001205FE6002B0DD018
:101430004B465B1B9C46002D00D148E50127382B0D
:1014400000DD66E580231B041C4350E56B1C114D39
:101450002B4200D073E65946230011438A460343CA
:1014600000E66707C00800230743E50862E6640753
:10147000FF08274305095DE6D208490711430F001D
:1014800002232D0956E60700A4E538008FE4C04684
:10149000FFFF7FFFFE0700000B00020070B5164D36
:1014A0000C0382B04900002000920193240B490DE7
:1014B000DE0FA94204DD1148814203DD104BF01814
:1014C00002B070BD8020400320430E4C641A1F2CD4
:1014D00008DD0D4B5B1AD84003005842002EEFD1B7
:1014E0001800EDE7094B009A9C46030061448B40CD
:1014F000E2401343F1E7C046FE0300001D04000074
:10150000FFFFFF7F3304000013040000EDFBFFFF2B
:1015100070B5002816D0C317C5185D40C40F280049
:10152000FEF75CFF104B1B1A5B055B0D0A2814DCF1
:1015300002002E00153296400B22121AD5402D03C0
:101540002D0B03E000240023002500261B052B4360
:10155000E40723433000190070BD0B3885402D038C
:1015600000262D0BF2E7C0461E04000080B582B0B5
:1015700000AF786000200DF09BFA08F04DFA031ED2
:1015800001D001F0ADFD08F031F808F07DF90AF066
:1015900083FD00200DF096FA00231800BD4602B02E
:1015A00080BD80B500AF01235B4218000DF09AFAB0
:1015B000C046BD4680BD80B500AFC046BD4680BDBB
:1015C00080B500AFC046BD4680BD000080B584B088
:1015D00000AF7860074B196D064B7A680A431A65AD
:1015E000044B1B6D7A681340FB60FB68C046BD4628
:1015F00004B080BD0000404880B586B000AF3B1D00
:10160000180014231A0000211FF014FF0820FFF710
:10161000DDFF0420FFF7DAFF2C4B00220821180021
:1016200002F007FF3B1D08221A603B1D01225A6091
:101630003B1D00229A603B1D0022DA603B1D234ABD
:101640001900100002F050FD3B1D04221A603B1DE2
:1016500002225A603B1D01229A603B1D0022DA6083
:101660003B1D05221A613A1D9023DB05110018006D
:1016700002F03AFD3B1D802292001A603B1D82223F
:10168000D2035A603B1D00229A603B1D0F4A19008D
:10169000100002F029FD0821012003F0E1FE0821DD
:1016A000012003F00BFF0421002003F09FFE0DF04A
:1016B00013FA00220121102002F004FB102002F096
:1016C00016FBC046BD4606B080BDC04600001048AF
:1016D00080B584B000AF7860074B196D064B7A680F
:1016E0000A431A65044B1B6D7A681340FB60FB6864
:1016F000C046BD4604B080BD0000404880B584B0FF
:1017000000AF7860074B996D064B7A680A439A657B
:10171000044B9B6D7A681340FB60FB68C046BD4676
:1017200004B080BD0000404880B500AF1C4B822251
:10173000D2051A601A4B1B4A5A60194B00229A6054
:10174000174B0122DA60164B00221A61144B00225B
:101750005A61134B00229A61114B0022DA61104B3F
:1017600000221A620E4B180002F0DAFE031E01D0AE
:1017700001F0B6FC0A4B0021180003F0D5FC031E53
:1017800001D001F0ADFC064B0021180003F018FD5C
:10179000031E01D001F0A4FCC046BD4680BDC0467A
:1017A0007C0100205B3D300090B589B000AF7860CF
:1017B0000C243B19180014231A0000211FF03AFED4
:1017C0007B681A688223DB059A422AD10820FFF73A
:1017D0007FFF3B19C02212011A6021007B181222E0
:1017E0005A607B1800229A607B180022DA607B180E
:1017F00002221A617B180D4A1900100002F074FCD5
:10180000C0231B011900012003F02AFEC0231B0185
:101810001900012003F052FE80239B031800FFF7FC
:101820006DFFC046BD4609B090BDC04600001048DF
:1018300080B584B000AF7860284B294A1A60274BE6
:10184000284A5A60254B284A9A60244B7A68DA6005
:101850000F217B1800221A707A18204B11001800F3
:1018600000F033FA031E02D001235B4231E01B4B30
:10187000180000F07CF9194B9B6814209847174B0F
:101880000421180000F033FA144B0021180000F076
:1018900097FB124B0421180000F097FA0C203B181C
:1018A00000221A703B181A7801210A431A703B185B
:1018B0001A7802218A431A703B181A78074B111CB8
:1018C000180000F022FB031E02D002235B4200E05E
:1018D00000231800BD4604B080BDC046D0010020E2
:1018E000E5190410391A04108D1A041090B587B048
:1018F00000AF0200FB1D1A70BB1D0A1C1A701021DC
:101900007B1800221A607B18FA1D12789A707B18D7
:10191000BA1D1278DA707A181C4B1100180001F009
:1019200042FA03007B617B69002B01D07B6928E0D0
:101930000C243B19180003231A0000211FF07AFD24
:101940003A19124B1100180000F082FC03007B6171
:101950007B69002B01D07B6913E00C203B189A783F
:1019600001210A439A703A18084B1100180000F040
:1019700057FB03007B617B69002B01D07B6900E092
:1019800000231800BD4607B090BDC046D00100201E
:1019900090B587B000AF78600C243B19180008237D
:1019A0001A0000211FF046FD3A190D4B11001800D6
:1019B00000F055FD03007B617B69002B01D07B6942
:1019C0000AE00C23FB185B785B08DBB201221340B2
:1019D000DAB27B681A7000231800BD4607B090BDCC
:1019E000D0010020B0B58AB004AFF86008007A607A
:1019F00019000B243B19021C1A7008257B190A1CBC
:101A00001A80FB687B613B191B789AB27869642362
:101A100002937B191B8801937B6800930123D421D7
:101A200002F024FE031E01D1002301E001235B42EA
:101A30001800BD4606B0B0BDB0B58AB004AFF860BE
:101A400008007A6019000B243B19021C1A70082543
:101A50007B190A1C1A80FB687B613B191B789AB2C0
:101A60007869642302937B191B8801937B68009338
:101A70000123D42102F028FF031E01D1002301E03D
:101A800001235B421800BD4606B0B0BD80B582B0F0
:101A900000AF78607B68180002F044F8C046BD468D
:101AA00002B080BDB0B586B000AFF86008007A60C3
:101AB00019000B23FB18021C1A700823FB180A1CC0
:101AC0001A80FB68002B02D101235B420FE0FB6808
:101AD0005C68FB68D8680823FB181D887A680B23AC
:101AE000FB1819782B00A04703007B617B69180065
:101AF000BD4606B0B0BDB0B586B000AFF860080016
:101B00007A6019000B23FB18021C1A700823FB18BB
:101B10000A1C1A80FB68002B02D101235B420FE0F4
:101B2000FB681C68FB68D8680823FB181D887A6866
:101B30000B23FB1819782B00A04703007B617B69FE
:101B40001800BD4606B0B0BD80B582B000AF786069
:101B500039607B68002B06D03B68002B03D03B68C4
:101B60001A787B681A70C046BD4602B080BD90B539
:101B700087B000AF78600C23FB1800221A7017237F
:101B8000FB1800221A707B689B68002B03D101238D
:101B90005B423B6151E07B680021180000F0A7F830
:101BA00003003B617B680021180000F03EF9020051
:101BB0003B699B183B613B69002B3BD10C203B18D8
:101BC0001A7801210A431A703A1878680123122101
:101BD000FFF791FF03003B610C243A197868012359
:101BE0001221FFF75FFF02003B699B183B613B69D5
:101BF000002B21D17B689B68012098473B191B78FB
:101C000001221340DBB2002B07D01722BB181B7830
:101C1000BA18591C1170022BDED90C23FB181B7843
:101C200001221340DBB2002B01D1002306E0012387
:101C30005B4203E0C04600E0C0463B691800BD4679
:101C400007B090BD90B585B000AF78600A00FB1C6E
:101C50001A700823FA18786801230121FFF722FF80
:101C60000300FB60FB68002B01D0FB6829E0FB1C34
:101C70001B785B081A1C01231340DAB208243B19B5
:101C800001210A4090011A7840218A43111C021C4C
:101C90000A431A70FB1C1B7801221340DAB23B196D
:101CA000D0011A787F210A40111C021C0A431A70C5
:101CB0003A19786801230121FFF71DFF0300FB603B
:101CC000FB681800BD4605B090BD80B584B000AF7C
:101CD000786039603A68786801230F21FFF7E2FEE7
:101CE0000300FB60FB681800BD4604B080BD90B5E2
:101CF00087B000AF78600A00FB1C1A701023FA1836
:101D0000786801231021FFF7CDFE03007B617B691A
:101D1000002B01D07B6954E0FB1C1B780F22134081
:101D2000DAB210243B190F210A4010001A780F2153
:101D30008A43111C021C0A431A703A19786801235D
:101D40001021FFF7D8FE03007B617B69002B01D0D7
:101D50007B6936E013217B18FA1C127812091A707D
:101D60007B181B78002B2BD00C23FA1878680123E2
:101D70006221FFF797FE02007B699B187B617B69FC
:101D8000002B01D07B691CE01323FB181B78032276
:101D90001340DAB20C243B1903210A4010001A78D0
:101DA00003218A43111C021C0A431A703A197868ED
:101DB00001236221FFF79FFE02007B699B187B6174
:101DC0007B691800BD4607B090BD90B585B000AFE7
:101DD00078600A00FB1C1A7008243A1978680123FD
:101DE0001021FFF75FFE0300FB60FB68002B17D19B
:101DF000FB1C1B7807221340DAB23B1907210A406B
:101E000010011A7870218A43111C021C0A431A70AF
:101E10003A19786801231021FFF76DFE0300FB607B
:101E2000FB681800BD4605B090BD90B587B000AF07
:101E300078600A00FB1C1A701023FA1878680123D6
:101E40001121FFF72FFE03007B617B69002B01D07E
:101E50007B6956E0FB1C1B780F221340DAB210247A
:101E60003B190F210A4010001A780F218A43111CD8
:101E7000021C0A431A703A19786801231121FFF7EE
:101E80003AFE02007B699B187B617B69002B01D0C5
:101E90007B6936E013217B18FA1C127812091A703C
:101EA0007B181B78002B2BD00C23FA1878680123A1
:101EB0006221FFF7F7FD02007B699B187B617B695C
:101EC000002B01D07B691CE01323FB181B78032235
:101ED0001340DAB20C243B1903210A4010001A788F
:101EE00003218A43111C021C0A431A703A197868AC
:101EF00001236221FFF7FFFD02007B699B187B61D4
:101F00007B691800BD4607B090BD90B587B000AFA3
:101F100078603B0019700C23FA187868012350216F
:101F2000FFF7C0FD03007B617B69002B01D07B695B
:101F300042E03B001B78DB07DB0FDAB20C243B19D5
:101F4000D0011A787F210A40111C021C0A431A7022
:101F50003A19786801235021FFF7CDFD03007B611A
:101F60001023FA18786801235621FFF79BFD020021
:101F70007B699B187B617B69002B01D07B691BE02F
:101F80003B001B789B07DB0FDAB210243B190121C1
:101F90000A4010001A7801218A43111C021C0A43CE
:101FA0001A703A19786801235621FFF7A4FD020040
:101FB0007B699B187B617B691800BD4607B090BDAB
:101FC00090B585B000AF78600A00FB1C1A70082439
:101FD0003A19786801231721FFF764FD0300FB60BD
:101FE000FB68002B17D1FB1C1B7803221340DAB2CD
:101FF0003B1903210A4010001A7803218A43111C5F
:10200000021C0A431A703A19786801231721FFF756
:1020100072FD0300FB60FB681800BD4605B090BD73
:1020200090B587B000AF786039601023FA187868EF
:1020300001230D21FFF736FD03007B617B69002B37
:1020400001D07B6900E13B681B78DB07DB0FDAB26C
:1020500010243B1901210A4010001A7801218A43FB
:10206000111C021C0A431A703B681B789B07DB0F8C
:10207000DAB23B1901210A4090181A7802218A43EA
:10208000111C021C0A431A703B681B789B06DB0F6D
:10209000DAB23B1901210A40D0001A7808218A439C
:1020A000111C021C0A431A703B681B785B06DB0F8D
:1020B000DAB23B1901210A4010011A7810218A4333
:1020C000111C021C0A431A703B681B781B06DB0FAD
:1020D000DAB23B1901210A4050011A7820218A43C3
:1020E000111C021C0A431A703B685B78DB07DB0F8C
:1020F000DAB23B1901210A4090011A7840218A4343
:10210000111C021C0A431A703A19786801230D2128
:10211000FFF7F1FC03007B610C23FA1878680123B8
:102120005E21FFF7BFFC02007B699B187B617B6926
:10213000002B01D07B6987E03B685B781B07DB0FD6
:10214000DAB20C243B1901210A4010001A7801214F
:102150008A43111C021C0A431A703B685B78DB0639
:10216000DB0FDAB23B1901210A4090181A780221DC
:102170008A43111C021C0A431A703B685B789B0659
:10218000DB0FDAB23B1901210A4090001A780421D2
:102190008A43111C021C0A431A703B685B785B0679
:1021A000DB0FDAB23B1901210A4090011A78402175
:1021B0008A43111C021C0A431A703B685B781B0699
:1021C000DB0FDAB23B1901210A40D0001A7808214E
:1021D0008A43111C021C0A431A703B689B78DB0778
:1021E000DB0FDAB23B1901210A4050011A78202195
:1021F0008A43111C021C0A431A703B689B789B0798
:10220000DB0FDAB23B1901210A4010011A781021C4
:102210008A43111C021C0A431A703B689B785B07B7
:10222000DB0FDAB23B19D0011A787F210A40111C6A
:10223000021C0A431A703A19786801235E21FFF7DD
:102240005AFC03007B617B691800BD4607B090BD56
:1022500090B587B000AF786039603B6803220021F9
:1022600018001FF0E7F81023FA18786801230D21F1
:10227000FFF718FC03007B610C23FA187868012330
:102280005E21FFF70FFC02007B699B187B617B6975
:10229000002B01D07B69DEE010243B191B78DB07A3
:1022A000DB0FDAB23B6801210A4010001A780121E5
:1022B0008A43111C021C0A431A703B191B789B07A6
:1022C000DB0FDAB23B6801210A4090181A7802212C
:1022D0008A43111C021C0A431A703B191B781B0706
:1022E000DB0FDAB23B6801210A4050011A78202145
:1022F0008A43111C021C0A431A703B191B78DB0627
:10230000DB0FDAB23B6801210A4090011A784021C4
:102310008A43111C021C0A431A703B191B789B0646
:10232000DB0FDAB23B68D0011A787F210A40111C1A
:10233000021C0A431A703B191B785B06DB0FDAB2EA
:102340003B6801210A4010005A7801218A43111C80
:10235000021C0A435A700C243B191B78DB07DB0F65
:10236000DAB23B6801210A40D0005A7808218A433A
:10237000111C021C0A435A703B191B789B07DB0F88
:10238000DAB23B6801210A4010015A7810218A43D1
:10239000111C021C0A435A703B191B785B07DB0FA8
:1023A000DAB23B6801210A4050015A7820218A4361
:1023B000111C021C0A435A703B191B785B06DB0F89
:1023C000DAB23B6801210A4090015A7840218A43E1
:1023D000111C021C0A435A703B191B781B07DB0FA8
:1023E000DAB23B68D0015A787F210A40111C021CE6
:1023F0000A435A703B191B789B06DB0FDAB23B6825
:1024000001210A4010009A7801218A43111C021C04
:102410000A439A703B191B78DB06DB0FDAB23B6884
:1024200001210A4090189A7802218A43111C021C4B
:102430000A439A703B191B781B06DB0FDAB23B6824
:1024400001210A4090009A7804218A43111C021C41
:102450000A439A707B691800BD4607B090BDF0B57D
:1024600095B000AF786039603823FA187868012396
:102470005021FFF717FB0300FB64FB6C002B02D01D
:10248000FB6C00F08CFC38257B191A7808210A4374
:102490001A707A19786801235021FFF72CFB03008A
:1024A000FB640C243A19786804231B21FFF7FAFA1D
:1024B0000200FB6C9B18FB643B195A1C3026BB19AD
:1024C00011001800FFF740FB3B199A1C2C23FB1846
:1024D00011001800FFF738FB3B19DA1C24243B19C4
:1024E00011001800FFF730FBBB191B785B06DB0FF0
:1024F000DAB23B6801210A409018DA7902218A4356
:10250000111C021C0A43DA71BB191B78DB06DB0FB6
:10251000DAB23B68D0019A797F210A40111C021C73
:102520000A439A71BB191B789B06DB0FDAB23B6832
:1025300001210A401000DA7901218A43111C021C92
:102540000A43DA71BB191B781B06DB0FDAB23B6852
:1025500001210A409000DA7904218A43111C021CEF
:102560000A43DA712C26BB191B78DB07DB0FDAB2C2
:102570003B6801210A4010005A7801218A43111C4E
:10258000021C0A435A70BB191B789B07DB0FDAB297
:102590003B6801210A4090185A7802218A43111C95
:1025A000021C0A435A70BB191B78DB06DB0FDAB238
:1025B0003B6801210A40D0009A7808218A43111C07
:1025C000021C0A439A703B191B78DB07DB0FDAB257
:1025D0003B6801210A4010001A7801218A43111C2E
:1025E000021C0A431A703B191B789B07DB0FDAB2F7
:1025F0003B6801210A4090181A7802218A43111C75
:10260000021C0A431A703B191B785B07DB0FDAB216
:102610003B6801210A4090001A7804218A43111C6A
:10262000021C0A431A703B191B781B07DB0FDAB236
:102630003B6801210A40D0001A7808218A43111C06
:10264000021C0A431A703B191B78DB06DB0FDAB257
:102650003B6801210A4010011A7810218A43111C9D
:10266000021C0A431A703B191B789B06DB0FDAB277
:102670003B6801210A4050011A7820218A43111C2D
:10268000021C0A431A703B191B781B06DB0FDAB2D7
:102690003B68D0011A787F210A40111C021C0A43B2
:1026A0001A707A19786801235021FFF7FBF90300AB
:1026B000FB647B191A7808218A431A707A197868A2
:1026C00001235021FFF717FA0200FB6C9B18FB64F3
:1026D000FB6C002B01D0FB6C61E30C23FA187868CB
:1026E00008234421FFF7DEF90300FB64FB6C002B99
:1026F00001D0FB6C53E30C257A191823FB18110049
:102700001800FFF721FA7B195A1C2823FB18110027
:102710001800FFF719FA7B199A1C1C26BB19110027
:102720001800FFF711FA7B19DA1C2023FB1811009F
:102730001800FFF709FA7B195A1D48217B18110070
:102740001800FFF701FA7B199A1D40243B1911006C
:102750001800FFF7F9F97B19DA1D3C203B1811002E
:102760001800FFF7F1F91822BB181B785B07DB0F85
:10277000DAB23B6801210A4090011A7840218A436D
:10278000111C021C0A431A7028221500BB181B7862
:102790005B06DB0FDAB23B6801210A409000DA7871
:1027A00004218A43111C021C0A43DA707B191B782E
:1027B0005B07DB0FDAB23B6801210A4010015A784F
:1027C00010218A43111C021C0A435A707B191B7882
:1027D0009B07DB0FDAB23B6801210A40D0005A7830
:1027E00008218A43111C021C0A435A707B191B786A
:1027F000DB07DB0FDAB23B6801210A4090005A7810
:1028000004218A43111C021C0A435A702A00BB1877
:102810001B78DB06DB0FDAB23B6801210A40D000EF
:10282000DA7808218A43111C021C0A43DA70BB19AA
:102830001B785B07DB0FDAB23B6801210A40901876
:102840009A7802218A43111C021C0A439A70BB1910
:102850001B789B07DB0FDAB23B6801210A401000AE
:102860009A7801218A43111C021C0A439A70BB19F1
:102870001B78DB07DB0FDAB23B68D0015A787F2187
:102880000A40111C021C0A435A703500BB191B7800
:102890001B07DB0FDAB23B6801210A4090009A78EF
:1028A00004218A43111C021C0A439A707B191B786D
:1028B000DB06DB0FDAB23B6801210A4090015A784F
:1028C00040218A43111C021C0A435A707B191B7851
:1028D0009B06DB0FDAB23B6801210A4050015A78AF
:1028E00020218A43111C021C0A435A7020257B199F
:1028F0001B78DB06DB0FDAB23B6801210A401000CF
:10290000DA7801218A43111C021C0A43DA707B1910
:102910001B789B06DB0FDAB23B6801210A40901856
:10292000DA7802218A43111C021C0A43DA707B19EF
:102930001B785B07DB0FDAB23B6801210A4090018C
:102940009A7840218A43111C021C0A439A707B1911
:102950001B781B07DB0FDAB23B68D0019A787F2126
:102960000A40111C021C0A439A707B191B78DB0772
:10297000DB0FDAB23B6801210A4010019A7810217E
:102980008A43111C021C0A439A707B191B789B070F
:10299000DB0FDAB23B6801210A4050019A7820210E
:1029A0008A43111C021C0A439A7048257B191B7824
:1029B0001B07DB0FDAB23B6801210A401001DA780D
:1029C00010218A43111C021C0A43DA707B191B7800
:1029D000DB06DB0FDAB23B6801210A4090001A796E
:1029E00004218A43111C021C0A431A717B191B78AB
:1029F0009B06DB0FDAB23B6801210A40D0001A794E
:102A000008218A43111C021C0A431A717B191B7886
:102A10001B06DB0FDAB23B6801210A4010011A796C
:102A200010218A43111C021C0A431A713B191B789E
:102A3000DB07DB0FDAB23B6801210A4050011A794B
:102A400020218A43111C021C0A431A713B191B786E
:102A50009B07DB0FDAB23B6801210A4090011A792B
:102A600040218A43111C021C0A431A713B191B782E
:102A70005B07DB0FDAB23B68D0011A797F210A408D
:102A8000111C021C0A431A713B191B781B07DB0F30
:102A9000DAB23B6801210A4010005A7901218A43C9
:102AA000111C021C0A435A713B191B78DB06DB0F11
:102AB000DAB23B6801210A4090185A7902218A4310
:102AC000111C021C0A435A713B191B789B06DB0F31
:102AD000DAB23B6801210A4090005A7904218A4306
:102AE000111C021C0A435A713B191B785B06DB0F51
:102AF000DAB23B6801210A40D0005A7908218A43A2
:102B0000111C021C0A435A713B191B781B06DB0F70
:102B1000DAB23B6801210A4010015A7910218A4338
:102B2000111C021C0A435A713C243B191B78DB0719
:102B3000DB0FDAB23B6801210A4050015A792021AB
:102B40008A43111C021C0A435A713B191B789B07CC
:102B5000DB0FDAB23B6801210A4090015A7940212B
:102B60008A43111C021C0A435A713B191B785B07EC
:102B7000DB0FDAB23B68D0015A797F210A40111C81
:102B8000021C0A435A713B191B781B07DB0FDAB290
:102B90003B6801210A4010009A7901218A43111CE7
:102BA000021C0A439A717B6801211800FFF74AF85A
:102BB0000300FB64FB6C002B13D14423FA187868E4
:102BC00001230721FEF76EFF0300FB643423FA188C
:102BD000786801236421FEF765FF0200FB6C9B18F7
:102BE000FB647B6800211800FFF72CF80200FB6CE7
:102BF0009B18FB64FB6C002B01D0FB6CCFE04424E2
:102C00003B191B78DB07DB0FDAB23B6801210A4076
:102C100010001A7901218A43111C021C0A431A71FF
:102C20003B191B789B07DB0FDAB23B6801210A4096
:102C300090181A7902218A43111C021C0A431A7146
:102C400034243B191B785B07DB0FDAB23B680121A8
:102C50000A405001DA7820218A43111C021C0A43E1
:102C6000DA703B191B781B07DB0FDAB23B680121D6
:102C70000A409001DA7840218A43111C021C0A4361
:102C8000DA703B191B78DB06DB0FDAB23B68D00148
:102C9000DA787F210A40111C021C0A43DA703B19C2
:102CA0001B789B06DB0FDAB23B6801210A4010015A
:102CB000DA7810218A43111C021C0A43DA701423AB
:102CC000FA18786801234821FEF7ECFE0300FB6444
:102CD000FB6C002B01D0FB6C61E014243B191B78CA
:102CE000DB07DB0FDAB23B6801210A4090189A79C2
:102CF00002218A43111C021C0A439A713B191B785A
:102D00001B06DB0FDAB23B6801210A4090019A7979
:102D100040218A43111C021C0A439A713B191B78FB
:102D20005B06DB0FDAB23B6801210A4050019A7959
:102D300020218A43111C021C0A439A713B191B78FB
:102D40009B06DB0FDAB23B6801210A4010019A7939
:102D500010218A43111C021C0A439A713B191B78EB
:102D6000DB06DB0FDAB23B6801210A40D0009A791A
:102D700008218A43111C021C0A439A713B191B78D3
:102D80001B07DB0FDAB23B6801210A4090009A79F9
:102D900004218A43111C021C0A439A71FB6C18001F
:102DA000BD4615B0F0BDF0B589B000AF78603960B0
:102DB0001423FA18786801235421FEF773FE0300E8
:102DC000FB611823FA18786801235521FEF76AFE83
:102DD0000200FB699B18FB611023FA187868012335
:102DE0005B21FEF75FFE0200FB699B18FB610C2371
:102DF000FA18786801235C21FEF754FE0200FB6993
:102E00009B18FB61FB69002B01D0FB6990E03B68DC
:102E10001B785B065B0FDAB214243B1907210A40CA
:102E200010011A7870218A43111C021C0A431A707F
:102E30003B681B781B079B0FDAB23B1903210A4042
:102E400090001A780C218A43111C021C0A431A7044
:102E50003B681B789B079B0FDAB23B1903210A40A2
:102E600010001A7803218A43111C021C0A431A70AD
:102E70003B685B781A1C3F231340DAB218257B1994
:102E80003F210A4010001A783F218A43111C021C7E
:102E90000A431A703B689B781A1C3F231340DAB22E
:102EA0001026BB193F210A4010001A783F218A439F
:102EB000111C021C0A431A703B68DB781A1C03239E
:102EC0001340DAB20C23FB1803210A4050011A7890
:102ED00060218A43111C021C0A431A703A1978684F
:102EE00001235421FEF707FE0200FB699B18FB61DA
:102EF0007A19786801235521FEF7FDFD0200FB6970
:102F00009B18FB61BA19786801235B21FEF7F3FD7A
:102F10000200FB699B18FB610C23FA1878680123F7
:102F20005C21FEF7E8FD0200FB699B18FB61FB6971
:102F30001800BD4609B0F0BD80B500AF024B0122BC
:102F40001A70C046BD4680BDE401002080B582B045
:102F500000AF00F062FD00F06FF800F0A4F8FEF79B
:102F60004BFBFEF7E1FB00F04BFA00F051F900F0EB
:102F7000FDF900F0D1F80020FEF7F8FA1E4B18001A
:102F8000FEF756FC031E09D01C4B0821180001F067
:102F90006DFAC82000F0C6FDC046F5E703212220E7
:102FA000FEF7A4FCFEF7FDFA09F0E0FD144B1B78D8
:102FB000DBB2002BF6D0124B00221A70FB1D002250
:102FC0001A70FB1D1800FEF7E3FCFB1D1B78002B9D
:102FD0000FD00A4B0821180001F048FAFB1D1B789E
:102FE0001900012009F05AFDFA235B00180000F0D7
:102FF00099FD02F0EDF9D5E77C01002000001048B2
:10300000E401002080B582B000AF78600A00BB1CEC
:103010001A807B68074A934207D1BB1C1A88802319
:103020009B009A4201D1FFF787FFC046BD4602B020
:1030300080BDC0460000104890B589B000AF08249C
:103040003B19180018231A0000211EF0F3F93B0069
:10305000180008231A0000211EF0ECF93B19032286
:103060001A603B19802252025A603B191022DA6022
:103070003B19180004F06EFF031E01D000F030F879
:103080003B0000221A603B0000225A603B001021E6
:10309000180005F0AFF8031E01D000F021F8C0467B
:1030A000BD4609B090BD80B586B000AF3B001800AA
:1030B00018231A0000211EF0BDF93B0002221A60FD
:1030C0003B00802252015A613B00180005F0B4F920
:1030D000031E01D000F004F8C046BD4606B080BD16
:1030E00080B500AF72B6C046C046FDE780B584B07B
:1030F00000AF7860074B196D064B7A680A431A6572
:10310000044B1B6D7A681340FB60FB68C046BD46EC
:1031100004B080BD0000404880B500AF064B074AB0
:103120001A60054B180002F097F8031E01D0FFF754
:10313000D7FFC046BD4680BDE801002000003048F2
:1031400080B582B000AF78607B681B68094A934203
:103150000CD180235B021800FFF7C8FF0022012179
:103160000D2000F0AFFD0D2000F0C1FDC046BD46B2
:1031700002B080BD0000304880B584B000AF7860F8
:10318000074B196E064B7A680A431A66044B1B6E8E
:103190007A681340FB60FB68C046BD4604B080BD42
:1031A0000000404880B582B000AF7860064B1B6ECF
:1031B0007A6813407A689A4201D1012300E0002323
:1031C0001800BD4602B080BD0000404880B582B006
:1031D00000AF7860044B196C034B7A680A431A6499
:1031E000C046BD4602B080BD0000404880B582B0F8
:1031F00000AF7860054B1A6C7B68D943034B0A40DB
:103200001A64C046BD4602B080BDC04600004048BA
:1032100080B582B000AF00237B600120FFF7C2FFC2
:10322000031E08D10120FFF7D1FF0120FFF7DEFFC9
:103230000120FFF7A1FFC023DB057B603B1D1800C9
:1032400002F0FAFAC046BD4602B080BD90B589B022
:1032500000AF786008243B19180018231A000021D9
:103260001EF0E8F87B681A68C023DB059A4222D179
:103270003B1901221A603B1902221A613B191800FE
:1032800005F0DAF8031E01D0FFF72AFF0120FFF74F
:1032900073FF0BF021FC00220021122000F012FD30
:1032A000122000F024FD00220021192000F00AFD68
:1032B000192000F01CFDC046BD4609B090BD80B588
:1032C00082B000AF78607B681B691800BD4602B011
:1032D00080BD000080B584B000AF7860074B196EE8
:1032E000064B7A680A431A66044B1B6E7A681340D1
:1032F000FB60FB68C046BD4604B080BD000040488E
:1033000080B582B000AF7860064B1B6E7A681340C0
:103310007A689A4201D1012300E000231800BD46DB
:1033200002B080BD0000404880B582B000AF786038
:10333000044B196C034B7A680A431A64C046BD46B5
:1033400002B080BD0000404880B582B000AF786018
:10335000054B1A6C7B68D943034B0A401A64C0467C
:10336000BD4602B080BDC0460000404880B582B076
:1033700000AF3B00180008231A0000211EF05AF885
:103380000120FFF7BDFF031E08D10120FFF7CCFF8E
:103390000120FFF7D9FF0120FFF79CFFC0460C4B2F
:1033A0001800FFF78CFF03000F2BF8D93B00A02279
:1033B00052001A803B0000229A703B0000225A60A3
:1033C0003B00180002F044FFC046BD4602B080BD7D
:1033D0000018006080B584B000AF7860074B196DAD
:1033E000064B7A680A431A65044B1B6D7A681340D2
:1033F000FB60FB68C046BD4604B080BD000040488D
:1034000080B500AF064B074A1A60054B180005F05F
:103410004EF8031E01D0FFF763FEC046BD4680BDD7
:10342000F40100200000604880B582B000AF7860F1
:103430007B681B68054A934204D18023DB02180095
:10344000FFF7C8FFC046BD4602B080BD000060481F
:1034500080B584B000AF7860074B596D064B7A6831
:103460000A435A65044B5B6D7A681340FB60FB6846
:10347000C046BD4604B080BD0000404880B500AFE6
:1034800080235B001800FFF7E3FFC046BD4680BD08
:1034900080B500AFC046FDE780B500AFC046FDE790
:1034A00080B500AFC046BD4680BD80B500AFC04608
:1034B000BD4680BD80B500AF00F00EFBC046BD46E6
:1034C00080BD000080B500AF034B180005F02AF85E
:1034D000C046BD4680BDC0460C02002080B500AF8E
:1034E000034B180001F001FFC046BD4680BDC04639
:1034F000E801002080B500AF80239B00034A19003B
:10350000100000F0CEFFC046BD4680BD0000104850
:1035100080B500AF04F020FBC046BD4680BD80B53D
:1035200000AF04F022FBC046BD4680BD80B500AFB1
:1035300004F024FBC046BD4680BD80B500AF02F05C
:10354000ABFCC046BD4680BD80B500AF02F0C5FCF7
:10355000C046BD4680BD80B586B000AFF860B9609A
:103560007A6000237B610AE000E000BF0100BB68D5
:103570005A1CBA60CAB21A707B6901337B617A69DE
:103580007B689A42F0DB7B681800BD4606B080BDC0
:1035900080B586B000AFF860B9607A6000237B61C7
:1035A00009E0BB685A1CBA601B78180000E000BF35
:1035B0007B6901337B617A697B689A42F1DB7B68C6
:1035C0001800BD4606B080BD80B582B000AF7860FF
:1035D00001235B421800BD4602B080BD80B582B0B9
:1035E00000AF786039603B68802292015A60002306
:1035F0001800BD4602B080BD80B582B000AF7860D3
:1036000001231800BD4602B080BD80B584B000AF74
:10361000F860B9607A6000231800BD4604B080BD30
:1036200080B586B000AF7860144A154BD31A7B6121
:103630007B693B61134B1B68002B02D1114B124A73
:103640001A60104B1A687B68D3183A699A4207D2FD
:103650001DF046FF03000C221A6001235B4209E0C3
:10366000084B1B68FB60074B1A687B68D218054B38
:103670001A60FB681800BD4606B080BD000001203E
:10368000000C000008020020182A002090B583B02A
:1036900000AF02003960FB1D1A70FB1D1B787F2BE9
:1036A00028D82F4AFB1D1B785BB29B08C0339B00B8
:1036B0009B58FA1D1278110003220A40D200FF2104
:1036C00091400A00D2431A4011003B689B01FF223F
:1036D0001A40FB1D1B78180003230340DB009A40AF
:1036E0001F48FB1D1B785BB29B080A43C0339B003D
:1036F0001A5031E01B4AFB1D1B7819000F230B40A9
:10370000083B9B0806339B00D31804331B68FA1D43
:103710001278110003220A40D200FF2191400A00D2
:10372000D2431A4011003B689B01FF221A40FB1D47
:103730001B78180003230340DB009A400948FB1D57
:103740001B781C000F232340083B9B080A430633C9
:103750009B00C31804331A60C046BD4603B090BD39
:1037600000E100E000ED00E080B500AFBFF34F8F57
:10377000C046044B044ADA60BFF34F8FC046C046D0
:10378000FDE7C04600ED00E00400FA0590B587B003
:1037900000AF644A9423D358002B0ED1624B1B69AF
:1037A000002B03D1604B9B6B002B06D05F4B01229B
:1037B0009A60FCF719FDFFF7D7FF5D4B5D4A9A60F1
:1037C0005B4B9A68594B1A61574B5A68564B2021EC
:1037D0000A435A60544B5A68534B40210A435A607B
:1037E000514B5A68504B80210A435A60C0464E4B99
:1037F0005B6904221340042BF9D14B4BDB69302267
:1038000093431A00484B20210A43DA61464BDA6998
:10381000454B49490A40DA61434BDA69424B802102
:1038200049000A43DA61454B1B68454A93425BD025
:103830001E233B610823FB600323BB6008237B60DE
:10384000394A9423D3581E2293431A007B685B00A5
:103850001E210B403449134394228B50324A942347
:10386000D35831490122134394228B502D4BDB68EE
:10387000344A134019003B691A062A4B0A43DA609E
:10388000284BDA68274B802109040A43DA60264A6C
:103890009423D3582C4A1A40FB689901F0239B00CB
:1038A0000B402149134394228B501F4A9423D35831
:1038B0001D492022134394228B501B4A9423D35832
:1038C000224A1A40BB68D902E0239B010B401649EB
:1038D000134394228B50144A9423D35812498022C4
:1038E000D200134394228B501723FB1800221A7026
:1038F0000DE017243B191B785BB203211800FFF77A
:10390000C5FE21007B181A787B1801321A70172324
:10391000FB181B781F2BECD962B6C046C046BD46CB
:1039200007B090BD0000404800005048040000204F
:1039300000ED00E000000410FFFBFFFFF81E001088
:10394000CCECBCFCFFFFFFC03FFCFFFFFFC7FFFF4D
:1039500080B582B000AF134B9B685B08DAB2FB1DE9
:1039600001210A401A700F4B9B685B09DAB2BB1D3C
:1039700007210A401A70FB1D1B78002B07D0BB1DC6
:103980001B78013B084ADA40084B1A6005E0BB1D72
:103990001B78074ADA40054B1A60C046BD4602B0A4
:1039A00080BDC046000040480048E80144070020B0
:1039B0000090D00310488546FFF7E8FE002103E0A1
:1039C0000E4B5B58435004310D480E4B42189A423F
:1039D000F6D30D4A02E00023136004320B4B9A42E7
:1039E000F9D30B4A02E0002313600432094B9A42D8
:1039F000F9D3FFF7ABFAFEE700000120843306108D
:103A000044070020140900207C0100204407002006
:103A1000C00000207C010020FEE780B582B000AF2E
:103A2000FB1D00221A70032000F00EF8031E03D0C5
:103A3000FB1D01221A7001E0FFF720FDFB1D1B7822
:103A40001800BD4602B080BD90B585B000AF78606B
:103A50000F23FB1800221A701D4B1B78002B2CD053
:103A600004F074FC04001A4B1B781900FA23980028
:103A7000FCF7DEFB030019002000FCF7D9FB030074
:103A8000180000F044F9031E12D17B68032B0AD8FA
:103A9000796801235B420022180000F013F90D4BF6
:103AA0007A681A600DE00F23FB1801221A7008E0F3
:103AB0000F23FB1801221A7003E00F23FB180122C9
:103AC0001A700F23FB181B781800BD4605B090BD77
:103AD0004C0700204807002080B500AF054B1B783D
:103AE0001A00054B1B68D218034B1A60C046BD462E
:103AF00080BDC0464C070020A002002080B500AF6A
:103B0000024B1B681800BD4680BDC046A0020020C5
:103B100080B500AF024B1B681800BD4680BDC04693
:103B20004807002080B584B000AF7860FFF7E6FF5B
:103B30000300BB607B68FB60FB68013305D00A4B68
:103B40001B781A00FB689B18FB60C046FFF7D6FF86
:103B50000200BB68D31AFA689A42F7D8C046C0463A
:103B6000BD4604B080BDC0464C07002080B582B081
:103B700000AF0200FB1D1A70FB1D1B787F2B09D8BC
:103B8000FB1D1B781A001F231A40044B0121914092
:103B90000A001A60C046BD4602B080BD00E100E0E8
:103BA00090B583B000AF02003960FB1D1A70FB1D99
:103BB0001B787F2B28D82F4AFB1D1B785BB29B08F4
:103BC000C0339B009B58FA1D1278110003220A4053
:103BD000D200FF2191400A00D2431A4011003B68F5
:103BE0009B01FF221A40FB1D1B7818000323034092
:103BF000DB009A401F48FB1D1B785BB29B080A4301
:103C0000C0339B001A5031E01B4AFB1D1B78190082
:103C10000F230B40083B9B0806339B00D31804334B
:103C20001B68FA1D1278110003220A40D200FF21FE
:103C300091400A00D2431A4011003B689B01FF22C9
:103C40001A40FB1D1B78180003230340DB009A4039
:103C50000948FB1D1B781C000F232340083B9B08D1
:103C60000A4306339B00C31804331A60C046BD469E
:103C700003B090BD00E100E000ED00E080B582B04F
:103C800000AF78607B685A1E80235B049A4201D3A0
:103C9000012310E00A4B7A68013A5A6001235B4223
:103CA00003211800FFF77CFF054B00229A60044BAC
:103CB00007221A6000231800BD4602B080BDC0462E
:103CC00010E000E080B584B000AFB9607A600F21E9
:103CD0007B18021C1A70BA687B181B785BB2110043
:103CE0001800FFF75DFFC046BD4604B080BD80B53B
:103CF00082B000AF0200FB1D1A70FB1D1B785BB287
:103D00001800FFF733FFC046BD4602B080BD80B546
:103D100082B000AF78607B681800FFF7AFFF030048
:103D20001800BD4602B080BD80B582B000AF78609B
:103D30007B68002B01D1012331E07B6825229B5C4D
:103D4000DBB2022B08D07B680422DA637B68242272
:103D500000219954012322E07B681B681A687B6864
:103D60001B680E218A431A607B681B681A687B688F
:103D70001B6801218A431A607B685B6C3C221A40F5
:103D80007B681B6C012191400A005A607B682522E8
:103D9000012199547B6824220021995400231800A2
:103DA000BD4602B080BD80B584B000AF78600F2101
:103DB0007B1800221A707B6825229B5CDBB2022BE9
:103DC00006D07B680422DA637B1801221A702AE08D
:103DD0007B681B681A687B681B680E218A431A601F
:103DE0007B681B681A687B681B6801218A431A601C
:103DF0007B685B6C3C221A407B681B6C0121914004
:103E00000A005A607B682522012199547B6824228C
:103E1000002199547B689B6B002B04D07B689B6BC3
:103E20007A68100098470F23FB181B781800BD46CE
:103E300004B080BDB0B586B000AFF860B9607A60FC
:103E40001D4B1B78012B01D1022331E01A4B0122BB
:103E50001A70194B00225A6017257C19FA239B000F
:103E6000180000F02BF8030023707B191B78002B3F
:103E700018D1FB68002B06D17A68BB6811001800C6
:103E800000F056F805E07A68BB681100180000F0F1
:103E900071F81723FC18FA239B00180000F00EF8A5
:103EA00003002370044B00221A701723FB181B78A1
:103EB0001800BD4606B0B0BDA402002080B584B095
:103EC00000AF7860FFF71AFE0300FB600CE07B6830
:103ED000013309D0FFF712FE0200FB68D31A7A689B
:103EE0009A4201D803231BE00F4B1B6901221340A8
:103EF000012BECD10C4B1B690C2213400C2B0ED167
:103F0000094B9A68094B5B681A43084B5A60064B89
:103F10001A69054B0C210A431A61012300E00023B2
:103F20001800BD4604B080BD00100040A40200206F
:103F300080B582B000AF786039600C4B1A690B4BCA
:103F40000F210A431A617B68094A944663449A0820
:103F5000064B1204120C9A61044B3A681A64034B24
:103F600033221A60C046BD4602B080BD001000403A
:103F70000000FCEF80B584B000AF786039603B682A
:103F8000FB60174B1A69164B0F210A431A617B68B5
:103F9000144A944663449A08114B1204120C9A6115
:103FA0000F4AFB681B681364FB680433FB600C4A10
:103FB000FB681B685364FB680433FB60084AFB68BA
:103FC0001B689364FB680433FB60054AFB681B684D
:103FD000D364034BCC221A60C046BD4604B080BDFA
:103FE000001000400000FCEFB0B584B000AF786076
:103FF0003960274B1B78012B01D1022343E0244B6E
:1040000001221A70224B00225A607B681B68FF2B2A
:104010000BD100F03FF80F23FC18FA239B00180087
:10402000FFF74CFF0300237027E03B680122524258
:104030001A607B685B68BB6017E0BB68180000F023
:1040400039F80F257C19FA239B001800FFF736FF7B
:10405000030023707B191B78002B03D03B68BA68E0
:104060001A600AE0BB680133BB607B685A687B68F2
:104070009B68D318BA689A42DFD3054B00221A70A6
:104080000F23FB181B781800BD4604B0B0BDC04616
:10409000A402002080B500AF054B1A69044B0F2124
:1040A0000A431A61024B22221A60C046BD4680BDF7
:1040B0000010004080B582B000AF7860094B1A69EB
:1040C000084B0F210A431A617B68DB029A08054BF3
:1040D0001204120C9A61034B11221A60C046BD46AD
:1040E00002B080BD0010004080B586B000AF78609F
:1040F000396000237B6190E13B681B6801217A698C
:1041000091400A001340FB60FB68002B00D181E165
:104110003B685B6803221340012B05D03B685B685A
:1041200003221340022B30D17B689B683B617B6983
:104130005B0003229A401300DA433B6913403B6162
:104140003B68DA687B695B009A4013003A69134365
:104150003B617B683A699A607B685B683B610122DE
:104160007B699A401300DA433B6913403B613B682B
:104170005B681B0901221A407B699A4013003A6967
:1041800013433B617B683A695A603B685B68032272
:104190001340032B17D07B68DB683B617B695B00B6
:1041A00003229A401300DA433B6913403B613B68AA
:1041B0009A687B695B009A4013003A6913433B613C
:1041C0007B683A69DA603B685B6803221340022B24
:1041D00023D17B69DA087B6808329200D3583B61AF
:1041E0007B69072213409B000F229A401300DA4399
:1041F0003B6913403B613B681A697B6907210B40AF
:104200009B009A4013003A6913433B617B69DA08CB
:104210007B68083292003969D1507B681B683B612A
:104220007B695B0003229A401300DA433B69134029
:104230003B613B685B6803221A407B695B009A40E4
:1042400013003A6913433B617B683A691A603B6823
:104250005A68C0239B02134000D1DBE03B685A68D8
:104260008023DB02134030D08023DB05DB683B6119
:104270007A689023DB059A4211D101227B699A402A
:104280001300DB431A003B6913403B6101227B6949
:104290009A4013001A003B6913433B6111E001226D
:1042A0007B699A4013001B04DB431A003B691340EF
:1042B0003B6101227B699A4013001B043A69134356
:1042C0003B618023DB053A69DA603B685A688023EA
:1042D0005B03134030D08023DB051B693B617A68A8
:1042E0009023DB059A4211D101227B699A40130089
:1042F000DB431A003B6913403B6101227B699A4012
:1043000013001A003B6913433B6111E001227B69F2
:104310009A4013001B04DB431A003B6913403B61C6
:1043200001227B699A4013001B043A6913433B61E5
:104330008023DB053A691A613B685A688023DB03F6
:10434000134030D08023DB055B693B617A689023A2
:10435000DB059A4211D101227B699A401300DB43AD
:104360001A003B6913403B6101227B699A401300AC
:104370001A003B6913433B6111E001227B699A40BB
:1043800013001B04DB431A003B6913403B6101220D
:104390007B699A4013001B043A6913433B618023F5
:1043A000DB053A695A613B685A6880235B02134017
:1043B00030D08023DB059B693B617A689023DB0565
:1043C0009A4211D101227B699A401300DB431A0003
:1043D0003B6913403B6101227B699A4013001A003C
:1043E0003B6913433B6111E001227B699A40130052
:1043F0001B04DB431A003B6913403B6101227B69CC
:104400009A4013001B043A6913433B618023DB0588
:104410003A699A617B6901337B613B681A687B6901
:10442000DA40131E00D067E6C046C046BD4606B05F
:1044300080BD80B582B000AF786008001100BB1C61
:10444000021C1A807B1C0A1C1A707B1C1B78002B18
:1044500004D0BB1C1A887B689A6103E0BB1C1A88D5
:104460007B689A62C046BD4602B080BD80B584B00C
:1044700000AF78600A00BB1C1A807B685B69FB6038
:10448000BB1C1B88FA6813401A04FB68DB43B91C89
:1044900009880B401A437B689A61C046BD4604B048
:1044A00080BD80B582B000AF78600A00BB1C1A8066
:1044B0007A689023DB059A4209D18023DB05DB690A
:1044C000BA1C128813405A1E9341DBB209E08023C4
:1044D000DB05DB69BA1C1288120413405A1E934193
:1044E000DBB2002B17D07A689023DB059A4205D106
:1044F0008023DB05BA1C1288DA6105E0BB1C1A8830
:104500008023DB051204DA61BB1C1A887B6811006A
:104510001800FEF777FDC046BD4602B080BD000022
:1045200080B582B000AF78607B68002B01D1012399
:104530008FE07B6841229B5CDBB2002B07D17B685C
:104540004022002199547B681800FDF72DF97B6803
:104550004122242199547B681B681A687B681B6878
:1045600001218A431A607B685A687B681B683B4953
:104570000A401A617B681B689A687B681B68384927
:104580000A409A607B68DB68012B08D17B689A68D7
:104590007B681B68802109020A439A6007E07B68F8
:1045A0009A687B681B68842109020A439A607B68C9
:1045B000DB68022B09D17B681B685A687B681B6823
:1045C000802109010A435A6007E07B681B685A682A
:1045D0007B681B6823490A405A607B681B685A68DD
:1045E0007B681B6820490A435A607B681B68DA684D
:1045F0007B681B681A490A40DA607B681A697B6825
:104600005B691A4311007B689B691A027B681B680F
:104610000A43DA607B68D9697B681A6A7B681B6821
:104620000A431A607B681B681A687B681B68012153
:104630000A431A607B6800225A647B684122202169
:1046400099547B6800221A637B68422200219954A6
:1046500000231800BD4602B080BDC046FFFFFFF03A
:10466000FF7FFFFFFFF7FFFF0080000290B589B0DA
:1046700002AFF8600C00100019000A23FB18221C7E
:104680001A800823FB18021C1A80BB1D0A1C1A8002
:10469000FB6841229B5CDBB2202B00D00CE1BB6AA3
:1046A000002B04D02C23FB181B88002B05D1FB68A2
:1046B000802292005A640123FFE0FB6840229B5C49
:1046C000012B01D10223F8E0FB684022012199541B
:1046D000FFF714FA03007B6180231902F8687B69F5
:1046E00000931923012200F00BFB031E01D00123CC
:1046F000E3E0FB68412221219954FB6842224021DA
:104700009954FB6800225A64FB68BA6A5A62FB68D3
:104710002C22BA1812885A85FB6800225A63BB1DE6
:104720001C880823FB181A880A23FB181988F868C4
:104730007B6901933B6B0093230000F0F9F9031EA2
:1047400005D0FB684022002199540123B5E0FB68A5
:104750005B8D9BB2FF2B11D9FB68FF221A85FB688A
:104760001B8DDAB280235C040A23FB181988F868D1
:1047700000230093230000F09DFC12E0FB685B8D9A
:104780009AB2FB681A85FB681B8DDAB280239C0401
:104790000A23FB181988F86800230093230000F00F
:1047A00089FC7A69396BFB68180000F001FB031E75
:1047B00001D0012381E0FB685B6A1A78FB681B6803
:1047C0009A62FB685B6A5A1CFB685A62FB685B8DE5
:1047D0009BB2013B9AB2FB685A85FB681B8D013B7B
:1047E0009AB2FB681A85FB685B8D9BB2002B3AD0AE
:1047F000FB681B8D002B36D13A6BF8687B69009300
:1048000013000022802100F07BFA031E01D0012357
:1048100053E0FB685B8D9BB2FF2B11D9FB68FF2235
:104820001A85FB681B8DDAB280235C040A23FB180F
:104830001988F86800230093230000F03BFC12E085
:10484000FB685B8D9AB2FB681A85FB681B8DDAB238
:1048500080239C040A23FB181988F868002300931E
:10486000230000F027FCFB685B8D9BB2002B98D1E6
:104870007A69396BFB68180000F0E0FA031E01D07A
:1048800001231AE0FB681B682022DA61FB681B68C1
:104890005A68FB681B680B490A405A60FB68412252
:1048A00020219954FB68422200219954FB68402240
:1048B00000219954002300E002231800BD4607B0F0
:1048C00090BDC04600E800FE90B589B002AFF86028
:1048D0000C00100019000A23FB18221C1A80082360
:1048E000FB18021C1A80BB1D0A1C1A80FB6841229F
:1048F0009B5CDBB2202B00D010E1BB6A002B04D004
:104900002C23FB181B88002B05D1FB68802292000A
:104910005A64012303E1FB6840229B5C012B01D117
:104920000223FCE0FB68402201219954FFF7E6F8DE
:1049300003007B6180231902F8687B6900931923C7
:10494000012200F0DDF9031E01D00123E7E0FB683E
:10495000412222219954FB68422240219954FB684C
:1049600000225A64FB68BA6A5A62FB682C22BA18A1
:1049700012885A85FB6800225A63BB1D1C880823D5
:10498000FB181A880A23FB181988F8687B690193B9
:104990003B6B0093230000F02FF9031E05D0FB684A
:1049A0004022002199540123B9E0FB685B8D9BB242
:1049B000FF2B11D9FB68FF221A85FB681B8DDAB229
:1049C00080235C040A23FB181988F868564B00936F
:1049D000230000F06FFB12E0FB685B8D9AB2FB686E
:1049E0001A85FB681B8DDAB280239C040A23FB180E
:1049F0001988F8684C4B0093230000F05BFB3A6B7E
:104A0000F8687B69009313000022042100F078F914
:104A1000031E01D0012382E0FB681B685A6AFB6811
:104A20005B6AD2B21A70FB685B6A5A1CFB685A62F6
:104A3000FB681B8D013B9AB2FB681A85FB685B8D96
:104A40009BB2013B9AB2FB685A85FB685B8D9BB2B7
:104A5000002B3AD0FB681B8D002B36D13A6BF868DF
:104A60007B69009313000022802100F049F9031EA6
:104A700001D0012353E0FB685B8D9BB2FF2B11D962
:104A8000FB68FF221A85FB681B8DDAB280235C0469
:104A90000A23FB181988F86800230093230000F00C
:104AA00009FB12E0FB685B8D9AB2FB681A85FB6814
:104AB0001B8DDAB280239C040A23FB181988F8683E
:104AC00000230093230000F0F5FAFB685B8D9BB296
:104AD000002B94D17A69396BFB68180000F0AEF9AD
:104AE000031E01D001231AE0FB681B682022DA6153
:104AF000FB681B685A68FB681B680C490A405A60CF
:104B0000FB68412220219954FB68422200219954DC
:104B1000FB68402200219954002300E00223180082
:104B2000BD4607B090BDC0460024008000E800FEEE
:104B3000B0B586B002AFF8600C00100019000A256D
:104B40007B19221C1A800823FB18021C1A80BB1D2B
:104B50000A1C1A80BB1D1B88DAB280235C047B19F7
:104B60001988F868234B0093230000F0A3FA7A6AAF
:104B7000396AFB68180000F01BF9031E01D00123FD
:104B800033E0BB1D1B88012B07D10823FB181B88B2
:104B9000DAB2FB681B689A6219E00823FB181B88CD
:104BA0001B0A9BB2DAB2FB681B689A627A6A396A9E
:104BB000FB68180000F0FCF8031E01D0012314E08C
:104BC0000823FB181B88DAB2FB681B689A623A6AF2
:104BD000F8687B6A009313000022802100F090F8AF
:104BE000031E01D0012300E000231800BD4604B0DD
:104BF000B0BDC04600200080B0B586B002AFF860FE
:104C00000C00100019000A257B19221C1A800823A9
:104C1000FB18021C1A80BB1D0A1C1A80BB1D1B88B6
:104C2000DAB27B191988F868234B0093002300F04F
:104C300041FA7A6A396AFB68180000F0B9F8031E75
:104C400001D0012333E0BB1D1B88012B07D10823B2
:104C5000FB181B88DAB2FB681B689A6219E008230C
:104C6000FB181B881B0A9BB2DAB2FB681B689A62AE
:104C70007A6A396AFB68180000F09AF8031E01D0BE
:104C8000012314E00823FB181B88DAB2FB681B68B9
:104C90009A623A6AF8687B6A009313000022402106
:104CA00000F02EF8031E01D0012300E000231800BD
:104CB000BD4604B0B0BDC0460020008080B582B0C3
:104CC00000AF78607B681B689B6902221340022B4F
:104CD00003D17B681B6800229A627B681B689B6912
:104CE00001221340012B07D07B681B689A697B68FF
:104CF0001B6801210A439A61C046BD4602B080BDCF
:104D000080B584B000AFF860B9603B60FB1D1A70DD
:104D10003AE0BA693968FB68180000F0D3F8031E5E
:104D200001D0012340E03B6801332DD0FEF7E6FEC1
:104D30000200BB69D31A3A689A4202D33B68002B3F
:104D400022D1FB681B689B69BA681340BA68D31A02
:104D50005A425341DBB21A00FB1D1B789A4213D111
:104D6000FB685B6C20221A43FB685A64FB68412293
:104D700020219954FB68422200219954FB6840226B
:104D80000021995401230FE0FB681B689B69BA68F6
:104D90001340BA68D31A5A425341DBB21A00FB1DC2
:104DA0001B789A42B5D000231800BD4604B080BDE0
:104DB00080B584B000AFF860B9607A6032E07A689C
:104DC000B968FB68180000F07DF8031E01D00123CC
:104DD00030E0BB68013325D0FEF790FE02007B680F
:104DE000D31ABA689A4202D3BB68002B1AD1FB6867
:104DF0001B689B6902221340022B13D0FB685B6C7B
:104E000020221A43FB685A64FB68412220219954EE
:104E1000FB68422200219954FB68402200219954EA
:104E2000012307E0FB681B689B6902221340022BE9
:104E3000C5D100231800BD4604B080BD80B584B044
:104E400000AFF860B9607A602FE07A68B968FB68F3
:104E5000180000F037F8031E01D001232DE0FEF703
:104E60004DFE02007B68D31ABA689A4202D3BB682F
:104E7000002B1AD1FB681B689B6920221340202B52
:104E800013D0FB685B6C20221A43FB685A64FB68F2
:104E9000412220219954FB68422200219954FB6849
:104EA000402200219954012307E0FB681B689B699D
:104EB00020221340202BC8D100231800BD4604B087
:104EC00080BD000080B58AB000AFF860B9607A603C
:104ED0002723FB1800221A70FB681B689B69BB61C3
:104EE00000233B627B68FB61BB691022134000D149
:104EF00079E0FB681B681022DA6157E02722BB18B3
:104F0000BA1812781A70BB6801334FD0FEF7F6FD5D
:104F10000200FB69D31ABA689A4202D3BB68002B1D
:104F200044D1FB681B685A688023DB0113407B6116
:104F300013203B18FA684221525C1A70FB681B6808
:104F40009A6980231B021A4080231B029A4226D1B1
:104F50007A698023DB019A4221D03B181B78202BF1
:104F60001DD0FB681B685A68FB681B688021C9015B
:104F70000A435A60FEF7C2FD0300FB610FE0FEF733
:104F8000BDFD0200FB69D31A192B08D93B6A202208
:104F900013433B622723FB1801221A7006E0FB68CB
:104FA0001B689B6920221340202BE8D1FB681B68FB
:104FB0009B6920221340202B04D02723FB181B7849
:104FC000002B9BD02723FB181B78002B03D1FB68F9
:104FD0001B682022DA613B6A042213433B622723C9
:104FE000FB1801221A70FB681B689B69BB61BA69D8
:104FF00080235B0013400CD03B6A012213433B62C9
:10500000FB681B6880225200DA612723FB1801220B
:105010001A70BA698023DB0013400CD03B6A082267
:1050200013433B62FB681B688022D200DA612723AE
:10503000FB1801221A70BA6980239B0013400CD020
:105040003B6A022213433B62FB681B68802292008A
:10505000DA612723FB1801221A702723FB181B781B
:10506000002B1DD0FB681800FFF728FEFB681B68AB
:105070005A68FB681B680E490A405A60FB685A6C04
:105080003B6A1A43FB685A64FB6841222021995409
:10509000FB68422200219954FB6840220021995468
:1050A0002723FB181B781800BD460AB080BDC046F8
:1050B00000E800FE90B587B000AFF860080011006E
:1050C0007B600A243B19021C1A8009203B180A1C29
:1050D0001A703B191B889B059A0D3B181B78190405
:1050E000FF231B040B401A437B681A43BB6A13431C
:1050F0005B005B087B61FB681B685B68BA6A510DEB
:105100008022D2000A4007490A43D2431A401100C4
:10511000FB681B687A690A435A60C046BD4607B0FF
:1051200090BDC046FF63FF0380B582B000AF7860DA
:1051300039607B6841229B5CDBB2202B38D17B68D5
:1051400040229B5C012B01D1022332E07B6840228C
:10515000012199547B684122242199547B681B6862
:105160001A687B681B6801218A431A607B681B6888
:105170001A687B681B6811490A401A607B681B68C3
:1051800019687B681B683A680A431A607B681B6869
:105190001A687B681B6801210A431A607B684122F8
:1051A000202199547B68402200219954002300E07B
:1051B00002231800BD4602B080BDC046FFEFFFFFCE
:1051C00080B584B000AF786039607B6841229B5C19
:1051D000DBB2202B39D17B6840229B5C012B01D1B3
:1051E000022333E07B684022012199547B684122ED
:1051F000242199547B681B681A687B681B6801210D
:105200008A431A607B681B681B68FB60FB68114A55
:105210001340FB603B681B02FA681343FB607B682A
:105220001B68FA681A607B681B681A687B681B68D1
:1052300001210A431A607B684122202199547B682E
:10524000402200219954002300E002231800BD46AB
:1052500004B080BDFFF0FFFF80B584B000AF786080
:105260000F23FB1800221A707B68002B32D07B685A
:105270001B79DBB2002B03D17B681800FDF760FFC0
:105280007B6802221A717B681B681A687B681B683E
:1052900080210A431A607B681B681A687B681B6858
:1052A00080218A431A607B681B685A687B681B6888
:1052B0000D210A435A607B681B685A687B681B682B
:1052C0000D218A435A607B6800229A607B68012224
:1052D0001A7103E00F23FB1801221A700F23FB1829
:1052E0001B781800BD4604B080BD80B584B000AF07
:1052F00078607B681B689B68FB607B681B685B68E9
:10530000BB60FB680822134019D0BB680822134019
:1053100015D07B689B6801221A437B689A607B6882
:105320001B685A687B681B6808210A435A607B68BF
:105330001B685A687B681B6808218A435A60FB68AF
:105340000422134019D0BB680422134015D07B6897
:105350009B6802221A437B689A607B681B685A68C4
:105360007B681B6804210A435A607B681B685A6883
:105370007B681B6804218A435A607B689B68002B0A
:1053800003D07B68180004F02FFAFB680122134059
:105390001AD0BB680122134016D07B681B685A687C
:1053A0007B681B6801210A435A607B681B685A6846
:1053B0007B681B6801218A435A607B6801221A714D
:1053C0007B68180004F002FAC046BD4604B080BDF8
:1053D00080B500AF044B1A69034B04218A431A615C
:1053E00030BFC046BD4680BD00ED00E080B584B052
:1053F00000AF786039600F23FB1800221A707B68B9
:10540000002B03D07B68012B0ED01BE0134B196AD5
:10541000124B3A680A431A62104B5A6A3B68D943E6
:105420000E4B0A405A6212E00C4B996A0B4B3A68D9
:105430000A439A62094BDA6A3B68D943074B0A4030
:10544000DA6204E00F23FB1801221A70C0460F2312
:10545000FB181B781800BD4604B080BD0000504802
:1054600080B584B000AF786039600F23FB1800224C
:105470001A707B68002B03D07B68012B08D00FE0EB
:105480000D4B1A6A3B68D9430B4B0A401A620CE079
:10549000094B9A6A3B68D943074B0A409A6204E079
:1054A0000F23FB1801221A70C0460F23FB181B782C
:1054B0001800BD4604B080BD0000504880B584B0DF
:1054C00000AF786039600F23FB1800221A707B68E8
:1054D000002B03D07B68012B08D00FE00D4B5A6ADC
:1054E0003B68D9430B4B0A405A620CE0094BDA6A1D
:1054F0003B68D943074B0A40DA6204E00F23FB18EC
:1055000001221A70C0460F23FB181B781800BD46F5
:1055100004B080BD0000504880B582B000AF786014
:10552000044B1B68034B7A681A60C046BD4602B044
:1055300080BDC046C000002080B582B000AF78605A
:10554000074B5B68074A134019007B681B021B046A
:105550001A0C034B0A435A60C046BD4602B080BDD8
:10556000C0000020FF00FFFF80B582B000AF786070
:10557000084B5B68084A134019007B681A04FF2334
:105580001B041A40034B0A435A60C046BD4602B092
:1055900080BDC046C0000020FFFF00FF80B582B084
:1055A00000AF7860064B5B681B02190A7B681A061D
:1055B000034B0A435A60C046BD4602B080BDC04698
:1055C000C000002080B582B000AF7860074B9B68B8
:1055D000FF22934319007B68FF221A40034B0A43C2
:1055E0009A60C046BD4602B080BDC046C0000020E3
:1055F00080B582B000AF7860074B9B68074A1340C4
:1056000019007B681B021B041A0C034B0A439A60A7
:10561000C046BD4602B080BDC0000020FF00FFFFB5
:1056200080B582B000AF7860084B9B68084A134091
:1056300019007B681A04FF231B041A40034B0A431A
:105640009A60C046BD4602B080BDC046C000002082
:10565000FFFF00FF80B582B000AF7860064B9B680B
:105660001B02190A7B681A06034B0A439A60C0465C
:10567000BD4602B080BDC046C000002080B582B0EB
:1056800000AF7860074BDB68FF22934319007B680B
:10569000FF221A40034B0A43DA60C046BD4602B0FF
:1056A00080BDC046C000002080B582B000AF7860E9
:1056B000074BDB68074A134019007B681B021B0479
:1056C0001A0C034B0A43DA60C046BD4602B080BDE7
:1056D000C0000020FF00FFFF80B582B000AF7860FF
:1056E000084BDB68084A134019007B681A04FF2343
:1056F0001B041A40034B0A43DA60C046BD4602B0A1
:1057000080BDC046C0000020FFFF00FF80B582B012
:1057100000AF7860084BDB68084A134019007B68CB
:105720001A06FC239B051A40034B0A43DA60C04665
:10573000BD4602B080BDC046C0000020FFFFFFC0D4
:1057400080B582B000AF7860074B1B69FF2293439E
:1057500019007B68FF221A40034B0A431A61C046B6
:10576000BD4602B080BDC046C000002080B500AF7D
:10577000044B5A69034B04210A435A61C046BD4693
:1057800080BDC046C000002080B500AF044B5A6900
:10579000034B802109040A435A61C046BD4680BDBF
:1057A000C000002080B500AF044B5A69034B802134
:1057B00089050A435A61C046BD4680BDC00000202D
:1057C00080B500AF044B5A69034B8021C9050A43D9
:1057D0005A61C046BD4680BDC000002080B582B081
:1057E00000AF78607B68DB68032293431A007B6814
:1057F000DA60C046BD4602B080BD80B582B000AF61
:1058000078607B68DB68032293431A007B68DA6068
:10581000C046BD4602B080BD80B582B000AF7860A2
:105820007B689B6A034A1A407B689A62C046BD4601
:1058300002B080BDFFFFFFBF90B58DB000AF7860B4
:10584000144B7B61144B1B68144A93422AD1144BAE
:105850001B681B0A0F221340FB62114B1B681B0BBA
:105860000F221340BB620E4B1B681B0C0F22134010
:105870007B620B4B1B681B0D072213403B62084BDE
:105880001B681B0E07221340FB611B23FB18012220
:105890001A7011E0CC020020F81E0010CCECBCFC09
:1058A000E81E00100823FB620723BB6208237B620B
:1058B0001B23FB1800221A70FC4B00221A717B6814
:1058C000002B03D07B681800FDF7C0FCC023DB056C
:1058D0001800FFF783FFC023DB051800FFF78DFFDB
:1058E000F34B1800FFF798FFF24A9E239B00D35812
:1058F0000F2293431A007B6A0F210B40ED491A4394
:105900009E239B00CA50EB4A9D239B00D358F02254
:1059100093431A00BB6A1B01FF210B40E5491A4360
:105920009D239B00CA50E34A9D239B00D3580F221E
:1059300093431A00FB6A0F210B40DE491A439D2353
:105940009B00CA501B23FB181B78002B1ED0D94A82
:1059500092239B00D358072293431A003B6A0721E6
:105960000B40D4491A4392239B00CA50D14A922338
:105970009B00D358382293431A00FB69DB0038217F
:105980000B40CC491A4392239B00CA50C94AA42316
:105990005B00D358FF229343C64955221A43A423E0
:1059A0005B00CA50C34AAA235B00D358FF2293432B
:1059B000C04966221A43AA235B00CA50BD4AB423D9
:1059C0005B00D358FF229343BA4955221A43B423AC
:1059D0005B00CA50B74AC4235B00D358FF229343ED
:1059E000B4491D221A43C4235B00CA50B14AC223E2
:1059F0005B00D358FF229343AE4959221A43C22376
:105A00005B00CA50AB4AC6235B00D358FF229343C6
:105A1000A84932221A43C6235B00CA50A54AB623BE
:105A20005B00D358A34901221A43B6235B00CA5036
:105A30004020FFF781FD3F20FFF796FD0920FFF78B
:105A4000ADFD7420FFF7ECFD3820FFF703FE762054
:105A5000FFF7B8FD3A20FFF7CBFD1020FFF73CFE23
:105A60001020FFF753FE0520FFF76AFE1420FFF712
:105A700005FE0520FFF718FEFFF778FEFFF784FE0E
:105A8000FFF790FE13203B1800221A703B181B787A
:105A90003A18591C11701A007B699B1801221A7060
:105AA0003B181B783A18591C11701A007B699B1817
:105AB0005E221A707F4A9E239B00D1583B181B78A8
:105AC00004003A18581C10701A007B699B18CAB25F
:105AD0001A7020003B181B783A18591C11701A00D4
:105AE0007B699B1801221A703B181B783A18591CC5
:105AF00011701A007B699B185D221A706D4A9D23F4
:105B00009B00D1583B181B7804003A18581C1070A1
:105B10001A007B699B18CAB21A7020003B181B78C8
:105B20003A18591C11701A007B699B1801221A70CF
:105B30003B181B783A18591C11701A007B699B1886
:105B400052221A705B4A92239B00D1583B181B7853
:105B500004003A18581C10701A007B699B18CAB2CE
:105B60001A7020003B181B783A18591C11701A0043
:105B70007B699B1801221A703B181B783A18591C34
:105B800011701A007B699B1812221A70494AA423CB
:105B90005B00D1583B181B7804003A18581C107051
:105BA0001A007B699B18CAB21A7020003B181B7838
:105BB0003A18591C11701A007B699B1801221A703F
:105BC0003B181B783A18591C11701A007B699B18F6
:105BD00015221A70374AAA235B00D1583B181B784C
:105BE00004003A18581C10701A007B699B18CAB23E
:105BF0001A7020003B181B783A18591C11701A00B3
:105C00007B699B1801221A703B181B783A18591CA3
:105C100011701A007B699B181A221A70254AB42346
:105C20005B00D1583B181B7804003A18581C1070C0
:105C30001A007B699B18CAB21A7020003B181B78A7
:105C40003A18591C11701A007B699B1801221A70AE
:105C50003B181B783A18591C11701A007B699B1865
:105C600022221A70134AC4235B00D1583B181B78B8
:105C700004003A18581C10701A007B699B18CAB2AD
:105C80001A7020003B181B783A18591C11701A0022
:105C90007B699B1801221A703B181B783A18591C13
:105CA00011701A007B699B1806E0C046C0000020F6
:105CB000001800600014006021221A70494AC223B3
:105CC0005B00D1583B181B7804003A18581C107020
:105CD0001A007B699B18CAB21A7020003B181B7807
:105CE0003A18591C11701A007B699B1801221A700E
:105CF0003B181B783A18591C11701A007B699B18C5
:105D000023221A70374AC6235B00D1583B181B78F0
:105D100004003A18581C10701A007B699B18CAB20C
:105D20001A7020003B181B783A18591C11701A0081
:105D30007B699B1801221A703B181B783A18591C72
:105D400011701A007B699B181B221A70254AB62312
:105D50005B00D1583B181B7804003A18581C10708F
:105D60001A007B699B18CAB21A703B191B783A1942
:105D7000591C11701A007B699B1800221A701A4A6C
:105D80001A4B1A60184A194B5A60194A174B9A60F5
:105D9000164B0022DA60154B1B681800FFF7BCFB9E
:105DA000104B01221A61FFF70BFDC023DB055B6876
:105DB000FB60C023DB05FA685A600E4B5A6C0D4B32
:105DC00001210A435A640B4B1A6C0A4B01210A4306
:105DD0001A64C023DB055B68FB60C046BD460DB09E
:105DE00090BDC04600140060CC020020BC02002020
:105DF000C80200200018006080B586B000AF244AB9
:105E0000A9239B00D358FB60214AAA239B00D358A7
:105E1000BB60BB681B021B041A0CFB68FF210B4014
:105E200013433B611A4AAB239B00D3587B603B6909
:105E3000002B02D07B680B2B02D97F237B6120E0F3
:105E40007A6813005B009B185B00773B7B6105E081
:105E50007B6906337B613B695B083B613B691E2BB9
:105E6000F6D83A6913005B009B189B009B185B01F6
:105E70009B18084A944663449B0A1A007B699B1846
:105E80007B617B695BB21800BD4606B080BDC04631
:105E900000140060A046000080B582B000AFC023AF
:105EA000DB05DB697B60C023DB055B683B60C023EF
:105EB000DB053A685A6000F015FE7A683B681343C8
:105EC000180006F0D1F800F0F7FDC023DB055B6891
:105ED0003B60C046BD4602B080BD80B500AF05F056
:105EE000EDFDC046BD4680BD80B582B000AF02006A
:105EF000FB1D1A70FB1D1B787F2B09D8FB1D1B781F
:105F00001A001F231A40044B012191400A001A6015
:105F1000C046BD4602B080BD00E100E080B582B061
:105F200000AF78607B68DB680322934302221A4348
:105F30007B68DA60C046BD4602B080BD80B582B0E5
:105F400000AF78607B68DB68032293431A007B68AC
:105F5000DA60C046BD4602B080BD80B582B000AFF9
:105F600078607B68DB6803221340022B01D1012398
:105F700000E000231800BD4602B080BD80B582B0AD
:105F800000AF78607B68DB68032293431A007B686C
:105F9000DA60C046BD4602B080BD80B582B000AFB9
:105FA00078607B68DB6803221340032B01D1012357
:105FB00000E000231800BD4602B080BD80B582B06D
:105FC00000AF786039607B683A681A61C046BD46A8
:105FD00002B080BD80B582B000AF78607B689B6AFC
:105FE0008022D2051A437B689A62C046BD4602B041
:105FF00080BD000080B582B000AF78607B689B6A8E
:10600000034A1A407B689A62C046BD4602B080BD12
:10601000FFFFFFBF80B582B000AF78607B681B6B6D
:106020008022D2051A437B681A63C046BD4602B07F
:1060300080BD000080B582B000AF78607B681B6BCC
:10604000034A1A407B681A63C046BD4602B080BD51
:10605000FFFFFFBF80B582B000AF78600A00FB1C75
:106060001A70FB1C1A787B689A60C046BD4602B065
:1060700080BD80B582B000AF786039607B683A68D7
:106080005A62C046BD4602B080BD80B582B000AF46
:10609000786039607B683A68DA62C046BD4602B013
:1060A00080BD80B582B000AF78607B681B69180046
:1060B000BD4602B080BD80B582B000AF78607B681D
:1060C0009B6A802292051A437B689A62C046BD464D
:1060D00002B080BD80B582B000AF78600A00FB1CC2
:1060E0001A70084B9B6A072293431900FB1C1B780C
:1060F00007221A40034B0A439A62C046BD4602B0CB
:1061000080BDC0460018006080B582B000AF7860E6
:106110007B681B6C01221A437B681A64C046BD462B
:1061200002B080BD80B582B000AF78607B689B6CA8
:1061300001221A437B689A64C046BD4602B080BD06
:1061400080B582B000AF78607B685B6C01221A4337
:106150007B685A64C046BD4602B080BD80B582B03F
:1061600000AF78607B685B6C01221340012B01D18A
:10617000012300E000231800BD4602B080BD80B5B9
:1061800082B000AF78607B68DB6C01221A437B68C9
:10619000DA64C046BD4602B080BD80B582B000AFB3
:1061A00078607B68DB6C01221340012B01D1012355
:1061B00000E000231800BD4602B080BD80B582B06B
:1061C00000AF786039607B683A685A60C046BD4667
:1061D00002B080BD80B582B000AF78607B680022DD
:1061E0009A60C046BD4602B080BD80B582B000AFA7
:1061F00078607B689B681800BD4602B080BD80B5A2
:1062000082B000AF78607B68DB681800BD4602B0E2
:1062100080BD80B582B000AF78607B681B690122C9
:106220001A437B681A61C046BD4602B080BD80B586
:1062300082B000AF78607B681B6901221340012B9C
:1062400001D1012300E000231800BD4602B080BD4B
:10625000F0B583B000AF78607C4B1800FFF78FFF7C
:106260007A4B1800FFF75EFF1720FFF73DFE142062
:10627000FFF73AFE754B1800FFF762FF734B1800EB
:10628000FFF742FF1820FFF72FFE7B681B881A1CC0
:1062900093B2C82B01D2C8231A1C93B219006C4BBD
:1062A000982299507B685B685A1E9341DBB21A00B2
:1062B000674B1A70664B1B78002B03D17B689B7869
:1062C000002B02D000F016FD10E0614BC8225203F3
:1062D0001A625F4BC8225203DA615D4B5D4A9A61D4
:1062E0005B4B5D4A1A615A4B5C4A5A617B685B683A
:1062F000002B08D1A023DB05180000F0FFFB0200F3
:10630000534B5A601DE07B685B681B030A21180031
:10631000F9F78EFF03001A004D4B5A604C4B5E6834
:106320004F4B180000F0EAFB03009E4202D2484B9C
:106330005A6804E04A4B180000F0E0FB0200444BAE
:106340005A60434B00221A727B681B881A00404B2C
:106350009A663F4B9B6E9AB23D4B9B6919001000A9
:1063600000F03CFE3A4B8422002199543849002227
:1063700000230A674B67354B1800FFF792FE0200B7
:10638000334B80215A503249002200238A67CB6761
:106390002F49002200238A62CB622D4B3422002138
:1063A00099542B4B58682A4B9B6919002D4B1A00A6
:1063B000F9F786FE0200264B1A63254B1978244B09
:1063C00094229954224B8C2200219950204B9022E8
:1063D000012199541E4B9322002199541C4B912268
:1063E000002199541A4B922200219954184B612292
:1063F00000219954164B622200219954144B6322B8
:10640000002199541249002200238A65CB65104B64
:10641000154A9A640E4B00225A6500F085FB020073
:106420000B000B4949680C0000210D0012196B414B
:106430000E49080000F028FE054B0121180000F06D
:1064400009FDC046BD4603B0F0BDC046001800605F
:10645000F0020020C2F528008D5B0000ECEB650126
:10646000FFEFFFFF26030000397004103003002007
:10647000B0B594B000AF0B2308229B18DB190022A3
:106480001A70EFF310833B633B6BBB6472B6C0467C
:10649000C34B61229B5C002B0FD0C14B9C6DDD6D0B
:1064A00000F042FB02000B00AB4202D805D1A24231
:1064B00003D9BB4B612200219954BB6CFB62FB6A80
:1064C00083F31088C04672E0B54B9122995CB44BBF
:1064D00092229A5C372308201B18DB198A1A1A703B
:1064E000AF4B8C229B580C22BA181100180000F0F8
:1064F000D1FF0200AA4B8C215A50FB68FB6410E0CC
:10650000FB6C1B697B63FB6C00221A73FB6C9B6842
:10651000002B04D0FB6C9B68FA6C100098477B6BD7
:10652000FB64FB6C002BEBD19D4B8C229B580B2406
:1065300008256219D2191100180000F06DFE020042
:10654000974B8C215A506319DB191B78012B21D1F1
:10655000EFF31083BB62BB6ABB6372B6C046904B5D
:1065600091229B5C01338E4A9221525C934203D16B
:106570008B4B91229B5C04E0894B91229B5C013305
:10658000DBB2874A91215354BB6B7B627B6A83F3F6
:106590001088C046824B92229A5C372308215B18F0
:1065A000DB191B78D318D9B27D4B922299547C4BBE
:1065B00091229A5C7A4B92215B5C9A420AD3784B87
:1065C00091229A5C764B92215B5CD31A5A1E9341BE
:1065D000DBB20CE0724B91229B5C1900704B922253
:1065E0009B5CCB1A0133FF335A1E9341DBB2002B65
:1065F00000D069E76A4B1B7A002B00D1B0E0694BF1
:106600001800FFF714FE031E00D1C5E0644B002202
:106610001A72634B94229B5C002B09D1604B93222E
:106620009B5C002B04D05E4B93220021995437E0F1
:1066300000F07AFF5A4B8C229B580B2408256219D4
:10664000D2191100180000F0E7FD0200544B8C2114
:106650005A506319DB191B78012B21D1EFF31083FA
:106660003B623B6A7B6472B6C0464D4B91229B5C99
:1066700001334B4A9221525C934203D1484B912201
:106680009B5C04E0464B91229B5C0133DBB2444AA5
:10669000912153547B6CFB61FB6983F31088C046E6
:1066A0003F4B9C229B5C002B44D03D4B9C22002105
:1066B00099543B4B6222012199540B2408256319FC
:1066C000DA19394B1100180000F0E2FF344B8C222C
:1066D0009B586219D2191100180000F09DFD0200AC
:1066E0002F4B8C215A506319DB191B78012B21D1B8
:1066F000EFF31083BB61BB693B6472B6C046284BA5
:1067000091229B5C0133264A9221525C934203D131
:10671000234B91229B5C04E0214B91229B5C013333
:10672000DBB21F4A912153543B6C7B617B6983F33D
:106730001088C0461D4B180000F022FA00F0F4F952
:1067400002000B00164949683960002179603868F9
:10675000796812184B411549080000F095FC1BE0C0
:106760000F4B1B78002B17D000F0DEF90C4B9A6A08
:10677000DB6AFA246403002512196B41994203D89D
:106780000AD1904200D807E0084B180000F0F8F951
:10679000064B180000F050FCC046BD4614B0B0BD1A
:1067A000F0020020001000604803002030030020A9
:1067B00080B582B000AF7860C023DB055B697A6882
:1067C0001100180001F098F902000B0010001900E8
:1067D000BD4602B080BD0000F0B589B000AFF860E2
:1067E000080011000B23FB18021C1A700A23FB1867
:1067F0000A1C1A700F260823F318DB1900221A70DE
:106800000B23FB181B785A1E9341D9B2544B6422B8
:1068100099540A23FB181B785A1E9341D9B2504B46
:10682000602299544E4B9A6ADB6A4D49886AC96A5C
:10683000F968091A39600021796038687968121896
:106840004B4147498A65CB65454B612200219954EC
:10685000434B632200219954414B622201219954F8
:1068600000F062F902000B00BA61FB613C4B8C2224
:106870009B58002B08D10823F318DA19394B110063
:10688000180000F005FF5EE0354B8C229B581A681B
:106890005B68F96999422FD8F969994202D1B969BF
:1068A000914229D82E4B9A6DDB6D2D498C200958C9
:1068B0000868496838607960294E98218C4661469D
:1068C0007658340000263500386879680019694127
:1068D000994202D807D1904205D9214B8C229B586E
:1068E0001B7B002B08D11E4B8C229B581B7B01224B
:1068F0005340DBB2002B20D00F2308229B18DA195B
:10690000184B1100180000F0C3FE154B9A6DDB6D9B
:1069100013498C20095808684968994212D801D156
:1069200090420FD80E4B8C229B581B7B002B09D01A
:106930000B4B95220121995404E000F09DFF00F0DB
:10694000B1FF00E0C046012000F04CFD0F230822FB
:106950009B18DB191B781800BD4609B0F0BDC04676
:10696000F002002048030020B0B588B000AFC0237B
:10697000DB051800FFF7E2FAC023DB051800FFF77C
:10698000FDFA354B1800FFF735FB344B612200212F
:106990009954324B622200219954304B63220021DA
:1069A0009954EFF31083BB60BB68BB6172B6C046FD
:1069B0002A4B9C6DDD6D00F0B7F802000B00A41AA5
:1069C0009D4122002B0025498420095C396000216B
:1069D000796038687968121A8B413A617B61BB69CA
:1069E000FB60FB6883F31088C0461D4B5B68DB05CA
:1069F000DB0D222B01D000F055FF7B69002B0CDC56
:106A00007B69002B02D13B69002B06D1172308229A
:106A10009B18DB1901221A7015E07B69002B0CDC36
:106A20007B69002B02D13B690E2B06D81723082265
:106A30009B18DB1902221A7005E0172308229B1805
:106A4000DB1900221A70172308229B18DB191B7808
:106A50001800BD4608B0B0BD00180060F00200206C
:106A600000ED00E080B584B000AFEFF310833B6031
:106A70003B68FB6072B6C0460E4B1800FFF711FB77
:106A80000300BB60BB681A1DC023DB0511001800A2
:106A9000FFF794FAC023DB051800FFF73FFAFB6805
:106AA0007B607B6883F31088C046C046BD4604B057
:106AB00080BDC0460018006080B500AFC023DB0574
:106AC0001800FFF74AFA031E08D1C023DB0518009F
:106AD000FFF763FA031E01D100F0E4FEC046BD4695
:106AE00080BD000080B500AF034B632200219954A4
:106AF000C046BD4680BDC046F002002080B582B0D1
:106B000000AF7860064BDB691900064A7B68180005
:106B1000F9F7D6FA03001800BD4602B080BDC046A2
:106B2000F00200203506000080B582B000AF3A1DAB
:106B3000054B1100180000F007FB02000B001000CD
:106B40001900BD4602B080BDF002002090B587B0AC
:106B500000AFF8603A607B603A687B68F9680800CB
:106B600000F092FA020017243B191A70012000F07D
:106B700039FC3B191B781800BD4607B090BD0000DA
:106B800090B589B000AF7860284B8C229B587A680A
:106B90001100180000F052FC0300FB610F217B186C
:106BA00000221A707B6800221A73204B8C229B589B
:106BB000FA699A4231D00C007A18FB69110018006A
:106BC00000F02AFB0200194B8C215A503B191B780C
:106BD000002B26D0EFF310837B617B69BB6172B61B
:106BE000C046124B91229B5C0133104A9221525CA9
:106BF000934203D10D4B91229B5C04E00B4B9122FD
:106C00009B5C0133DBB2094A91215354BB693B6160
:106C10003B6983F31088C04603E0044B8C21FA697A
:106C20005A50C046BD4609B090BDC046F002002093
:106C300080B582B000AF00237B607B68FA1C0F4BED
:106C40001100180000F024FD0D4B95229B5C002BD9
:106C500005D00B4B95220021995400F015F8094BF3
:106C60001800FFF76DFA074B1800FFF777FA0300DB
:106C70007B60C046BD4602B080BDC04648030020D0
:106C8000F00200200018006080B582B000AF002341
:106C90007B607B68154B952200219954144B18009A
:106CA000FFF7C8F9114B91229B5C01330F4A9221E7
:106CB000525C934203D10D4B91229B5C04E00B4B41
:106CC00091229B5C0133DBB2084A91215354084B5B
:106CD0001800FFF754FA064B1800FFF75EFA03009E
:106CE0007B60C046BD4602B080BDC046F0020020B9
:106CF0000018006080B500AFC0460B4B1800FFF7CE
:106D000096FA031EF9D0084B17211800FFF756FA20
:106D1000064B180000F01EF8054BDA69044B1A62A6
:106D2000C046BD4680BDC046001000600003002084
:106D3000F002002080B500AF054B1800FFF769FA9C
:106D4000034B1800FFF746FAC046BD4680BDC0465B
:106D50000010006080B582B000AF7860FFF7EAFFF6
:106D6000C046074B1800FFF762FA031EF9D07B6894
:106D7000180000F007F8C046BD4602B080BDC0460E
:106D80000010006080B58AB000AF78602E4B18000C
:106D9000FFF72BFA03007B6205E02B4B1800FFF78F
:106DA00024FA03007B62284B1800FFF71EFA02004A
:106DB0007B6A9A42F1D17B6A002BEED0234BFB61B8
:106DC0007B6A1B12BB617B6AFF2213407B61FB69FC
:106DD000BA695A437B69F9694B431B12D3181033C4
:106DE0005A117B68DA607A6A7B681A60184B3B61DB
:106DF000154B1800FFF703FA03003B6205E0124B46
:106E00001800FFF7FCF903003B620F4B1800FFF777
:106E1000F6F902003B6A9A42F1D13B6A002BEED0B0
:106E20003B6A9B11FB60FB683A695343BB60BB68DC
:106E300080331A127B689A603A6A7B685A60C0464F
:106E4000BD460AB080BDC04600100060F6BC080018
:106E50005307000090B585B000AF78600A00FB1CB6
:106E60001A70384B9B7BDBB2002B00DA0733DB1048
:106E7000DAB20F243B1901321A707B689B69190042
:106E8000314B1A001B20F9F71BF902002D4BD2B22F
:106E90005A712C4B9B79DBB2180000F06DF803009F
:106EA000D9B27B683D229954264B1B7ADBB21A007B
:106EB0003B191B78D318180000F05EF80300D9B214
:106EC0007B68382299541F4B5B7ADBB21A003B195E
:106ED0001B78D318180000F04FF80300D9B27B6874
:106EE00039229954174B9B7ADBB2180000F044F812
:106EF0000300D9B27B683A229954124BDB7ADBB299
:106F0000180000F039F80300D9B27B683B2299548D
:106F1000FB1C1B78002B10D00A4B1B7ADBB21A002B
:106F20003B191B78D318180000F010F80300DBB2EF
:106F30001B33D9B27B683C229954C046BD4605B08C
:106F400090BDC046C00000202603000080B584B07C
:106F500000AF78607B6868225343FB607B68DB226C
:106F60005343BB60FB681A0ABB681B0CD31818009C
:106F7000BD4604B080BD0000B0B588B000AFF86079
:106F800015494969396000217960F9680A000021D2
:106F90000B0038687968F9F73FFA02000B0010001F
:106FA000190002000B0092185B4112184B41BA61A4
:106FB000FB61BA69FB698020C004002112184B41B3
:106FC0005901D40E0C43DD0E23007B617B69180050
:106FD000BD4608B0B0BDC046F002002080B584B008
:106FE00000AF02003960BB1D1A80BB1D1B883968C9
:106FF0000E4A1800F9F764F80300FB60FA68802372
:107000005B019A4201DB0A4BFB60FB680F2B01DC42
:107010001023FB60FB681B11DBB2064A190010004D
:10702000FFF718F8C046BD4604B080BD2603000037
:10703000FF0F00000018006080B582B000AF7860DC
:107040000F4B1B7A01225340DBB2002B08D00C4BB4
:107050001B78002B01D0FFF76DFE094B01221A723D
:10706000FFF762FD02000B006420002112184B4163
:107070000449080000F008F8C046BD4602B080BDD3
:10708000F00200203003002090B589B000AFF86016
:107090003A607B601323FB1800221A70FB681B7B8D
:1070A000002B01D0012349E0F9683A687B680A6047
:1070B0004B60FB6801221A73224B8C229B58FA68A2
:1070C0001100180000F05EF90200FB68934230D115
:1070D00013243A19FB681100180000F09DF8020013
:1070E000184B8C215A503B191B78002B23D0EFF3FF
:1070F0001083BB61BB69FB6172B6C046114B912224
:107100009B5C01330F4A9221525C934203D10D4B99
:1071100091229B5C04E00B4B91229B5C0133DBB220
:10712000084A91215354FB697B617B6983F3108882
:1071300001E000F0B7FB1323FB181B781800BD46D5
:1071400009B090BDF0020020B0B58AB000AFF86081
:10715000B960EFF310837B617B69FB6172B6C04657
:10716000FB681A6F5B6F3A627B62294B1800FEF76F
:1071700098FF0200BB681A60BB681A68FB68802130
:107180005B58D31ABB61FB68DB691900214ABB69F4
:107190001800F8F795FF03003B6000237B603A6A14
:1071A0007B6A3868796812184B413A627B62FB68E7
:1071B0009A6FDB6F796A994205D3796A994215D142
:1071C000396A914212D2FB68DB691900114A012326
:1071D0005B421800F8F774FF03001C0000231D0039
:1071E0003A6A7B6A12196B413A627B62F9683A6AC1
:1071F0007B6A8A67CB67FB693B613B6983F31088D5
:10720000C0463A6A7B6A10001900BD460AB0B0BD9C
:107210000018006035060000B0B58EB000AFF86011
:10722000B960FB687B63FB683B63BB6800221A7034
:1072300094E07B6B1B7B002B00D18CE0EFF3108381
:10724000FB61FB69FB6272B6C0460E2308215B1826
:10725000DB1900221A700F235B18DA19474B110053
:10726000180000F015FA7B6B1C685D68FFF75CFC8A
:1072700002000B00A41A9D4122002B003A627B629F
:107280007B6A002B05DC7B6A002B5AD13B6A002B02
:1072900057D03B4B9A6DDB6D796B08684968384C69
:1072A000982564593C6000247C603C687D68001926
:1072B0006941994202D81BD1904219D9304B6122C1
:1072C0009B5C002B14D02E4B9A6DDB6D796B08689C
:1072D0004968994213D801D1904210D8284B6122B5
:1072E0009B5C002B0BD0264B95220121995406E084
:1072F0000E2308229B18DB1901221A7000E0C046F9
:107300003B6A0E2408256219D2191100180000F0FA
:1073100049FA6319DB191B78002B15D0184B622230
:107320009A5C174B61215B5C1343DBB25A1E93419D
:10733000D9B2134B62229954114B61220021995406
:1073400002E0BB6801221A70FB6ABB61BB6983F370
:107350001088C04606E07B6B1B697B637B6B002B50
:1073600000D066E7BB681B78002B01D03B6B00E0C8
:107370007B6B1800BD460EB0B0BDC0464803002070
:10738000F002002080B586B000AF786039607B687D
:107390007B6100233B617B68FB6004E07B693B61B0
:1073A0007B691B697B617B69002B0AD07B691A684A
:1073B0005B683968086849689942EFD801D1904202
:1073C000ECD83B687A691A613B69002B02D13B68B3
:1073D000FB6002E03B693A681A61FB681800BD4631
:1073E00006B080BD80B582B000AF0200FB1D1A70F0
:1073F000FB1D1B78002B10D00E4B90229B5C0122B2
:107400005340DBB2002B10D00B4B1800FFF714FEDB
:10741000084B90220121995407E0074B1800FFF711
:10742000AFFB044B902200219954C046BD4602B0E8
:1074300080BDC046F00200203003002080B586B039
:1074400000AF786039607B687B6100233B617B68BB
:10745000FB6004E07B693B617B691B697B617B6945
:10746000002B03D07A693B689A42F3D17B69002BE9
:107470000BD07A697B689A4203D17B691B69FB60F8
:1074800003E07B691A693B691A61FB681800BD4615
:1074900006B080BDB0B588B000AF786039607B6859
:1074A000FB610023BB617B687B613B687A681A6083
:1074B00000233B6121E0FB691B7B002B15D0FB699E
:1074C0001C685D68FFF730FB02000B00A41A9D41A9
:1074D00022002B00BA60FB60FB68002B11DCFB680C
:1074E000002B02D1BB68052B0BD8FB69BB61FB6984
:1074F0001B69FB613B6901333B61FB69002BDAD1FE
:1075000000E0C0463B69002B05D0BB6900221A6130
:10751000FB697B6102E03B6800221A607B6918000E
:10752000BD4608B0B0BD000080B590B000AF284B9C
:107530001B78002B37D03B001800FFF723FC244BAF
:107540009B6E9AB23B009B6819001000FFF746FD46
:10755000EFF310833B633B6BBB6372B6C0461C4BBF
:107560003422012199543B005A68194B5A613B005F
:107570009A68174B9A613B001A68154B1A613B00D9
:10758000DA68134BDA61124B180000F023F8BB6B7A
:107590007B637B6B83F31088C0460D4B0021180082
:1075A000FFF758FC10E0EFF31083BB62BB6AFB638C
:1075B00072B6C046064B180000F00CF8FB6BFB627D
:1075C000FB6A83F31088C046C046BD4610B080BD3C
:1075D000F0020020B0B588B000AF78612A4B1800E7
:1075E000FEF75FFD0300FB617B691B6ABB617B6982
:1075F0009C6ADD6A7B6980229B58FA69D31A234A08
:10760000B9691800F8F75CFD0300BB600023FB605C
:10761000BA68FB6812196B4179690A674B677B6925
:107620001B78002B1DD17B6980229B58FA69D21AE6
:107630007B691B6B9A4214D2144AB96901235B42DD
:107640001800F8F73DFD01007B691A6F5B6F396028
:10765000002179603868796812184B4179690A67A6
:107660004B677B698021FA695A507B691A6F5B6F9F
:1076700079698A62CB627B69DA697B691A62C04682
:10768000BD4608B0B0BDC046001800603506000019
:10769000B0B58AB000AF786039603B6800221A70DC
:1076A0007B689B7A002B00D175E03D4B9A6ADB6AC0
:1076B0003B4949680C0000210D0012196B413A62E8
:1076C0007B62EFF31083FB60FB68FB6172B6C04620
:1076D000FFF72AFA02000B003A617B617B681A68A7
:1076E0005B68386A796AC824A402002500196941D8
:1076F000994212D801D190420FD83A6A7B6AB920D8
:107700004000002112184B417969994205D87969E6
:10771000994236D13969914233D97B681A685B68DE
:107720004C204042C117801859413A697B690A24AC
:10773000002512196B41994202D81AD1904218D9EA
:107740007B681A685B6810007B68197B7B681B7A12
:107750001A0000F0D5F803001A003B681A707B6825
:1077600000229A727B6801225A727B680122DA72C7
:107770000BE00B4B6222002199543B6801221A70E6
:1077800003E0074B9C2201219954FB69BB60BB6855
:1077900083F31088C046C046BD460AB0B0BDC0469F
:1077A000F002002080B584B000AF786039602F4BC4
:1077B0009B6919002E4A7B681800F8F781FC0300CA
:1077C0007B607B68202B00D220237B60294B180034
:1077D000FEF767FC0300FB607A68FB68D318083388
:1077E000244A19001000FEF750FC224B1800FEF747
:1077F00062FC204B1800FEF70DFCC023DB051800CF
:10780000FEF7ABFB031E0DD1C023DB051800FEF70E
:10781000C4FB031E06D13B681B7801225340DBB238
:10782000002B04D03B6800221A70FB681AE000F0BD
:1078300023F8FA687B68D31808330F2293430D4A64
:1078400019001000FEF715FC0A4B00211800FEF786
:1078500041FC084B1800FEF7BDFB064B1800FEF775
:107860002AFCFB681800BD4604B080BDF002002071
:10787000260300000018006080B500AF084B1B799C
:10788000DBB2074A7F210B40DBB21371044B0022AD
:107890009A75034B0022DA75C046BD4680BDC046CE
:1078A000C000002080B582B000AF144B8C229B58E2
:1078B000FA1D11001800FFF7AFFC02000F4B8C21DE
:1078C0005A50FB1D1B78012B14D10C4B91229B5C51
:1078D00001330A4A9221525C934203D1074B912211
:1078E0009B5C04E0054B91229B5C0133DBB2034AB5
:1078F00091215354C046BD4602B080BDF002002025
:1079000080B58AB000AF786008001100FB1C021C33
:107910001A70BB1C0A1C1A70FB1C1B78002B15D09C
:10792000BB1C1B78002B08D06E4B38229B5C3B6243
:107930006C4B3C229B5CFB611DE06A4B39229B5CDB
:107940003B62684B3C229B5CFB6114E0BB1C1B78D8
:10795000002B08D0634B3A229B5C3B62614B3C227C
:107960009B5CFB6107E05F4B3B229B5C3B625D4B9A
:107970003C229B5CFB610C23FA185A4B1100180047
:10798000FFF7E2FB02000B007B689B1A7B61554B03
:107990009B691900544A7B691800F8F791FB0300B2
:1079A0003B61504B9A6EFB69D318C8337A699A428F
:1079B0002FD94E4B5B79DBB21A003B699A1A3B6AAE
:1079C000D31A7B62FA687B6AD318494A19001000FF
:1079D000FEF74FFB464B00211800FEF77BFBC02350
:1079E000DB051800FEF7AAFAC023DB051800FEF736
:1079F000C5FA3F4B1800FEF7EDFA3D4B1800FEF7B5
:107A00005AFB3A4B5B79DBB21A003B6A9B183B622C
:107A100021E0344B3D229B5C1A003B699A1A3B6A79
:107A2000D31A7B62FA687B6AD218C023DB05110087
:107A30001800FEF7C3FA2E4B1800FEF7DBFAC0233E
:107A4000DB051800FEF76AFA264B3D229B5C1A0004
:107A50003B6A9B183B62FA683B69D218214B88212C
:107A60005A50224B1B79DBB22049802252421343E9
:107A7000DBB20B711D4BF0229A751C4BFF22DA759D
:107A80007A6A3B6AD2183B6A05339A4212D2C02303
:107A9000DB051800FEF752FAC023DB051800FEF7DD
:107AA0006DFA134B1800FEF7A5FA1B23FB180122F1
:107AB0001A7010E00B4BDB6919000E4A3B6A180084
:107AC000F8F7FEFA0300D9B2064B842299541B231F
:107AD000FB1800221A701B23FB181B781800BD46E8
:107AE0000AB080BDF002002026030000C000002084
:107AF0000018006035060000B0B584B000AF7860B3
:107B000039600823FA18124B11001800FFF71CFB0C
:107B100002000B0039680A604B60BA687B68D01AB3
:107B20000B4BDB6919000B4B1A00F8F7C9FA03007D
:107B3000FB603B681A685B68F9680C0000210D0067
:107B4000121BAB4110001900BD4604B0B0BDC046C9
:107B5000F00200203506000080B500AFFFF794F872
:107B600004F07BFAC046BD4680BD80B500AF04F08E
:107B70006DFAFFF75DF8C046BD4680BD80B582B0A6
:107B800000AF00237B607B68C023DB055A6FC023F6
:107B9000DB0501210A435A67C023DB055B6F7B606D
:107BA000C046BD4602B080BD80B582B000AF7860EF
:107BB000084B9A6A7B68D943064B0A409A62054B88
:107BC000DA6A7B68D943034B0A40DA62C046BD4695
:107BD00002B080BD0000504880B500AF044B1A6869
:107BE000034B802149020A431A60C046BD4680BD4E
:107BF0000000404880B500AF044B1A68034B0449AD
:107C00000A401A60C046BD4680BDC04600004048DC
:107C1000FFFFFEFF80B500AF074B1A6880239B0271
:107C20001A4080239B029A4201D1012300E00023E5
:107C30001800BD4680BDC0460000404880B582B0F7
:107C400000AF78600B4A9823D3580B4A1A407B68E0
:107C50001B020849134398228B50064A9823D35895
:107C600004498022134398228B50C046BD4602B07F
:107C700080BDC04600004048FFC0FFFF80B582B015
:107C800000AF7860074A9823D358702293431A00B4
:107C900004497B68134398228B50C046BD4602B00E
:107CA00080BDC0460000404880B500AF074B9A68D1
:107CB000064B04218A439A60044B9A68034B0221C5
:107CC0008A439A60C046BD4680BDC0460000404819
:107CD00080B500AF074B9A68064B02210A439A60B1
:107CE000044B9A68034B04210A439A60C046BD4680
:107CF00080BDC0460000404880B500AF074B1A6801
:107D00008023DB001A408023DB009A4201D101234B
:107D100000E000231800BD4680BDC046000040487A
:107D200080B582B000AFC0460F4B1A6880239B021B
:107D30001340F9D00C4B9A680B4B02210A439A600E
:107D400000237B6003E0C0467B6801337B607B6877
:107D5000052BF8DD044B9A68034B04210A439A6013
:107D6000C046BD4602B080BD0000404880B582B02C
:107D700000AF7860064B9B68064A13401900044B1D
:107D80007A680A439A60C046BD4602B080BDC046CC
:107D900000004048FF7FFEFF80B500AF044B1A682B
:107DA000034B10210A431A60C046BD4680BDC04641
:107DB0000000404880B500AF044B1A68034B102107
:107DC0008A431A60C046BD4680BDC0460000404898
:107DD00080B500AF054B1B6820221340202B01D13A
:107DE000012300E000231800BD4680BD000040488C
:107DF00080B500AF044B1A68034B40210A431A6058
:107E0000C046BD4680BDC0460000404880B500AFBA
:107E1000044B1A68034B40218A431A60C046BD4692
:107E200080BDC0460000404880B500AF054B1B68D0
:107E300040221340402B01D1012300E00023180011
:107E4000BD4680BD0000404880B582B000AF78607C
:107E5000064BDB68602293431900044B7A680A439F
:107E6000DA60C046BD4602B080BDC0460000404852
:107E700080B500AF044B1A68034B04210A431A6013
:107E8000C046BD4680BDC0460000404880B500AF3A
:107E9000044B1A68034B04218A431A60C046BD464E
:107EA00080BDC0460000404880B500AF054B1B6850
:107EB00008221340082B01D1012300E00023180001
:107EC000BD4680BD0000404880B500AF044B1A6835
:107ED000034B802189010A431A60C046BD4680BD1C
:107EE0000000404880B500AF044B1A68034B0449BA
:107EF0000A401A60C046BD4680BDC04600004048EA
:107F0000FFDFFFFF80B500AF074B1A688023DB015E
:107F10001A408023DB019A4201D1012300E00023B3
:107F20001800BD4680BDC0460000404880B582B004
:107F300000AF7860064B9B68E02293431900044B26
:107F40007A680A439A60C046BD4602B080BDC0460A
:107F50000000404880B584B000AF78607B68002B9B
:107F600001D1012340E17B681B681022134033D00C
:107F70007B689B68002B02D1FFF796FE01E0FFF7BC
:107F8000A7FE7B689B68042B13D1FBF7B7FD0300AA
:107F9000FB6008E0FBF7B2FD0200FB68D31A642B1C
:107FA00001D9032320E1FFF7A7FE0300012BF1D045
:107FB00012E0FBF7A3FD0300FB6008E0FBF79EFD6A
:107FC0000200FB68D31A642B01D903230CE1FFF7ED
:107FD00093FE0300012BF1D17B681B680122134043
:107FE00039D02020FFF72AFE3020FFF747FE7B68BC
:107FF0005A6880235B029A4202D1FFF7EDFD01E04F
:10800000FFF7F8FD7B685B68002B12D0FBF776FD6D
:108010000300FB6008E0FBF771FD0200FB68D31A68
:10802000642B01D90323DFE0FFF7F4FD031EF2D038
:1080300011E0FBF763FD0300FB6008E0FBF75EFD6A
:108040000200FB68D31A642B01D90323CCE0FFF7AD
:10805000E1FD031EF2D17B681B68042213403AD075
:108060007B681B69002B22D0FFF710FFC046FFF78B
:108070001BFF031EFBD1FFF79DFE80235B02180050
:10808000FFF774FEFFF7F4FEFBF738FD0300FB601B
:1080900008E0FBF733FD0200FB68D31A022B01D97D
:1080A0000323A1E0FFF700FF031EF2D013E0FFF768
:1080B000EDFEFBF723FD0300FB6008E0FBF71EFD70
:1080C0000200FB68D31A022B01D903238CE0FFF7CF
:1080D000EBFE031EF2D17B681B680222134049D0DD
:1080E000FFF7D4FEFFF766FEC046FFF771FE031EE2
:1080F000FBD1C0239B011800FFF756FD80231B0214
:108100001800FFF733FE2020FFF79EFE7B68DB6838
:10811000102B02D1FFF740FE01E0FFF74BFE7B681A
:10812000DB68002B13D0FBF7E9FC0300FB6009E0E0
:10813000FBF7E4FC0200FB68D31A2D4A934201D9F5
:10814000032351E0FFF744FE031EF1D012E0FBF7DA
:10815000D5FC0300FB6009E0FBF7D0FC0200FB68E4
:10816000D31A234A934201D903233DE0FFF730FE9F
:10817000031EF1D17B681B680822134033D07B6853
:108180005B69402B02D1FFF733FE01E0FFF73EFEB3
:108190007B685B69002B13D0FBF7B0FC0300FB602E
:1081A00009E0FBF7ABFC0200FB68D31A104A9342CC
:1081B00001D9032318E0FFF737FE031EF1D012E0C8
:1081C000FBF79CFC0300FB6009E0FBF797FC020057
:1081D000FB68D31A064A934201D9032304E0FFF750
:1081E00023FE031EF1D100231800BD4604B080BD5C
:1081F0008813000080B584B000AF786039607B6878
:10820000002B01D1012398E04E4B5B683022934351
:1082100019004C4B3A680A435A607B681B68022B72
:108220000ED1FFF741FDFFF767FD031E01D10123CA
:1082300083E0FFF757FE7B685B681800FFF776FE68
:108240007B681B68002B24D1FFF756FD031E01D16C
:10825000012372E0FFF7DEFC031E01D101236CE075
:10826000FFF732FEFBF74AFC0300FB6008E0FBF778
:1082700045FC0200FB68D31A022B01D903235CE002
:10828000FFF740FE031EF2D07B685B681800FFF723
:108290004DFE7B681B68012B17D1FFF741FDFFF7EF
:1082A0002BFD031E01D0012347E0FFF7B3FC031EA3
:1082B00001D1012341E0244B9B68E0229343190044
:1082C0007B685A68204B0A439A601E4B5B683022D9
:1082D00013403A689A421DD01A4B5B683022934390
:1082E0001900184B3A680A435A60FBF707FC030071
:1082F000FB6008E0FBF702FC0200FB68D31A022BCC
:1083000001D9032319E00F4B5B68302213403A6810
:108310009A42EFD10023BB6003E0C046BB68013343
:10832000BB60BB68052BF8DDFBF712FBFBF7F0FB2E
:1083300003001800FBF788FB03001800BD4604B0DB
:1083400080BDC046001000400000404880B500AF2E
:10835000024B1B681800BD4680BDC0464407002084
:1083600080B582B000AF7860064B9B68064A134028
:108370001900044B7A680A439A60C046BD4602B0B1
:1083800080BDC04600004048FF7FFEFF80B582B040
:1083900000AF7860064B1B6E062293431900044B16
:1083A0007A680A431A66C046BD4602B080BDC04620
:1083B0000000404880B582B000AF7860064B9B68F3
:1083C000064A13401900044B7A680A439A60C04673
:1083D000BD4602B080BDC04600004048FFEFFFFF31
:1083E00080B582B000AF7860064B9B68064A1340A8
:1083F0001900044B7A680A439A60C046BD4602B031
:1084000080BDC04600004048FFFF7FFF80B582B0BE
:1084100000AF7860064B9B68064A13401900044B76
:108420007A680A439A60C046BD4602B080BDC04625
:1084300000004048FFFFBFFF80B582B000AF78600A
:108440007B681B680122134004D07B681B691800FD
:10845000FFF79CFF7B681B680222134004D07B68F7
:108460005B691800FFF7A6FF7B681B6804221340B6
:1084700004D07B685B681800FFF7B2FF7B681B685D
:108480000822134004D07B689B681800FFF7BEFFEA
:108490007B68DB682022134004D07B68DB6818000F
:1084A000FFF75EFF00231800BD4602B080BD80B517
:1084B00082B000AF78607B68002B01D101232DE0F2
:1084C0007B685B7ADBB2002B06D17B6800221A72D4
:1084D0007B681800FAF7A8FF7B6802225A727B6853
:1084E0001B6800221A607B681B681B680822934384
:1084F00019007B685A687B681B680A431A607B68AE
:108500001B681A687B681B6804218A431A607B68B1
:1085100001225A727B680022DA6000231800BD46EF
:1085200002B080BDB0B5AAB000AF78607B681B68B0
:10853000DB69A422B9180B607B681B681B68A0204C
:1085400039180B607B681B689B689C2439190B6089
:108550001100BB181B68A24A13409822BD182B605B
:10856000BB181B68002B1AD17B181B6820221340F4
:1085700015D03B181B682022134005D13B191A68FF
:1085800080235B0513400AD07B685B6F002B00D112
:10859000E3E27B685B6F7A6810009847DDE298231E
:1085A000FB181B68002B00D122E19C23FB181B68E1
:1085B0008C4A134006D1A023FB181B688A4A13403B
:1085C00000D115E1A423FB181B680122134012D02F
:1085D000A023FB181A6880235B0013400BD07B6834
:1085E0001B6801221A627B6890229B5801221A4361
:1085F0007B6890215A50A423FB181B680222134069
:1086000011D09C23FB181B68012213400BD07B6800
:108610001B6802221A627B6890229B5804221A432C
:108620007B6890215A50A423FB181B680422134036
:1086300011D09C23FB181B68012213400BD07B68D0
:108640001B6804221A627B6890229B5802221A43FC
:108650007B6890215A50A423FB181B680822134002
:1086600017D0A023FB181B682022134005D19C23A0
:10867000FB181B685B4A13400BD07B681B68082201
:108680001A627B6890229B5808221A437B689021CB
:108690005A50A423FB181A6880231B01134013D0DF
:1086A000A023FB181A688023DB0413400CD07B68DE
:1086B0001B68802212011A627B6890229B5820223C
:1086C0001A437B6890215A507B6890229B58002B5C
:1086D00000D144E2A423FB181B682022134015D0CC
:1086E000A023FB181B682022134006D19C23FB18F3
:1086F0001A6880235B05134008D07B685B6F002BF2
:1087000004D07B685B6F7A68100098477B68902282
:108710009B5894217A1813607B681B689B684022E1
:108720001340402B04D07B181B68282213404CD0E8
:108730007B68180000F040FA7B681B689B68402249
:108740001340402B3CD1EFF310833B663B6E9020EF
:108750003A18136001237B667B6E83F31088C04652
:108760007B681B689A687B681B6840218A439A6013
:108770003B181B68BB66BB6E83F31088C0467B68E2
:1087800080229B58002B16D07B6880229B58174A6A
:108790009A637B6880229B581800FBF704FB031E3A
:1087A0001CD07B6880229B589B6B7A688021525832
:1087B0001000984712E07B68180000F0E9F90DE01E
:1087C0007B68180000F0E4F908E07B68180000F00E
:1087D000DFF97B68902200219950C0E1C046BEE1DC
:1087E0000F0800000100001020010004858C041017
:1087F0007B68DB6E012B00D05DE1A423FB181B68B6
:108800001022134000D156E1A023FB181B68102250
:10881000134000D14FE17B681B6810221A627B680D
:108820001B689B6840221340402B00D0C3E07B684C
:1088300080229B581B685A687E217B181A807B18FF
:108840001B88002B00D197E07B685C229B5A7A182A
:1088500012889A4200D38FE07B687A185E211288D2
:108860005A527B6880229B581B681B682022134049
:1088700070D1EFF310833B633B6BBB6701237B63DA
:108880007B6B83F31088C0467B681B681A687B6823
:108890001B68B8490A401A60BB6FBB63BB6B83F3AC
:1088A0001088C046EFF31083FB63FB6B7B670123EB
:1088B0003B643B6C83F31088C0467B681B689A68F6
:1088C0007B681B6801218A439A607B6F7B647B6CA9
:1088D00083F31088C046EFF31083BB64BB6C3B6727
:1088E0000123FB64FB6C83F31088C0467B681B6824
:1088F0009A687B681B6840218A439A603B6F3B659E
:108900003B6D83F31088C0467B688C2220219950F0
:108910007B680022DA66EFF310837B657B6DFB6674
:108920000123BB65BB6D83F31088C0467B681B6861
:108930001A687B681B6810218A431A60FB6EFB650E
:10894000FB6D83F31088C0467B6880229B5818001B
:10895000FBF7EAF97B6802221A677B685C229A5A65
:108960007B685E215B5A9BB2D31A9AB27B68110076
:10897000180000F015F9F4E07B685C229B5A7E2217
:10898000BA1812889A4200D0EBE07B6880229B588C
:108990001B681B6820221340202B00D0E1E07B687D
:1089A00002221A677B685C229A5A7B6811001800C1
:1089B00000F0F6F8D5E07B685C22995A7B685E226D
:1089C0009B5A9AB28E203B188A1A1A807B685E22C4
:1089D0009B5A9BB2002B00D1C5E03B181B88002B93
:1089E00000D1C0E0EFF31083FB60FB6888243A19E4
:1089F000136001233B613B6983F31088C0467B68A9
:108A00001B681A687B681B685B490A401A603B193F
:108A10001B687B617B6983F31088C046EFF310838A
:108A2000BB61BB6984243A1913600123FB61FB69B4
:108A300083F31088C0467B681B689A687B681B6854
:108A40004E490A409A603B191B683B623B6A83F3BC
:108A50001088C0467B688C22202199507B680022B8
:108A6000DA667B6800225A67EFF310837B627B6AC9
:108A700080243A1913600123BB62BB6A83F3108818
:108A8000C0467B681B681A687B681B6810218A4394
:108A90001A603B191B68FB62FB6A83F31088C046AF
:108AA0007B6802221A673B181A887B68110018003D
:108AB00000F076F857E0A423FB181B6880221340CF
:108AC00016D0A023FB181B688022134006D19C23DC
:108AD000FB181A6880231B04134009D07B689B6F26
:108AE000002B42D07B689B6F7A68100098473CE06F
:108AF000A423FB181B68402213400AD0A023FB18B4
:108B00001B684022134004D07B68180000F0CDF8A9
:108B10002CE0A423FB181A6880231B0413400BD0FD
:108B2000A023FB181A688023DB05134004D07B6860
:108B3000180000F0EEF819E0A423FB181A6880234F
:108B40005B04134012D0A023FB181B68002B0DDA26
:108B50007B68180000F0D5F808E0C04606E0C04683
:108B600004E0C04602E0C04600E0C046BD462AB070
:108B7000B0BDC046FFFEFFFFDFFEFFFFFEFFFFEFC1
:108B800080B582B000AF7860C046BD4602B080BDFF
:108B900080B582B000AF7860C046BD4602B080BDEF
:108BA00080B582B000AF78600A00BB1C1A80C04656
:108BB000BD4602B080BD000080B58EB000AF7860C9
:108BC000EFF310837B617B697B630123BB61BB692E
:108BD00083F31088C0467B681B681A687B681B6833
:108BE00026490A401A607B6BFB61FB6983F310889E
:108BF000C046EFF310833B623B6A3B6301237B6219
:108C00007B6A83F31088C0467B681B689A687B6820
:108C10001B681B490A409A603B6BBB62BB6A83F3CB
:108C20001088C0467B68DB6E012B18D1EFF31083F0
:108C3000BB60BB68FB620123FB60FB6883F31088A9
:108C4000C0467B681B681A687B681B6810218A43D2
:108C50001A60FB6A3B613B6983F31088C0467B68FE
:108C60008C22202199507B680022DA667B680022E2
:108C70005A67C046BD460EB080BDC046DFFEFFFF4E
:108C8000FEFFFFEF80B584B000AF78607B689B6A21
:108C9000FB60FB685E2200219952FB681800FFF719
:108CA00077FFC046BD4604B080BD80B586B000AF3A
:108CB0007860EFF31083BB60BB687B610123FB60CE
:108CC000FB6883F31088C0467B681B681A687B6862
:108CD0001B6840218A431A607B693B613B6983F3CF
:108CE0001088C0467B688822202199507B6800222A
:108CF0009A677B681800FFF743FFC046BD4606B081
:108D000080BD80B582B000AF7860C046BD4602B07D
:108D100080BD80B582B000AF7860C046BD4602B06D
:108D200080BD80B588B000AF78600A00BB1C1A8097
:108D30001B23FB1800221A707B681B78042B03D0BE
:108D40007B681B78822B16D17B6801337B617B6843
:108D50001B78042B03D17B690233FB6105E07B6840
:108D600001333B613B690333FB617B691B78FF2B5C
:108D700001D1FB69FB601B23FB181B78002B03D17F
:108D80007B68180003F0B6F9C046BD4608B080BD48
:108D900080B582B000AF0200BB1D1A80BB1D1B88CE
:108DA000180007F097FBC046BD4602B080BD80B5F5
:108DB00082B000AF0200FB1D1A70FB1D1B7818006B
:108DC00007F0CCFDC046BD4602B080BD80B582B084
:108DD00000AF786039603A687B681100180006F0CF
:108DE00081FB03001800BD4602B080BD80B582B093
:108DF00000AF786039603A687B681100180006F0AF
:108E00009BFB03001800BD4602B080BD80B582B058
:108E100000AF0200BB1D1A80BB1D1B8818000AF0A2
:108E200035FFC046BD4602B080BD80B500AF0AF038
:108E3000F9FF03001800BD4680BD80B500AF06F005
:108E4000ABFB03001800BD4680BD80B582B000AF0B
:108E5000786039603A687B681100180006F062FF9C
:108E600003001800BD4602B080BD80B582B000AFDF
:108E7000786039603A687B681100180006F082FF5C
:108E800003001800BD4602B080BD80B582B000AFBF
:108E9000786039603A687B681100180006F08EFF30
:108EA00003001800BD4602B080BD80B582B000AF9F
:108EB000786039603A687B681100180006F09AFF04
:108EC00003001800BD4602B080BD80B582B000AF7F
:108ED000786039603A687B681100180006F0CAFFB4
:108EE00003001800BD4602B080BD80B582B000AF5F
:108EF000786039603A687B681100180007F000F864
:108F000003001800BD4602B080BD80B582B000AF3E
:108F1000786039603A687B681100180007F020F823
:108F200003001800BD4602B080BD80B582B000AF1E
:108F3000786039603A687B681100180007F02EF8F5
:108F400003001800BD4602B080BD80B500AF11F02F
:108F5000D3F903001800BD4680BD80B582B000AFD4
:108F600078607B68180012F048FA03001800BD46CC
:108F700002B080BD80B582B000AF0200FB1D1A7048
:108F8000FB1D1B78180012F037FF03001800BD46C8
:108F900002B080BD80B582B000AF0200FB1D1A7028
:108FA000FB1D1B7818000BF01DF903001800BD46CF
:108FB00002B080BDB0B584B002AF05000C00100057
:108FC0001900FB1D2A1C1A70BB1D221C1A707B1D68
:108FD000021C1A703B1D0A1C1A703B1D1C787B1D5D
:108FE0001A78BB1D1978FB1D18781C23FB181B78F9
:108FF00001931823FB181B78009323000BF0E2FC6D
:10900000C046BD4602B0B0BD80B582B000AF020020
:10901000FB1D1A70FB1D1B7818000CF01CF90300D7
:109020001800BD4602B080BD80B582B000AF02001E
:10903000BB1D1A80BB1D1B8818000CF001FFC04629
:10904000BD4602B080BD80B582B000AF0200BB1D3E
:109050001A80BB1D1B8818000DF07CFAC046BD4667
:1090600002B080BD80B582B000AF0200BB1D1A8087
:10907000BB1D1B8818000EF0E3FFC046BD4602B0C2
:1090800080BD80B584B000AFF860B9607A607A685E
:10909000B968FB68180010F049F9C046BD4604B035
:1090A00080BD80B582B000AF78607B68180010F09A
:1090B000D1FA03001800BD4602B080BDB0B58AB039
:1090C00008AF05000C0010001900FB1D2A1C1A70C7
:1090D000BB1D221C1A707B1D021C1A703B1D0A1C32
:1090E0001A703B1D1C787B1D1A78BB1D1978FB1D5F
:1090F00018783023FB181B7806932C23FB181B7859
:1091000005932823FB181B7804932423FB181B7852
:1091100003932023FB181B7802931C23FB181B7856
:1091200001931823FB181B780093230010F036FDE1
:10913000C046BD4602B0B0BD80B582B000AF0200EF
:10914000BB1D1A80BB1D1B88180012F059F9C046C0
:10915000BD4602B080BD80B582B000AF0200BB1D2D
:109160001A80BB1D1B88180012F02EFAC046BD469F
:1091700002B080BD80B500AF12F086FBC046BD4690
:1091800080BD80B500AF07F0A7FFC046BD4680BDDB
:1091900080B582B000AF0200BB1D1A80BB1D1B88CA
:1091A000180008F005F8C046BD4602B080BD80B585
:1091B00082B000AF0200BB1D1A80BB1D1B881800C7
:1091C00008F06AF8C046BD4602B080BD80B582B0E6
:1091D00000AF0200BB1D1A80BB1D1B88180008F0E1
:1091E00087FBC046BD4602B080BD80B582B000AFEF
:1091F0000200BB1D1A80BB1D1B88180009F062FC11
:10920000C046BD4602B080BD80B582B000AF02004E
:10921000BB1D1A80BB1D1B88180009F00DFDC04640
:10922000BD4602B080BD80B582B000AF0200BB1D5C
:109230001A807B1D0A1C1A707B1D1A78BB1D1B88A7
:109240001100180005F068FE03001800BD4602B0CA
:1092500080BD80B582B000AF0200FB1D1A70FB1DFF
:109260001B78180005F0E3FE03001800BD4602B0AD
:1092700080BDB0B586B004AF05000C001000190029
:10928000FB1D2A1C1A70BB1D221C1A707B1D021CA0
:109290001A703B1D0A1C1A703B1D1C787B1D1A7826
:1092A000BB1D1978FB1D18782023FB181B7802932F
:1092B0001C23FB181B7801931823FB181B780093C1
:1092C000230005F0BDFE03001800BD4602B0B0BD8E
:1092D00080B582B000AF02003960BB1D1A803A68C9
:1092E000BB1D1B881100180005F0EEFE03001800DE
:1092F000BD4602B080BD80B582B000AF78607B68AB
:10930000180005F0EDFE03001800BD4602B080BD58
:1093100080B582B000AF78607B68180005F0E4FE8D
:1093200003001800BD4602B080BD80B582B000AF1A
:1093300078600A00BB1C1A80BB1C1A887B6811006D
:10934000180005F0D5FE03001800BD4602B080BD30
:1093500080B582B000AF78607B68180005F0CCFE65
:1093600003001800BD4602B080BDB0B584B002AFA6
:1093700005000C0010001900BB1D2A1C1A803B1DA3
:10938000221C1A80BB1C021C1A807B1C0A1C1A702F
:109390007B1C1C78BB1C1A883B1D1988BB1D1888B8
:1093A000FB6901931823FB181B880093230005F029
:1093B000A7FE03001800BD4602B0B0BDB0B584B032
:1093C00002AF05000C0010001900BB1D2A1C1A80FA
:1093D0003B1D221C1A80BB1C021C1A803B000A1C6D
:1093E0001A803B001C88BB1C1A883B1D1988BB1DBA
:1093F00018881823FB181B880093230005F0F6FF3C
:1094000003001800BD4602B0B0BD80B594B000AFF7
:10941000F860B9607A603023FB18BB642023FB1826
:109420007B641023FB183B640023FB640DE0FB6CA2
:109430007A68D218FB6C0F21CB1A1900BB6C5B1831
:1094400012781A70FB6C0133FB64FB6C0F2BEEDDA2
:109450000023FB643DE0FB6C0322D31A9B00FA68F7
:10946000D3181A68FB6C9B0019007B6C5B18D2B296
:109470001A70FB6C0322D31A9B00FA68D3181B687E
:10948000190AFB6C9B0001337A6CD318CAB21A70AC
:10949000FB6C0322D31A9B00FA68D3181B68190CC3
:1094A000FB6C9B0002337A6CD318CAB21A70FB6C47
:1094B0000322D31A9B00FA68D3181B68190EFB6CA1
:1094C0009B0003337A6CD318CAB21A70FB6C013359
:1094D000FB64FB6C032BBEDD1023FA183023F91854
:1094E0002023FB18180000F095F80023FB6428E007
:1094F000FB6C9B0003333A6CD3181B781A06FB6C89
:109500009B000233396CCB181B781B041A43FB6C8D
:109510009B000133396CCB181B781B021A43FB6C80
:109520009B0019003B6C5B181B781800FB6C032137
:10953000CB1A9B00B968CB1802431A60FB6C01334D
:10954000FB64FB6C032BD3DDC046C046BD4614B0A4
:1095500080BD000080B584B000AF7860074B196E05
:10956000064B7A680A431A66044B1B6E7A681340EE
:10957000FB60FB68C046BD4604B080BD00004048AB
:1095800080B582B000AF7860064B1B6E7A681340DE
:109590007A689A4201D1012300E000231800BD46F9
:1095A00002B080BD0000404880B582B000AF786056
:1095B000044B196C034B7A680A431A64C046BD46D3
:1095C00002B080BD0000404880B582B000AF786036
:1095D000054B1A6C7B68D943034B0A401A64C0469A
:1095E000BD4602B080BDC0460000404880B500AF17
:1095F0000120FFF7C5FF031E08D10120FFF7D4FFAC
:109600000120FFF7E1FF0120FFF7A4FF002318006E
:10961000BD4680BD90B587B000AFF860B9607A6094
:10962000314B1B78DBB20133DAB22F4B1A7017249F
:109630003B192D4A12781A70C023DB05BA681268EC
:109640009A62BB681A1DC023DB051268DA62BB6828
:1096500008331A00C023DB0512681A63BB680C3399
:109660001A00C023DB0512685A63C023DB05FA68C1
:1096700012689A63FB681A1DC023DB051268DA635F
:10968000FB6808331A00C023DB0512681A64FB6804
:109690000C331A00C023DB0512685A6400F026F868
:1096A000C023DB059A6C7B681A60C023DA057B68EF
:1096B0000433D26C1A60C023DA057B680833126D5C
:1096C0001A60C023DA057B680C33526D1A60064BB2
:1096D0001B78DBB23A1912789A42A8D100231800FD
:1096E000BD4607B090BDC0469003002080B582B053
:1096F00000AFFB1D64221A70C023DB05180000F0C8
:109700001CF8FB1D1B78DBB2013BDAB2FB1D1A70A3
:10971000C023DB05180000F01EF8031E05D0FB1D5A
:109720001B78DBB2002BECD100E0C046FB1D1B78A0
:10973000DBB21800BD4602B080BD80B582B000AF7C
:1097400078607B689B6D01221A437B689A65C046EE
:10975000BD4602B080BD80B582B000AF78607B6846
:10976000DB6D01221340012B01D1012300E0002316
:109770001800BD4602B080BD80B582B000AF7860F1
:109780007B689B6808221A437B689A60C046BD4686
:1097900002B080BD80B582B000AF78607B689B6806
:1097A00004221A437B689A60C046BD4602B080BD61
:1097B00080B582B000AF78607B689B6801221A4355
:1097C0007B689A60C046BD4602B080BD80B582B05D
:1097D00000AF786001F060FD00F086F801F086FDD2
:1097E000C046BD4602B080BD80B582B000AF786093
:1097F00001F052FD01F07AFDC046BD4602B080BDC9
:1098000080B584B000AF02003960FB1D1A70FB1DEB
:109810001B78012B02D1194BFB600FE0FB1D1B785D
:10982000022B02D1164BFB6008E0FB1D1B78032BBB
:1098300002D1144BFB6001E001231BE00B23FB185A
:1098400000221A7010E00B203B181A78FB68D3181E
:1098500019003B181B783A68D3180A781A703B181D
:109860001A783B1801321A700B23FB181B781F2B38
:10987000E9D900231800BD4604B080BD6C0430480F
:1098800090043048B404304880B500AF01F0F8FCD3
:10989000074B1800FFF770FF054B1800FFF77AFF22
:1098A000034B1800FFF784FFC046BD4680BDC0468D
:1098B0000000304880B582B000AF094B1B78002B08
:1098C00001D0012308E0074B1B687B607B68002BFD
:1098D00001D1002300E001231800BD4602B080BD85
:1098E000F40300200004304880B582B000AFFFF7D9
:1098F000E1FF0300012B0CD101F0CEFC194B032238
:109900001A60194B1B6817490422524210009847ED
:1099100024E000237B6007E0124B7A68920000216C
:10992000D1507B6801337B607B68172BF4DD0D4BD6
:1099300019000120FFF764FF0C4B19000220FFF70C
:109940005FFF0B4B19000320FFF75AFF01F0A4FC47
:10995000054B1B68034A110000209847C046BD46CE
:1099600002B080BD94030020F8030020B40300205F
:10997000D403002080B584B000AF7860074B196D28
:10998000064B7A680A431A65044B1B6D7A681340CC
:10999000FB60FB68C046BD4604B080BD0000404887
:1099A00080B582B000AF78607B681B680422934367
:1099B0001A007B681A60C046BD4602B080BD80B503
:1099C00082B000AF78607B685B6801221340012B96
:1099D00001D1012300E000231800BD4602B080BD84
:1099E00080B582B000AF78607B685B68042213406A
:1099F000042B01D1012300E000231800BD4602B072
:109A000080BD80B582B000AF78607B689B689BB2F8
:109A10001800BD4602B080BD80B500AF8023DB02D8
:109A20001800FFF7A7FF0B4B1800FFF7B9FFC04660
:109A3000084B1800FFF7C3FF031EF9D0054B1800B1
:109A4000FFF7CEFF031E01D0012300E00023180022
:109A5000BD4680BD0000604880B582B000AF786030
:109A6000C046094B1800FFF7AAFF031EF9D0064BAA
:109A70001800FFF7C6FF03001A007B681A80002356
:109A80001800BD4602B080BD0000604890B585B0AA
:109A900000AF78607B68FB60C046114B1800FFF791
:109AA0008EFF031EF9D00E4B1800FFF7AAFF03002C
:109AB0001A00FB681A80C046094B1800FFF77FFFA9
:109AC000031EF9D0FB689C1C054B1800FFF799FF9B
:109AD0000300238000231800BD4605B090BDC0469A
:109AE0000000604880B584B000AF78607B681B6878
:109AF000FB607B6800221A817B6800225A817B68A8
:109B000000229A817B6800229A73FB68BB60BB6865
:109B10001B78FF2B0CD17B685B689AB2FB689BB209
:109B2000D31A9BB2043B9AB27B689A81002328E047
:109B3000BB681B78FE2B06D17B681B8901339AB268
:109B40007B681A810CE0BB681B78002B06D17B6810
:109B50005B8901339AB27B685A8101E0032310E0EC
:109B6000BB685B880333032213431A00FB68D318D6
:109B70000133FB60FB685A1D7B685B689A42C4D363
:109B800000231800BD4604B080BD80B586B000AF8C
:109B9000F8607A603B600B23FB180A1C1A702020C7
:109BA0003B181B88002B0AD010217A183B181B8801
:109BB00053807B18FE221A707B187B6102E0FB68E1
:109BC0005B687B61FB685A68FB689B689A4203D2BA
:109BD0007B691B78FF2B01D104234BE0FB681B7BC7
:109BE000002B03D0FB6800221A7319E0FB685B6846
:109BF0007A695288033203210A439B185A1CFB6876
:109C00005A60FB685B687B61FB685A68FB689B680D
:109C10009A4203D27B691B78FF2B01D1042329E0F0
:109C20007B691B78002B23D07B691B78FE2B01D02E
:109C300003231FE00B22BB181B78FF2B05D07B6989
:109C40005B78BA1812789A42C8D1FB685B68043313
:109C50001A007B681A607B695A883B681A807B6AA5
:109C6000002B03D07B695A787B6A1A70002301E0CD
:109C7000C046B3E71800BD4606B080BDF0B58BB056
:109C800002AFF860080011007B600B23FB18021C78
:109C90001A7008221000BB180A1C1A80FB6B0022E5
:109CA0001A801F26BC191622BD181822BA180B23B9
:109CB000FB181978FB689C467B6C019338231B18B2
:109CC000DB191B8800932B006046FFF75EFF030043
:109CD0002370BB191B78002B02D0BB191B7827E01F
:109CE0001623FB181B880822BA1812889A4201D33F
:109CF00006231DE0BA6908243B191B88D1183023BC
:109D000008229B18DB191A881623FB181B881800D9
:109D10003B191B88C31A9A4200DD1A007B681800A1
:109D200017F0EBFB1623FB181A88FB6B1A80002335
:109D30001800BD4609B0F0BD90B589B000AFF8601D
:109D40007A600A203B180A1C1A807B68BB610100FC
:109D50007B181B889B089AB216203B1892001A8029
:109D60007B181B88D9B23B181B88DAB21523FB1865
:109D70008A1A1A700023FB6113E0FB69BA69D118D3
:109D80001023FB180422180017F0B7FBFA69FB68D0
:109D9000D3183A6919000020FAF74CF8FB6904332C
:109DA000FB6116243B191B88FA699A42E5DB012303
:109DB0005B423B613B191B88BA69D1181523FB181C
:109DC0001A781023FB18180017F097FB3B191A8814
:109DD000FB68D3183A6919000020FAF72BF8C0463F
:109DE000BD4609B090BDF0B587B000AFF86008007F
:109DF00011007B600B257B19021C1A7008243B198B
:109E00000A1C1A801023FB187B613B191B88013B3D
:109E10009BB21BB2032213431BB29AB23B1901320D
:109E20001A807B69FE221A707B697A1912785A703F
:109E30003A1920250826AB1908218C46BC446344F6
:109E400012881B88D3189AB27B695A803A69FB68DA
:109E500019000020F9F7EEFFFB68181D7A683B191E
:109E60001B881900FFF768FF3B191A88FB68D31895
:109E7000181D7A6BAB1908218C46BC4463441B88BF
:109E80001900FFF759FF00231800BD4607B0F0BDC9
:109E900080B586B000AFF86008007A6019000A2328
:109EA000FB18021C1A800823FB180A1C1A80FB6886
:109EB0005B687B61FB685A68FB689B689A4203D2C7
:109EC0007B691B78FF2B01D104232AE0FB681B7BF5
:109ED000002B03D17B691B78FE2B01D0052320E0EA
:109EE0007B695B880A22BA1812889A4201D306233A
:109EF00017E0FB6800221A730A23FB181A88FB6814
:109F00005B68D318043319000823FB181A887B6890
:109F1000180017F081FA031E01D1002301E001238C
:109F20005B421800BD4606B080BD90B587B000AF5B
:109F3000F86008007A6019000A23FB18021C1A80D6
:109F400008231800FB180A1C1A80BB6A00221A801A
:109F500024221318DB191B88002B0BD010217B182F
:109F60001218D21912885A807B18FE221A707B1898
:109F70007B6102E0FB685B687B61FB685A68FB6899
:109F80009B689A4203D27B691B78FF2B01D1042383
:109F900033E0FB681B7B002B03D17B691B78FE2B16
:109FA00001D0052329E07B695B880A22BA18128850
:109FB0009A4201D3062320E0FB6800221A730A2488
:109FC0003B191A88FB685B68D31804331800082310
:109FD000FB181A887B695B8819003B191B88CB1A10
:109FE0009A4200DD1A007B680100180017F085FA1C
:109FF0007B695A88BB6A1A8000231800BD4607B0E7
:10A0000090BD000080B584B000AF7860064BFB6067
:10A01000FA687B6819000020F9F70CFF002318008C
:10A02000BD4604B080BDC04600FFFFFFB0B584B0A0
:10A0300000AF78607B685B68FB607B685A687B6810
:10A040009B689A4203D2FB681B78FF2B01D1042343
:10A0500041E0FB681B78FE2B3CD1FB680B257C198B
:10A060001800FFF7CFFF030023707B191B78002B2C
:10A0700002D07B191B782EE07B681B781A001849E8
:10A0800013009B009B189B00CB1808331B88013BD7
:10A0900098B2134913009B009B189B00CB18083300
:10A0A000021C1A807B681B781A000D4913009B0064
:10A0B0009B189B00CB180A331B88013398B20849C0
:10A0C00013009B009B189B00CB180A33021C1A80BC
:10A0D000002300E005231800BD4604B0B0BDC04613
:10A0E000FC03002080B588B000AF78600A00FB1C3C
:10A0F0001A707B680D4A94466344DB0AFB611021A9
:10A100007B1800221A60FA697B185A60FB1C1A78C7
:10A110007B189A600C23FA187B1811001800F9F7C5
:10A1200063FFC046BD4608B080BDC0460000FCEFDE
:10A1300080B586B000AFF860B9607A607B685B0577
:10A140005B0D07D1FB687A68B968180017F064F9ED
:10A15000031E26D07B68013B144A13430133DB0AFC
:10A16000DAB2FB6811001800FFF7BCFF00237B6127
:10A1700012E07A69FB68D1187B69002B00DA03339F
:10A180009B109B00BA68D3181B681A000020F9F7CF
:10A1900051FE7B6904337B617B697A689A42E8D817
:10A1A00000E0C046BD4606B080BDC046FF070000C7
:10A1B00080B582B000AF78607B6801221A707B683E
:10A1C00000225A807B6800229A80C046BD4602B0B9
:10A1D00080BDF0B58DB004AFF860B9603B60BB1DC9
:10A1E0001A801E23FB1800221A80BB1D1A88BB6828
:10A1F000FF21180017F01EF91023FB18FE221A7019
:10A20000BA1D1E257B1912881B88D31A9AB21C23EB
:10A21000FB18043A1A80BB6B1B78002B4ED07B19BD
:10A220001B880433BA68D118BB6B9B881B26BC19EA
:10A23000F8681022BA180132039202931622BB1852
:10A2400001931C23FB181B8800930B000022FF21A5
:10A25000FFF714FD030023701622BB181A88BB6B8E
:10A260009A80BB191B78002B06D03B687A1912889C
:10A270001A80BB191B78A1E01623FB181A8810213D
:10A280007B185A801E257B191B88BA68D3180C00CE
:10A2900079180422180017F030F93B195B88033352
:10A2A0009BB21BB2032213431BB29AB27B191B88C9
:10A2B000D3189AB27B1901321A8031E0BB6B5988EE
:10A2C0001E23FB181B88BA68D518BB6B9B881B26FE
:10A2D000BC191C22BA181288F86801931623FB18BF
:10A2E000009313002A00FFF720FE03002370BB1920
:10A2F0001B78002B02D0BB191B785FE01623FB18DC
:10A300001A88BB6B5B88D31A9BB2013B9BB21BB212
:10A31000032213431BB29AB21E23FB1801321A8088
:10A320001623FB181A88BB6B5B88D31A9BB2013BC0
:10A330009BB21BB2032213431BB29AB218217B18A3
:10A3400001321A807A181C217B1812881B889A42C5
:10A3500010D9BB6B00221A70BB6B5A887B181B8804
:10A36000D3189AB2BB6B5A803B68BA1D12881A8008
:10A37000002323E01823FA181C23FB1812881B88DB
:10A380009A420BD1BB6B01221A70BB6B00225A8020
:10A390003B68BA1D12881A8000230FE01823FA18B0
:10A3A0001C23FB1812881B889A4200D328E7BB6B3A
:10A3B00001221A70BB6B00225A8021E71800BD46AB
:10A3C00009B0F0BDF0B5604CA54402AF02005F4B90
:10A3D000842109015B18DB191A705C4B5B18DB19CF
:10A3E0001A785B4913009B009B189B00CB180A331B
:10A3F0001B88002B01D10023A0E0564BFC18564DC2
:10A400007A19524B842109015B18DB191B78110062
:10A41000180000F0D3FC030023707B195B684F4ADF
:10A42000BA1813604E4BFB181800FFF7C1FE494ED7
:10A43000BC194C4BFD1880231A010C23F918464B0C
:10A44000F818474BFB1800932B00FFF7C2FE0300E0
:10A450002370BB191B78042B06D0BB191B78002B6B
:10A4600002D0BB191B7869E03E4BFB181A88802389
:10A470001B019A4204D0374BFB181B78002BD6D017
:10A48000384ABB181B88002B19D0BB181B881A0030
:10A490000C23F918314C3B191B681800FFF748FED4
:10A4A0002200BB181B68802109018C466344BA183E
:10A4B0001360284BFB181B78002B02D1B7E7C0466E
:10A4C00000E0C046244BFB189B68013B264A1A4318
:10A4D00022497B181B68D31A0133DA0A23483B1838
:10A4E0001A707B181B68224A94466344DA0A214C8E
:10A4F0003B191A70812109017B1800221A603B194F
:10A500001A787B185A603B181A787B189A601A4B95
:10A51000FA187B1811001800F9F766FD0B4B84221E
:10A5200012019B18DB191A7813009B009B189B00E3
:10A53000074A9B181800FFF7D5FA03001800BD461C
:10A540000E4B9D44F0BDC046B4F7FFFFC7F7FFFFB9
:10A55000FC0300203B080000240800003C08000029
:10A560001C08000036080000FF0700003A08000041
:10A570000000FCEF390800000C080000440800004F
:10A58000F0B57A4CA54402AF7860794BFB180022F5
:10A590001A70784BFB1800221A700023764ABA18FA
:10A5A000136023E07B689968734BFB181A681300EB
:10A5B0005B009B189B00CA1870497B1812781A70B0
:10A5C0007B181A786E4913009B009B189B00CB18D0
:10A5D0000A331B88002B03D0664BFB1801221A702C
:10A5E000654ABB181B680133BA1813607B681B7976
:10A5F0001A00614BFB181B689342D3DB5D4BFB18C1
:10A600001B78002B01D10023ABE080231A01082323
:10A61000FB18FF21180016F00DFF0023564ABA1848
:10A62000136051E07B68996853483B181A6813001F
:10A630005B009B189B00CA18504D7B1912781A704A
:10A640007B6899683B181A6813005B009B189B0095
:10A65000CB185B6882221201BA181360494EBC19EC
:10A6600081231B01FA187B191B781100180000F0D8
:10A67000A5FB03002370BB191B78002B01D000231E
:10A680006FE0414D7B191800FFF792FD0823FA187F
:10A69000822000013B181B68D1183B181B689BB235
:10A6A00080221201D31A9AB2384BFC1881231B0165
:10A6B000F8187B1900932300FFF78BFD2E4ABB1877
:10A6C0001B680133BA1813607B681B791A002A4C87
:10A6D0003B191B689342A5DB7B681B688022120133
:10A6E000082179181800FFF723FD00233A19136099
:10A6F0002CE07B689968204BFB181A6813005B00FC
:10A700009B189B00CA181D497B1812781A707B1879
:10A710001A7813009B009B189B00194A9B18194D2F
:10A720007C191800FFF7DEF9030023702A00BB181C
:10A730001B78002B04D00E4BFB18BA1812781A7035
:10A740000D4ABB181B680133BA1813607B681B796C
:10A750001A00094BFB181B689342CADB044BFB1819
:10A760001B781800BD460A4B9D44F0BDC4F7FFFF9F
:10A770002F08000027080000280800002608000015
:10A78000FC03002025080000080800000E08000057
:10A790003408000090B587B000AF02003960FB1D9F
:10A7A0001A7000237B6116E00B2439192E487A6950
:10A7B00013005B009B189B00C31806331B780B70BB
:10A7C0003A19FB1D12781B789A4201D1022346E008
:10A7D0007B6901337B617B69012BE5DD00233B61F4
:10A7E00039E00023FB6026E020493A6913005B0052
:10A7F0009B189B00CB1808331968FA6813005B009C
:10A800009B189B00CA180B217B1812781A707A18B3
:10A81000FB1D12781B789A420AD13A6913005B003B
:10A820009B189B00114A9A183B681A60012316E096
:10A83000FB680133FB600D493A6913005B009B180C
:10A840009B00CB1804331B781A00FB689342CBDBC8
:10A850003B6901333B613B69002BC2DB00231800DD
:10A86000BD4607B090BDC046CC2F0610280400207E
:10A87000F0B53D4CA54402AF020039603B4B83214B
:10A8800009015B18DB191A7080231A012423FB18B5
:10A89000FF21180016F0CEFD0023354ABA181360C8
:10A8A0004BE03B689968324C3B191A6813005B0017
:10A8B0009B189B00CA182F497B1812781A707A18B7
:10A8C0002A4B832000011B18DB1912781B789A424F
:10A8D0002DD014257A197B181B781100180000F070
:10A8E0006DFA3B6899683B191A6813005B009B1866
:10A8F0009B00CB185B68204C3A1913600C26BB19DF
:10A900001800FFF755FC2423FA183B191B68D118CF
:10A910003B191B689BB280221201D31A9AB21223F0
:10A92000FC187819BB1900932300FFF752FC104A5A
:10A93000BB181B680133BA1813603B681B791A00F7
:10A940000B4BFB181B689342ABDB3B681B688022F8
:10A950001201242179181800FFF7EAFB00231800E0
:10A96000BD46064B9D44F0BDC4F7FFFFD7F7FFFF80
:10A970002C0800002B080000240800003408000008
:10A98000F0B589B002AFF860080011007B600B23BE
:10A99000FB18021C1A7008203B180A1C1A800100C0
:10A9A0007B181B88013B9BB21BB2032213431BB2D3
:10A9B0009AB27B1801321A80FB685B685A1DFB68EB
:10A9C0009B689A4210D3FB681B7819004A4A0B0017
:10A9D0009B005B189B00D3180A331B88002B01D007
:10A9E0000B2384E0022382E0FB685B687B617B6968
:10A9F0001B78FF2B1CD1FB689A68FB685B68D31A35
:10AA000080225202934200D33C4B12217A181380C9
:10AA1000C04608231800FB181A8828231B18DB19C6
:10AA20001B88D318DA1C7B181B889A4227DB15E099
:10AA30007B691B78FE2B05D07B691B78002B01D02E
:10AA4000032354E0FB685B687A6952880332032170
:10AA50000A439B185A1CFB685A60ADE7FB681B78D9
:10AA60001900254A0B009B005B189B00D3180A3382
:10AA70001B88002B01D00B2339E0022337E0FB6851
:10AA800058681126BC197D6808231A00FB181B881A
:10AA90009C460B23FB1819787B6B019328239B188A
:10AAA000DB191B8800932B006246FFF79CF903001B
:10AAB0002370BB191B78002B02D0BB191B7816E042
:10AAC000FB681B781A000C4913009B009B189B0025
:10AAD000CB1808331B88013398B2074913009B0039
:10AAE0009B189B00CB180833021C1A800023180007
:10AAF000BD4607B0F0BDC046FC030020FFFF0000CC
:10AB0000B0B588B000AF0023FB61CDE0A849FA6979
:10AB100013005B009B189B005B58FB600023BB612C
:10AB2000B1E0A349FA6913005B009B189B00CB18A6
:10AB300008331968BA6913005B009B189B00CA1898
:10AB400013203B1812781A709949FA6913005B00B8
:10AB50009B189B00CB1808331968BA6913005B0077
:10AB60009B189B00CB185B68BB609149FA69130086
:10AB70005B009B189B00CB1808331968BA69130057
:10AB80005B009B189B00CA18BB1D12891A803B18DA
:10AB90001A78884913009B009B189B005B58002B78
:10ABA00003D13B181B78012B01D90123FCE01324AE
:10ABB0003B191A78F968BB68C8187E4913009B00D6
:10ABC0009B189B0058507A49FA6913005B009B1848
:10ABD0009B00CB1804331B78013BBA699A420ED113
:10ABE0003B191A78FB688021090159187148130034
:10ABF0009B009B189B00C318043319601DE06C492F
:10AC0000FA6913005B009B189B00CB180833196886
:10AC1000BB695A1C13005B009B189B00CB1859683A
:10AC20001323FB181A78FB68C918624813009B00AD
:10AC30009B189B00C3180433196013203B181A7823
:10AC40005C4913009B009B189B00CB181033BA1D66
:10AC500012881A803B181A7813009B009B189B00DF
:10AC6000544A9B1812257C191800FEF73BFF03007D
:10AC700023707B191B78002B02D07B191B7893E083
:10AC8000BB690133BB614A49FA6913005B009B1839
:10AC90009B00CB1804331B781A00BB69934200DA7F
:10ACA0003FE7FB690133FB61FB69002B00DA2DE70D
:10ACB00000237B6174E0132439193F487A6913003B
:10ACC0005B009B189B00C31806331B780B703B1965
:10ACD0001A78384913009B009B189B005B58002B87
:10ACE00003D13B191B78012B01D901235CE013240C
:10ACF0003B191A78304879690B005B005B189B00A0
:10AD000018582C4913009B009B189B0058502A4947
:10AD10007A6913005B009B189B00595826487A6992
:10AD200013005B009B189B00C31804331B8818009A
:10AD30003B191A7809181F4813009B009B189B00A9
:10AD4000C318043319603B191A781B4879690B0042
:10AD50005B005B189B00C318083318881549130063
:10AD60009B009B189B00CB181033021C1A803B19C8
:10AD70001A7813009B009B189B000E4A9B18122503
:10AD80007C191800FEF7AEFE030023707B191B78B8
:10AD9000002B02D07B191B7806E07B6901337B61B5
:10ADA0007B69012B87DD00231800BD4608B0B0BDCC
:10ADB00028040020FC030020CC2F061080B582B0B0
:10ADC00000AF02003960FB1D1A70FB1D1B78012BC0
:10ADD00001D9012320E0FB1D1A78114913009B00C3
:10ADE0009B189B005A583B685A60FB1D1A780C4907
:10ADF00013009B009B189B00CB1804331A683B6818
:10AE00009A603B6801221A733B68FA1D12781A7027
:10AE10003B6800225A7300231800BD4602B080BD73
:10AE2000FC03002090B589B004AFF8600800110061
:10AE30007B600B23FB18021C1A700823FB180A1CEA
:10AE40001A80FB681B781900124A0B009B005B18E4
:10AE50009B00D3180E331B78002B01D00A2315E07A
:10AE60007C680823FB181A880B23FB181978F868EC
:10AE700000230393002302937B6A01932023FB1892
:10AE80001B8800932300FEF7F9FE03001800BD465F
:10AE900005B090BDFC03002090B587B002AFF8600C
:10AEA00008007A6019000A23FB18021C1A80082384
:10AEB000FB180A1C1A80FB681B7819000F4A0B004C
:10AEC0009B005B189B00D3180E331B78002B01D01E
:10AED0000A230FE00823FB181C887A680A23FB1852
:10AEE0001988F868002301933B6A00932300FFF759
:10AEF0001CF803001800BD4605B090BDFC030020FF
:10AF0000F0B5C64600B588B002AFF8600800110081
:10AF10007B600B231C00FB18021C1A7008203B18D6
:10AF20000A1C1A801726B046B8447D683B181A8858
:10AF30002300FB181978F8687B6B019328230824F9
:10AF40001B19DB191B8800932B00FFF719FD030069
:10AF500042461370BB191B78002B02D0BB191B781B
:10AF60002CE0FB681B781900174A0B009B005B184C
:10AF70009B00D3180C331A8808231800F9182823CB
:10AF80001B18DB1909881B88CB189BB2013B9BB2AD
:10AF90001BB203210B431BB29BB2D31A9BB2FA68BC
:10AFA00012781100053B98B2074A0B009B005B1812
:10AFB0009B00D3180C33021C1A8000231800BD46D6
:10AFC00006B080BCB846F0BDFC03002080B582B05E
:10AFD00000AF78607B681800FFF728F803001800BE
:10AFE000BD4602B080BD0000B0B58CB000AF02001D
:10AFF000FB1D1A702B257C191823FA18FB1D1B78D2
:10B0000011001800FFF7C6FB030023707B191B78A3
:10B01000022B46D1FB1D1A78424913009B009B1856
:10B020009B005B587B62FB1D1A783E4913009B0016
:10B030009B189B00CB1804331B683B627B6A3A4A1F
:10B0400094466344DA0A1F203B181A703B6A013B9E
:10B05000364A1A437B6AD31A0133DA0A1E243B1993
:10B060001A700C217B1800221A603B181A787B1882
:10B070005A603B191A787B189A600823FA187B18D3
:10B0800011001800F8F7B0FFFB1D1A7813009B00A1
:10B090009B189B00234A9B181800FEF723FD0023F2
:10B0A0003BE02B23FB181B78012B35D1BA692A25ED
:10B0B0007C19FB1D1B7811001800FFF7D9FB03005A
:10B0C00023707B191B78002B22D10023FB6219E02F
:10B0D000BB699968FA6A13005B009B189B00CA1849
:10B0E00029217B1812781A707B181A7813009B009C
:10B0F0009B189B000B4A9B181800FEF7F3FCFB6A99
:10B100000133FB62BB691B791A00FB6A9342DFDBE8
:10B110002A23FB181B7800E001231800BD460CB061
:10B12000B0BDC046FC0300200000FCEFFF0700009C
:10B13000B0B584B000AF0200FB1D1A700F257C195A
:10B140000823FA18FB1D1B7811001800FFF722FBDB
:10B15000030023707B191B78022B06D1FB1D1B7883
:10B160001800FFF72FF903000BE00F23FB181B78E3
:10B17000012B05D1BB681800FFF702FA030000E0BD
:10B1800001231800BD4604B0B0BD000090B583B0E7
:10B1900000AFFC1D00F016F803002370FB1D1B78A8
:10B1A0007F2B08D8FB1D1B781800FFF7C1FF044B4D
:10B1B000180016F03BF800231800BD4603B090BD00
:10B1C0007423061080B582B000AF2B4B00229A5634
:10B1D000FB1D1A70FB1D1A78284913009B009B1851
:10B1E0009B00CB180A331B88002B28D0FB1D1A7834
:10B1F000224913009B009B189B00CB180C33198825
:10B20000FB1D1A781D4813009B009B189B00C31858
:10B2100010331B88994212D2FB1D1B780133DBB21D
:10B220005AB2154B1A70144B1B785BB2022B02D129
:10B23000114B00221A70FB1D1B785BB217E0FB1D3F
:10B240001A78FB1D01321A70FB1D1B78022B02D1EC
:10B25000FB1D00221A70FB1D1B78074A127852B2A0
:10B260009342B7D1044B00221A7001235B421800AD
:10B27000BD4602B080BDC04624040020FC0300206F
:10B2800080B500AF034B01221A6000231800BD46B1
:10B2900080BDC0465007002080B584B000AF0F21AC
:10B2A0007B1800221A70EFF310837B607B68BB6011
:10B2B00072B6C0460C4B1B68032B03D07B18FE22D2
:10B2C0001A7002E0084B01221A60BB683B603B68C1
:10B2D00083F31088C0460F23FB181B785BB218005D
:10B2E000BD4604B080BDC0465007002080B500AF09
:10B2F000C046BD4680BD0000F0B587B000AFBA6063
:10B300007B600F243B19021C1A700E23FB180A1CC9
:10B310001A70BB6800221A807B6800221A803B6B7F
:10B3200000221A803B191B780522134046D01725AE
:10B330007C19254B1800FDF7DEFF030023707B19F5
:10B340001B78002B02D07B191B7838E01F4B1800AC
:10B35000FDF7FEFF03001A00BB681A801C4B1800A3
:10B36000FDF7F6FF03001A007B681A801426BC194B
:10B37000154B1800FDF7CCFF030023803B6B002228
:10B380001A800E23FB181B78022B11D117257C196C
:10B39000BB191A880F4B11001800FDF7C6FF0300F8
:10B3A00023707B191B78002B02D07B191B7806E0D9
:10B3B000094B1A000821002000F010F800231800A3
:10B3C000BD4607B0F0BDC046200800206C07002035
:10B3D00090070020D8070020E42F061090B585B014
:10B3E00000AF3A60BB1D021C1A803B1D0A1C1A806C
:10B3F0000C4B1800FDF7ACFF03001A000E203B18A1
:10B4000001321A803C683B1D1A88BB1D19883B1805
:10B410001888230000F02EF803001800BD4605B080
:10B4200090BDC0466C07002090B585B000AF3A6073
:10B43000BB1D021C1A803B1D0A1C1A800C4B1800F5
:10B44000FDF786FF03001A000E203B1801321A8018
:10B450003C683B1D1A88BB1D19883B1818882300BF
:10B4600000F008F803001800BD4605B090BDC046C6
:10B4700090070020B0B586B000AF040008001100AE
:10B480007B600E23FB18221C1A800C23FB18021C65
:10B490001A800A23FB180A1C1A801723FB180022A3
:10B4A0001A7021E01723FB181A781300DB009B1891
:10B4B0009B00434A9B1814257C191800FDF748FF90
:10B4C000030023807B191B88002B07D07B191B8866
:10B4D0005A1C0E23FB181B889A420BD017217B188D
:10B4E0001A787B1801321A701723FB181B78042B6B
:10B4F000D8D900E0C0461723FB181B78052B01D1D3
:10B50000122359E00C23FB181A880A23FB181B8806
:10B51000D1181723FB181A7829481300DB009B1851
:10B520009B00C31820331B689B88994201DD1223BE
:10B5300042E01723FB181A7821491300DB009B18FF
:10B540009B00CB1820331B68002B01D1122333E062
:10B5500017243B191A781A491300DB009B189B002B
:10B56000CB1820331B689A680C23FB181B88D01853
:10B570000A257B191A887B68190015F0BEFF3B1954
:10B580001A780F491300DB009B189B00CB1820335F
:10B590001B681B781A00022313400CD03B191A7841
:10B5A00007491300DB009B189B00CB1820331B6856
:10B5B0007A1912885A8000231800BD4606B0B0BD23
:10B5C0006C070020F0B585B000AF02003960FB1DAC
:10B5D0001A703B6800221A800F257C19384B18001E
:10B5E000FDF789FE030023707B191B78002B02D026
:10B5F0007B191B7860E00C26BC19314B1800FDF755
:10B6000087FE03002380FB1D1B780122134011D00D
:10B610000F257C19BB191A882A4B11001800FDF759
:10B6200084FE030023707B191B78002B02D07B194A
:10B630001B7841E0234B1800FDF78AFE03001A0037
:10B640003B681A800F257C190C23FB181A881E4BA7
:10B6500011001800FDF769FE030023707B191B78A9
:10B66000002B02D07B191B7826E00F257C190C23B8
:10B67000FB181A88154B11001800FDF756FE030041
:10B6800023707B191B78002B02D07B191B7813E0E9
:10B690000F257C190C23FB181A880D4B110018007C
:10B6A000FDF743FE030023707B191B78002B02D0AB
:10B6B0007B191B7800E000231800BD4605B0F0BDE3
:10B6C00064080020483006106C30061090300610D8
:10B6D000B430061080B582B000AF0200FB1D1A70B6
:10B6E000FB1D1B787F2B09D8FB1D1B781A001F231D
:10B6F0001A40044B012191400A001A60C046BD4621
:10B7000002B080BD00E100E080B582B000AF020071
:10B71000FB1D1A70FB1D1B787F2B10D8FB1D1B789F
:10B720001A001F231340084901229A401300802267
:10B730008B50BFF34F8FC046BFF36F8FC046C046DC
:10B74000BD4602B080BDC04600E100E080B500AF5C
:10B75000054B5B6904221340042B01D1012300E057
:10B7600000231800BD4680BD0000504880B500AFE2
:10B77000034BDA698023DB0013401800BD4680BD0F
:10B780000000504880B582B000AF7860064BDB699E
:10B79000064A13401900044B7A680A43DA61C0462E
:10B7A000BD4602B080BDC04600005048FFFDFFFF0F
:10B7B00080B500AF074BDA6980239B001A408023D5
:10B7C0009B009A4201D1012300E000231800BD46EE
:10B7D00080BDC0460000504880B582B000AF7860A0
:10B7E000064BDB690F2293431900044B7A680A4326
:10B7F000DA61C046BD4602B080BDC0460000504878
:10B8000080B582B000AF78608023DB05996B802320
:10B81000DB057A680A439A63C046BD4602B080BD24
:10B8200080B582B000AF78608023DB059A6B7B68BF
:10B83000D9438023DB050A409A63C046BD4602B067
:10B8400080BD80B582B000AF02003960FB1D1A7068
:10B85000FB1D1B78002B09D18023DB05DA6A3B68CE
:10B86000D9438023DB050A40DA6207E08023DB0549
:10B87000D96A8023DB053A680A43DA62C046BD46CE
:10B8800002B080BD80B582B000AF02003960FB1D00
:10B890001A70FB1D1B78042B60D89A00314BD3180B
:10B8A0001B689F468023DB05196B8023DB053A6804
:10B8B0000A431A638023DB055A6B3B68D943802314
:10B8C000DB050A405A6349E08023DB051A6B3B68BD
:10B8D000D9438023DB050A401A638023DB05596BBB
:10B8E0008023DB053A680A435A6337E08023DB058F
:10B8F0001A6B3B68D9438023DB050A401A63802317
:10B90000DB055A6B3B68D9438023DB050A405A6349
:10B9100024E08023DB051A6B3B68D9438023DB05D9
:10B920000A401A638023DB055A6B3B68D9438023A6
:10B93000DB050A405A6311E08023DB051A6B3B6884
:10B94000D9438023DB050A401A638023DB05596B4A
:10B950008023DB053A680A435A63FFE7C046BD46C9
:10B9600002B080BDD830061080B582B000AF7860DC
:10B970008023DB05DB6B7A6813407A689A4201D139
:10B98000012300E000231800BD4602B080BD80B551
:10B9900082B000AF78608023DB057A68DA63C04646
:10B9A000BD4602B080BD000080B584B000AF7860B5
:10B9B000074B596D064B7A680A435A65044B5B6D19
:10B9C0007A681340FB60FB68C046BD4604B080BD8A
:10B9D0000000404880B500AF1F231800BD4680BD61
:10B9E00080B500AF1F231800BD4680BD80B582B072
:10B9F00000AF0200FB1D1A70FB1D1B78002B1DD031
:10BA00002D4B1B78002B29D12B4B01221A70802340
:10BA10005B001800FFF7C8FF01210220FFF732FF8B
:10BA200001210020FFF70DFF0120FFF7E9FE0120B3
:10BA3000FFF7ADFF1920FFF74DFE0FE01E4B1B78FF
:10BA4000012B0BD11C4B00221A700120FFF7E8FEDE
:10BA50001920FFF759FE0120FFF799FFFFF7A8FE15
:10BA6000031E24D1FFF782FE02008023DB009A42EE
:10BA70001DD080239B001800FFF784FEC046FFF70F
:10BA800065FE031EFBD1FB1D1B78002B03D00E208F
:10BA9000FFF7A2FE02E00420FFF79EFE0020FFF762
:10BAA00071FEC046FFF752FE031EFBD000E0C04609
:10BAB000BD4602B080BDC0466904002080B500AF1D
:10BAC000164B1B78002B25D00120FFF74DFF031EDE
:10BAD00021D0134AA6239B00D358102213400AD02A
:10BAE0000F4A95239B00D3580D4902221A439523F0
:10BAF0009B00CA500AE00A4A95239B00D358084984
:10BB0000022293431A0095239B00CA500120FFF79D
:10BB10003EFF00E0C046BD4680BDC046690400202F
:10BB20000014006080B500AF8023DB051B680F2286
:10BB300013401800BD4680BD80B500AF8023DB05F3
:10BB40001B681B090F2213401800BD4680BD80B53D
:10BB500000AF8023DB055B681800BD4680BD000098
:10BB600080B500AF034B1B681B041B0C1800BD46BF
:10BB700080BDC0461410004080B582B000AF084BB5
:10BB80001B685B0C032213407B607B68002B01D198
:10BB900001237B607B681800BD4602B080BDC046B3
:10BBA0009000504880B584B000AF78607B68FF2279
:10BBB0001A70FFF7CCFF0300FB60FB68184A934242
:10BBC00002D17B6803221A70FFF7B6FF0300DAB2D6
:10BBD0007B685A70FFF7A6FF0300DAB27B689A70A1
:10BBE000FFF7B5FF02007B685A60FFF7B9FF03005B
:10BBF00001339A007B689A60FFF7BEFF031E07D0EF
:10BC0000FFF7BAFF030001339A037B68DA6003E0B1
:10BC10007B68C022D201DA60C046BD4604B080BD58
:10BC200041E0010280B500AFBFF34F8FC046044B27
:10BC3000044ADA60BFF34F8FC046C046FDE7C046F6
:10BC400000ED00E00400FA0580B500AF00F0C2FF8F
:10BC5000FFF716FB0300013301D1F7F741FAC046A5
:10BC6000BD4680BDF0B599B004AF4F23FB1800224C
:10BC70001A703C23FB18180006231A00002115F047
:10BC8000D9FB4E23FB1806221A703A23FB18002218
:10BC90001A803A1DBA4B1000190034231A0015F00F
:10BCA0002CFC4D257C193B1D180003F03DFE0300C4
:10BCB00023707B191B78002B08D07B191A78B14BA5
:10BCC0001100180015F042FAF7F70AFA3C217B1828
:10BCD00034221A707B1812225A707B182A229A700A
:10BCE0007B18E122DA707B1808221A717B18002277
:10BCF0005A714D257C197B181A000621002003F08B
:10BD0000E9FA030023707B191B78002B07D07B19FD
:10BD10001A789D4B1100180015F018FA03E09B4BA0
:10BD2000180015F083FA4D257C191821002003F026
:10BD3000D5FA030023702A00BB181B78002B07D00C
:10BD4000BB181A78924B1100180015F0FFF903E0A8
:10BD5000904B180015F06AFA4D257C194A23FB1800
:10BD600019000120FFF72EFC030023707B191B78BC
:10BD7000002B07D07B191A78874B1100180015F09B
:10BD8000E5F903E0854B180015F050FA4C217B18BB
:10BD900000221A707B187A18127801210A431A704F
:10BDA0004D257C194F23FB181B780021180003F048
:10BDB000ABF8030023707B191B78002B07D07B198D
:10BDC0001A78774B1100180015F0C0F903E0754B95
:10BDD000180015F02BFA4D257C194623FD18482331
:10BDE000FA184F23FB1819784C23FB1818784423B2
:10BDF000FB1800932B00FFF77FFA030023703C2011
:10BE00003B185B791C003B181B791D003B18DB7845
:10BE10001E003B189B781A003B185B7819003B18F2
:10BE20001B78614802930191009233002A0021009F
:10BE300015F08CF94D257C195C4B1A000821002067
:10BE4000FFF7CCFA030023707B191B78002B07D077
:10BE50007B191A78564B1100180015F077F903E09A
:10BE6000544B180015F0E2F94D257C193A23FB18C4
:10BE70001A0002210020FFF7D7FA030023707B1974
:10BE80001B78002B07D07B191A784B4B1100180038
:10BE900015F05CF903E0494B180015F0C7F9484B61
:10BEA00001221A70464B1B784D257C191800FDF7AE
:10BEB000D0F9030023707B191B78002B07D07B1966
:10BEC0001A78404B1100180015F040F903E03E4B82
:10BED000180015F0ABF93A4B01225A70384B082282
:10BEE000DA70374B10221A71354B00229A70344B9E
:10BEF0009878334B5978324BDB78314A12794D269A
:10BF0000BC19002502950192009300230122FDF740
:10BF1000B0F903002370BB191B78002B07D0BB19A5
:10BF20001A782A4B1100180015F010F903E0284B7D
:10BF3000180015F07BF9224B9B78002B17D04D256C
:10BF40007C19012003F00AF8030023702A00BB18B3
:10BF50001B78002B07D0BB181A781E4B1100180055
:10BF600015F0F4F803E01C4B180015F05FF91B4BBB
:10BF7000180015F05BF9C046BD4615B0F0BDC046CF
:10BF80007028061098230610BC23061018240610EB
:10BF900064240610A4240610D424061014250610C8
:10BFA000442506107825061098250610EC3006105A
:10BFB000D4250610182606104C26061090260610CA
:10BFC0006C040020C426061004270610342706102F
:10BFD0007C270610B42706100C28061054280610DB
:10BFE00080B500AF0121012002F0A0FEC046BD4691
:10BFF00080BD80B500AF012002F05AFD03F0AFFB19
:10C00000012002F05FFDC046BD4680BD80B500AF97
:10C01000FAF72EFAC046BD4680BD80B500AF0021BC
:10C02000022002F083FEC046BD4680BD80B500AF51
:10C03000FFF7ACF8C046BD4680BD80B500AF01211A
:10C04000042002F073FEC046BD4680BD80B500AF3F
:10C05000FFF7E3FFC046BD4680BD80B500AFFFF7E8
:10C06000DCFFC046BD4680BD80B582B000AF7860C1
:10C070007B6818000DF03CFBFFF7CFFFFFF7DDFFFB
:10C08000C046BD4602B080BD80B500AFFFF7A8FF37
:10C09000C046BD4680BD000080B500AF114B1A0000
:10C0A0000021012002F01EFE0F4B1A000021022089
:10C0B00002F018FE0D4B1A000021042002F012FEBF
:10C0C000FFF7C2FDFFF7CEFD094B00229A73084B24
:10C0D000012252429A81002000F0A2FBC046BD46D8
:10C0E00080BDC046F3BF04100DC004102DC0041065
:10C0F0006C040020F0B599B004AF78604B23FB18B6
:10C1000086221A707B681B78042B04D07B681B780E
:10C11000822B00D06BE27B6801337B647B681B78E9
:10C12000042B03D17B6C0233FB6405E07B68013395
:10C130003B643B6C0333FB647B6C1B78FF2B00D1AF
:10C140006DE100DD55E23E2B30D000DD51E2052BE4
:10C1500003D0102B00D141E24BE27B6C0233FB6039
:10C16000FB685A789B781B0213439AB2DF4B9B897A
:10C170009A4218D1DD4B012252429A81DB4B0022B8
:10C180009A73DB4B180015F051F8FB685A789B78CE
:10C190001B0213439BB21900FB68DB781A00D54BD6
:10C1A000180014F0D3FF00F005FD25E27B6C02338C
:10C1B0007B627B6A1B780C2B00D1D0E000DD2CE188
:10C1C0000A2B00D1D1E000DD27E1012B00D1F8E0FE
:10C1D000032B00D021E17B6A0133BB61C64B180001
:10C1E00015F024F8BB69DA781B791B0213439BB264
:10C1F0001800F5F78DF90022C04BF4F75DFA020044
:10C200000B0010001900F5F747F90600BB69DA7852
:10C210001B791B0213439BB21800F5F779F9002232
:10C22000B64BF4F749FA02000B0010001900002287
:10C230000023F4F7BFF8031E3DD0BB69DA781B7901
:10C240001B0213439BB21800F5F762F90022AB4BB7
:10C25000F4F732FA02000B0014001D00BB69DA7813
:10C260001B791B0213439BB21800F5F751F900220A
:10C27000A24BF4F721FA02000B0010001900F5F7A9
:10C280000BF903001800F5F743F902000B0020003A
:10C290002900F4F7F7FC02000B001000190000223F
:10C2A000974BF4F709FA02000B0010001900F5F79C
:10C2B000F3F802003AE0BB69DA781B791B021343FA
:10C2C0009BB21800F5F724F900228C4BF4F7F4F92F
:10C2D00002000B0010001900F5F7DEF8030018004B
:10C2E000F5F716F904000D00BB69DA781B791B021B
:10C2F00013439BB21800F5F70BF900227F4BF4F7BC
:10C30000DBF902000B0020002900F4F7BBFC02005F
:10C310000B00100019000022794BF4F7CDF9020050
:10C320000B0010001900F5F7B7F80200BB69597946
:10C330009B791B020B439BB21C00BB69D9791B7A0A
:10C340001B020B439BB219000B009B005B185B00A8
:10C350006C4800932300310014F0F8FE5EE07B6A25
:10C3600001333B6200F026FC58E07B6A0133FB613D
:10C37000FB691C78FB695A789B781B0213439DB2BA
:10C38000FB691E79FB6905339C46FB69DA7D1B7EE0
:10C390001B0213439AB2FB69597E9B7E1B020B431F
:10C3A00099B2FB69D87E1B7F1B0203439BB20293A9
:10C3B00001910092634632002900200000F02AF922
:10C3C0002CE07B6A01337B617B691C787B695A783E
:10C3D0009B781B0213439DB27B691E797B690533F1
:10C3E0009C467B69DA7A1B7B1B0213439AB27B69FA
:10C3F000597B9B7B1B020B4399B27B69D87B1B7CCF
:10C400001B0203439BB202930191009263463200E8
:10C410002900200000F0FEF800E0C046ECE0FB6CD4
:10C42000FB63FB6B1A785B781B0213439BB2364AA3
:10C43000934200D19CE0344A934200DDCAE080225E
:10C440001201934221D080221201934200DDC1E00B
:10C450002E4A934225D02D4A934200DDBAE02C4A61
:10C46000934216D08122D200934200DBB2E0294AE7
:10C4700093421BD0274A934200DDABE0042B00D14E
:10C48000AAE0254A934255D0A4E0FB6B02333B63FC
:10C49000A3E0224B180014F0C9FEFB6B0233FB62D1
:10C4A0009BE01F4B180014F0C1FE96E01D4B1800D6
:10C4B00014F0BCFE0D4B9B894B257C191A4A1100C8
:10C4C0001800FCF705FF030023707B191B78002B75
:10C4D00007D07B191A78154B1100180014F036FE9E
:10C4E0007BE0134B180014F0A1FE76E06C040020F2
:10C4F000A4280610D0280610102906100000F43FCA
:10C500000000594044290610190C00000A040000DC
:10C51000070400000204000001040000B429061012
:10C52000DC2906100C2A061007B20100302A06107A
:10C53000642A0610324B180014F078FEFB6B0233AD
:10C54000BB62BB6A9B78002B0AD0BB6A9B78190040
:10C55000BB6ADB781A002B4B180014F0F7FD03E0E0
:10C56000294B180014F062FE0A2014F0FFFD34E09D
:10C57000264B180014F05AFEFB6B0233BB633724C2
:10C580003B1908221A70BB6B1A795B791B021343A3
:10C590009BB21A001E4B1100180014F0D7FDBB6BA4
:10C5A0001A785B781B02134398B2BB6B9A78DB78DE
:10C5B0001B02134399B2BB6B1A795B791B021343BD
:10C5C0009AB23B191B780024019400240094FCF7D4
:10C5D000CCFE02E0C0460FE0C0460DE07B6C0233AB
:10C5E0003B613B691B78032B05D8FFF71BFBC0465B
:10C5F00002E0C04600E0C046BD4615B0F0BDC046F2
:10C60000882A0610B42A0610F42A06100C2B0610ED
:10C61000302B0610F0B587B004AF040008001100FD
:10C620003B60FB1D221C1A703B1D021C1A80BB1DA7
:10C630000A1C1A70FB1D1B78002B0AD0FB1D1A78F0
:10C64000704B1100180014F081FD6F4B00229A739B
:10C65000D4E03B1D1A886D4B1100180014F076FDD4
:10C660003B6805331B781C003B6804331B781D00B6
:10C670003B6803331B781E003B6802331B781A00AB
:10C680003B6801331B7819003B681B7860480293B4
:10C690000191009233002A00210014F057FD20245C
:10C6A0003B191B881800F4F733FF0022594BF4F7AD
:10C6B00003F802000B0010001900F4F7EDFE06006D
:10C6C0003B191B881800F4F723FF0022514BF3F7A6
:10C6D000F3FF02000B001000190000220023F3F703
:10C6E00069FE031E36D03B191B881800F4F710FFB3
:10C6F0000022484BF3F7E0FF02000B0014001D007E
:10C700002023FB181B881800F4F702FF0022414B7E
:10C71000F3F7D2FF02000B0010001900F4F7BCFE83
:10C7200003001800F4F7F4FE02000B0020002900BB
:10C73000F4F7A8FA02000B00100019000022364B93
:10C74000F3F7BAFF02000B0010001900F4F7A4FE83
:10C75000020034E02023FB181B881800F4F7D8FEF1
:10C7600000222C4BF3F7A8FF02000B001000190069
:10C77000F4F792FE03001800F4F7CAFE04000D005F
:10C780002023FB181B881800F4F7C2FE0022214B5F
:10C79000F3F792FF02000B0020002900F4F772FA71
:10C7A00002000B001000190000221B4BF3F784FF5E
:10C7B00002000B0010001900F4F76EFE02002423A3
:10C7C000FB181C882823FB1819880B009B005B189A
:10C7D0005B00124800932300310014F0B7FC0A4BB1
:10C7E0009B7B012B03D1084B03229A7302E0064B7B
:10C7F00002229A73044B3A1D12889A81BD4603B0F7
:10C80000F0BDC046402B06106C040020782B0610AB
:10C81000BC2B06100000F43F00005940002C06100D
:10C82000F0B595B00CAF0200FB1D1A708023FB61C0
:10C83000A023BB61FB1D1B78052B40D89A00884BB9
:10C84000D3181B689F468023FB61A023BB61042390
:10C850007B6135E0C823DB00FB61FA231B01BB6170
:10C8600005237B612CE000237B6129E0C8239B002A
:10C87000FB61C8239B00BB6100237B61FA235B0043
:10C880003B611DE0774B9B890F257C191321180014
:10C89000FCF7C9FC030023707B191B78002B07D021
:10C8A0007B191A78704B1100180014F04FFC07E048
:10C8B0006E4B180014F0BAFC00F084F900E0C0469A
:10C8C000FB1D1B78062B00D1C2E000DDC2E0042B6B
:10C8D00000D19AE000DDBDE0012B02DC002B03DA81
:10C8E000B8E0022B73D0B5E00823FB18180006232C
:10C8F0001A00002114F09EFD0F257C19FA6900230F
:10C900000A9300230993012308930023079301232B
:10C91000069300230593002304930023039300232D
:10C92000029307230193BB69009313001322022192
:10C93000002002F03FFB030023707B191B78002BC3
:10C9400007D07B191A784A4B1100180014F0FEFB2F
:10C9500007E07B69DAB2434B9A73464B180014F038
:10C9600065FC0F257C19444B19220321002002F09D
:10C9700056FB030023707B191B78002B07D07B1913
:10C980001A783E4B1100180014F0E0FB03E03C4B1A
:10C99000180014F04BFC0F257C190823FB181A0013
:10C9A0000121012002F03FFB030023707B191B785B
:10C9B000002B07D07B191A78324B1100180014F0A5
:10C9C000C5FB48E0304B180014F030FC43E00F2565
:10C9D0007C1900220021002002F025FB03002370B7
:10C9E0007B191B78002B07D07B191A78274B110075
:10C9F000180014F0ABFB2EE07B69DAB2194B9A7386
:10CA0000234B180014F012FC25E0164B9889FB69A3
:10CA100099B2BB699AB27B699DB23B699BB20F2602
:10CA2000BC1900932B00FCF7C9FC03002370BB1951
:10CA30001B78002B07D0BB191A78164B1100180071
:10CA400014F084FB07E0144B180014F0EFFB02E035
:10CA5000C04600E0C046C046BD4609B0F0BDC04675
:10CA6000F43006106C040020702C06109C2C06106C
:10CA7000242D0610682D06108C0800209C2D061011
:10CA8000D82D0610042E0610402E0610702E06100B
:10CA90009C2E0610C02E0610042F0610B0B584B0D0
:10CAA00000AF0200FB1D1A70BB1D0A1C1A70284B38
:10CAB0001B8801339AB2264B1A80264BFA1D127836
:10CAC0009A75234B1B88DAB2224BDA75214BBA1DBB
:10CAD00012781A760F257C191E4B1922032100208B
:10CAE00002F09DFA030023707B191B78002B07D0FE
:10CAF0007B191A78184B1100180014F027FB09E075
:10CB0000FB1D1978124B1B881A00BB1D1B7813489C
:10CB100014F01CFBF6F7F2FF0200114B1A60114BE8
:10CB20001B78002B0FD10F4B01221A700E4B1800EF
:10CB300014F07CFB0220FFF773FE0A20F6F7F2FFE9
:10CB40000120FFF76DFEC046BD4604B0B0BDC04633
:10CB5000820400208C080020402F0610782F061039
:10CB60007C04002080040020AC2F061080B500AFAC
:10CB70000D4B1B78002B14D0F6F7C0FF02000B4BB7
:10CB80001B68D31A0A4A93420BD9074B00221A702A
:10CB90000220FFF745FE0A20F6F7C4FF0020FFF74A
:10CBA0003FFEC046BD4680BD800400207C040020BE
:10CBB0000F27000080B500AF012002F0E3F8C04667
:10CBC000BD4680BD80B500AF012002F0F9F8C04637
:10CBD000BD4680BD80B500AFFDF792FF074B190041
:10CBE0000020FEF7EBF8064B19000120FEF7E6F8EF
:10CBF000044B024A1A60C046BD4680BD8404002032
:10CC000094040020A4040020F0B589B002AFB960FC
:10CC100011007B600F243B19021C1A700C23FB18B7
:10CC20000A1C1A803B191B78022B03D11A4B1B4A92
:10CC30001A6002E0184B1A4A1A60174B1868172638
:10CC4000BC19BD680C23FB181B889C460F23FB18DE
:10CC500019787B680193282308229B18DB191B880D
:10CC600000932B006246FEF74BF903002370BB19BB
:10CC70001B78002B01D1002309E01723FB181B7838
:10CC8000022B02D101235B4201E002235B42180028
:10CC9000BD4607B0F0BDC046A404002094040020A7
:10CCA00084040020B0B586B002AF04000800110073
:10CCB0003B60FB1D221C1A70BB1D021C1A703B1D21
:10CCC0000A1C1A80BB1D1B78022B07D12E4B2F4A42
:10CCD0001A600E23FB1801221A7006E02A4B2C4A18
:10CCE0001A600E23FB1800221A70FB1D1B78022B02
:10CCF00012D1254B18680F23FC182023FB181D8820
:10CD00003A683B1D19880C23FB1800932B00FEF793
:10CD1000C3F80300237021E0FB1D1B78002B08D112
:10CD2000194B1A680E23FB181B7811001800FEF728
:10CD300045F8154B18680F23FC183D683B1D1A88F1
:10CD4000BB1D19780C23FB1801932023FB181B88AB
:10CD500000932B00FEF766F8030023700F23FB18E7
:10CD60001B78002B01D1002309E00F23FB181B784F
:10CD7000042B02D103235B4201E002235B42180033
:10CD8000BD4604B0B0BDC046A404002094040020F9
:10CD90008404002090B585B000AF39601100BB1D40
:10CDA000021C1A803B1D0A1C1A800E4B18683B1D82
:10CDB0001C883A68BB1D19882300FDF769F8030039
:10CDC000FB60FB68002B01D1002307E0FB68002B10
:10CDD00002DA3B1D1B8801E003235B421800BD46BD
:10CDE00005B090BDA404002080B582B000AF020061
:10CDF000FB1D1A70FB1D1B78022B0AD10B4B1A6806
:10CE00000B4B9A420DD0094B1B681800FEF7DEF859
:10CE100008E0FB1D1B78032B04D10020FEF7E4F88B
:10CE200000E0C046BD4602B080BDC046A40400205C
:10CE30009404002080B584B000AFF860B9607A60D7
:10CE40007A68B968FB681800F3F75CF9C046BD461C
:10CE500004B080BD80B584B000AFF860B9607A607E
:10CE60007A68B968FB68180014F0E4FAC046BD4659
:10CE700004B080BD80B584B000AFF860B9607A605E
:10CE80007A68B968FB68180014F0C6FA0300180045
:10CE9000BD4604B080BD90B589B000AFF860B96000
:10CEA0007A6010243B191800FEF77CFE21007B18E5
:10CEB0001A78FB681A707B185A78BB681A707B184E
:10CEC0009A787B681A70C046BD4609B090BD80B59F
:10CED00084B000AFF860B9607A607A68B968FB68BE
:10CEE0001800FCF797FBC046BD4604B080BD80B576
:10CEF00082B000AF78607B68180015F0C3F90300BA
:10CF00001800BD4602B080BD80B584B000AFF860A7
:10CF1000B9607A607A68B968FB68180015F048F85B
:10CF200003001800BD4604B080BD80B584B000AFDA
:10CF3000F860B9607A607A68B968FB68180015F023
:10CF40006BF903001800BD4604B080BD80B582B007
:10CF500000AF78607B681800FCF77EFDC046BD46D8
:10CF600002B080BD80B582B000AF78607B681800E9
:10CF7000FCF78CFDC046BD4602B080BD80B500AF59
:10CF8000FEF728FD03001800BD4680BD80B500AF48
:10CF9000FEF726FD03001800BD4680BD80B582B0B7
:10CFA00000AF0200FB1D1A70FB1D1B781800FEF776
:10CFB0001DFDC046BD4602B080BD80B500AFF8F78C
:10CFC0001BFF03001800BD4680BD80B500AFF9F718
:10CFD000ABFD02000B0010001900BD4680BD80B5FE
:10CFE00084B000AFF8603A607B603A687B68F968AB
:10CFF0000800F9F7ABFD03001800BD4604B080BD82
:10D0000080B582B000AF78607B681800F9F7B8FD92
:10D01000C046BD4602B080BD80B582B000AF78602A
:10D0200008001100FB1C021C1A70BB1C0A1C1A70A1
:10D03000BB1C1A78FB1C19787B681800F9F7CCFB2D
:10D040000300DBB21800BD4602B080BD80B500AF62
:10D05000F9F78AFC0300DBB21800BD4680BD80B53D
:10D0600082B000AF78607B681800F9F7A1FB02007E
:10D070000B0010001900BD4602B080BD80B500AFA6
:10D08000F9F7F0FCC046BD4680BD000080B582B017
:10D0900000AF7860074B5B687F22934319007B6881
:10D0A0007F221A40034B0A435A60C046BD4602B075
:10D0B00080BDC046C000002080B500AF044B5A6858
:10D0C000034B80210A435A60C046BD4680BDC0461E
:10D0D000C000002080B500AF044B5A68034B80218C
:10D0E0008A435A60C046BD4680BDC046C00000208D
:10D0F00080B582B000AF7860074B1B69074A1340C8
:10D1000019007B681B02064A1A40034B0A431A6146
:10D11000C046BD4602B080BDC0000020FF0000F048
:10D1200000FFFF0F80B582B000AF02003960FB1D29
:10D130001A70FB1D1A7813009B009B181B010D4AE7
:10D14000944663441B683F22934318003B683F2288
:10D1500013401900FB1D1A7813009B009B181B013C
:10D16000044A9446634402000A431A60C046BD461E
:10D1700002B080BDDC00002080B582B000AF0200AC
:10D18000FB1D1A70FB1D1A7813009B009B181B01D6
:10D19000094A944663441968FB1D1A7813009B00E2
:10D1A0009B181B01044A9446634440220A431A60B8
:10D1B000C046BD4602B080BDDC00002080B582B014
:10D1C00000AF0200FB1D1A70FB1D1A7813009B00B4
:10D1D0009B181B010A4A944663441968FB1D1A7880
:10D1E00013009B009B181B01054A94466344402290
:10D1F00091430A001A60C046BD4602B080BDC046D9
:10D20000DC00002080B582B000AF0200FB1D1A7068
:10D21000FB1D1A7813009B009B181B01094A9446BA
:10D2200063441968FB1D1A7813009B009B181B01AF
:10D23000044A9446634480220A431A60C046BD46AD
:10D2400002B080BDDC00002080B582B000AF0200DB
:10D25000FB1D1A70FB1D1A7813009B009B181B0105
:10D260000A4A944663441968FB1D1A7813009B0010
:10D270009B181B01054A94466344802291430A008F
:10D280001A60C046BD4602B080BDC046DC0000202A
:10D2900080B582B000AF0200FB1D1A70FB1D1A782A
:10D2A00013009B009B181B01074A944663441B68AC
:10D2B00080221340802B01D1012300E000231800BD
:10D2C000BD4602B080BDC046DC00002080B582B003
:10D2D00000AF02003960FB1D1A70FB1D1A781300A5
:10D2E0009B009B181B010E4A944663441B680D4A21
:10D2F000134018003B681A02FC239B011A401100DE
:10D30000FB1D1A7813009B009B181B01044A9446CE
:10D31000634402000A431A60C046BD4602B080BDA5
:10D32000DC000020FFC0FFFF80B582B000AF02002C
:10D33000FB1D1A70FB1D1A7813009B009B181B0124
:10D34000054A944663441B681B0A3F221340180099
:10D35000BD4602B080BDC046DC00002080B582B072
:10D3600000AF0200FB1D1A70FB1D1A7813009B0012
:10D370009B181B010A4A944663441968FB1D1A78DE
:10D3800013009B009B181B01054A944663448022AE
:10D3900012024A401A60C046BD4602B080BDC04677
:10D3A000DC00002080B582B000AF0200FB1D1A70C7
:10D3B000FB1D1A7813009B009B181B010A4A944618
:10D3C00063441968FB1D1A7813009B009B181B010E
:10D3D000054A94466344802292030A431A60C04679
:10D3E000BD4602B080BDC046DC00002080B582B0E2
:10D3F00000AF0200FB1D1A70FB1D1A7813009B0082
:10D400009B181B01094A944663441968FB1D1A784E
:10D4100013009B009B181B01044A94466344044A72
:10D420000A401A60C046BD4602B080BDDC00002044
:10D43000FFFFDFFF80B582B000AF02003960FB1D47
:10D440001A70FB1D1A7813009B009B181B010E4AD3
:10D45000944663441B680D4A134018003B681A0643
:10D46000E023DB041A401100FB1D1A7813009B0017
:10D470009B181B01044A9446634402000A431A6045
:10D48000C046BD4602B080BDDC000020FFFFFFF8B3
:10D4900080B582B000AF0200FB1D1A70FB1D1A7828
:10D4A00013009B009B181B01054A944663441B68AC
:10D4B0001B0E072213401800BD4602B080BDC046B7
:10D4C000DC00002080B582B000AF02003960FB1D97
:10D4D0001A70FB1D1A7813009B009B181B010E4A43
:10D4E000944663441B680D4A134018003B681A07B2
:10D4F000E023DB051A401100FB1D1A7813009B0086
:10D500009B181B01044A9446634402000A431A60B4
:10D51000C046BD4602B080BDDC000020FFFFFF8F8B
:10D5200080B582B000AF0200FB1D1A70FB1D1A7897
:10D5300013009B009B181B01054A944663441B681B
:10D540001B0F072213401800BD4602B080BDC04625
:10D55000DC00002080B582B000AF02003960FB1D06
:10D560001A70FB1D1A7813009B009B181B01094AB7
:10D57000944663445B68FB1D1A7813009B009B185C
:10D580001B01044A944663443A685A60C046BD464B
:10D5900002B080BDDC00002080B582B000AF020088
:10D5A0003960FB1D1A70FB1D1A7813009B009B1835
:10D5B0001B01094A944663449B68FB1D1A781300BB
:10D5C0009B009B181B01044A944663443A689A6086
:10D5D000C046BD4602B080BDDC00002080B582B0F0
:10D5E00000AF02003960FB1D1A70FB1D1A78130092
:10D5F0009B009B181B01094A944663449B69FB1DD1
:10D600001A7813009B009B181B01044A944663443C
:10D610003A689A61C046BD4602B080BDDC00002079
:10D6200080B582B000AF02003960FB1D1A70FB1D8F
:10D630001A7813009B009B181B010D4A9446634403
:10D64000DB69FF22934318003B68FF221340190057
:10D65000FB1D1A7813009B009B181B01044A94467B
:10D66000634402000A43DA61C046BD4602B080BD91
:10D67000DC00002080B582B000AF0200FB1D1A70F4
:10D68000FB1D1A7813009B009B181B01044A94464B
:10D690006344DB69FF2213401800BD4602B080BD21
:10D6A000DC00002080B582B000AF02003960FB1DB5
:10D6B0001A70FB1D1A7813009B009B181B010C4A63
:10D6C00094466344DB69FF22134018003B6819024B
:10D6D000FB1D1A7813009B009B181B01044A9446FB
:10D6E000634402000A43DA61C046BD4602B080BD11
:10D6F000DC00002080B582B000AF0200FB1D1A7074
:10D70000FB1D1A7813009B009B181B01054A9446C9
:10D710006344DB691B0A1B021B0A1800BD4602B0EA
:10D7200080BDC046DC00002080B582B000AF0200A2
:10D730003960FB1D1A70FB1D1A7813009B009B18A3
:10D740001B010C4A944663441B6A1B0C18043B687B
:10D750001B04190CFB1D1A7813009B009B181B015E
:10D76000044A9446634402000A431A62C046BD4616
:10D7700002B080BDDC00002080B582B000AF0200A6
:10D78000FB1D1A70FB1D1A7813009B009B181B01D0
:10D79000044A944663441B6A1B041B0C1800BD46D4
:10D7A00002B080BDDC00002080B582B000AF020076
:10D7B000FB1D1A70FB1D1A7813009B009B181B01A0
:10D7C0000A4A94466344196AFB1D1A7813009B00A9
:10D7D0009B181B01054A94466344802292050A4324
:10D7E0001A62C046BD4602B080BDC046DC000020C3
:10D7F00080B582B000AF0200FB1D1A70FB1D1A78C5
:10D8000013009B009B181B01094A94466344196A44
:10D81000FB1D1A7813009B009B181B01044A9446B9
:10D820006344044A0A401A62C046BD4602B080BD45
:10D83000DC000020FFFFFFDF80B582B000AF0200F8
:10D840003960FB1D1A70FB1D1A7813009B009B1892
:10D850001B01094A944663445B6AFB1D1A78130056
:10D860009B009B181B01044A944663443A685A6221
:10D87000C046BD4602B080BDDC00002080B582B04D
:10D8800000AF0200FB1D1A70FB1D1A7813009B00ED
:10D890009B181B01034A944663445B6A1800BD460B
:10D8A00002B080BDDC00002080B582B000AF020075
:10D8B0003960FB1D1A70FB1D1A7813009B009B1822
:10D8C0001B010C4A944663449B6A1B0E18063B6876
:10D8D0001B02190AFB1D1A7813009B009B181B01E1
:10D8E000044A9446634402000A439A62C046BD4615
:10D8F00002B080BDDC00002080B582B000AF020025
:10D900003960FB1D1A70FB1D1A7813009B009B18D1
:10D910001B010C4A944663449B6A1B02180A3B682D
:10D920001906FB1D1A7813009B009B181B01054A62
:10D930009446634402000A439A62C046BD4602B060
:10D9400080BDC046DC00002080B582B000AF020080
:10D950003960FB1D1A70FB1D1A7813009B009B1881
:10D960001B010D4A94466344DB6A1F22934318004F
:10D970003B681F2213401900FB1D1A7813009B00FF
:10D980009B181B01044A9446634402000A43DA626E
:10D99000C046BD4602B080BDDC00002080B582B02C
:10D9A00000AF0200FB1D1A70FB1D1A7813009B00CC
:10D9B0009B181B01044A94466344DB6A1F221340F0
:10D9C0001800BD4602B080BDDC00002080B582B0EA
:10D9D00000AF02003960FB1D1A70FB1D1A7813009E
:10D9E0009B009B181B010E4A94466344DB6A0D4A58
:10D9F000134018003B681A02FC239B011A401100D7
:10DA0000FB1D1A7813009B009B181B01044A9446C7
:10DA1000634402000A43DA62C046BD4602B080BDDC
:10DA2000DC000020FFC0FFFF80B582B000AF020025
:10DA3000FB1D1A70FB1D1A7813009B009B181B011D
:10DA4000054A94466344DB6A1B0A3F2213401800D0
:10DA5000BD4602B080BDC046DC00002080B582B06B
:10DA600000AF02003960FB1D1A70FB1D1A7813000D
:10DA70009B009B181B010C4A94466344DB6A1B0401
:10DA8000180C3B681904FB1D1A7813009B009B18A7
:10DA90001B01054A9446634402000A43DA62C04609
:10DAA000BD4602B080BDC046DC00002080B582B01B
:10DAB00000AF0200FB1D1A70FB1D1A7813009B00BB
:10DAC0009B181B01054A94466344DB6A1B0C1B042C
:10DAD0001B0C1800BD4602B080BDC046DC00002013
:10DAE00080B582B000AF02003960FB1D1A70FB1DCB
:10DAF0001A7813009B009B181B010C4A9446634440
:10DB00001B6B9B0D98053B689B02990AFB1D1A78BD
:10DB100013009B009B181B01044A944663440200B7
:10DB20000A431A63C046BD4602B080BDDC00002037
:10DB300080B582B000AF0200FB1D1A70FB1D1A7881
:10DB400013009B009B181B01044A944663441B6B03
:10DB50009B029B0A1800BD4602B080BDDC0000207D
:10DB600080B582B000AF786039607B681B687B68E5
:10DB70003A681A60C046BD4602B080BD80B582B02A
:10DB800000AF786039607B685B68012293431A00BC
:10DB90003B6801210B401A437B685A60C046BD4672
:10DBA00002B080BD80B582B000AF786039607B681C
:10DBB0005B68042293431A003B689B0004210B40DE
:10DBC0001A437B685A60C046BD4602B080BD80B52E
:10DBD00082B000AF786039607B685B681022934345
:10DBE0001A003B681B0110210B401A437B685A60E6
:10DBF000C046BD4602B080BD80B582B000AF78603F
:10DC000039607B685B68202293431A003B685B01A4
:10DC100020210B401A437B685A60C046BD4602B0C3
:10DC200080BD80B582B000AF78607B685B684022C1
:10DC30001A437B685A60C046BD4602B080BD80B5BD
:10DC400082B000AF78607B685B6880221A437B6893
:10DC50005A60C046BD4602B080BD80B582B000AFFC
:10DC600078607B685B68802293431A007B685A6007
:10DC7000C046BD4602B080BD80B582B000AF7860BE
:10DC800039607B685B68074A1A403B681902802349
:10DC90005B000B401A437B685A60C046BD4602B029
:10DCA00080BDC046FFFEFFFF80B582B000AF786048
:10DCB00039607B685B68074A1A403B6859028023D9
:10DCC0009B000B401A437B685A60C046BD4602B0B9
:10DCD00080BDC046FFFDFFFF80B582B000AF786019
:10DCE00039607B685B68074A1A403B689902802369
:10DCF000DB000B401A437B685A60C046BD4602B049
:10DD000080BDC046FFFBFFFF80B582B000AF7860EA
:10DD100039607B689B687B683A689A60C046BD46FC
:10DD200002B080BD80B582B000AF78607B689B6830
:10DD30001800BD4602B080BD80B582B000AF7860EB
:10DD400039607B68DB681B0D1A053B681B031B0BE6
:10DD50001A437B68DA60C046BD4602B080BD80B51C
:10DD600082B000AF78607B68DB68802252031A4380
:10DD70007B68DA60C046BD4602B080BD80B582B027
:10DD800000AF786039607B68DB68074A1A403B68FF
:10DD900099058023DB030B401A437B68DA60C04699
:10DDA000BD4602B080BDC046FFFFBFFF80B582B058
:10DDB00000AF786039607B68DB68074A1A403B68CF
:10DDC000D90580231B040B401A437B68DA60C046E8
:10DDD000BD4602B080BDC046FFFF7FFF80B582B068
:10DDE00000AF786039607B68DB68074A1A403B689F
:10DDF000190680235B040B401A437B68DA60C04637
:10DE0000BD4602B080BDC046FFFFFFFE80B582B0B8
:10DE100000AF78607B68DB68802292041A437B68DD
:10DE2000DA60C046BD4602B080BD80B582B000AFAA
:10DE300078607B68DB688022D2041A437B68DA60F2
:10DE4000C046BD4602B080BD80B582B000AF7860EC
:10DE50007B68DB688022D2051A437B68DA60C046A3
:10DE6000BD4602B080BD80B582B000AF78607B68EF
:10DE7000DB68802212061A437B68DA60C046BD4622
:10DE800002B080BD80B582B000AF7860C023DB05F2
:10DE90005B684F22134019007B684F2293431A009E
:10DEA000C023DB050A435A60C046BD4602B080BDB0
:10DEB00080B582B000AF7860C023DB059B69082283
:10DEC000934319007B68DB0008221A40C023DB055E
:10DED0000A439A61C046BD4602B080BD80B588B095
:10DEE00000AF786008001100FB1C021C1A70BB1CFC
:10DEF0000A1C1A707B687B61FB1C1B78012B05D107
:10DF00000623BB60BB680233FB6115E0FB1C1B787A
:10DF1000002B05D10423FB60FB680233FB610BE09F
:10DF2000FB1C1B78022B05D102233B613B690433A8
:10DF3000FB6101E00023FB61FB1C1B78012B03D07C
:10DF4000FB1C1B78022B09D1BB1C1B78012B02D1B7
:10DF5000B523BB6113E04323BB6110E0FB1C1B78BE
:10DF6000002B03D0FB1C1B78032B08D1BB1C1B7898
:10DF7000012B02D1B323BB6101E04123BB61BA692C
:10DF8000FB69D3187A69D31A7B617B691800BD4697
:10DF900008B080BD80B582B000AF78607B681800A3
:10DFA000FFF770FFC046BD4602B080BD80B500AF30
:10DFB0000120FFF77DFFC046BD4680BD80B500AFA4
:10DFC000FFF788F8C046BD4680BD80B500AFFFF7BB
:10DFD00073F8C046BD4680BD80B582B000AF020078
:10DFE000FB1D1A70FB1D1B781800FFF74FF8C04689
:10DFF000BD4602B080BD000080B582B000AF786041
:10E000007B68034A13401800BD4602B080BDC0467D
:10E0100030DFCB0080B582B000AF78607A688023B3
:10E02000DB0313401800BD4602B080BD80B582B04E
:10E0300000AF786000231800BD4602B080BD80B5F7
:10E0400082B000AF78607A688023DB051340180047
:10E05000BD4602B080BD80B582B000AF78607A68FE
:10E0600080239B0413401800BD4602B080BD80B5DC
:10E0700082B000AF78607A6880239B01134018005B
:10E08000BD4602B080BD80B582B000AF78607A68CE
:10E090008023DB0213401800BD4602B080BD80B56E
:10E0A00082B000AF78607A6880235B02134018006A
:10E0B000BD4602B080BD80B582B000AF78607A689E
:10E0C00080239B0313401800BD4602B080BD80B57D
:10E0D00082B000AF78607A6880239B0013401800FC
:10E0E000BD4602B080BD80B582B000AF78607A686E
:10E0F00080231B0113401800BD4602B080BD80B5CF
:10E1000082B000AF78607B68DB0FDB071800BD468C
:10E1100002B080BD80B582B000AF78607A6880239D
:10E12000DB0413401800BD4602B080BD80B582B04C
:10E1300000AF78607B68402213401800BD4602B0F3
:10E1400080BD80B582B000AF78607A6880235B04C0
:10E1500013401800BD4602B080BD80B582B000AF4C
:10E160007860C046BD4602B080BD80B582B000AFC9
:10E1700078607B681800FFF770FDC046BD4602B0AE
:10E1800080BD80B582B000AF78607B680021180048
:10E19000FFF7F4FCC046BD4602B080BD80B582B03A
:10E1A00000AF78607B681800FFF7BCFD0300180023
:10E1B000BD4602B080BD80B582B000AF78607B689C
:10E1C00014220021180013F035F9C046BD4602B0F4
:10E1D00080BD80B582B000AF78607B6801211800F7
:10E1E000FFF70AFDC046BD4602B080BD80B582B0D3
:10E1F00000AF78607B6801211800FFF7E8FCC0469B
:10E20000BD4602B080BD80B582B000AF7860C04628
:10E21000BD4602B080BD80B582B000AF7860396085
:10E220003A687B6811001800FFF76EFDC046BD46D6
:10E2300002B080BD80B582B000AF78607B68180006
:10E24000FFF7FDFCC046BD4602B080BD80B582B080
:10E2500000AF78607B681800FFF7F6FDC046BD464A
:10E2600002B080BD80B582B000AF78607B681800D6
:10E27000FFF7CCFDC046BD4602B080BD80B582B080
:10E2800000AF78607B681800FFF7EDFDC046BD4623
:10E2900002B080BD80B582B000AF78607B681800A6
:10E2A000FFF7C3FDC046BD4602B080BD80B582B059
:10E2B00000AF78607B6801211800FFF78FFDC04632
:10E2C000BD4602B080BD80B582B000AF78607B688B
:10E2D00001211800FFF766FCC046BD4602B080BDB4
:10E2E00080B582B000AF786039603A687B68110011
:10E2F0001800FFF735FCC046BD4602B080BD80B5B2
:10E3000082B000AF78607B6800211800FFF7B4FC92
:10E31000C046BD4602B080BD80B582B000AF786017
:10E320000A00FB1C1A70C046BD4602B080BD80B515
:10E3300082B000AF78607B6801211800FFF79CFC79
:10E34000C046BD4602B080BD80B582B000AF7860E7
:10E350007B681800FFF765FCC046BD4602B080BD73
:10E3600080B582B000AF78607B6801211800FFF7AC
:10E3700005FCC046BD4602B080BD80B582B000AF8E
:10E3800078607B6801211800FFF78EFCC046BD460F
:10E3900002B080BD80B582B000AF786039603A6865
:10E3A0007B6811001800FFF7C7FCC046BD4602B0ED
:10E3B00080BD80B582B000AF78607B681800FFF741
:10E3C000CEFCC046BD4602B080BD80B582B000AF75
:10E3D00078607B6801211800FFF7E8FCC046BD4665
:10E3E00002B080BD80B582B000AF78607B6801214B
:10E3F0001800FFF7C3FCC046BD4602B080BD80B523
:10E4000082B000AF78607B6801211800FFF764FCE0
:10E410007B6801211800FFF747FCC046BD4602B0EB
:10E4200080BD80B582B000AF786039603B681B0367
:10E430001B0B1800FEF75CFEC046BD4602B080BD57
:10E4400080B582B000AF0200FB1D1A70C046BD4609
:10E4500002B080BD80B582B000AF02003960FB1D04
:10E460001A703B68002B05D0FB1D1B781800FEF7C7
:10E4700083FE04E0FB1D1B781800FEF79FFEC046DC
:10E48000BD4602B080BD80B582B000AF0200FB1D6A
:10E490001A70FB1D1B781800FEF7A8FFFB1D1B78E8
:10E4A0001800FFF7A5F9C046BD4602B080BD80B593
:10E4B00082B000AF0200FB1D1A70FB1D1B78180014
:10E4C000FEF770FFFB1D1B781800FFF76DF9C046C3
:10E4D000BD4602B080BD80B582B000AF0200FB1D1A
:10E4E0001A70FB1D1B781800FFF7C8F9030018000D
:10E4F000BD4602B080BD80B582B000AF0200396079
:10E50000FB1D1A70FB1D1B781800FFF7CFFA0300E4
:10E51000DAB23B681A70FB1D1B781800FFF7C6FAC9
:10E5200003001A0A3B680133D2B21A70FB1D1B7834
:10E530001800FFF7FDFA02003B680233D2B21A70EE
:10E54000FB1D1B781800FFF7F3FA03001A0A3B685B
:10E550000333D2B21A70FB1D1B781800FFF7E8FADC
:10E5600003001A0C3B680433D2B21A70C046BD4691
:10E5700002B080BD80B582B000AF0200FB1D1A70F2
:10E58000FB1D1A7813009B009B181B01034A94463D
:10E59000634438331800BD4602B080BDDC00002063
:10E5A00080B582B000AF0200FB1D1A70FB1D1A7807
:10E5B00013009B009B181B01034A9446634440339D
:10E5C0001800BD4602B080BDDC00002080B582B0DE
:10E5D00000AF0200FB1D1A70FB1D1B781800FFF72F
:10E5E00023FA0300DBB21800BD4602B080BD80B53F
:10E5F00082B000AF0200FB1D1A70FB1D1B781800D3
:10E60000FEF746FE0300DBB21800BD4602B080BD37
:10E6100080B582B000AF0200FB1D1A70FB1D1B7895
:10E620001800FEF781FE0300DBB21800BD4602B001
:10E6300080BD90B583B000AF02003960FB1D1A7039
:10E64000FB1D1B781800FFF755F802003B681A60A5
:10E650003B681C68FB1D1B781800FFF78DF8030052
:10E660001B0622001A433B681A60FB1D1B7818002A
:10E67000FFF782F802003B680433120A1A60C046B2
:10E68000BD4603B090BD80B582B000AF0200FB1D57
:10E690001A70FB1D1B781800FEF742FF0300DBB267
:10E6A0001800BD4602B080BD80B582B000AF020048
:10E6B000FB1D1A70FB1D1B781800FEF7E9FE030016
:10E6C000DBB21800BD4602B080BD80B584B000AF9B
:10E6D0000200FB1D1A70FB1D1B781800FFF75EF986
:10E6E00002000F217B181A707B181B781800BD469A
:10E6F00004B080BD80B582B000AF0200FB1D1A706F
:10E70000FB1D1A7813009B009B181B01084A9446B6
:10E71000634450220021180012F08CFEFB1D1B7870
:10E7200001211800FFF796FEC046BD4602B080BD2D
:10E73000DC00002080B582B000AF02003960FB1D14
:10E740001A703A68FB1D1B7811001800FFF774F867
:10E75000C046BD4602B080BD80B584B000AF0200A7
:10E760003960FB1D1A703B681B781A003B68013347
:10E770001B781B021343FB60FA68FB1D1B7811001A
:10E780001800FFF76BF93B6802331B781A003B68EF
:10E7900003331B781B021A433B6804331B781B04AA
:10E7A0001343FB60FA68FB1D1B7811001800FFF78C
:10E7B00097F9C046BD4604B080BD80B582B000AFB9
:10E7C00002003960FB1D1A703A68FB1D1B781100AE
:10E7D0001800FFF769F8C046BD4602B080BD80B59D
:10E7E00082B000AF0200FB1D1A70BB1D0A1C1A701C
:10E7F000BB1D1A78FB1D1B7811001800FFF77CF871
:10E80000C046BD4602B080BD80B582B000AF0200F8
:10E81000FB1D1A70BB1D0A1C1A70BB1D1A78FB1D4C
:10E820001B7811001800FFF7D1F8C046BD4602B0B2
:10E8300080BD80B582B000AF0200FB1D1A70BB1D09
:10E840000A1C1A70BB1D1A78FB1D1B7811001800DA
:10E85000FEF73CFDC046BD4602B080BD80B584B029
:10E8600000AF02003960FB1D1A703B681A68FB1D7F
:10E870001B7811001800FEF715FF3B6804331B6876
:10E880001A023B681B681B0E1343FB60FA68FB1DF2
:10E890001B7811001800FEF747FFC046BD4604B0C4
:10E8A00080BD80B584B000AF0200FB1D1A70FB1D57
:10E8B0001B781800FEF760FF020080231B02134341
:10E8C000FB60FA68FB1D1B7811001800FEF72CFF97
:10E8D000C046BD4604B080BD80B582B000AF020026
:10E8E000FB1D1A70FB1D1B781800FEF7ADFCC0461F
:10E8F000BD4602B080BD80B582B000AF0200396075
:10E90000FB1D1A703A68FB1D1B7811001800FEF7FA
:10E9100043FEC046BD4602B080BD80B582B000AFA8
:10E920000200FB1D1A70BB1D0A1C1A70BB1D1A7851
:10E93000FB1D1B7811001800FEF7C4FDC046BD4644
:10E9400002B080BD80B582B000AF02003960FB1D0F
:10E950001A703B681A68FB1D1B7811001800FEF73F
:10E960003DFE3B6804331A68FB1D1B78110018003C
:10E97000FEF756FEC046BD4602B080BD80B584B0ED
:10E9800000AF0200FB1D1A70FB1D1B781800FEF77C
:10E9900071FE030080221343FB60FA68FB1D1B78A5
:10E9A00011001800FEF73CFEC046BD4604B080BD15
:10E9B00080B582B000AF0200FB1D1A70FB1D1B78F2
:10E9C0001800FEF71FFCC046BD4602B080BD80B5F2
:10E9D00082B000AF02003960FB1D1A703A68FB1D5F
:10E9E0001B7811001800FEF7B5FDC046BD4602B009
:10E9F00080BD80B582B000AF0200FB1D1A70BB1D48
:10EA00000A1C1A70BB1D1A78FB1D1B781100180018
:10EA1000FEF710FDC046BD4602B080BD80B582B095
:10EA200000AF0200FB1D1A70BB1D0A1C1A70BB1D33
:10EA30001A78FB1D1B7811001800FEF785FFC046F1
:10EA4000BD4602B080BD80B582B000AF0200FB1DA4
:10EA50001A70BB1D0A1C1A70BB1D1A78FB1D1B788F
:10EA600011001800FEF75EFBC046BD4602B080BD37
:10EA700080B582B000AF0200FB1D1A70FB1D1B7831
:10EA80001800FEF76BFCC046BD4602B080BD80B5E5
:10EA900082B000AF0200FB1D1A70FB1D1B78042B17
:10EAA00001D19D2300E012231800BD4602B080BDB5
:10EAB00080B582B000AF0200FB1D1A70C046BD4693
:10EAC00002B080BD80B582B000AF0200FB1D1A709D
:10EAD000C046BD4602B080BD80B500AFC046BD4651
:10EAE00080BD000080B590B000AF7860754B1B68AA
:10EAF000BB62744B1B687A681A40724B1A60724B87
:10EB00001B68BB63714B1B687B63714B1B683B636A
:10EB1000704B1B68FB6290E00023FB6302E0FB6B21
:10EB20000133FB636C4BFA6BD200D3583A6B1A403B
:10EB3000644B1B681340F2D0674BFA6BD200D3587A
:10EB40003A6B1A405F4B1B6813407B62624AFB6B57
:10EB5000DB00D31804331B687A6A134007D15E4A7E
:10EB6000FB6BDB00D3180433012252421A605A4A6D
:10EB7000FB6BDB00D31804331B687A6A1340180060
:10EB800000F07CF903001A00544B1A60524AFB6BE8
:10EB9000DB00D31804331A68504B1B6801219940DD
:10EBA0000B00DB431A404C49FB6BDB00CB180433F2
:10EBB0001A60EFF31083BB61BB693B6272B6C0465B
:10EBC000464B1B6801229A401300DA433E4B1B68F8
:10EBD0001A403D4B1A600223FB6313E0FB6B5A1E85
:10EBE0003D4BD200D1583D4B1B6801229A40130087
:10EBF000DB43FA6B013A1940374BD200D150FB6B23
:10EC0000013BFB63FB6B002BE8D13B6A7B617B69BB
:10EC100083F31088C046314B1A68314B9200D358A9
:10EC20009847294B1B68BB63284B1B687B63284BA9
:10EC30001B683B63274B1B68FB62BB6B3A6B1A403C
:10EC4000204B1B68134004D07B6BFA6A134000D141
:10EC500062E7224B012252421A601E4B1B687A6BFC
:10EC6000134027D1F2F7A7FCEFF310833B613B6918
:10EC7000FB6172B6C046144B1B68BB63134B1B6829
:10EC80007B63134B1B683B63BB6B3A6B1A400D4BAA
:10EC90001B68134006D10F4B1B687A6B134001D1E0
:10ECA000F2F78EFCFB69FB60FB6883F31088C046BB
:10ECB00000F0DEF8034BBA6A1A60C046BD4610B0D9
:10ECC00080BDC046AC080020A8040020AC04002091
:10ECD000A8080020B004002038050020B40400205B
:10ECE000B804002080B588B000AFF860B9607A60E1
:10ECF000EFF310837B617B69FB6172B6C046FB68F2
:10ED0000180000F0BBF803001A00074B9200796866
:10ED1000D150FB69BB61BB6983F31088C046C04614
:10ED2000BD4608B080BDC046B804002080B586B09E
:10ED300000AF78603960EFF31083FB60FB687B61A4
:10ED400072B6C0460D4B1A687B681A430B4B1A60AB
:10ED50000B4B3A68D200D2587B681A431100084B1B
:10ED60003A68D200D1507B693B613B6983F31088DC
:10ED7000C046C046BD4606B080BDC046A8040020BF
:10ED80003805002080B586B000AF7860EFF31083BF
:10ED9000FB60FB687B6172B6C046084B1A687B68F3
:10EDA0001A43064B1A607B693B613B6983F3108809
:10EDB000C046C046BD4606B080BDC046AC0400207B
:10EDC00080B588B000AF78601F4B1B68BB611E4BDD
:10EDD0001B68013302D10023FB6105E01A4B1B685D
:10EDE00001229A401300FB61184B1B687B61174B93
:10EDF0007A681A6005E07A68FB691100180000F073
:10EE000029F8134B1B687A681340F4D00E4BBA698B
:10EE10001A60EFF31083BB60BB683B6172B6C046FB
:10EE20007B68DA430A4B1B681A40094B1A603B693E
:10EE3000FB60FB6883F31088C046044B7A691A6054
:10EE4000C046BD4608B080BDB4040020B004002018
:10EE5000AC04002080B582B000AF786039607B6878
:10EE6000DB431800FFF73EFEC046BD4602B080BD42
:10EE700080B500AFC046BD4680BD000080B584B0FF
:10EE800000AF78600F217B1800221A707B68BB608E
:10EE9000BA6880235B029A4205D27B1810221A704E
:10EEA000BB681B04BB60BA6880235B049A4208D22B
:10EEB0000F22BB18BA18127808321A70BB681B02EE
:10EEC000BB60BA6880235B059A4208D20F22BB1848
:10EED000BA18127804321A70BB681B01BB60BB6899
:10EEE0001B0F084AD15C0F203B183A1812788A1879
:10EEF0001A703B181B781F22D31ADBB21800BD46CC
:10EF000004B080BD0C31061080B5022801D9122052
:10EF100080BD01F039FC80BD80B501F00BFE80BDE5
:10EF2000B0B504460078002801D0042801D312208F
:10EF300000E000201225002A2A4600D002460129BE
:10EF400000D81546002D07D107F0F5FF002803D1A2
:10EF50002078FD21014021702846B0BDE0B501A90F
:10EF60000870012208461146FFF7DAFF002800D09A
:10EF70008CBD01A8007801F0F3FD8CBD1FB51C46C7
:10EF800008460A99039109990291089901910799F4
:10EF90000091069B1146224601F0C2FE04B010BD4E
:10EFA00080B51946104602F02FF880BD80B501F0FB
:10EFB00027FF80BDF0B593B01F4615460E46129050
:10EFC0001C9C08461146224601F07CFE002824D1F4
:10EFD00022980D901FAB0DCB11901E980F901D988D
:10EFE0000E901B980C901A9919981097189F0892D8
:10EFF00009930D9A0A920097019002910C98039040
:10F0000004940E9805900F98069011980790129806
:10F0100031462A46109BFFF7B1FF13B0F0BD80B513
:10F02000FFF7BEFF80BD80B5FFF7C0FF80BD80B594
:10F03000042801D9122080BD0CF076FC80BD0000B0
:10F04000F0B589B00546084628431224012836D871
:10F050000E9F072F33D3102F31D80F9810282ED89A
:10F06000B8422CD30E461099022928D8019102905B
:10F07000039304920CF0D1FE012806D104990229D1
:10F080001DD8039A012A07D919E0039A104604995A
:10F09000084301D0112412E005AC019820730948FF
:10F0A000E080029860712771E270A170667025702F
:10F0B00001F020FD607320460CF06CFC04462046F5
:10F0C00009B0F0BD0707000080B5044A914201D99C
:10F0D000122080BD0CF088FC80BDC0463F420F006E
:10F0E00080B504F059FA80BD80B504F093FC80BD72
:10F0F00080B504F001FB80BD80B504F095FC80BDB7
:10F100001CB5059C0194049C009404F07BFC002039
:10F110001CBD002070470000F0B587B014460D46B6
:10F12000064669480068002E01D1062D17D0062E2C
:10F1300001D1022D13D0082E01D1102D0FD0182E81
:10F1400001D1102D0BD0282E01D1022D07D02A2E4F
:10F1500001D1022D03D02C2E09D1012D07D1801908
:10F1600021462A46FDF766FE002007B0F0BD2E2E90
:10F1700007D1062D05D1617989090329EFD2122023
:10F18000F3E7D02E05D1012D03D12078F9F7F2FE57
:10F19000EBE7D22E05D1012D03D1217836228154FF
:10F1A000E2E7D52E0AD1042D08D102A80422214677
:10F1B000FDF740FE0298F9F7D0FED6E704F02AFEEC
:10F1C000082D23D1D12E21D101281FD102A80190D1
:10F1D00002263F4D21463246A847A11C06AF3846BD
:10F1E0003246A847211D05AD28463246384B984780
:10F1F000A11D04AC20463246354B984723882A8807
:10F200003988019800880AF055FBAEE7302E05D109
:10F21000012D03D12078F9F7F7FEA6E7D32E05D10B
:10F22000012D03D120780AF053FA9EE7FF2E0AD170
:10F23000042D08D102A804222146FDF7FBFD029807
:10F24000FFF767FF0CE0FE2E0DD1052D0BD102ADAF
:10F25000052228462146FDF7EDFD284600F09AFBE1
:10F26000002881D18BE72F2E05D1012D03D12078E5
:10F2700007F0A0FE79E7322E12D1022D10D102AD97
:10F28000022228462146FDF7D5FD2888411EC908DF
:10F29000E02900D973E70D4909685A22885263E7CB
:10F2A0001220332E00D060E7012D00D05DE702ADC3
:10F2B000012228462146FDF7BDFD287801F0FAFC21
:10F2C000287807F03FFE4FE74C050020540500204A
:10F2D00035CE041080B5FFF71FFF80BD80B500F06C
:10F2E00001F880BDF8B50E4605461224FDF746FE2E
:10F2F000B04217D3012D15D80B480068817A0091D0
:10F300008572477A46722846FDF748FE0024B742C8
:10F3100002D10098A84205D0FF207F2201210B4690
:10F3200009F00CF82046F8BDA005002080B504487F
:10F330000068603000210422FDF78CFD80BDC046CE
:10F34000A005002070B503460A480468EFF310805A
:10F3500072B6207D00252575257C0F262E401E7057
:10F36000237C1B090B70E1681160411E884162B665
:10F3700070BDC046A005002003480068002101754B
:10F38000418201747047C046A005002010B586B0C8
:10F390001548046802A801A96A46FFF7D3FF0028B0
:10F3A0001FD002A80178608AC840C00719D0019A0E
:10F3B000009B03A8082484701C0EC4721C0C847269
:10F3C0001C0A44720372C2718171FF214170822153
:10F3D00001700021417104220271C1700C21F9F702
:10F3E000A0FC06B010BDC046A0050020BFB501AC12
:10F3F000089D2581E380A28061802080204604F062
:10F4000015FD04B0B0BD0000034800688821034A20
:10F41000425000207047C046A005002000000303B2
:10F42000054800688821415C88308078814201D895
:10F430000020704701207047A005002005480068A3
:10F440008921415C89308078814201D80020704751
:10F4500001207047A005002010B504460A48006846
:10F46000006990210122134600F09CFA002804D084
:10F4700001464460902000F032FB04480068882177
:10F48000425C521C425410BD50050020A0050020D3
:10F4900010B50446007AF721014021720A4800683D
:10F4A000006990210022012300F07CFA002804D09A
:10F4B00001464460902000F012FB04480068892156
:10F4C000425C521C425410BD50050020A005002093
:10F4D00010B50024C46106F09FFB842800D081246D
:10F4E000204610BDB0B5096883240022002912D03F
:10F4F000CD690024CC61087AC00603D4002004F052
:10F5000091FF02E0084604F0CDFA012200282946C6
:10F51000ECD083240CE0D0070AD0EFF3108072B651
:10F52000044800688921425C521E425462B600249D
:10F53000E0B2B0BDA005002010B50C68207BC0076C
:10F5400008D000210122204600F0F6F8207BFE21A1
:10F55000014021730E4800682C21405CC00703D194
:10F56000204604F0D1FE02E0204604F067FA0028AD
:10F5700001D0832010BDEFF3108072B605480068FB
:10F580008821425C521E425462B6002010BDC04623
:10F590004C050020A005002070B50B4C012504226D
:10F5A000204629460BF004F8084E3060062220461B
:10F5B00029460AF0FDFF31680860306801680020C4
:10F5C00088804880087070BDB00500204805002084
:10F5D000B0B50D460446411E8841511E1F220A4304
:10F5E000213291B20AF0C2FE002806D0858001685F
:10F5F0008160002C03D1402103E00020B0BD7F21B9
:10F60000C9430173001DB0BD80B5411E88410AF099
:10F6100015FF80BD80B5017A8A0901219143001F41
:10F620000AF0DEFE80BD80B50A46017A8B09012111
:10F63000994340680AF016FF80BD10B514460A468B
:10F640004068194623460BF0E7F810BD10B5144684
:10F650000A464068194623460BF0A5F810BDE0B5F0
:10F66000022201ABFFF7F2FF002801D0002004E0E6
:10F6700001A8017840780002401880B28CBDE0B546
:10F6800001AB1A70120A5A70022200F001F88CBD08
:10F6900010B514460A464068194623460BF049F84F
:10F6A00010BD011F00220A6040687047F8B50F487E
:10F6B000006805682878411C29700D4F398A25316A
:10F6C0004E09741C002809D1002021460AF006FFCB
:10F6D000388A25304009401C6880B41C012021462E
:10F6E0000AF0FCFEA8880019A880F8BD4805002093
:10F6F000B4050020F8B50E48006806683078401E52
:10F7000030700C49098A25314F097C1C000606D14E
:10F710000025284621460AF035FF7580BC1C0120D3
:10F7200021460AF02FFFB088001BB080F8BDC0460C
:10F7300048050020B405002070B591420ED2154650
:10F740000E46044640680BF0DEF8751B60680AF050
:10F75000AFFF281881B22046FFF765FF70BD80B566
:10F7600000200CF063FD80BDF0B58FB009930B92C3
:10F770000A9108900AF016FF0124382120460AF069
:10F7800029FF3349C97A34228154324E3060002730
:10F79000077030684770306887703068E121C17049
:10F7A0000520C00131688880302008850EAD0DA984
:10F7B0000CAA2846FDF76FFB0C9800022978090176
:10F7C00001430D9800030843001D31684885182146
:10F7D00020460AF0FFFE2049086007750CF01CFD6A
:10F7E0001C9806901B9C05941A98049019980390F5
:10F7F0001898029017980190159D009508980A99FD
:10F800000B9A099BF9F75AFCF9F79FFB1D9F012CF6
:10F8100001D1F9F712FB00F08BF9012F01D100F0B3
:10F82000BBF830682C21405CC0070ED1012C06D1FA
:10F830001698F9F7AFFBF9F79DFCF9F7A2FC0A98C7
:10F840000B992A46234600F003FF0FB0F0BDC046D7
:10F85000B40500204C050020F4050020F0B595B05B
:10F860000120810414912E480160BFF34F8FBFF334
:10F870006F8FFEF7A3FBFDF7E9FB00201290C0435A
:10F88000FEF788FB04F0C6FA139004F0C7FA119053
:10F8900009F02AFF109007F04EFB0F900CF0BDFA14
:10F8A00004F0BEFA0E9004F081FC0D9007F034FBDA
:10F8B0000C9007F033FB0B9004F050FA044604F070
:10F8C000ABFA0546F9F7B1FA064607F098FC074689
:10F8D00000F065F8C0B2F9B208910990F0B2E9B24F
:10F8E000E2B20B9BDBB20C9CE4B20D9DEDB20E9E1E
:10F8F000F6B2129F00970196029503940493059225
:10F90000069107901398C0B21199C9B20F9AD3B259
:10F91000109AFFF729FF03481499016015B0F0BD54
:10F9200080E100E000E100E0B0B50546C07A1224B5
:10F93000802829D8298C172926D31448821D914262
:10F9400022D8298A17291FD381421DD8A87E0028D2
:10F950001AD007F0E3FA002808D0E87E002813D078
:10F96000802811D8287F401E0E280DD80848342240
:10F970002946FDF75FFA0BF051F8002803D4FFF792
:10F980006DFF002400E087242046B0BDFA0300008C
:10F99000B405002000207047704770477047002072
:10F9A00070470000FEB515460C460646080614D4FE
:10F9B00002AA01AF304619463B4600F053F8002832
:10F9C00021D0600638D402988178FC220A408270E7
:10F9D00001990180718001272FE0EFF3108072B64A
:10F9E00002AA01AF304619463B4600F03BF800281A
:10F9F0000BD002998A78FC2313408B70019A0A80FD
:10FA00007280012702E0002703E0002762B6002889
:10FA100013D1EFF3108072B6A0060AD41048006824
:10FA2000016808220A43026000200CF045FCFCF744
:10FA30002BFB62B600260AE00027029EF570A000AC
:10FA400060210140B078032202405018B070002FAE
:10FA500004D000200CF030FCFCF716FB3046FEBD55
:10FA600050050020F8B500924588AC081C80491C60
:10FA70008AB2A6188788BE4200D9091B0A199200CB
:10FA8000BE4200D96D1C0326354052191A80A300CE
:10FA90001B180833009C236092B20588521B17463E
:10FAA000374084886743354052199208D21995B27D
:10FAB000C688B54200D9C280A5420AD809B2002939
:10FAC00007D59978FC220A40511C9970083000999A
:10FAD0000860A54201D90020F8BD0120F8BD80B51D
:10FAE000400605D48878FC220240901C887080BDB6
:10FAF000084600F001F880BD80B5011DC278142AC7
:10FB000004D8426880788008904780BD3D2A03D899
:10FB1000002000F0E9F880BD3F2A03D8002000F063
:10FB2000F5F880BD602A02D8002000F0E4F880BD1E
:10FB3000F8B501201C21294A9047294F3860294DEA
:10FB4000A88D401E03263043401C8008C01C04249E
:10FB50002146224A904739684860E88D401E30436C
:10FB6000401C8008C01C21461C4DA8472A46396805
:10FB700088601C4D288E401E3043401C8008C01CED
:10FB8000214690473968C860FFF7F6FB386842683D
:10FB900000211180518083681980D180AF8D7F1E34
:10FBA00037437F1CBF0897805980D980EF8D7F1E17
:10FBB00037437F1CBF089F80C7683980026143615B
:10FBC000F9802A8E521E3243521C9208BA807980E4
:10FBD00087612246FDF73EF9F8BDC046D5A5051060
:10FBE00050050020B4050020FEB53D4D28681030BA
:10FBF0000021062905D004C8528801AB5A52891C3D
:10FC0000F7E7EFF3108072B62868046800270760F2
:10FC100062B6E00702D0002000F04AFCA00702D53F
:10FC2000012000F045FC600702D5022000F040FCF6
:10FC3000200702D5032000F03BFCE0064AD5042053
:10FC400000F036FC46E0780001A90E5A0097BF008C
:10FC50002868C019006901880288B2422AD0890840
:10FC6000891C89004418A17803220A40012A02D085
:10FC7000002A03D11EE0817A08300446480603D4E6
:10FC80002046FFF739FF0AE0E078132807D280000A
:10FC900014490A58211D20469047002805D128689C
:10FCA000C019006921880180D5E700200CF004FB11
:10FCB000FCF7EAF9EFF3108072B62868C019006902
:10FCC00041880288914202D100210180418062B6C0
:10FCD000009F7F1C032FB6D1FFF758FBFEBDC04627
:10FCE000500500201C31061080B508468978C91CD3
:10FCF000F9F717F880BD80B508468978C2781202F6
:10FD00005118091D89B2F9F70CF880BD80B5084675
:10FD1000C978027912025118491D89B2F9F701F820
:10FD200080BD0000B0B50D46044608794979090246
:10FD3000081801F03FFB28796979090208180CF0CE
:10FD40002DF8287969790902081804F003FD00F0FC
:10FD5000BAFE2879697909020818FFF7CBFC084830
:10FD600000683621405CC00601D40020B0BD1520DB
:10FD7000E070A078BF210140A1708420B0BDC046D2
:10FD8000A005002010B5044608794A79120212181D
:10FD9000C97806200BF088FF0748006836214056D6
:10FDA000002801D4002010BD1620E070A078BF21EB
:10FDB0000140A170842010BDA005002010B50446AC
:10FDC00008794A7912021218C97807200BF06CFFE3
:10FDD000074800683B214056002801D4002010BD90
:10FDE0001720E070A078BF210140A170842010BDD1
:10FDF000A0050020B0B50D460446087900281DD1A5
:10FE00006879A97909020818FFF750FC6879A9797F
:10FE1000090208182A7AE9792B4609330BF002FE09
:10FE20006879A9790902081801F0A4FA6879A97912
:10FE300009020818E97904F07DFC28796979AA7922
:10FE400012025118EA7900F03FFE094801683D208E
:10FE50000A5C002092060AD53D31497AC90706D0CE
:10FE60001820E070A078BF210140A1708420B0BDAF
:10FE7000A0050020FEB50D4604460879002823D1D0
:10FE80006879A97909020818FFF710FC2A7AE9793C
:10FE90006879AB792E4615362F460F3700970196B5
:10FEA0001B0218182B4609330BF056FE6879A97906
:10FEB0000902081801F05EFA6879A97909020818A0
:10FEC000E97904F037FC28796979AA791202511886
:10FED000EA7900F0F9FD094801683D200A5C00203C
:10FEE00092060AD53D31897A890706D51C20E07033
:10FEF000A078BF210140A1708420FEBDA005002094
:10FF000070B50446144D28683626805D00280ED151
:10FF100008794A79120210188A7BCB7B1B029A1847
:10FF2000891D0BF041FE2868805D002812D00B4827
:10FF300001683D200A5C002092060AD53D31497ACD
:10FF4000C90606D51920E070A078BF210140A17034
:10FF5000842070BD002070BD4C050020A00500204D
:10FF600010B504460879491D0BF059FF0A4801688D
:10FF70003D200A5C0020920604D53D3109228956B5
:10FF8000002900D410BD1A20E070A078BF210140E4
:10FF9000A170842010BDC046A005002010B5044605
:10FFA0000879491D0BF03CFF094801683D200A5CB7
:10FFB000002092060AD53D31897AC90706D01B2058
:10FFC000E070A078BF210140A170842010BDC04620
:10FFD000A0050020002070470020704700207047D7
:10FFE000002070470020704701710023C370090A88
:10FFF000417111788171517893780372C171D17810
:020000041005E5
:100000001279827241727047002202710122C2701D
:1000100041700270090A8170704710B513788371BE
:1000200053788C1E0472C3710930911CE2B2FCF744
:1000300001FF10BDF0B585B0174603910446506826
:10004000407A04900621164D1046A84702900821D8
:100050003846A84701900A213846A84706460C2191
:100060003846A8472A4605460E2138469047607410
:10007000290A2174E573310AA1736673019A110A82
:100080002173E272029A110AA1726272039A110A32
:10009000E171A27104992172000AA07405B0F0BD4B
:1000A0005FF604101CB51F2903D801AA118040680F
:1000B00005E0406801AC22460AF02BFB218840187D
:1000C00000791CBDF8B515460E4604465068407AC6
:1000D000009006211046FFF7C2FA0746082128467D
:1000E000FFF7BDFAB91EE1726072009A2272320AFD
:1000F000E271A671000AA072CAB2A8890C34801DF0
:1001000081B228462346FFF7A1FAF8BD70B51C4618
:1001100005465E88100AE870AA70080A687029709F
:100120009889401C81B21846FFF7BCFFB11E0A0A2D
:10013000AA7169712871A089EB1D8AB2801C81B2F5
:100140002046FFF783FA70BDB0B51C465B88150AE0
:10015000C57082700A0A42700170591E8A080271C5
:10016000A589431D8AB2681C81B22046FFF76EFA4A
:10017000B0BD70B51C4605465E88100AE870AA70CE
:10018000080A687029709889401C81B21846FFF7E8
:1001900089FFB11E0A0AAA7169712871A089EB1D35
:1001A0008AB2801C81B22046FFF750FA70BDB0B50C
:1001B0001C465B88150AC57082700A0A427001707D
:1001C000591E01710A0A4271A589831D8AB2681CF1
:1001D00081B22046FFF73AFAB0BDB0B51C465B8845
:1001E000150AC57082700A0A42700170591E0171A9
:1001F0000A0A4271A589831D8AB2681C81B2204611
:10020000FFF724FAB0BDB0B51C465B88150AC5706F
:1002100082700A0A42700170591E01710A0A427105
:10022000A589831D8AB2681C81B22046FFF70EFAA9
:10023000B0BD70B51C4605465E88100AE870AA700D
:10024000080A687029709889401C81B21846FFF727
:1002500029FFB11E0A0AAA7169712871A089EB1DD4
:100260008AB2801C81B22046FFF7F0F970BDFEB55E
:100270001C46174602910546588801909889401CF3
:1002800081B21846FFF7EBF90646A089C01C81B27F
:100290002046FFF7E4F90199491F0A0A6A72297298
:1002A000A871320A6A712E713A0AEA70AF70029B25
:1002B0001A0A6A702B70000AE871A0890A358AB29E
:1002C000401D81B220462B46FFF7C0F9FEBDF8B5B0
:1002D0001C4617460E460546588800909889401CD3
:1002E00081B21846FFF7BBF90099C91E0A0AEA71E4
:1002F000A97128713A0AEA70AF70320A6A702E70DA
:10030000000A6871A08908358AB2C01C81B22046F3
:100310002B46FFF79BF9F8BDF8B51C4617460E466D
:100320000546588800909889401C81B21846FFF70E
:1003300096F90099C91E0A0AEA71A97128713A0A48
:10034000EA70AF70320A6A702E70000A6871A08974
:1003500008358AB2C01C81B220462B46FFF776F9D9
:10036000F8BD7CB51D46044602728171100A6072A8
:10037000080AE071079EB089C01881B2022201AB61
:100380003046FFF763F90698801E20730199A17229
:10039000090AE172B1896918891C89B20D34C2B2A7
:1003A00030462346FFF752F97CBDB0B515460446EA
:1003B000059AC271049860712371A5702170130AA7
:1003C0002372000AA071280AE070080A607006987B
:1003D00081890934C91C89B22346FFF737F9B0BDBA
:1003E00070B515460446059A02720498A0712371EF
:1003F000A5702170160A6672000AE071180A607111
:10040000280AE070080A6070069881890A34491D3C
:1004100089B22346FFF71AF970BDB0B51C465B8858
:10042000150AC57082700A0A42700170591E017166
:100430000A0A4271A589831D8AB2681C81B22046CE
:10044000FFF704F9B0BDB0B51C465B88150AC5704E
:1004500082700A0A42700170591E01710A0A4271C3
:10046000A589831D8AB2681C81B22046FFF7EEF889
:10047000B0BDB0B51446049AC2704170150A05713A
:100480000F252D020D40A107890C49199B03C9189E
:10049000090A8170431D05980021FFF7D7F8B0BD08
:1004A000017000228270090A417070470020704775
:1004B000E0B501AAD0700120907010205070042186
:1004C00011701046F8F72DFC8CBD002070470020FD
:1004D000704700001CB511480468FFF7F8FF882832
:1004E00007D00C2805D05D34002808D102206070A8
:1004F0001CBD05200BF0E0FEFBF7C6FD1CBD002077
:10050000607020787F210140217001A98620487009
:1005100080200870022000F0BFF91CBD54050020A7
:1005200070477047074909685D228A5C88231A4230
:1005300004D0723109884140080501D0002070477D
:10054000012070475405002080B5406901490BF037
:10055000EAFF80BD5905051080B5022807D00128A3
:1005600009D0002806D10020F8F721FC80BD00202A
:10057000FFF7D7FF80BD002000F002F880BD00002B
:10058000F0B587B03148046806A9049100200190B5
:10059000087005AE0120307000F050F95D20039422
:1005A000275C781E3D468541202038404442029019
:1005B00044410498314600F051FD002F01D101283B
:1005C0003ED12C4038D105A80078002834D0039CB7
:1005D00020465D30C07B002834D02834029D002D99
:1005E00003D021780020FFF770FF06A800780128CB
:1005F00002D1002000F0F6FC00F0FCFA002804D143
:100600000020012100F0CEFA0190002D0AD02178BF
:100610000120FFF75AFF002804D00198002801D0DC
:1006200000F02CFA06A80078012809D106200BF06A
:1006300043FEFBF729FD03E00120014600F0B2FA7A
:1006400007B0F0BD00200121F8E7C04654050020A6
:10065000FEB51F46019202910546012478212046ED
:1006600009F0B8FFE12189005A228152244E3060FE
:10067000012D17D10120062109F0ACFF0146306899
:100680008163012F0ED101250E272846394609F036
:10069000A1FF3168C8642846394609F09BFF01462E
:1006A00030680165029901290BD10198012805D113
:1006B0001C20012109F08EFF3168C8621148847E38
:1006C00001E00021C1621421204609F083FF316856
:1006D00048650D4C04210122204609F069FF31686C
:1006E0000862032502222046294609F061FF31688D
:1006F0004862064A0723084629460BF03BFEFEBD2A
:1007000054050020B4050020B0050020490505105F
:10071000B0B50446002108252A46FCF79BFB20784B
:10072000DF21014321706078092101436170A178C4
:100730002943A170114909685C22895C890602D5A8
:100740000F210843607008F0CFFF012807D16078BF
:10075000122101436170A07807210143A17006F0C6
:10076000DBFBC0B2012807D16078E0210143617052
:10077000A07880210143A170B0BDC046540500207F
:1007800080B508F0B1FF80BDF0B585B0054604A87E
:10079000002707701224012901D9204648E00E469F
:1007A0002448006800900CF0C5F8002840D100995A
:1007B0005C310878C00711D1C87830430E46C87044
:1007C00003A807210170002D12D0022D08D0012DA1
:1007D00020462DD104A81021017009E00C2027E04B
:1007E00004A82021017003A900F0A2F900281FD15C
:1007F00000F0D6F900281BD10098603000F0CCF949
:10080000002815D10498012131740843307000F09C
:1008100015F801AC2046FFF77BFF204603F00EFAE7
:10082000F843019004480290204603F0F7F9384657
:1008300005B0F0BD54050020FF9F00200648006869
:100840005C21415C8906890F04D05C30C1780222AA
:100850000A43C2707047C04654050020B0B55C28FA
:1008600006D10C4804685D3400256057002800D488
:10087000B0BD60780228FBD1557080201070C8B2DE
:10088000114600F009F8657020787F210140217041
:10089000B0BDC04654050020F8B5002916D00E465C
:1008A000054609780024C80720461FD188070FD4C1
:1008B00048070FD408070FD4C8060FD488060FD4F2
:1008C00048060FD408060FD507200FE012243CE09D
:1008D00001200BE0022009E0032007E0042005E0EE
:1008E000052003E0062001E00020C04330701848D6
:1008F00000684E214056002827D5164828180321A5
:1009000001430D31880883B21348006880690221D1
:100910004722FFF747F8002816D00746001D294652
:100920003246FFF77AFB0420787207203872E81C01
:10093000010AF971B871FF207871822038710220A4
:100940003946FFF7CCF800E007242046F8BDC04642
:10095000A0050020FDFF030050050020BCB5114894
:100960000068446D08F0C0FE002802D00E48807E6A
:1009700000E00120C5B21134002D11D020780028EC
:100980000BD020460F380078800706D560786A467D
:10099000107000200121FEF709FB14346D1EEBE7F7
:1009A000BCBDC04654050020B4050020F8B504467F
:1009B00068460025057008F097FE002805D06D46B2
:1009C0002046294600F0FEF92D7808F08DFE00281B
:1009D00002D02648837E00E0012314267543244F6D
:1009E0003868416D4C19A57802222A4002D0A41C17
:1009F000002525701131DBB2002B0AD00C78002CB9
:100A000004D00C460F3C2478A40726D45B1E143176
:100A1000F2E7002A21D0002421460BF0C0FC154843
:100A200000684E21405CC00717D0134800688069F9
:100A30004422022529462B46FEF7B4FF00280CD09D
:100A400001468571C4710472FF20487182200871CB
:100A5000042048722846FFF742F86846007846436B
:100A60003868406D801900214174F8BDB40500203C
:100A700054050020A0050020500500207CB50D4C39
:100A800025685C20285C8006800F12D05C35E878F1
:100A9000022630400DD101A8694600F0DFFA6978DE
:100AA000014306D1E8783043E870206801210BF05B
:100AB00076FC7CBD5405002080B50020FFF776FF52
:100AC000FFF7DCFF80BD704780B5002A03D00846E1
:100AD000FFF7F2FF80BDFFF723FD80BD04480068EB
:100AE0005C21415C30200840411E88417047C0466F
:100AF00054050020034800685F21415C0120084044
:100B00007047C04654050020084800685C21415CDD
:100B1000CA0606D4890606D45C30C1780120084094
:100B200070470120704703207047C04654050020DD
:100B30001220704780B504F0A1FC80BD80B5C007CD
:100B400001D1002080BD0846114603F04EF980BD5A
:100B500080B5C00701D1002080BD03F042F980BDFF
:100B600070B594B00446FFF7F3FF06466D463E3578
:100B700068460AF001FA00280BD1002E09D1684618
:100B800040780121014020462A46FFF7D7FF06465C
:100B9000EEE7F0B214B070BD80B503F03BF880BD55
:100BA00000207047B0B502461048006805465A3527
:100BB000002908D1A97889060024890F14D0697901
:100BC00002230B4010D0002A01D0094B03E07D2105
:100BD000C9002B884B430124214622460BF015FC0B
:100BE0006879FD21014069712046B0BD540500209F
:100BF00030750000BCB50D4D28685F21405C800752
:100C000001D40C240FE06C4620460AF0C5FA2046B9
:100C1000FFF7C2FF0446002805D128686630694600
:100C20000622FCF707F92046BCBDC046540500204B
:100C3000B0B50D4604460F4800685C21405C800654
:100C4000800F05D001202870204600F015F80EE036
:100C5000FFF75AFF002805D001202870204600F039
:100C60001FF804E000202870204600F00FF8002054
:100C7000B0BDC0465405002080B5034909686631FF
:100C80000622FCF7D7F880BD5405002080B5034943
:100C900009680622FCF7CEF880BDC0464C0500204E
:100CA00080B50349096860310622FCF7C3F880BDAE
:100CB00054050020024909686C2288547047C046D8
:100CC00054050020431E022B09D300280CD0032812
:100CD00009D1012001404942122008407047002AF2
:100CE00001D11046704712207047000001461039AC
:100CF00005290AD80020C0467944097949008F4463
:100D000002080A09080C032070471D2801D10120A0
:100D1000704705207047022070470420704700008C
:100D2000F0B58BB015460F460146FA061220002A90
:100D30003FD51C4601239A0395423AD8944238D8AD
:100D40000A93139809901298089011980690109899
:100D5000079019480068466D00200490707031704B
:100D6000FFF7D2FE05903846FFF7C0FF02467078C5
:100D7000202101437170042A08D81721D140C907E6
:100D800004D051B20DA3595C0843707006980090CE
:100D9000089801900798029009980390A8B2A1B210
:100DA000059B02F08DFE00280A9902D10498B074C8
:100DB00031740BB0F0BDC046540500202870287077
:100DC0003000000070B502460B48847E0B48006876
:100DD000456D1035002003469C4208D02E78002E29
:100DE00008D0AE78964204D014355B1CF4E7234655
:100DF00000E001200B7070BDB405002054050020F8
:100E0000F8B5044619480068476D002C0DD0387CB1
:100E1000002823D00020014600F02AF805460028CB
:100E200022D1FFF7E7FE064600E00C26204602F03E
:100E3000A7FE0546002817D10025204629462A4648
:100E400000F070F8002C0BD001207874002E0BD12C
:100E5000002528462946FFF7A5FE05E0D32503E037
:100E600000257D74FFF70AFE2846F8BD54050020D2
:100E7000F8B5284A927E12258A4225D9002800D149
:100E8000014614224A4324480068436D99184C785F
:100E9000A006C60F0020002E02D01027274014D134
:100EA000002E02D1082634400FD19E5C4C68888900
:100EB000214600F0BBF81949884208D00019817812
:100EC00048070BD4D42000E02846C0B2F8BD032E5A
:100ED0002846FAD8F1001248C840F6E7032E284603
:100EE000F3D8C0467E4436797600B74401060D013A
:100EF0000320014005D10846E7E70320014001290E
:100F000006D02B20C043E0E7032001400229F8D19E
:100F10000020DAE7B405002054050020FFFF0000A0
:100F200000D4D40070B50346002900D10A462948F0
:100F30000068416D012B0CD114235343CA5C012A74
:100F400033D0022A3ED1CA189478042020439070EE
:100F50003AE014235343C9188E1C8978890721D598
:100F6000002421460BF01BFA1B4800684E21405C10
:100F7000C00717D019480068806944220225294615
:100F80002B46FEF70FFD00280CD001468571C47179
:100F90000472FF204871822008710420487228469C
:100FA000FEF79DFD0020307070BDC9184A788B781F
:100FB000134302221A438A7000210122084B0BF0CE
:100FC00024FA70BDC8188078C9184A7802438A701C
:100FD00070BDC04654050020A0050020500500202B
:100FE00020BF020080B500F001F880BD80B5054942
:100FF0000968496D497C012902D102F0C1FD80BD1B
:10100000002080BD54050020B0B50C460546C0B296
:1010100007F05CFF002800D0B0BD03490968496DA6
:101020008D814C60B0BDC04654050020B0B50A4A61
:1010300003280FD300239DB24C5D022C03D16D1801
:101040006D78012D05D01B195B1C9CB28442F2D334
:1010500000E01A4690B2B0BDFFFF0000F8B50546AB
:1010600000260670012400910C7016480068476D38
:10107000FFF786FB002801D01348847EE1B21137C8
:101080003046324600290FD03B78002B09D0022B86
:1010900000D101203A460F3A137801229B0700D570
:1010A00016461437491EEDE7012A01D101212970A6
:1010B000012802D0F0B2012802D100200099087066
:1010C000D0B2F8BD54050020B405002080B5012041
:1010D000FFF78CFF80BD0000F8B50120982109F0D2
:1010E00079FA2B4E30602B4FF87A397B081814248C
:1010F000214609F06FFA326800255563D562F97A06
:1011000003462F46B9420AD01D615F701F703268D6
:10111000D36225467D43451914337F1CF2E7002333
:1011200013631C4A127B5218CDB2AA420AD96543F6
:10113000FF27475545192B61697033681D63491CAA
:101140002B46F1E79006000E411C134C012220466D
:1011500009F02EFA316808620E4DE87A297B0818EA
:101160008006010E0222204609F022FA34686062ED
:10117000E87A297B08188006010E084A07232046D2
:101180000BF0F8F800F0F2F90CF03CFDF8BDC046A9
:1011900058050020B4050020B0050020A11105105D
:1011A00080B5406901490BF0BEF980BD19150510E5
:1011B000E0B500200090064B0146024600F00AF818
:1011C000002804D007200BF077F8FAF75DFF8CBDFC
:1011D00031120510F0B585B00493019202910746D3
:1011E00002203840039001243C4010480568343503
:1011F0000A9E2D68002D16D0002F0CD0002C03D095
:101200002889029988420CD10398002803D0688964
:101210000199884205D128463146049A9047002812
:1012200002D11035E5E7002005B0F0BD58050020DB
:10123000B0B5044680880025C00501D4284606E0E4
:101240006289218902200BF0C3FE002800D0B0BDC6
:1012500020896189042902D100F0ACF8EEE700F0A2
:1012600017FB618920890CF0BEFD0020208109490F
:1012700009684B6BA34205D01A461B69A342FBD1F8
:10128000103201E00A463432236913600A6B22618E
:101290000C63B0BD5805002080B50020FEF7B4F9FE
:1012A0000D49098A2531490988420FD9491CEEF7B1
:1012B000BFFF0246422000210BF0C6FF002804D0E9
:1012C00008200AF0F9FFFAF7DFFE80BD08200021B0
:1012D0000BF004F880BDC046B4050020BCB50C4638
:1012E000002813D02588204602F0A7FE0146284694
:1012F00000F02EF8002809D06088002806D0A189C7
:101300001F2908D801A8018060680AE02046FEF77E
:1013100081F90020BCBD606801AD2A4609F0F9F9E9
:10132000298840180079C10704D11B2808D01D283E
:1013300006D009E01E2803D302210843232803D145
:1013400020460CF063FCBCBD204600F027F9BCBD74
:10135000074A126834321268002A07D01389834280
:1013600002D153898B4201D01032F4E71046704706
:1013700058050020F8B504460D4E3068C56A296945
:10138000C1622F88002114222846FBF763FD042048
:1013900068811720E8802C812F803068416B45637D
:1013A0002961204600F070FA20460CF018FDF8BDC7
:1013B00058050020F8B504460AF019FE1C480068DC
:1013C000466B002E32D0374636693889A042F8D1B4
:1013D00000257A89E8B2032804D8214600F02AF8CB
:1013E0006D1CF6E72046114600F052FA7989204636
:1013F0000CF0F9FC002038810D480068426BBA42BD
:1014000005D011461269BA42FBD1103101E0014604
:1014100034313A690A607989042903D1C16A396192
:10142000C762CEE7016B39610763CAE7F8BDC04602
:101430005805002010B504460846114600F058F83B
:1014400080000019C1B2024800680AF0A8FF10BD70
:1014500058050020B0B50C4605464888001D81B2ED
:101460002046FEF7E0F82846214602F011FF00284A
:1014700004D02046FEF7CEF88120B0BD0020B0BDDC
:1014800009888088084000D08620704709888288B3
:101490000A43828000207047098882888A438280BC
:1014A000002070470749096834310968002904D0D1
:1014B0000A89824203D01031F7E7FF20704708788D
:1014C0007047C0465805002010B50446084611462E
:1014D00000F00EF880000019C1B203480068002235
:1014E000024B0AF092FF10BD580500203075000035
:1014F000084A126834321268002A07D013898342DE
:1015000002D153898B4203D01032F4E7FF20704799
:10151000507870475805002080B581080A48006857
:101520003430006800280ED042788A4201D0103052
:10153000F7E70121090282880A43828007200AF026
:10154000BBFEFAF7A1FD80BD5805002010B5448907
:10155000042C00D0062461188AB201890020FEF70D
:1015600037F8002800D0848110BD000010B5084C69
:10157000206840300BF092F8206838300BF08EF87D
:10158000044805493C22FBF755FC01F0EFF810BD7B
:10159000580500205C05002068310610F0B587B0C2
:1015A0000446058802F049FD01462846FFF7D0FEB3
:1015B0000546204600F058F8064600F05BF80F2874
:1015C00019D11E2E47D04020304044D10521284655
:1015D000FFF7BCFF002845D0074600210622304611
:1015E0003B4600F0FDFA68893946FFF733FF0746AE
:1015F000002834D12FE0019500251E2E2F4616D04D
:10160000402006402F4612D1019B9888C00718D170
:101610005A89198900263046FFF756FF07460028E9
:1016200005D1019A9088012101439180374602A893
:1016300005800695059501990491039400F054F8EE
:101640000DE008334220032102220CF02BFA00287F
:1016500001D0842703E02046FDF7DCFF0027384651
:1016600007B0F0BD8827FAE780B5818901F04DF811
:1016700080BD0000811E1E2916D8002079440979FA
:1016800049008F4418170F1719171B171D171F171D
:101690002117231725171717271729171717171794
:1016A0002B172D000120704752281BD0D22801D1C2
:1016B0000A2070470F2070470220704703207047B0
:1016C00004207047052070470620704707207047A8
:1016D000082070470B2070470C2070470D20704782
:1016E0000E20704709207047F0B585B00446007899
:1016F000002807D16068FFF7B7FF6070A568E86849
:1017000000283CD065782846FFF7B4FF0E2808D89B
:1017100080005B490958002903D0204688470746C6
:1017200007E0A068C36800210622284600F058FAA6
:1017300086276168002919D0882F03D0842F0CD008
:10174000072F10D14F48006840300AF0ABFF092046
:101750000AF0B2FDFAF798FC08E04A480068383011
:101760000AF0A0FF09E00846FDF754FF862F01D0DC
:10177000002F02D1A06800F047FA05B0F0BD6768FD
:101780003846FFF771FF0646FFF774FF7988EA884D
:1017900004230293002391423ED80E283CD80193A3
:1017A0004200344B9A5A344BC340DB0705D18023A7
:1017B0009A439142019B03D02EE09142019B2BD38F
:1017C000411E032901D307280DD104A903AA0292BF
:1017D00038460F4600F049FF3B8802980088834254
:1017E00018D8002B16D066683046FFF73DFF074635
:1017F0003588304602F021FC01462846FFF7A8FD57
:1018000005461E2F1DD0402038401AD1162F1BD15F
:10181000718826E00120029086271E2E89D0402064
:10182000304086D1019305212846FFF78FFEE860FE
:1018300000281DD0034630460199029A00F0D0F9E5
:1018400077E70020E8605DE73846FFF713FF0E28D2
:1018500000D96DE740000949095AE888814200D360
:1018600001462846FFF772FEE860002800D049E7ED
:1018700088275EE7A4310610CC4F0000C231061065
:101880005C0500205805002080B500F081FF80BD78
:1018900070B50C46054601F021F8074E326840321B
:1018A0002846214600F00AF8326838322846214698
:1018B00000F004F870BDC04658050020F8B50D468C
:1018C000064600921468002C11D02746E469388837
:1018D000B042F8D1384602F0B0FBA842F3D10098EC
:1018E00039460AF0EFFE3846FDF794FEEBE7F8BD07
:1018F000F0B585B00F4F386840300AF003FF04465A
:10190000200414D06D4600202870386840300AF05A
:10191000EFFE0190068802F090FB01463046FFF78B
:1019200017FD02902846FFF7DFFE641EE8E705B0CA
:10193000F0BDC04658050020F0B58BB00A931446A0
:101940000D460746FFF704FD002811D00646049710
:1019500080880C2741077FD4022C01D180077BD4DB
:1019600002950394109C0A9B012B03D8032503E0E6
:10197000122771E09800451CA01C1946002904D0CC
:10198000028855190830491EF8E7F088022B02D367
:10199000A9B2814260D8A9B2814200D30546A9B25A
:1019A00030460691FFF7D2FD00280ED00746039877
:1019B0000228079701960FD1B9891D22384600F0F9
:1019C00089F80A9801280FD04EE008200AF074FC2C
:1019D000FAF75AFB88273FE0B9890A9801283ED1D7
:1019E0001B22384600F076F82288B889401C81B264
:1019F0003846FDF744FE6368B889E91E8AB2C01C08
:101A000081B23846FDF744FE07984580039D022DBC
:101A10000CD101200499029AFFF756FD0028019C81
:101A20000CD007460798FDF7F5FD15E0E807019C87
:101A300004D0079A107A082101431172029807997D
:101A4000FFF708FD0746022D06D1002F04D1A0881C
:101A500002210143A180002738460BB0F0BD2322AC
:101A6000384600F037F80A98A71C01210595002890
:101A7000CAD00A90079DA8894018089181B2BB1E60
:101A8000022428462246124EB047A889089E3018E4
:101A9000801C81B22846099422463B460C4CA04744
:101AA000311DA88940188EB206998A1B39888A424E
:101AB00000DB0A4609997B5881B294B22846224637
:101AC000034DA847A11908370A98401E059DCEE787
:101AD00091F60410BCB514464068202904D301AD2A
:101AE0002A4608F016FE298840180471BCBDF8B5D6
:101AF0001D4614460F460646FFF7B6FD0E21C943A4
:101B0000D22800D00C317088081882B20699BA42E7
:101B100005D90D20087000202880862709E00027BD
:101B20000F702880B089C01C81B230462346FDF773
:101B30008DFD3846F8BD0000F0B589B01F46039210
:101B40000E460546FFF704FC002845D00446C06851
:101B5000002841D002970F9801900E9800901F48DE
:101B6000076838373F68002F0FD03888A84204D163
:101B7000384602F062FAB04201D01C37F2E717484B
:101B80000068383039460AF09DFDE068FFF76CFDCB
:101B9000411E0298002813D0C8B21E2807D0402248
:101BA000114004D1E3680399029A00F019F8204625
:101BB00000F02AF8002F0FD03846FDF72BFD0BE080
:101BC00004A8009A82814170012101700199089155
:101BD00006940597FFF788FD09B0F0BD5805002071
:101BE000BCB5002B0FD01C466B4699705870012075
:101BF00018701A71080AD870A189052520462A464E
:101C0000FDF746FD6580BCBD10B50446C0680028E0
:101C100015D04188091D89B2FDF705FDE16860898D
:101C2000FFF718FC002808D1628921890020FFF7FE
:101C300001FCA08801218843A0800020E06010BD45
:101C4000E0B501A80221018000900020044B01466C
:101C50000246FFF7BFFA8638414248418CBDC04674
:101C60008114051010B50A48046838342468002C23
:101C700009D02046FFF7F8FC1E2802D0402108407A
:101C800003D01C34F2E7002010BD012010BDC04677
:101C90005805002070B5084D2868846B002C0AD0C8
:101CA000E6692868383021460AF00CFD2046FDF729
:101CB000B1FC3446F2E770BD580500207CB50446FF
:101CC0008068418904291AD160688189491C89B2D8
:101CD000FDF7C5FC0546172800D817251D4E308A8C
:101CE000854200D30546A368988800070FD4198958
:101CF00002202A460BF0A6FB002814D07CBDC36846
:101D0000022000210622FFF76BFF86207CBDD888C9
:101D1000A8420ED008334220032102220BF0C2FE5B
:101D20000028EBD105E0A068C580818808220A431D
:101D30008280308A01AB587003251D70000A9870AC
:101D4000A068C468A18920462A46FDF7A1FC6580E9
:101D500000207CBDB4050020F0B58FB0014640687E
:101D600001918968CF680DAD0EAC2946224600F07E
:101D70007CFC288807900CF057FB024620880290D4
:101D800000252B4600950395002A069550D05088D3
:101D90000790029988424BD8A8B2C0180199896867
:101DA000C988884244D81C4608AD05921046294689
:101DB00000F0BAFF2E7C0398000606D000988642F9
:101DC00039D1C0080490069D16E0B989052238462D
:101DD000FFF780FE102E01D0022200E00122069DB6
:101DE000B889401C81B238460392FFF773FEAD1CE0
:101DF000F0080490841C0096B889401981B23846D6
:101E0000079AFDF73CFCB8892818861C08A80AF038
:101E100040FC0346B1B20498C2B23846FDF738FC24
:101E2000E0B22D1805980CF061FB02462346ABE7A3
:101E30000398000603D006987880002007E00798F2
:101E400081B204200A223B46FFF7CAFE86200FB06B
:101E5000F0BDF0B591B0074609AC10202074786849
:101E60008189491D89B2FDF7FAFBA08178680FAE20
:101E70000EAD31462A4600F0F8FB368878680697A2
:101E8000B9684488C868818907220290FFF722FE5A
:101E9000E01F298804910121059180B203900196E9
:101EA000059887B23C1D06988068C08884423CD85B
:101EB000B0B209AA049901F0A7FA002835D0054666
:101EC00010A80090002208AB0698294600F0E0FB1D
:101ED000862828D0002836D16E880898436806984E
:101EE00040688189C91D89B2039F3A46FDF7A5FB69
:101EF00008990988B94216D1002814D107AF3E705D
:101F0000300A7870284600F037FF0646B870000A9D
:101F1000F87002988189059A891889B204223B4693
:101F2000FDF7B6FB0594761CBAE7012F07D1062012
:101F30000A220199029BFFF753FE862003E00298D4
:101F400005994180002011B0F0BDF0B597B004466E
:101F5000406815A914AA00F088FB0A94606881897A
:101F6000491D428889B2072A05D1FDF778FB0FA9E0
:101F70008881102004E010220FABFDF767FB802062
:101F80000FA908740A984078102801D0022100E0B7
:101F9000042107910A9A9168CC68CB88059312783E
:101FA000002A04940AD06588022D15D3A089401C0C
:101FB00081B2204600F0A9FB06460EE015AA15885E
:101FC000102812D10FA801F081F9002800D1B8E043
:101FD0000895A18911221BE00026A089401981B231
:101FE0002046FDF73CFB089018E00BA80581022273
:101FF0000271149A42810B910FA90E9101F0A8F978
:10200000862802D116A812229DE00895A1890922EE
:102010002046FFF75FFD0125658000260598801E9C
:10202000019014A8008803900996F6B20695AFB205
:10203000B8190599884274D8089885B20FAA28461D
:10204000039901F0E1F900286BD00446029516A827
:10205000009000250BAB0A9821462A4600F018FB99
:1020600000284FD10B98008807990918012F11D12A
:10207000FF2900D3FF210198814200D301990991E2
:10208000CAB2049EB089401C81B23046FFF722FDDF
:10209000022703E0B142049E069F5CD1658820467A
:1020A00000F06AFE0890B089C01981B230462A4615
:1020B000FDF7E5FA079809990A1A3C46BF1C0A98E9
:1020C000407810280AD1B089C01981B23046089DE5
:1020D00017462A46FDF7D3FA3A46271D2C46B08903
:1020E000C01981B20B984368D5B230462A46FDF735
:1020F000CFFA7D19758002200A990870601C08903B
:10210000099E91E78628069A16D0842805460498E9
:1021100021D18189891889B2029AFDF7B0FA842504
:1021200019E0012F06D116A80A22027015A8058809
:10213000049C09E000250EE016A80278049C089D86
:1021400002E016A8102202700A984078A9B223462D
:10215000FFF746FD8625284617B0F0BDF0B58BB0D9
:1021600005468068C468C7882878002824D02E4691
:102170000C36059668688089401C81B2042204AB45
:102180002046FDF763FA308869787F1E0C2903D159
:10219000874253D20499401A80B2874200D307463F
:1021A000BAB27368A089401C81B22046FDF770FA6C
:1021B000781C608000204DE068780C28029707D1D9
:1021C00068688189C91C89B2FDF749FA0D2201E0CE
:1021D0000B22002004AF03903880A1892046FFF72E
:1021E00079FC68688189491C89B2FDF738FA06468E
:1021F000788007A8068101270771A968079101F077
:10220000A7F8862801D1122715E030460CF0E4F833
:10221000002810D0014606A8009005AB2846039A76
:1022200000F036FA002817D0842818D0862811D15B
:1022300006A8077807E006A8077004E006A80B27A1
:10224000077004A84688687831463A462346FFF767
:10225000C7FC86200BB0F0BD059E029F93E7A089C6
:10226000401C81B2042204AB2046FDF711FA842001
:10227000F0E7F0B58DB08168CE68C9880691017825
:102280000029079009D07788B089C01981B23046FB
:10229000FDF7E5F9079902460CE040780E2801D0D9
:1022A000212200E00F22B1893046FFF713FC012202
:1022B0001746079948688078801AC0B245080878A0
:1022C0000028029666D0079908460C300190EDB2BE
:1022D000FF35E8B200230393A84200D1B3E0BCB2BB
:1022E0000698A04200D8AEE0486881890592891816
:1022F00089B202220CAB0492FDF7A8F9079908787D
:10230000012802D1019808900DE00CA800880CF07B
:1023100063F8014607988068008908AA00F0C6FDA6
:102320000799842865D00698041B48780E2809D19F
:10233000B089C11908980288944200DB144689B21A
:10234000A2B213E0B089C01981B2089A304616884B
:102350003246FDF794F9A41EB44200D33446A2B22B
:10236000BF1C029EB089C01981B2089843683046EC
:10237000FDF78EF93F197780079948782028059A4C
:1023800004D10698C01B80B202285CD30498087060
:10239000921C9CE700210592079C88B2A84292D229
:1023A00004914900606882895118491C89B202224F
:1023B0000CABFDF74BF908A8012606710C990181B9
:1023C000A168089100F0C4FF86282AD00CA80088D4
:1023D0000CF002F8002827D00799896809890122A2
:1023E00000F0EEFC00281ED10499491C029E059ABB
:1023F000D3E70CA8038888684289018900200090EF
:1024000002200AF085FF03900028059A1BD17780EF
:10241000B089C01981B292B23046FDF730F98420FC
:1024200010E0122600E006460CA8018807984078C4
:102430000E2801D10E2000E020203246029BFFF73B
:10244000CFFB8620039003980DB0F0BDF0B589B0A6
:1024500004460078002801D000203BE06068A168B5
:10246000C968069146888189491C89B2FDF7F7F849
:102470000546F11E6078002752280CD0D2280ED1D4
:10248000A0684089042824D10F3E0522012700209E
:10249000049005960EE00591042204970AE0059148
:1024A000069EB18913223046FFF714FB01200490E9
:1024B0007080032207AB2046294600F036F9024619
:1024C00008A80270002A07D060782946069BFFF70B
:1024D00087FB862009B0F0BD002F08D06168A06896
:1024E000008909F0C2FD002801D00022ECE76168F4
:1024F000079808AA00F0DAFD0028EBD0842812D152
:102500006068A1684A890989059B9BB2009501937F
:1025100002900A20049B0AF035FF0028DAD100203F
:1025200060608420D6E708A80278CDE770B586B051
:1025300004460078002814D0A589A068C188491FE6
:10254000A94200D80D46AAB22369C0688189491DF5
:1025500089B2FDF79DF8681DA168C9684880002010
:1025600040E060688189491C89B2FDF778F805462A
:10257000032205AB2046294600F0D7F8002808D0F2
:102580000246A068C36816202946FFF729FB86206B
:1025900028E060688189C91C89B2FDF760F80646A9
:1025A0006068A1684A89098943885B1F9BB20096CD
:1025B000019302900A202B460BF04CF9002811D110
:1025C00003AB5D70280A9870DE7017201870300A0F
:1025D0001871A068C06881890522FDF759F80020AC
:1025E0006060842006B070BD10B5044600780028F5
:1025F00001D0002010BD60688189491C89B200F0BB
:1026000084F80346A0684289018902200BF050F942
:10261000002800D010BDA068C06881891922FFF78A
:1026200059FAA068C06801214180842010BDB0B56E
:10263000054680684289018942200AF037FE044637
:10264000002810D1A868428901890120FEF7F2FE16
:10265000A86881884A0603D500F06CFEA8688188C6
:102660000222914381802046B0BD70B514460D46CC
:1026700006468089401C81B23046FCF7F0FF288076
:10268000B089C01C81B23046FCF7E9FF208070BDE4
:10269000FEB51F460646089D00242C7000780128D0
:1026A00007D1306900281FD00C363E60002028700A
:1026B00029E00292B068008901913A462B4600F069
:1026C00066FB002812D084281DD101984388B06889
:1026D000428901890298009002200AF019FE002820
:1026E00011D17B20C0430EE00E2005E03868018840
:1026F000029A914203D207202870862003E04168A5
:10270000891841602046C0B2FEBD1CB51F2903D800
:1027100001AA1180406805E0406801AC224607F03C
:10272000F8FF2188401800791CBDF0B585B01E4621
:1027300014460F46054601A801810271A96801915E
:1027400000F006FE862801D112200CE038460BF07E
:1027500043FE3060002805D0A9680989224600F0B0
:102760002FFB00E0012005B0F0BD000080B5064859
:102770000089163080B20BF0CBFD044800685C2164
:102780000122425480BDC046B405002058050020F7
:10279000F0B5A1B0044600F09BF8012814D107A8B9
:1027A000454914252A460EF0A4FE02A843492A46AC
:1027B0000EF09FFE44200F9001210DAA0CAB204685
:1027C00009F0B5FB002801D021B0F0BD0CA80178BC
:1027D0000DA80FAA10AB08F048FC0028F4D10F9800
:1027E0004428F1D80120364D02AA294600F00CFEFB
:1027F000002810D006462046FEF754FE10A90A7C99
:102800003049C97A73681B6A9B68009349084B1C5E
:10281000042100F008FD2C480168833110A8102223
:10282000FAF728FB00281FD0012007AA294600F04C
:10283000EBFD0028C8D000F03FFE0028C4D00546BC
:1028400004212046FEF784FD818840220A438280CD
:1028500010A8427C2046294600F026FD0B2009F0F6
:102860002BFDF9F711FCAFE701200BF0DDFD06466B
:1028700010AD12350027002EA6D0B8B26328A3D819
:102880003178042912D171680A7D102A0ED1098A83
:102890000E4A91420AD1022132222B4600F0B0FCAE
:1028A00002462046314600F0FFFC7F1C30460BF00C
:1028B0001DFE0646DFE7C046E0310610F431061083
:1028C000FFFF0000B4050020580500200229000089
:1028D00080B509F062FB4142484180BDF0B5A1B02E
:1028E000042900D0DEE00746FFF7F2FF6E4C6F4E82
:1028F000012800D0A0E00BAD6D49142228460EF04F
:10290000F8FD10A83446002644223146FAF7A2FA10
:10291000012021462A4600F077FD00280FD004460A
:102920003846FEF7BFFD6168096A8B686149C97A5C
:1029300049084A1C042100F063FC10A90874042112
:1029400004973846FEF704FD10A9097C012903D13C
:1029500080880006800F06D157480168833110A88F
:102960001022FAF767FA012003900BF05DFD05468F
:1029700010A81230029005964B4C002D34D0B7B2FF
:10298000632F31D8287804280BD0022827D1686813
:10299000017D102921D1008A494988421DD103981F
:1029A0001CE06868017D102919D1008AA04216D167
:1029B0000498294600F0B0FD044602980090E2B267
:1029C00002213223384600F02EFC0598012801D15F
:1029D00010A84474761C344C01E000200590284671
:1029E0000BF084FD0546C8E7012109AA08AB049F46
:1029F000384609F09CFA00281CD1B0B240002F499B
:102A000040188008133082B208A8017809A810ABDA
:102A100008F0F9FA00280DD0044606AD09A90622EF
:102A20002846FAF707FAAC714220042107222B4608
:102A30000BF038F81D4E1C4C01200BF0F5FC054640
:102A4000002812D0287804280BD16868017D10294D
:102A500007D1008AA04204D100223846294600F05E
:102A600023FC28460BF042FDE9E710AC1049142284
:102A700020460EF03EFD01203146224600F0C4FC07
:102A800000280FD004463846FEF70CFD0949C97AE4
:102A90006268126A9268009249084B1C0421002265
:102AA00000F0C1FB21B0F0BD02290000FFFF0000D3
:102AB000F4310610B405002058050020FEFF030085
:102AC000052A0000F0B5D3B000250C950B950A95AA
:102AD0000995412082000DAC20462946FAF7BAF943
:102AE000257110204490169009A80F902046FAF7FF
:102AF000FEF9DC34019401200BF096FC06464EA84A
:102B00000C300290484D002E41D03078032839D047
:102B10004EAF3046394600F007F9387C102831D1E5
:102B2000708804A908804EA880893D49411805296C
:102B30001CD33C494118042903D3292109028842A6
:102B400020D10DAF022404AA38462146A8473846B2
:102B50002146029AA847002005AA314600F0A6F9AE
:102B60000598426801883846A8470BE00DAC02275B
:102B700004AA2046394600F0DBFC20463946029A7A
:102B800000F0D6FC30460BF0B1FC0646BBE70198DE
:102B9000828C002A06D00DA8202101710146E03167
:102BA000FAF7B2F90DA84EAC04AA2146FAF7BDF91E
:102BB00005AD1026012328462146324609F0E2FCE5
:102BC0001A4F3968833128463246FAF753F90028FC
:102BD00019D03868833005A91022FAF72BF903AD14
:102BE0008220288000950024114B20462146224651
:102BF000FEF7F0FA4020288000950E4B2046214633
:102C00002246FEF7E7FA38685C21425CFD23134058
:102C100043540B2009F050FBF9F736FA53B0F0BDDE
:102C2000FFD6FFFF00D8FFFF313505105805002003
:102C3000991405108D140510E0B5002100910220B3
:102C40000422074BFEF7C6FA002801D0812800D1E4
:102C50008CBD0B2009F030FBF9F716FA8CBDC0468D
:102C6000652C0510B0B58AB004468088400601D4B2
:102C700000254BE009A880210180218900900120D6
:102C80000025244B2A46FEF7A5FAA18889073DD4E2
:102C900000283BD104AD2049142228460EF029FC1F
:102CA00001201E492A4600F0AFFB002812D005463D
:102CB00000F002FC00280DD00146208900F02CFC19
:102CC000800712D420890021012200F0BDFB0546B7
:102CD00081281BD109A84021018021890090012071
:102CE0000022104BFEF776FA0FE00D48039001AA80
:102CF000042050806888108003A802906189208990
:102D0000009202220123FEF717FE054628460AB06C
:102D1000B0BDC04681140510E0310610FFFF000071
:102D20000100FFFF9914051080B510220A74027883
:102D3000042A0DD87A441279520097440A161202D6
:102D400002004068031D142208461946FAF772F87B
:102D500080BD0522D2024068007D012809D18A8108
:102D600080BD0520C002C01C04E00520C002801CFC
:102D700000E0501C888180BD80B5017802220A43A2
:102D8000022A02D10BF0C6FB80BD408880BDF8B599
:102D90001C4600920E46074601220846394600F0BE
:102DA0000FF820708625002808D138463146009A51
:102DB00000F07CF8862802D10E2020702846F8BD4D
:102DC000F0B585B01546019101460478002702232D
:102DD0000E20032C1A463E4612D30BD0042C58D199
:102DE000486801788C07C9078A0F002C00D54C323F
:102DF000411C02E04868411C0278801C0E7807786C
:102E0000012D03D110461840184642D00320032D4F
:102E100002D1082111403CD0042D02D104211140DF
:102E200037D0052D02D140210A4032D004A903AA8F
:102E300002AB019C204609F054F8022802D1002F71
:102E40000FD125E0012D00D0FF08052D0BD104A8DE
:102E50000078022805D102A80078022814D10020A9
:102E600013E00E2015E00020002F12D003A90978EE
:102E7000FA0703D0032901D205200AE07A0708D512
:102E8000022908D20F2004E0052001210F4000D1C3
:102E9000384605B0F0BD2046314609F098F8B6280E
:102EA00001D00020F5E70C20F3E70000F0B585B075
:102EB0000D460978042911D81446C0467944097989
:102EC00049008F44020D4A697E00734E3068014606
:102ED0007031C166686809F0C7FB57E08626D3E009
:102EE0006D4F386801467031C1666B6801206E49CC
:102EF0000026324600F0D6FA01A90880002800D149
:102F0000ADE00BF069FAFFF737FF02A900910880E6
:102F10003868C06E01A902273A46F9F78BFF5E4870
:102F20000068C06E801C00993A46F9F783FF5A4842
:102F3000006868270421C15369680A7C102A00D000
:102F400091E0C06E0C31001D0222F9F773FF524868
:102F50000068C15B891CC15385E04F4E3068014653
:102F60007031C166696809787022815469884A1C89
:102F700003A90A8071300222F9F75CFF3068C16E44
:102F80006868001DC91C09F06FFBC01C316868220D
:102F900088526831216076E069680A7D102A32D152
:102FA0003F4A521C0B8A93422DD13B48016868313D
:102FB0002160006868211022425201468331C166B7
:102FC00061E069688969002945D0334E316868310C
:102FD000216069680A7D102A3FD10A8A2F4B9A42E4
:102FE0003BD13168682202248C520A467032CA668C
:102FF000294600F091FA04A908803068C06E224684
:10300000F9F718FF3FE0096A002924D0224E316801
:103010006831216069680A7D102A27D10A8A204B0D
:103020009A4223D13168682201238B520A467032BA
:10303000CA66FEF737FAFF2829D06968096A8B68E3
:103040001849C97A49084A1C042100F0D9F83168A6
:103050007022885417E0842616E0886907E03868F3
:10306000682100224252683020600DE0086A017831
:10307000890701D5022100E00421415A80683268A5
:103080006823D152D0660026304605B0F0BD3068C6
:10309000702100264654F7E7580500200229000059
:1030A000292B0000B4050020FFFF0000F0B589B017
:1030B00017460D46064600787488042845D0032834
:1030C00077D17168086A00287DD00A7D102A74D1F2
:1030D000098A494A914270D10097012107AA08AB99
:1030E0002846FEF704FD00286ED12888FEF7DAF99D
:1030F00007AA117807230B40059313707168096ABA
:103100008B683E49C97A49084A1C042104900392FD
:10311000029300F075F8059A01461140814257D19B
:103120000298009004210498039B00F07CF87068DA
:10313000006A0078C0073AD02E88284600F07DFF4C
:10314000024608A8008807A94CE071688869002831
:1031500039D00A7D102A30D1098A264A91422CD1D1
:103160000097022106AA08AB2846FEF7C0FC0028FB
:103170002AD106A8008805907088801E81B202209E
:103180000BF060FA002821D005998907890E406864
:1031900000780840884219D106A80288288831465C
:1031A00000F082F8706880690078C00712D10020B2
:1031B0000AE003203870862006E021462A463B4676
:1031C00000F047F800E0842009B0F0BDFD20F1E7F1
:1031D0001320EFE72E88284600F02FFF024608A8AC
:1031E000008806A90090019102203146234609F08B
:1031F00099FEE9E702290000292B0000B405002010
:1032000010B54843C408A4B2944201D9002010BDAF
:10321000072210401A5DC2402020411A0020C043FE
:10322000C840104010BDB0B54843C408A4B29C4289
:103230000ED8049B072528402025691A0025ED4358
:10324000CD402A4082408540185DA8431043185560
:10325000B0BDFEB516460C460546826881880093CF
:1032600002AB3046FEF743FC002800D0FEBD2878B4
:10327000810703D4A98802AA118001E0029969801C
:10328000C00701D10020FEBD3788304600F0D5FED2
:10329000024602A80088A9680090019102203946E0
:1032A000234609F03FFEFEBDBCB514460D46FEF7B1
:1032B000F9F8696889698B888968009103210C4055
:1032C00002212246FFF7AFFFBCBD000070B58AB0F7
:1032D000044605AD0DA11426284632460EF009F924
:1032E00068460FA132460EF004F92046294609F03F
:1032F0008BF9002807D06946204609F085F9014678
:103300004042484100E001200AB070BDFB349B5FA1
:103310008000008000100000002800001000000065
:10332000FB349B5F8000008000100000012800003B
:1033300010000000E0B501AAC221118001890092AD
:1033400001200022014BFDF745FF8CBD99140510AB
:10335000F0B587B0054602AC2749142220460EF08E
:10336000C8F80120254E3146224600F04DF80027CE
:1033700000283CD0014628688288520637D52A7931
:10338000FE2313408624042B32D00089012200F052
:103390005BF881282BD0286881880A0625D48027ED
:1033A000394381802879022822D1288901281FD118
:1033B0006889B0421CD1EA68107C102818D1908925
:1033C0000F49884214D10120314600F01DF8002831
:1033D0000ED001A8078029680989009001200024E7
:1033E000084B2246FDF7F6FE02E0FFF7A3FF3C463E
:1033F000204607B0F0BDC046F4310610FFFF0000C4
:103400002A2B00008D140510F0B585B014460D462A
:103410000BF00AF806460020002E12D07188A9424F
:103420000FD86F4630463946FFF77EFC20463946B6
:1034300009F0D3F8002803D030460BF057F8E9E73D
:10344000304605B0F0BD000070B586B014460E469B
:10345000054601A8104914220EF04BF8002E07D1A2
:1034600001200E4901AAFFF7CFFF0646002810D021
:103470002846FEF717F87168096A8B680849C97A07
:1034800049084A1C0421FFF7BBFE204201D000205E
:1034900000E0812006B070BDF4310610FFFF00008F
:1034A000B405002080B50AF0E9FF002801D040886B
:1034B00080BD002080BD000070B58AB0054605A81B
:1034C00010A114220EF015F82878FE2101400024E6
:1034D000022914D128460BF009F8054600280ED021
:1034E000287802280BD06E4628463146FFF71CFC90
:1034F00005A8314609F071F80028EBD12C4620468A
:103500000AB070BDFB349B5F80000080001000009B
:10351000022900001000000010B50C46FDF7C2FFA4
:10352000616889698B688A880221FFF769FE10BD8E
:10353000F0B585B003920C460121090241180491AF
:103540000290E0300190200423D0049800881028D5
:1035500007D1102202980199F9F7D6FC00200499AE
:10356000088010210D1AA9B2A2B2914200D32546BB
:10357000AFB202990818E030039E31463A46F9F797
:1035800059FC0499088828180880641BF6190396CA
:10359000D9E705B0F0BD0000FEB5044600F09CF888
:1035A0000C25002825D01226002C23D0207D401E7B
:1035B00001281FD8207C80281ED010281AD1A0896D
:1035C000012188430321C902884215D101200AF054
:1035D0002BFF002810D00178002907D141680A7C10
:1035E000102A03D18989A2898A4202D00AF07EFF7B
:1035F000EFE72E463046FEBD00200BF00DF8002808
:1036000006D04168C98A002904D04088401804E0E7
:10361000012002E00AF0AEFF401C82B200263046D4
:10362000314623460AF084FE002820D0F743E18A81
:10363000491E0291009001947F1C217E8F4218D276
:10364000E18A002904D0029A11043AD0521E029253
:10365000351D401C019CE1698B5982B2012000217B
:103660000AF066FE00282E46E6D187262EE0872641
:10367000C0E7184800685C21425C022313434354AE
:103680000A2008F019FEF8F7FFFC606A00260028FF
:10369000B0D02020205C0028ACD0214620310291FF
:1036A00000252F460195854200990CD2606AC01909
:1036B00000F022F8002808D12437029800786D1C09
:1036C000F1E7122602E0019E94E70646009800F01A
:1036D000A3F88FE75805002010B5FEF7C3FA0024C1
:1036E000002806D1FEF7ACFA002802D1FEF7D2FA84
:1036F0000124204610BD0000FEB50E460446FFF72B
:10370000EBFF002866D01225002C64D0207D802895
:1037100013D010285FD1208A3C4988420DD1206AFD
:10372000002858D082883A49C97A4908491C8A42F7
:1037300051D380680021F9F78DFBA078242108423D
:1037400003D06078C01F092845D830460AF044FEEF
:10375000002840D00646007800283CD1207E811CFD
:10376000304600F083F80546002834D13046FFF794
:1037700003FB05460AF030FE0146681C86B20227AC
:103780003846324623460AF0D3FDB04225D13046B2
:103790000AF022FE0146A81C82B2032023460AF04A
:1037A000C7FD002829D001970296E069002816D0AD
:1037B000207E002813D00026374687420FD2E069CA
:1037C0008019029900F06CF8002818D11C36207E70
:1037D0007F1CF2E70C252846FEBD8725FBE70D4838
:1037E00000685C21425C019B1A4342540A2008F0A5
:1037F00063FDF8F749FC0025EDE7872501E0054664
:10380000029E304600F0D4F8E5E7C046292B0000C0
:10381000B40500205805002010B50446FFF75CFFF2
:1038200000280AD020460AF0D7FD014612200029C0
:1038300002D00A78002A02D010BD0C2010BD084624
:103840000AF068FE014620460AF0A4FE0648006819
:103850005C21425C0223134343540A2008F02CFDF0
:10386000F8F712FC002010BD58050020B0B50D4639
:103870000446FFF781FA6168C98A002908D0C0436D
:1038800008186188401880B2A84206D30020B0BD55
:1038900000200AF0C1FEA042F8D00C20B0BD00000C
:1038A000F8B50E460446FFF717FF002875D012251D
:1038B000002C73D0207D802801D010286ED11028D4
:1038C00008D1218A29221202921C914202D1A169B7
:1038D000002963D0A1782422114203D06278D21F3C
:1038E000092A5BD8102815D1208A2F4A8218052A68
:1038F00010D801239340312213420BD02278012AA1
:103900004CD100294AD129210902884202D1A0695B
:10391000002843D030460AF05FFD00283ED007461D
:10392000007802283AD10025284631460AF08AFE5E
:10393000002835D02E460121FFF798FF05460028C4
:103940002CD13846FFF718FA05460AF045FD014626
:103950006D1CAAB2042023460AF0EAFC854221D15C
:10396000207D10280BD1208A29210902891C884238
:1039700005D1A069828880680021F9F76BFA0B48AD
:1039800000685C21425C0223134343540A2008F080
:1039900093FCF8F779FB354600E00C252846F8BD86
:1039A0008625FBE78725F9E700D7FFFF58050020AC
:1039B00010B50446FFF790FE00281ED020460AF0FE
:1039C0000BFD01461220002916D00A78022A13D1D5
:1039D00008460AF09FFD014620460AF0DBFD084834
:1039E00000685C21425C0223134343540A2008F020
:1039F00063FCF8F749FB002010BD0C2010BDC04649
:103A0000580500201CB5059C0194049C0094FEF709
:103A100093F81CBD80B50346012002490022FFF740
:103A200041FD80BDFFFF000080B503460120024933
:103A30000222FFF737FD80BDFFFF0000F0B585B023
:103A400004468778781E03210491084309308008D2
:103A500083B2207A03902088029011480068806920
:103A600002253E222946FBF79DFF002814D006467A
:103A7000009701940498039A0240301D0027029990
:103A80003B46FCF7F6FC357128463146FCF727F833
:103A90002046FBF7BFFD00E00727384605B0F0BD24
:103AA00050050020B0B504460188022009F078FFD7
:103AB0000546002802D12046FBF7ACFD2846B0BDE4
:103AC000F0B589B01D4616460F4604900220012429
:103AD000214600F0C3F8002850D103971220042E8D
:103AE0004CD80290F5F7A1F9012E03D8002801D196
:103AF000112043E011980090109801900F990E98B2
:103B000005AF3872FD713E71039878800498388053
:103B1000384609300622F9F78DF90099B9710198F4
:103B200078713879042801D0012804D105A9097ACF
:103B3000022902D321E003291FD801280ED100F069
:103B40004EF905A9C979814217D805A840794007DF
:103B5000029813D005A804F09FFE0FE005A8008886
:103B600020280AD3A103884207D805AA5288202A10
:103B700003D38A4201D89042E1D9029809B0F0BD3E
:103B800010B504460220012100F068F8002800D09A
:103B900010BD012C03D8204604F002FF10BD1220F6
:103BA00010BD0000F8B5174908680D46242100240F
:103BB000445425301122144F2146B8472868363026
:103BC000FF2605223146B84729683B201F230B54A6
:103BD0000122550308463B308552C3724731072204
:103BE00008462146B847074D28684E30082231461E
:103BF000B8470648006835214454286804490162E2
:103C0000C465F8BDA005002055CE04104C05002069
:103C1000BEFDFFFF80B505F0D3F880BD10B536219D
:103C2000054A3E2906D04318363B1B781468635476
:103C3000491CF6E7002010BDA005002010B5462164
:103C4000054A4E2906D04318463B1B781468635436
:103C5000491CF6E7002010BDA0050020054A1268A7
:103C60003523D35C034201D00C20704735321170EC
:103C7000002070474C050020034909683522895C03
:103C80000840411E884170474C050020F8B50024CB
:103C9000204600F095FD054601222F4B2746009255
:103CA00018683421405C84424FD22C20285CFE21CD
:103CB000014002293DD119200601A85B80060CD5E0
:103CC000698F002004F034F93A28009A10462ED06B
:103CD000A8190188202291430180284603F0BBF9EE
:103CE0000028009A104622D1284605F0E1FD009AEE
:103CF000002810461BD1E6B2304603F07AFA009A4B
:103D00000028104613D1304603F077FA009A0028B5
:103D100010460CD1284603F0F9FB009A0028104603
:103D200005D1304604F00BFB009A411E88410A4B36
:103D300000E00020411E88413906174600D10746A1
:103D40003320C0002D18641CAAE7380603D01220C7
:103D5000012108F0C3FAF8BD4C050020002070478F
:103D6000F0B58FB00292074607A8019010250C4EBF
:103D70002A46B0470BAC204639462A46B04703AF27
:103D80000026019821463A46334608F0ABFD0298DA
:103D900039462A46024B984730460FB0F0BDC04620
:103DA00035CE0410B0B50C46054600F061FFFF2883
:103DB00005D000202946224603F061FFB0BD022055
:103DC000B0BD10B5044600F053FFFF2805D0812098
:103DD0000022214603F053FF10BD022010BD012038
:103DE000704780B503F036F880BDE0B5022801D3F6
:103DF000FF280DD1002200926B4618700192581CCA
:103E00000622F9F717F80199009803F03DF88CBDE8
:103E100012208CBD002070470020704700207047A2
:103E2000002070470120704700207047F0B587B030
:103E300001890491C18805918488468807880020FB
:103E4000069006A9384600F09FF8054600285AD18A
:103E50000396029406988078C00751D1002410225E
:103E600020463946FBF7B4FB00284BD007462A48CA
:103E7000039A911F89B2122581423DD2029E062EDD
:103E80003AD3801D864237D2B24235D8059A91087E
:103E90007C2931D8511C7143049B9A0091422BD844
:103EA0000A2B29D3834227D2019478681221017208
:103EB000786806990979417206210825174C384619
:103EC0002A46A04738462946039AA0470A21384681
:103ED00032462546A0470C2438462146059AA84775
:103EE0000E213846049AA8477C800520394600F008
:103EF000CFF900280AD081253846FBF78BFB02E07A
:103F00000C2500E08825284607B0F0BD0699122050
:103F100000F04FF8019DF6E77B0C00007FF60410DF
:103F200070B50B49C97A14224A43143209490B6807
:103F300000210D460C461434A24206D0DE6A755BA1
:103F400085422546F7D131191439084670BDC0465F
:103F5000B405002098050020B0B50949CA7A09497E
:103F60000B68002421468A4206D0DD6A2D5B85421B
:103F700003D01434491CF6E71146C8B2B0BDC046A0
:103F8000B405002098050020B0B50C460546FFF7A3
:103F9000C7FF014620600220002D09D0002907D06C
:103FA0000879002803D089780620084000D00C202A
:103FB000B0BD88710879C8718878062202438A707A
:103FC000704790715171907804210143917070474E
:103FD000F8B5044614206043144B1B68DD6A2D18A5
:103FE000A87846078120002E1FD5AE79761C8E4218
:103FF00001D0012919D1E979914216D1AE1CAF1D2A
:10400000E81D00901846214608F0C9F900203870D4
:10401000009908703178FB220A40327029794A1CD5
:10402000D1B2914200D001212971F8BD980500203C
:1040300080B50846FBF7EEFA80BD80B50221FBF79C
:104040000EFB80BDF0B585B01E4604920D460746B6
:10405000FFF766FF00280FD004460396407912262A
:10406000A8420AD10499022907D8A078800707D46A
:10407000012907D0042006E00226304605B0F0BD35
:104080000C26FAE70220002900D108460290821D82
:104090000026304639460192FBF79AFA002827D0CD
:1040A0000746406801210172786845720298801CB9
:1040B00082B206213846FBF7E2FA08213846049D11
:1040C0002A46FBF7DCFA002D05D00A213846029A71
:1040D000039BFBF7DDFA019878800520394600F054
:1040E000D7F8002806D03846FBF794FA8126C4E7B3
:1040F0008826C2E7A671A078FB210140A170BCE729
:1041000070B5044622201049085CA0421BD90F4D0F
:10411000296830200A5C521C0A543422544330313E
:104120004868001983781B0705D5C378112B02D383
:104130004B785B1E4B7046890021F8F78BFE286890
:10414000406B0019468170BDB40500209805002021
:10415000FEB50C460546222012490290085C002755
:104160000326114B0195C1B28F4219D21968496BD0
:104170008A19D21E1288AA420FD1FF2C02D0895D63
:10418000A1420AD1F8B225461C46FFF7B9FF2346E3
:104190002C46019D02980349085C34367F1CE2E7F7
:1041A000FEBDC046B40500209805002000207047E1
:1041B0000020704770477047002070477047704775
:1041C00080B54069014908F0AEF980BDD1410510C4
:1041D00080B50349C97A814201D300F077FA80BDE6
:1041E000B4050020F8B505460120682106F0F2F973
:1041F000234F3860234EF07A1424214606F0EAF962
:1042000001463868C162012D10D15C3008F046FAD1
:104210002225705D342106F0DDF939684863705D50
:104220004000102106F0D6F939688864F07A411C04
:10423000154D0122284606F0BBF939680862F17A6B
:104240000222284606F0B4F93D686862F17A0F4A06
:104250000723284608F08EF8386817210185318C2D
:10426000172901D28620F8BD4185F17A4C43C06AF6
:1042700000212246F8F7EEFDFFF79AFFF8BDC04691
:1042800098050020B4050020B0050020C1410510AC
:10429000FEB50C46011F0646022921D8628800257A
:1042A00020462946FBF7EBF90227204639463246DD
:1042B000FBF7E5F92582E581257360686061A061FF
:1042C0006088001D6080207A384320722046FBF70A
:1042D000FFF8002814D06088001F608081250FE05F
:1042E000A0253F280CD020385F2809D801A8868057
:1042F0002221044A515C81710194FFF75DFF05465C
:104300002846FEBDB4050020F0B5C3B004460088C1
:10431000FFF706FE00287CD00546207A03270740D9
:1043200028692A460C32022F039208D100282FD088
:1043300011888426042954D30121029131E00028F8
:104340004AD06688002E26D00021019104A8029050
:1043500020463246029BFBF779F9286940680090B5
:104360002046FBF79EF90146009806F0C6FAA98997
:1043700028693246029BFBF78BF9A8898019A8812E
:1043800081B22869FBF74FF9039A0198608002E037
:104390002C616088A881108804281BD32869002616
:1043A000029600210191FBF75AF9001D81B2AA89FA
:1043B0008A4216D812D129694880012000F032F8CB
:1043C00000282DD028698426A04226D10198A881F2
:1043D000286122E0002618E0002602E0029800286A
:1043E00013D0A87810210143A97042200121022294
:1043F0002B4609F057FB2869002806D0FBF70AF97D
:1044000000202861039900200880002E05D1012F8B
:1044100003D12046FBF7FEF80026304643B0F0BD3E
:104420000198EEE7BCB50C4605464888001F488059
:104430000846FFF702FE011F02290CD806281AD0F1
:1044400005281DD0042811D10420A081284621462A
:10445000FCF744FF18E03F2808D020385F2805D833
:104460006846057001940AF0E3FC0DE028462146F9
:10447000FFF7DEFD0EE02846214607F0D3FC03E0FF
:104480002846214600F008F8002803D06188091D5D
:104490006180BCBD0020BCBDF0B585B00C460646B1
:1044A0000F883846FFF758FD05468048C17A8D428F
:1044B00006D2142068437E4A1268D26A101802900D
:1044C0006268107A0023012E1CD0002E3CD11E46BB
:1044D0008D4212D219280BD801218140794801421E
:1044E00006D0734800680122774B294607F08DFFFC
:1044F000029A9078FD21014091702046FBF78AF8DE
:104500003046D0E08D4200D3C8E0567A13281DD83B
:10451000012100918140674A114217D0012821D022
:104520001421634A1268D26A13283ED0122800D0A0
:10453000B4E001930846684310188378DF0766D11A
:104540004671208800229DE01846ACE001930AF0F5
:104550006DFC002800D191E003A8057103940AF0D6
:1045600063FC93E001272846394632460193FFF762
:104570002FFD019B002800D090E026884E4800685F
:104580008069422152220323FBF70CFA019B002889
:1045900000D183E005463146061D30462246FBF732
:1045A00091FDF8020A30082158E0694350188078DC
:1045B000C00773D11321284632460193FFF708FD47
:1045C000019B00286AD108212046FBF748F8019B8F
:1045D00006463A4800684F21405C80075ED5278830
:1045E00035480068806942214C220323FBF7DAF941
:1045F000019B002852D0054606738772300A687303
:10460000380AE8722E1D0098C002062126E05807DD
:10461000019B43D46943521812203146FFF7D1FC65
:10462000019B264800684F21405CC00736D0278890
:1046300021480068806942214D220523FBF7B2F929
:10464000019B00282AD00546061D304639462246E1
:10465000FBF7F0FC0098C002801C0F21FF22727053
:1046600082223270020A6A7228720020E871A971EF
:1046700042202946FBF733FA019B0FE0029846716E
:104680000022384631461346FFF7DCFC019B122816
:1046900009D8012181400A4A114204D020461C4613
:1046A000FAF7B8FF204605B0F0BDC046B4050020BB
:1046B0009805002002000C0050050020A0050020F5
:1046C00005000400400094023075000070B5142409
:1046D0004443144D144800684F21405C000713D533
:1046E0002868C06A065B11480068806906220221BA
:1046F0000B46FBF757F9002806D001460C484860E6
:104700000E810220FBF7EBF92868C06A011900222C
:104710008A718A78F92313408B70005BFF21FFF7C1
:1047200017FD70BD98050020A00500205005002051
:104730006DDA0510B0B50C4605460020FFF7F0FB1A
:10474000002805D00121818005806142614181708E
:10475000B0BD0000F8B50446FFF7FEFB0546104863
:10476000C07A85421BD20F4E3068294607F017FEEB
:1047700014276F433068C06A0025C553C01900690B
:10478000002809D0FAF746FF3068C06AC0190561F1
:104790003068C06AC01985812046FFF70CFDF8BD5E
:1047A000B405002098050020704770470348006852
:1047B00094214058C06B00687047C046A005002097
:1047C0003321C90041430448006894228058C06BDB
:1047D000406840187047C046A005002010B501464B
:1047E00000200D4A914215D00C4A12683423D25C45
:1047F000521C0B4B1B6894241B59DB6B5B68521ECD
:1048000008D03324E4001C195B8F8B422346F6D179
:104810000448201810BDC046FFFF00004C050020D2
:10482000A005002068FEFFFFFEB53E4C20689425E1
:104830004059C06B02683220002616543A4840693D
:10484000010C192901D31920000410600292506054
:1048500000F0BAFA20684059C06B0768FFF7DAFA2F
:10486000012801D01B2000E0FB203882FFF7D2FA9C
:1048700004462920C0000090A9200501FFF7CEFAC8
:10488000012C019507D10128284D009C0CD0284D02
:10489000FFF764FA05E00128009C05D0FFF75EFAF7
:1048A0002546012800D108357D82FFF7B3FA01289B
:1048B00001D01B2000E0FB20B882FFF7ABFA0546D1
:1048C000FFF7ACFA012D07D10128019D17490DD042
:1048D000FFF744FA164906E00128019D294605D054
:1048E000FFF73CFA2146012800D108317C831B20C8
:1048F0003883FD81BC817C813881F98201F030FBF5
:1049000003F02DFD029802F087FB0A4C2068342149
:10491000415CF0B2884203D200F00EF8761CF5E755
:10492000FEBDC046A0050020B40500209042000056
:10493000480800004C05002010B53321C900414350
:104940001C4A12689423D258D26B526854182E21F4
:104950001F226254802100226250302160548C2139
:104960006250E32162544121FF2363542F21072326
:104970006354A285012121850F496187192109040A
:10498000A165E1652166214690311B224A80902372
:10499000E2520A4A0A4B4B608A602922D2008A817D
:1049A00001F024FB204602F04CFB7834204607F04F
:1049B00075FE10BDA0050020FFFF000048011B0090
:1049C0001B004801F0B589B0012B00D0A2E000AB7C
:1049D00007C30F990E98039029204F4C205C421E6C
:1049E00090410843E17F089105F02EF90690E67AA0
:1049F000049601271821494C3846A0472346484CC5
:104A0000216894254959C863382138469847216858
:104A10004959C96B08603320C400304621463F4ADB
:104A200090473F4909684959C96B486008988740D1
:104A300001F0CCFAF8B20821384A904738490968A1
:104A400008954959C96B0968242200268E540862CA
:104A500024314F700594049844430794069D089CA4
:104A60000798B0421BD001273846294605F0B2FD11
:104A70002B4909680959C96B4968891984228850EA
:104A80003846294605F0A6FD254909680959C96B2C
:104A9000496889198822885005983618E0E70098F7
:104AA0000128049C09D10E21204605F093FD1C49E4
:104AB0000968089A8958C96B88600198012809D14A
:104AC0000821204605F086FD15490968089A89588D
:104AD000C96BC860029801280FD12021204605F03B
:104AE00079FD0F4D2968089A8958C96B0861012022
:104AF000112105F06FFD296848660398012809D146
:104B00001C21204605F066FD05490968089A895868
:104B1000C96B486109B0F0BDB4050020D5A50510EA
:104B2000A0050020882140580188024A0A400280DE
:104B30007047C046FFFE00008421405801880122D2
:104B40009143018070478821405801888022914319
:104B500001807047FEB50C468021415C49060CD4AB
:104B60008030218A6288521A93B2458AAB4209D9B1
:104B7000207AF7220240227201E0218A257B102050
:104B8000019005E0E069431E98410001019015463F
:104B9000002902D1207A800701D4012000E0022000
:104BA00002900E4800688C27C059001DE2895118F8
:104BB0001F260E40A9198AB2A16905F06CFE60613A
:104BC0002573064B1868C05930180199029A114391
:104BD00081701868C0593018C570FEBDA00500204E
:104BE000F8B505462C20285C012403283DD1288FE8
:104BF00000283AD02846F9F7D1FA294628318842C8
:104C000033D12F462C375420385C0006800F2CD12E
:104C10002846E3300078800727D42846FA300088F9
:104C2000002822D138790124214601F023FC0646D0
:104C30003879002101F01EFC304302D1288F441C3A
:104C400013E0C920400028180188C9070DD0F98A4F
:104C50004088401A81B2022907D3441EA1B2288F8E
:104C6000401C82B2914200D30446A0B2F8BD0000BD
:104C7000F8B50446FF250A4884420FD00026094FA4
:104C800038683421415CF0B2884207D2FFF798FDC2
:104C9000408FA04201D0761CF2E73546E8B2F8BD5D
:104CA000FFFF00004C050020890040188421405877
:104CB000801C7047002901D0022100E003218022DE
:104CC0008258CA4001201040704784214058018812
:104CD000012008407047882140580088C005C00F57
:104CE0007047882140580088C0B2C00970478821A9
:104CF000405801880320084070470000FEB5074671
:104D00004124005DF9F7D0FC0546385DF9F7BBFC9E
:104D100092236C1EE1B20297923770250326052973
:104D200032460195294605D861B28A001949895849
:104D3000194CA258029CE35A7C88401EC5B2052D2E
:104D400006D840B28000134D2D580195124D2E58B3
:104D50009340581800024721CD0040190F49EBF746
:104D600067FA0090B44001982018000240190B49DE
:104D7000EBF75EFA0646FC8804F0AAFF00990818D3
:104D8000B1B28C4200D821464018CD300299C86695
:104D9000FEBDC04620320610083206107102000027
:104DA000F8B50A460146074800689423C058C06B0E
:104DB000006802AB019303AB00932030012307F09E
:104DC0000FFD8FBDA005002080B505480068942127
:104DD0004058C06B0068203007F081FD80BDC046A0
:104DE000A0050020F8B50A4601460748006894234C
:104DF000C058C06B006802AB019303AB0093203036
:104E0000012307F030FD8FBDA0050020BFB50C4683
:104E10000546FFF7CBFC3221405C002801D0002082
:104E200011E00A48006894214058C06B0168086A84
:104E3000496A03AA012300930192FE2295432A4660
:104E4000234607F069FC04B0B0BDC046A0050020B1
:104E500070B50D4604461A4800682C21405CC00716
:104E6000C10E01D111220AE0164800683D22825C81
:104E7000920624D53D30C07A800720D51F224E20CF
:104E8000C0434140104800684069CEB20323314618
:104E9000FAF788FD002812D00146847200200873BA
:104EA0004D7208721220C871062088713E20487128
:104EB00004200871200AC8723046FAF710FE70BD4F
:104EC0004C050020A005002050050020F0B58DB055
:104ED0000446954800682C21405CC007C50E6F2031
:104EE000C6436E4002F01AF8904909683D228B5C77
:104EF000202213403D31002866D0002B00D110E164
:104F0000887BC00763D0002D00D11222A08A0C90AC
:104F1000A77DE07D0890608A0B90208A0990A08987
:104F20000A902068059060680790A0680690207E2F
:104F30000390607E0490E589A07E02907C48006822
:104F40000069F1B20A23FAF72DFD002800D1E8E04C
:104F50000446019707461F3745720398207304984B
:104F6000E07202982072280AA07220460D300625B1
:104F700005992A466F4B98472046133006992A46D2
:104F80006C4B98476B4B2046193007992A46984737
:104F90002120099921542520089A225420462130A5
:104FA000090A41700A99080A787039700B99080A41
:104FB000787139710C99080A787239720198F87110
:104FC000201D29212222A2E0002B00D1A9E0887A0D
:104FD000800745D4487AC00700D1A2E008200543E5
:104FE000E07D0C90608A0B90208A0990A0890A903D
:104FF00020680890207E0690607E0790E789A07E5A
:1050000005904B4800680069F1B206232A46FAF77A
:10501000C9FC002800D184E00446054613354772D8
:10502000069820730798E07205982072380AA072DB
:1050300020460D3006220899F7F7FCFE0999080A68
:10504000A07561750A99080A687029700B99080A99
:10505000687129710C986076201D0121132256E099
:10506000002D01D01C2200E00D22E07D0A90678A0D
:10507000208A0B90A0890C902068079060680990A6
:10508000A0680890207E0590607E0690E589A07E4D
:105090000490274800680069F1B20923FAF782FCFE
:1050A00000283ED00446039707461F3745720598EF
:1050B00020730698E07204982072280AA072204695
:1050C0000D30062507992A461A4B9847204613307B
:1050D00008992A46174B9847164B204619300999CC
:1050E0002A46984721200B9A225425200A992154B8
:1050F000201D21462131120A4A700C9A110A79703A
:105100003A70039A110A79713A710A211F22042315
:1051100023713E234370E171A271F0B22146FAF788
:10512000DEFC0DB0F0BDC0464C050020A0050020FF
:105130005005002035CE0410B0B50D460446124887
:1051400000683D21415C89061CD53D30C07A0007CE
:1051500018D50E4800684069A1212C220223FAF7D5
:1051600021FC00280ED00146047285721420C871FB
:10517000042088713E224A710871200A4872A120D9
:10518000FAF7ADFCB0BDC046A005002050050020D8
:1051900010B5A823C150C9214900435A20241C43FB
:1051A00044524018428010BD10B5A423C150C921FB
:1051B0004900435A08241C4344524018428010BD01
:1051C000882140580188012212020A430280704758
:1051D00088228058002907D0012903D00188102295
:1051E0000A430280082100E0102102880A4302805D
:1051F000704788228058002907D0012903D00188F0
:1052000040220A430280202100E0402102880A4314
:105210000280704788214058018880220A4302801A
:10522000704788214058018804220A430280704751
:1052300080B588228058028803239A43028019404F
:1052400002880A430280152007F036F8F6F71CFFA3
:1052500080BD10467047B0B504463225FFF7A6FA68
:1052600044550020B0BD0000F0B587B00446007E74
:10527000617E09020E18721E082A00D30822A07E41
:105280000490E07E0390607D0121274F0191B84793
:105290000546A07DE17D09020818002106913246ED
:1052A000B8473346029606462E431920C20106210E
:1052B00018460592B8473B46054635430398000219
:1052C00004994718FF22F432384606999847064653
:1052D0002E43781C02994843800881B20A2900D8DD
:1052E0000A21207F627F12021018059A0E4DA847EE
:1052F00006432320215C1F20084005211022A847D7
:10530000304301D006980CE0204622300078C006D9
:1053100006D11E202228F5D0215C401C0029F9D09E
:10532000019807B0F0BDC046A1980510FEB504462F
:10533000C9204200A05AC30725462C35002B7FD038
:10534000A6187288511A0B0404D008B2002877D529
:105350002820FEBD41050FD4010716D4800638D49D
:10536000287902F0F4FF00285FD02879012100227B
:10537000134602F0E3FF58E028791146FFF714FACC
:1053800030883249014031804FE0606CAF6F7968FE
:1053900040186064B9683A6828780228029101923E
:1053A00028D1687DF9F780F9042801D0062800D1BA
:1053B0000220029B796999420A4600D31A46226567
:1053C00080002018816501984008616C08186064AD
:1053D0001AE02746E237E96F687DF9F7BDF93878BA
:1053E000012804D1E96FBC34204601F061FC30880B
:1053F000202118E0FFF7DAF9029B01996163406808
:10540000984200D318462065F86820873869E16C17
:105410000A186266A066994203D0E364204601F050
:1054200010FE3088082188433080308802210143F3
:10543000012081433180152006F03EFFF6F724FE5F
:10544000287902F090FF0020FEBDC046FFFB00005F
:10545000426E511A4166491E01D4002070478021D6
:10546000405C800601D5082070473E20704780B51B
:10547000FFF7A6F92C210022425480BD10B50C463E
:105480000146020A12200E2A11D81A2C0FD8012226
:10549000A240084B1A420AD00846FFF79FF900289D
:1054A00006D0112109014018214600F095FF10BDDA
:1054B000022010BD2000080410B504462D20215400
:1054C0002D34207D04F096FE207D04F0E5FE10BD15
:1054D000F0B5ABB00746C07AFFF772F90646FFF7A2
:1054E00065F91E903D682220295C1F22169211400A
:1054F0002954687D1090A87B1F90E87B1890287C29
:105500001A90687C1C90A87C1790E87C1290287DEB
:105510001590A87D0A90E87D0E90287E1490687EF4
:105520000F90A87E1190E87E0C90287F1390687FE2
:105530000B9028781B90284622304478B87BF9F7E6
:10554000B3F8209004F0BEF80D90422000223252B1
:105550002D203254F0203250EC203254E4207F21B0
:1055600031542F20072131540994169804403120DA
:10557000199434542197B87B41217054F87A302122
:105580007054882030580260842030580260802097
:10559000089032503746F0371D927A6001243485E6
:1055A0000F98000214994018149080B203210F91B3
:1055B000890241434002F0640B980002139A80185C
:1055C000139080B200037166B066129800021799BA
:1055D0004018159909044018159070650C98000240
:1055E000119940181190308704F03CFB219BED216C
:1055F0000C94745470871920000130181790189873
:1056000000021F9940181A99090440181C990906AC
:105610004018189030462C301F903246E2321E352A
:105620001A950D980128129206D1187C012803D1F1
:1056300020201B99084004D1187BFE21014002293B
:105640001BD101201070987B1A9C2146F9F784F831
:105650003546BC352846214601F02AFB1F98407D7F
:10566000002200921899019102922946199213463C
:1056700001F039FB219B1D9001E01D98107034460C
:1056800090349F20B877F948B883F9487883179AFF
:105690001088202188431080D87A02F062FE2920E9
:1056A000C500A9200701FEF7B5FB0128209916D1F6
:1056B0001E9800891B280DD1042907D11E98C08986
:1056C000B84207D11B20A08020800EE01E98808960
:1056D000A84204D0179B1888089A104318801B20F2
:1056E000A0802080042900D02F460E980502278133
:1056F000E780A7811B2060816080678227821E9FD0
:10570000F88A1C94E081219CE07A01F0FEFEE07AA8
:1057100002F002FEE07A01F06EFD3846314601F0FB
:1057200085FCE07A02F0FCFDE07A01F0F9FB3046FE
:1057300002F068FC11200001301800F05DFE209896
:10574000F9F7A5F9217BCB4A12681768032904D021
:1057500002290BD1381A3E3812E00E21209C204637
:1057600004F07CF8381A3E38219F0BE02199497BE0
:10577000381A002901D0903002E0812149004018F8
:10578000219F209C1B9B0A995A066918042C0F9D87
:1057900007D03D7BFE232B40022B0C9D00D11D46E4
:1057A0001B9BDB090D93D20F0E9269184D0229182D
:1057B0003B68787B00282BD00C911B9309984409F7
:1057C00004F068F807461794204601F04DFC0321C9
:1057D0001F9A1170109949027163C0197085F16C9C
:1057E0001E9A5268914200D31146316580B2294613
:1057F00004F02AF80D304100726B8A181B9B9B1C29
:1058000002210F910E991E91219F1C9C0C9D1AE064
:105810000D4602211F98017000207085042C00D0D5
:10582000214689007118896DF26C8A4200D30A46BC
:105830003265109909026D18083385210F910D9971
:105840001E9117901C9C7564B06422A80021818071
:105850001B912291874800683D21415C8906109286
:1058600006D53D30817BC90704D1807A800701D4F9
:105870001E9F38E0786801681D46FE230B4022AA6F
:10588000022B00D01546C9B21E91797B00290CD09D
:1058900022A90D9A002A16D039684A7BC0231340EA
:1058A00022AA402B0ED011460DE022A90E9A002A02
:1058B00009D03A68D179C0230B4022A9402B02D1EC
:1058C000911C00E00831BA7A24AB9A753A899A8221
:1058D000259526911E9AFE2A03D003210A401746D9
:1058E00000E00127431C1B9D6562012038402421F4
:1058F0006054A56220462430401C062219461C46EE
:10590000F7F798FA24A8857607761799C175139941
:1059100041821199018214998181718FC181219FE6
:10592000797B41762494FFF7D1FAF87B002803D0E5
:10593000B97A708FFFF78CFA12980178708FFFF7A1
:10594000FBFB1C99486A896AFFF72AFA7C7BBF7BBC
:105950003846F8F7BAFE1E903846F8F7CBFE3846C0
:10596000209D2946F9F745F838462946F8F7D5FF2E
:1059700038461A99F8F7F0FE38461899F8F7DAFE23
:1059800038461D99F9F75FF838461999F8F73CFF42
:1059900038461599F8F711FF38463146F9F717F8E8
:1059A0003546143538462946F8F7A5FF38461E997E
:1059B000F9F734F8FEF7D2F9002802D13846F8F7A3
:1059C0003FFD3846002C02D0F8F786FF01E0F8F7DB
:1059D000EFFF34462834FEF71DFAFF2101280DD0D1
:1059E000209101F099FA2099012807D001F08AFA54
:1059F000012801D0169901E01B98C143C9B238466D
:105A0000F8F7EDFE304621463A4600F035FA00211F
:105A100028463A4600F030FA3046F8F7F0FC2846BF
:105A2000F8F7ABFC2198817B2091407C34464434CC
:105A30001CCC1F998D78CF780F4907910F4906919B
:105A40000F4905910F49049103970295D11A0191CD
:105A50000094002801D00D4C00E00B4C109B0F9AD5
:105A600020983146A0472BB0F0BDC046FF0400008F
:105A7000FBF70000A005002047EE0510D5EF05104C
:105A80007DEE051007EF0510BDA10510599D05100D
:105A9000F0B589B00446FE26855BC76CF7F795FA2A
:105AA000E321625C324062543521090146187D438E
:105AB00068003018EFF3108172B6616CC94340186A
:105AC00000D487E007972046E2300890304604F083
:105AD0007FF9002804D041490968C97B03296FD1A7
:105AE0000690204631300590204642300490606C8C
:105AF000801B002608214AB2002A0CD4CBB22A46C9
:105B00009A40904202D301279F40F619821A00D38F
:105B10001046491EEFE70899888B4643049A10887F
:105B2000801B1080B5B2059F387C097801290FD100
:105B30001646F8F7D0FC36883A7C00230093019093
:105B400002932146BC311046324601F0CCF810E0F9
:105B5000F8F73CFD2521081A08904643387830189C
:105B600080B201F095F838700899081880B201F0F9
:105B70008FF80146387CF8F766FF07984543606C5C
:105B8000401B6064608D294603F05EFEA26C824279
:105B900004D9121A0D2A00D80D22A264606E401991
:105BA0006066E06E51000918606C821A387C04F05F
:105BB000B7F8069800280DD1387C04F02BF909E0DD
:105BC000089A5078012101435170142006F074FBAB
:105BD000F6F75AFA62B609B0F0BDC046A405002037
:105BE00010B500242046FEF7EBFD0A49096834226F
:105BF000895C2C30A14207D00278002A06D03322DB
:105C0000D2008018641CF5E7FF2401E00121017037
:105C1000E0B210BD4C050020F8B505460088FEF73F
:105C2000DDFD002811D0044606462C36EFF3108027
:105C300072B620467830294606F034FD30780328C5
:105C400005D12046FFF724FF1AE00220F8BD707D41
:105C5000274D2968497B884212D1F7F7B6F92968A0
:105C60000968C943401801218902401808D5706DA0
:105C70004021014004D12046FFF733F8002802D02C
:105C800062B68420F8BD2046F8F788FA054620461B
:105C9000283085420AD001212046FFF705F88542C9
:105CA000EED02878102101432970E9E711480068F7
:105CB0008C214058A66F318AF28951181F220A4060
:105CC0001718BD1C20462946F8F7A5FA204631468C
:105CD000FEF740FF6667F8780028D1D00121204602
:105CE000FEF7E8FF0128CBD16878001D6870C7E790
:105CF000A4050020A0050020F0B585B00F4604469D
:105D00004120205CE221615C25462C3501290DD122
:105D1000F8F7E1FBEA8A6E7D00230093019002937D
:105D20002146BC31304600F0DEFF10E01646F8F7A1
:105D30004DFC04970746464368793618B0B200F028
:105D4000A7FF6871F01B049F80B200F0A1FF01461D
:105D5000687DF8F778FE287802280CD12046F8F7FD
:105D6000FFFA2046F8F766FA687DF8F721FE626CC4
:105D7000216D687D2DE0A66C608D394603F064FDD1
:105D80008019A16C002900D10D30E16C49083E3921
:105D9000884201D9082022E0A064616B40000029FC
:105DA00001D00F1805E0E16E0818276DB84200D841
:105DB0000746264614363046F8F7D2FA3046F8F74A
:105DC00039FA687DF8F788FD606CA16C421A687D2D
:105DD000394603F0A5FF608E401C6086002005B0A8
:105DE000F0BD000070B5044606462C360546AC35BD
:105DF000FEF714F801280BD130790E2141430E48EB
:105E0000006894228058C06B80684018C07900E018
:105E10000120F8F73CFE09494843000A1030286089
:105E20003278032A07D1626BA36C5B009A18514346
:105E3000090A0818286070BDA00500207102000042
:105E400070B500242046FEF7BBFC0546094E3068BD
:105E50003421415C8C420CD2E321695CC90703D038
:105E60002846FFF715FE30683321C9006D18641C01
:105E7000EEE770BD4C05002070B516460D46044691
:105E8000F8F799F92046F8F7B1F92046F8F7EAF95A
:105E900020462146F8F724FA2046F8F755FA20461E
:105EA0003146F8F739FA2046F8F783FA2046F8F732
:105EB00057FA2046F8F7BEF92046F8F704FA002D05
:105EC0000DD0942000210A46F8F708F80146204634
:105ED000F8F760FA20462946F8F79DF970BD124898
:105EE000006890214558962001210022F7F7F6FF1F
:105EF00001462046F8F74EFA2046F8F7BFF920464B
:105F0000F8F7D4F92046F8F7C5F92046F8F79EF9D6
:105F1000A91C2046F8F77FF92046F8F708FA204632
:105F2000F8F760FA70BDC046A0050020034800687D
:105F300094214058C06B006834307047A0050020A1
:105F40003321C90041430548006894228058C06B42
:105F5000406840181121090140187047A005002031
:105F600010B501201249134CA04703201249A04745
:105F700005201249A04708201149A04700201149D7
:105F8000A04702201049A04702F00DF802F0E1F905
:105F900000F0C7FF01F0B3FA02F0D3F901F031F9D4
:105FA00001F03BF901F059F801F030F810BDC0469E
:105FB000157505101D640510D57C05106983051045
:105FC000A182051031720510E570051080B5122010
:105FD000042104F0FFFA0449096894228958C96B26
:105FE0000968486380BDC046A00500203321C90070
:105FF00041431048006894228058C06B40684018A4
:106000001121090141180222002A09D00023CB8066
:10601000FF234B717D235B040B604031521EF3E77D
:10602000CB214900FF22425419210901002242508C
:106030007047C046A0050020491C514306224A4330
:10604000101880B2704700002A2804D80321414369
:106050000248405C704714207047C0463832061032
:1060600010B50C46FFF76CFFA1014018007910BD78
:1060700010B5002306A11A46042B03D08C5C531CD8
:106080008442F8D1042A01D3002010BD012010BDA4
:106090000100161F41424841704700002A2805D8D8
:1060A000032141430248401880787047142070470C
:1060B0003832061070B50D460446164800682C218B
:1060C000405CC007C10E01D1052206E012480068FD
:1060D0003622805CC0061CD515226F20C04341408B
:1060E0000E4800680069CEB202233146F9F75AFC27
:1060F00000280ED00146047285720020C871042069
:10610000887105224A710871200A48723046F9F7F1
:10611000E6FC70BD4C050020A005002050050020C5
:106120004B424B41990140188179CB070020002B4D
:106130000BD0022A05D0012A05D0002A05D18807F4
:1061400002E0080700E04807C00F7047B0B51446EA
:106150000D46FFF7F5FE022C08D8A9014018801D56
:10616000E100034ACA40017811430170B0BDC04646
:1061700002040800B0B5034600202A2B67D8032488
:106180005C43364D2C1964788C4260D1D11E484254
:1061900048412A2B5AD89A0001A39A589746C046DC
:1061A0004F6205104F6205104D6205104F620510D9
:1061B0004D6205104D6205104D6205104D620510CF
:1061C0004F6205104D6205104F6205104D620510BB
:1061D000516205104D620510556205104D620510A3
:1061E0004D6205104D620510516205104D6205109B
:1061F000516205104D620510516205104D62051087
:106200004D6205104D620510516205104D6205107A
:1062100051620510516205104D6205104F62051064
:106220004D6205104D620510516205105162051056
:106230004D62051051620510516205105162051042
:106240005162051051620510516205100020B0BD69
:106250000120B0BD481E81410846B0BD383206104D
:10626000B0B5034600202A2B00D9B2E003245C43DA
:10627000584D2C1964788C4200D0AAE0D41E60429C
:1062800060412A2B00D9A3E0990001A251588F4602
:10629000D3630510D36305103D630510D363051068
:1062A00041630510416305103D6305103D63051012
:1062B000D36305103D630510D36305103D630510DE
:1062C0003D6305103D63051041630510D163051062
:1062D000D16305103D6305103D6305103D63051056
:1062E0004F6305104F630510616305106763051068
:1062F00071630510D16305105563051055630510D2
:10630000776305103D6305103D6305105B63051061
:106310007D6305105B6305108763051049630510F5
:1063200049630510496305108D63051097630510D7
:106330009D630510AF630510BF6305100120B0BD5C
:10634000601E84412046B0BDFDF766FD3DE0FDF7CF
:1063500061FD3AE0FDF702FD37E000F0D3FD1FE0FC
:10636000FDF75CFD31E0601E8441FDF757FD22E042
:10637000FDF754FD14E000F0CFFD22E0601E8441E3
:1063800000F0C0FD17E000F0BDFD1EE0601E84417E
:10639000FDF74AFD0FE0FDF747FD01E000F02FFF9C
:1063A0000146401E8141604260410840B0BD601E10
:1063B000844100F024FF411E88412040B0BD00F020
:1063C000ADFD002804D0FDF72BFD411E8841B0BD76
:1063D0000020B0BD3832061080B58022825A920764
:1063E00008D480308171152005F066FFF5F74CFE6A
:1063F000002080BD3A2080BD0021802908D07D2268
:1064000052044250421801231B02D3804031F4E76A
:106410008021425A0123134343527047B0B50C46C2
:106420008500FFF783FD00684451B0BDB0B5144648
:106430000D46FFF785FDAA0181180B79A34204D10F
:106440007D235B04835000208871B0BD70B51C466D
:1064500015460E46FFF774FDB10140180571002C7A
:1064600001D0212100E001218279DE231340C918E7
:10647000817170BD10B50C46FFF762FDA101401897
:1064800081790120084010BD10B50C46FFF758FD7A
:10649000A1014018083010BD10B50C46FFF750FDA3
:1064A0008221425A012313434352A10140188179AA
:1064B00040220A43827110BD10B50C46FFF740FD23
:1064C000A1014018817910220A438271152005F03C
:1064D000F3FEF5F7D9FD10BD10B50C46FEF770F9C7
:1064E000A10141188B2252008B5C40241C438C5428
:1064F000FEF797FE10BD10B5FEF762F904460021C5
:10650000FEF7D2FB8078FF219831605419200001FA
:10651000215A10220A43225210BD70B502467D2036
:10652000430400200446802C12D01519AE79F607DA
:106530000BD02D79FD26354207D015596E1E06D495
:106540009D421E4600D86E1A16514034EBE72220B9
:1065500070BD000070B500242046FEF731F90546F5
:10656000094E30683421405C84420CD2284600F049
:106570000DF8002802D0284600F008F83320C000AB
:106580002D18641CEDE770BD4C050020F0B58DB0F2
:106590000746ED20385C39462C310028079161D040
:1065A000FF2403945634192000013D183846FEF7A5
:1065B0009EFB03280AD12888010707D50021E9712D
:1065C0000822904328803846FEF732FE0B95381992
:1065D0000490384600F01EFA00280A9774D0112063
:1065E00000013D180798047901210026284632460B
:1065F000FFF796FD0746284631463246FFF790FDE5
:1066000038430A9F60D10C9400213846FEF74CFBBA
:106610000646417884780798027820460991FFF76A
:106620001FFE00284AD00498807804280AD10498D4
:106630000078A04248D001223046294600F0F9F9FE
:10664000002841D10398163038188178042900D1E8
:10665000D3E1012935D10798027820460999FFF73F
:1066600089FDD3E148780024002800D1C2E13E46EC
:10667000B436B86F3D467835497D0C91002801D07D
:10668000F8F706FF284606F009F803CEFEF7AAFB46
:10669000079D6978788FFFF70DFD384601F0E8FD1A
:1066A0002879FEF749F9287900F078FC002800D114
:1066B000A0E1012028700C9868759BE10C98FFF709
:1066C0001AFF3846FEF738FA452080003C181120A2
:1066D00000013818069000200890C5430B9E012D3C
:1066E00000D186E1681C0C90308803210991084094
:1066F000012808D1B079FF2805D03846FEF7F7FA0F
:10670000002800D1ACE0E078401E042800D93AE12E
:106710007844007940008744022B617D9200002D6F
:1067200000D1BCE00A9800F075F9002800D12AE1F8
:1067300004988078042804D10B980088400700D47E
:1067400021E1002101220A9800F090F900280B9D18
:1067500000D111E1079800790021FFF78BFE002896
:1067600000D109E1A078400600D403E1052002E150
:106770000A98FEF7BCFA05900C98C6B20122069F53
:1067800038463146FFF7CCFC0546002238463146F4
:10679000134600F057FAA178C90600D4F3E0059932
:1067A000002900D0EFE0002D00D0ECE0002800D060
:1067B000E9E0207800F05EFA074601250A982946AC
:1067C000FEF772FA034607980079062231461E4604
:1067D000B847A078C1076AD1E570D4E00A98FEF7FF
:1067E00086FA032800D0CEE0207800F043FA06466F
:1067F000079800790C99C9B200252A462B46B04764
:1068000060700A982946FEF713FDA078C10768D189
:106810000120B7E00A9800F0FDF8002800D1B2E0AE
:106820000C98C5B203220A9E3046294600F01EF994
:1068300000285DD0A078C10776D1012093E00B98A5
:106840004088800700D49EE0207800F013FA0028EA
:106850007BD006460B98408840076DD508226CE037
:10686000012638463146FEF71FFA02218170417039
:10687000099A02700B9A9279C2700B9800880843AB
:106880000B99088038463146FEF7D2FC079800790C
:106890000422002331460B9EFFF7D8FDA6E00498A2
:1068A0004078C0076FD00220049988706BE0099986
:1068B000E17003996170EF210840A07001250A98EA
:1068C0002946FEF7B5FC70780821801CC0B2009103
:1068D00001900296002029462A462B46F9F75DF8DA
:1068E00051E040063CD46078FF284AD0042049E0BB
:1068F0002846FFF7CFFB0B9909884A072BD4820162
:10690000B218039B1833D25C042A03D0002822D18A
:10691000012A20D1042001430B980180152005F0A5
:10692000CBFCF5F7B1FB2EE040061BD46078FF28C6
:106930000B9A1AD1022017E00722079800790C99C8
:10694000C9B20023B0470120E0700B9A508806219D
:106950008843508017E0042081430B98018012E0A7
:1069600005200FE005200B9AE07010880421884371
:10697000108008E00220E0702888042188432880E5
:1069800001E00220E0700B9E3088C0060A9F26D5E9
:106990003846FEF7ACF9002821D1002101220698E3
:1069A000FFF7BEFB00281AD1012638463146FEF714
:1069B0007BF90721817002214170099901700B99BF
:1069C000C979C1700B9800880821014310208143C8
:1069D0000B980180384631460B9EFEF729FCE07883
:1069E000FE210140022901D10120089040340C9D74
:1069F00075E6089CE0B20DB0F0BD0078A04200D171
:106A000062E600223046294600F013F8002800D044
:106A10005AE656E610B50446FEF757F9002804D0AA
:106A20002046FEF764F9032801D1002010BD0120A3
:106A300010BD70B5920189180E794088C1B2012449
:106A40000D2901D1012E0FD0112901D007290AD11A
:106A5000050A2846FFF7F8FA864204D12846FFF7D0
:106A60001DFB002800D10024204670BDF0B58DB07C
:106A700005920E4604463020205C0C9000210A91BD
:106A80002046FEF711F9417804911121090107947C
:106A9000641809904788FAB20125204631460892C9
:106AA0002B4600F0CFF80A9A0B90F81FC0B20B28C3
:106AB00000D31546624FC7402F4020463146FFF7AE
:106AC0002FFB0546B00120180690407903900A96E6
:106AD0003046FFF7DFFA0646800121184879C97968
:106AE0000B9A002A07D0042911D1089988420ED1A7
:106AF000002D04D114E0002D12D004293BD1002F29
:106B000033D0099821463246FFF793FF31E00C98C5
:106B10003146FFF7A5FA054601200B90042432E028
:106B200000250598032854D001284DD1079F3846E9
:106B30002C30027808980499FFF71CFB0028099E66
:106B400042D001240C982146FFF794FC00280B94B6
:106B500071D0AB204000381805780898FFF788FA04
:106B60000121002863D10C4662E00899401A411EB9
:106B7000884100282BD00C983146FFF771FA054662
:106B800001200B900524079F099E70781021801C1E
:106B9000C0B2009101900296012100200A460346EE
:106BA000F8F7FBFE284600F065F8002808D00546F7
:106BB00033460698461D0C980A992246A84730701D
:106BC0003846FDF7B9FF0B9D28460DB0F0BD0025F6
:106BD000FAE70B950C980A9D2946FFF741FA0590B4
:106BE000002F0CD0099E304621462A46FFF721FF90
:106BF0000028079F0B9DE7D003240B9008E008981E
:106C000003998142079F099E04D101200B90032420
:106C1000059DBAE705980128D5D13846FEF75BF8FF
:106C200000280B9DD0D0012505240B95ADE702244B
:106C3000A80600D40C460898FFF706FA0546A4E714
:106C400041040000B0B50C460546002B03D01046A9
:106C5000FFF70EFA04E0A001281880798006C00F23
:106C6000002805D0022228462146FFF759FAB0BD78
:106C70000020B0BD10B501461239032901D2002011
:106C800010BD8400FFF752F90068005910BD0000E4
:106C900006494143090C2422D2434A43101881B2C9
:106CA000242900D92538C0B27047C046EB06000041
:106CB00070B50D460446401C002625223146F6F7E5
:106CC000C9F83046252E0CD207213140F208AA5CC3
:106CD000CA40D10703D0C1B261184E70401C761C67
:106CE000F0E7207070BDF0B58BB0059317460D46E8
:106CF00009A9F7F700FC119C10980690002818D0FD
:106D00000495129E00250698A84210D0049803907E
:106D100009A8029008A8019007A80090EBB22046AD
:106D20003946059A00F012F870556D1CEBE7307883
:106D30000AE0039509A802900022019200922046E1
:106D40003946134600F002F80BB0F0BDF0B589B03B
:106D5000154608AA00261670002D06931A4600D183
:106D60002A46070C474011980790002D04D10023B4
:106D7000069801281C4638D8109805907940514053
:106D80000C46022E07D8A0B200F042F81121414370
:106D9000CC19761CF5E72046784086B23046FFF7DE
:106DA00077FF242815D8C108059A525CC900411AFA
:106DB000C9B2CA40D1070CD008A90870079A511C63
:106DC000127800239A420DD0CE5C86420BD05B1C19
:106DD000F8E7079908784643330CC818407808A9A3
:106DE000087000E02523002D0ED10F990E9808ADF4
:106DF000BAB200900192079802900395A2B2DBB25A
:106E0000069800F003F8287809B0F0BD704700003C
:106E100041000A4A0A404008094901408818810097
:106E2000084A0A4080080849014088180101074AB9
:106E30000A4000090649014088187047AAAA0100C3
:106E400055550000CCCC070033330000F0F00000B3
:106E50000F0F0000B0B50124204601F099FC054653
:106E6000204600F0BAF828430AD106480068942169
:106E700040580C3005F033FD00F060F80020B0BD44
:106E80000C20B0BDA0050020F0B587B00C4605462B
:106E9000069105900126304601F07AFC07463046FF
:106EA00000F09BF838431DD1E8B2FF2805D10590CA
:106EB000FF2109060C4006940546104800689421FD
:106EC000405803A9019104A900910C3001232946DF
:106ED000224605F085FC002806D005A8012100F017
:106EE0002CF805E00C2006E003A80078002801D06B
:106EF000002000E0072007B0F0BDC046A00500203C
:106F00000020704700207047704700207047002025
:106F1000704700207047704700207047002070477E
:106F2000704780B509200021FFF778FA80BD7047CF
:106F30007047704770470020704770477047704730
:106F400070477047704700008C2141430448006837
:106F5000942280584068806B006800684018704731
:106F6000A0050020704770477047000010B5012849
:106F700010D101290ED1012A0CD100242046FFF79F
:106F8000E3FF14300449897F002903D004608C306A
:106F9000491EF9E710BDC046B40500200020704727
:106FA000024800689421405840687047A0050020BE
:106FB0007047704710B50446FCF732FF012808D12E
:106FC000601E062807D8FFF7EBFFEF21445400208E
:106FD00010BD112010BD122010BDB0B50546002413
:106FE000FCF71EFF01280DD1FFF7DAFFEB21415C12
:106FF000C90707D0002D04D0EA30007801240440EE
:1070000000E001242046B0BD0020704780B511206B
:107010000021FFF703FA80BD0021034A8162C262AA
:107020001921C901018670470100010080B503469E
:1070300001200002081828330A221946F5F7FAFE43
:1070400080BDF82100224250F8300121090441603E
:107050007047704770470020704780B510200021AE
:10706000FFF7DCF980BD00004007000F0149085A16
:107070007047C046BA320610801EC0B2032801D342
:10708000002002E0C1000248C840C0B27047C046BC
:1070900001040600B0B5014600791F2811D8002070
:1070A00002460346252A0FD007241440D5084D5D1B
:1070B000E540EC0703D05B1CDCB2022C03D0521C71
:1070C000F0E70020B0BD0120B0BD000080B504494C
:1070D00009689422895848310522F5F7ABFE80BD36
:1070E000A0050020F0B585B01F4614460546039163
:1070F000FFF7CAF902902846FDF762FB611E0629D8
:1071000074D806462C30C0467944097949008F442A
:1071100003036D2F6D345F000078032866D1FC1CDB
:107120002046FFF7B7FF012858D1387A01907F7ABF
:1071300005222046029C214605F046FA38020199B4
:10714000401882B230462146FEF722F8002402267B
:10715000284621463246FEF7F9FF012328462146FC
:107160003246FFF773F928460399FFF795F93DE09A
:10717000B878012836D02A2135E03146FE310A8818
:10718000318FC08AFEF758FF04A901910880029C44
:1071900020462946FFF79AFF0120B8700820787032
:1071A00003203870F91C0522204605F00DFA083737
:1071B0000222019C2046394605F006FA2288304614
:1071C0000299FDF7E5FF28460399FFF785F90DE0E1
:1071D000022228460399FFF729F907E02846FFF71E
:1071E0008AF903E023213046FEF766F9FF2005B057
:1071F000F0BD0020704770477047002070470020A6
:10720000704710B50C2000242146FFF707F90D2028
:107210002146FFF703F910BD704710B50E2000247A
:107220002146FFF7FBF80F202146FFF7F7F810BDC6
:10723000F0B591B00C93144605460B91FFF724F975
:107240000A902F462846FDF7BBFA611E072900D990
:10725000D6E005462C350646FE36C0467944097907
:1072600049008F440303CD1FCD2C7BC82978032907
:1072700000D0C5E009900C9C63892289E1883088A0
:107280000E4600210091019102903046314608924D
:107290001D4600F00DF9002800D1B4E03846FFF794
:1072A0002AF9ADE00C998B7823210F2B0A4600D0E8
:1072B0002A22002B00D01146FEF7FEF8A0E00C9920
:1072C000891C07910446FDF771FA089032880994E9
:1072D000218FE88AFEF7B0FE05462820012106919D
:1072E0000A9C2154208B618B081840081090A08BB9
:1072F0000490E68B0DA8077110A90F910D9400F072
:10730000FCF810982083059529048919664A049D84
:107310002B04034307980CC0016064480C99088053
:107320000320400232032146E5602261069A5202A0
:1073300005C408980068628B1202083C904200D392
:10734000104648611098400288600998059AFDF738
:107350002BFF38460B99FFF7BFF851E028210A9E12
:10736000715C01293D4643D104460DA805710D9677
:1073700000F0C4F84A4800683D21415C890632D5D6
:107380003D30407A40072ED5F08B0C90B08B0990A1
:10739000378B668F434800680069802124220424CB
:1073A0002346F8F7FFFA00281DD001460B304E7235
:1073B00007700A97099F4F730C9B037100220A7292
:1073C0000322CA710A228A713E224A710C71320A62
:1073D0008A720A9A120A42703A0A8A731A0A427127
:1073E0008020F8F77CFB002128460A4600F0E1FDEA
:1073F0000022284601E0002238460B99FFF716F8D4
:10740000FF2011B0F0BDE078002800D146E7711EE2
:10741000082900D3082181420C9900D23EE78A88CE
:10742000B24200D93AE733460A9E2946F583089DC1
:10743000B5833383738309031C465B025202400207
:107440002DC63160099EF26C01209A4206D1B26EBF
:10745000914203D1308F281A411E884128210A9D6C
:10746000685410940DA8077110A90F910D9500F0A4
:1074700044F8022238460B9C2146FEF767FE0022A4
:10748000012338462146FEF7E1FF0C9882893046F9
:107490002946FDF789FE38462146FEF7FDFFAFE796
:1074A000A00500205005002000030100030C00008F
:1074B00070B504461220062C1CD31925ED01AC42F0
:1074C00018D8062916D3A94214D8A14212D3940879
:1074D0007C2C0FD8059C049EB4420BD30A2B09D3F5
:1074E000AB4207D80698521C4A4342439008834255
:1074F00001D8122070BD002070BD7047704780B564
:107500000A200021FEF78AFF80BD704700207047E7
:1075100070470000F0B58DB0099316460F4604463B
:10752000FEF7B2FF054608942046FDF749F90346E9
:10753000052E07D13D211846FDF7BEFFFF26304638
:107540000DB0F0BD044607952A46283205462C3575
:10755000287802282AD11078401EFF260B28EED862
:107560004000C04678448088400087440B00A20059
:10757000A500C000CA00CE0028012C0154016401FE
:10758000730176010A2009998870FF26304604307D
:1075900008800121089815460A461C46FEF7D6FDCC
:1075A0002046FDF737FE02202870C8E7012E2ED1B5
:1075B00000205070069200251F4618462946FDF708
:1075C00079FB09998978032955D100283B46079E04
:1075D000B0D1099CE01C3146303108220492184B8E
:1075E000984720460B3031462E310222144B9847E3
:1075F00020460D303146049A114B984715342036F9
:107600000422204631460E4B9847052039E0507839
:10761000FF260D2893D8EC344000C046784480887B
:10762000400087440F0010005D0165016E0192016A
:10763000D2011C02E5013C02E901F901100230020D
:10764000C9C50510B6E70B20099988700220507053
:10765000FF26304604300880002401220898214685
:107660001D46FEF773FD2846FDF7D4FD284621464A
:10767000FDF7BFFD63E701283B4600D05AE701252F
:107680002846089E069C60702571002430462146DD
:107690002246FEF75BFD3846FDF792FD3046214657
:1076A000FEF70AFF0122304621462346FEF7CEFEB2
:1076B00044E70320107019E1099880780B2800D066
:1076C00038E704201070022118461D46FDF791FD91
:1076D0000124089F38462146FEF7EEFE0022384678
:1076E0002146FEF733FD2846FDF76AFD27E70B200C
:1076F0000999887005201070FF26304604300880F4
:107700001DE7062010700121D1E10496099FBE1CDF
:107710000025F949284605930692884704460B90B0
:107720002846F54988470C902846F3498847039036
:10773000F24939800A90069D287A0002697A090484
:107740004018A97A09064018C01C3060079F3846C7
:10775000333000F011FA70602006F98D0902081824
:10776000E97B4018B0600BAC601C00F005FAF060DB
:107770000398000661794018A17909024018E1795F
:107780000904401830610AAD6878A9780902081820
:10779000E978090440187061049E082220463946A1
:1077A00004F012FF203704222846394604F00CFF6B
:1077B000072006990870012108980A46FFE0082072
:1077C00010700426BBE609988078112861D007283C
:1077D0005FD00D285DD00428079E00D0AAE60920BE
:1077E0001070099FF81C3146083108221C4604F02D
:1077F000EBFE0B37314624310422384604F0E4FE18
:107800002E66012100220898FEF7A0FC2046FDF715
:10781000D7FC052693E609988078112846D00D28D4
:1078200044D0052800D085E6144601210898FEF7CB
:1078300043FE0A200CE0062009998870FF26304696
:1078400004300880022118461446FDF7C1FC0B20C5
:10785000207074E60C201070CCE00998807806281F
:1078600000D067E6002015461070BE4800682C2145
:10787000405CC007C10E6F20C04348401C465A8F71
:107880002979C0B2012900D015E1114600F0B2F902
:107890001CE0B44800682C21405C0001C0438021FA
:1078A0000143902008405A8F1A210BE0AD48006830
:1078B0002C21405C0001C0438021014390200840FE
:1078C0005A8F06211C46002300F062F92046FDF77E
:1078D0003AF92046FDF726F9012108980A46FDE00D
:1078E0000320507001211846FDF783FC0B2626E685
:1078F000099880780B2800D01CE6042050700326DD
:107900001DE6099880780328079F00D012E605201D
:107910005070099CE01C3946303108252A46954BA9
:10792000984720460B3039462E310222914B98471A
:1079300020460D3039462A468E4DA847153420374B
:10794000042220463946A847B0E000250395884C1C
:10795000284605930692A0470B902846A0470C9016
:107960002846A04704210291099CA1700D21617055
:10797000032121700A90E11C0BA8019004960826AF
:107980007C4B324698470B340AAF38462146029D5D
:107990002A46784B9847079C214608310198324681
:1079A000049E744B9847734B2434384621462A462C
:1079B0009847062006994870012208980399FEF717
:1079C000C5FB0598FDF726FCB9E5674800683D2131
:1079D000415C890604D53D30407AC00600D580E080
:1079E000002108981446FEF767FD20460D27B7E0F2
:1079F000092050700626A2E50620099988700B2000
:107A00005070FF263046043008800125184629466C
:107A1000FDF7DEFB257092E500200990507051487B
:107A200000682C21405CC007C10E6F20C043484055
:107A300011465A8F097901290593C0B23ED11146EA
:107A400000F0D8F83EE018461546FDF77CF8002413
:107A5000012208982146FEF7E9FC6C706FE5D078AA
:107A6000012810D105200999887007982866FF26FB
:107A7000304604300880002118461446FDF7A8FB64
:107A8000082060705BE5099819461C46154600F011
:107A9000E3F80C2068702046FDF744F84FE509989C
:107AA0008078062800D045E50A205070002108980B
:107AB000FEF702FD43E50021012305E70021012334
:107AC00000F066F80598099921700446FDF73BF827
:107AD0002046FDF727F8012208983946FEF7A6FC54
:107AE0002DE5204800682C21405CC007C00E04969C
:107AF000069205D0192204E0FBC805100317000008
:107B00000A22079F6F21C9434840C1B2F88D0890EF
:107B10005C8F164800680069042509912B46F7F729
:107B200041FF39460727002818D006460472200A6C
:107B3000707230460A3030310822F5F77BF9089927
:107B4000080AF074B1740520F0710D20B0713E2068
:107B50007071357109983146F7F7C1FF049E069898
:107B60004770ECE44C050020A005002050050020E3
:107B7000FBC80510C9C505100178427812025118DA
:107B8000827812048918C07800060818704700002F
:107B9000F8B51E4615460F460446C00606D41348DF
:107BA000006836214056002804D4F8BDBF200440A8
:107BB000062200E016220E4800686107C90E401830
:107BC000006902232146F7F7EDFE0028EDD00146BB
:107BD00005728672C7710420887108224A71087183
:107BE000280A48722046F7F77AFFF8BDA005002062
:107BF00050050020B0B50D460446C00606D4144812
:107C000000683B214056002804D4B0BDBF2004408A
:107C1000072200E017220F4800686107C90E4018CC
:107C2000006902232146F7F7BDFE0028EDD001468A
:107C300005720020C871032088713020487104202B
:107C40000871280A48722046F7F749FFB0BDC046C0
:107C5000A0050020500500200322027085235B0050
:107C6000C95C490703D406230D21022203E0062143
:107C7000017111211346C370817042707047F8B5CD
:107C8000144606460846FCF7A9FD30214156002956
:107C900005D42C300078022803D1122518E00225E3
:107CA00016E0CFB2002538462946FEF705FC3846D7
:107CB0002946FEF7E9FB01462B30002E01D0057066
:107CC00006E00122027010311022204604F07CFCF4
:107CD0002846F8BDF0B585B01C4615460F46064649
:107CE000FEF7D2FB039002963046FCF769FD06468C
:107CF000FF20062D00D99EE00497852149007318C6
:107D000037462C377D442D796D00AF440308942A03
:107D100094944F000499012965D109208BE0A17842
:107D20000E2902D0082900D085E0E41C039908310F
:107D30000546082220461E4604F046FC0522304631
:107D40002146F5F777F8029E3046049C2146FEF75F
:107D5000B3FB0322002330462146FEF777FB28467B
:107D600069E0A17807294AD0092964D1074619207A
:107D700000013518E41C052218462146F5F75AF88B
:107D80000398407C002805D0728F80200021234674
:107D900005F02AFE012040022988014329800322A0
:107DA00002980499FEF742FB384644E0029009200D
:107DB0000190607003202070E61C304600F03EF811
:107DC000A079F7210140A17108253046039E314674
:107DD0002A4604F0F9FB0498012808D138780228D3
:107DE00026D1A57026E00446032202981CE00198E3
:107DF000A070E078317A0140E17031741AE039788E
:107E0000032918D104461878F72101401970039B03
:107E1000587C002805D0728F083380201A2105F085
:107E2000E3FD032202980499FEF700FB204602E0DE
:107E30000E20A070029805B0F0BD0000FEB50090C5
:107E4000FBF7E8FF0546FFF776F8C0B2C0214143D3
:107E50002806C50C0D4309200602FBF7DFFFC7B259
:107E600077432F4301F040FC05033D432C4EB047C0
:107E7000C0B22C4F47432F430D208506FFF742F831
:107E8000C4B26C433C4373204504FBF767FFC7B2A1
:107E90006F432743FBF762FF0546B0472840C0B257
:107EA0000325EC0444433C43FFF72AF8800747428C
:107EB000274301F007FC800338431B49014301912C
:107EC000FBF7AAFFC0B20E244443FFF798F900065F
:107ED000470C2743B047F921090104010C403C43FA
:107EE0002E0201F001FC0546754325430120C40222
:107EF000FBF796FF0006000B0419FFF70FF8C0B25E
:107F0000604328436121014308480068006A084033
:107F1000029001A908220098F4F78CFFFEBDC0462C
:107F2000196F0510002000031D000008A0050020A7
:107F300070B504460846FCF751FC00281CD00646E4
:107F40002C363178032907D1852149004018007863
:107F5000000701D41A2424E030790121FEF78AFABF
:107F600000280DD0002C09D130790121FEF778F8D6
:107F7000032803D1002414E0022412E03A2410E084
:107F8000307901252946FEF77FFA44743079294675
:107F9000FEF792FA30790322002429462346FEF7A1
:107FA00055FA204670BD80B506200021FEF736FA4E
:107FB00080BDB0B515460C46FCF702FCE621435ADD
:107FC000002D1A4600D02246C46C0146E6310D8BC6
:107FD0006543008F0A306843000B84B2641D9442ED
:107FE00000D3224694B2A3420BD048800A8008797D
:107FF000012806D002200871132004F05DF9F4F77F
:1080000043F8B0BD10B5C26C0146E6310B8B53434B
:10801000028F0A325A43120B93B2084CA34200D883
:1080200023465B1DE6240353012008714A80132078
:1080300004F042F9F4F728F810BDC046B30B000075
:10804000F0B589B000242046FCF7BAFB009001206F
:108050000890414800683421405C84427AD2332041
:10806000C0000594604300990D182C20285CFE2167
:10807000014002296BD10121009C20460791FCF7A9
:1080800019FE0646002120460191FCF713FE411E11
:108090008841002E0899049100D104902B4628466F
:1080A000E83003902846E6300290EA33089F0693B2
:1080B0001C78F02626400F252540032D1FD0022DC9
:1080C0000BD0012D2BD1049800282CD01320012196
:1080D00004F004F9069B022525E003980088029924
:1080E0000988081A0A2343431C4800680599C9B245
:1080F000A830012204F089F9069B032513E0A006AD
:1081000011D5049800280CD00598C0B200F028F8CA
:10811000002801D0D02626400898069B04E001984C
:1081200002E0D02626400898EFF3108172B6197845
:108130008C4203D12E431E70002102E007990F40AC
:1081400039464A1E914162B600270842B0D1059CCB
:10815000641C7EE709B0F0BD4C050020A00500209E
:1081600070B505460121FEF785F90446012804D1C2
:108170001320012104F0B2F80AE001262846314616
:10818000FEF79AF90822002328463146FEF75EF9E9
:108190006042604170BD0000FEB50446FCF710FB74
:1081A00005462C20285CFE21014002295AD1029468
:1081B0002F46E6373A79D00619D4F02401921440BC
:1081C00001212846FCF776FD064600212846FCF7EB
:1081D00071FD304306D00298FFF7C2FF012801D09D
:1081E00020200443019A10262643788827E0C026E1
:1081F0001D4800684021405600281CD5688F01901A
:108200001A480068806942211446232202252B4621
:10821000F7F7C8FB224600280DD00146019AC2712B
:1082200085715720487104200871100A0872422095
:10823000F7F755FC2246164078883988081A0A2331
:108240004343EFF3108072B638798242029902D12B
:10825000032006433E7162B603480068A83001223D
:1082600004F0D3F8FEBDC046A00500205005002054
:1082700010B50446EA20205C01280DD0204630309D
:10828000017806480068A83004F089F8E62000214B
:108290002152E6346180217110BDC046A005002046
:1082A00070B5FF24062A35D80546900001A2105863
:1082B0008746C046D1820510D98205101583051066
:1082C000F18205101583051015830510F582051040
:1082D000012917D113241DE0002628463146FEF758
:1082E000EBF80822284631463346FEF7AFF811E096
:1082F000012108E00120587003201870012907D0DF
:10830000132006E0002108222846FEF78FF801E03E
:1083100012209870204670BD7047704770477047B4
:1083200080B5FCF74DFA4121405C03490968497A60
:10833000F6F774FB80BDC046A00500207047002002
:10834000704780B50B200021FEF768F880BD002043
:10835000704780B507200021FEF760F880BD00203F
:108360007047002070477047F0B587B01E4614462E
:108370000F460546FEF788F804902846FCF720FAD9
:10838000FF22062C00D9A2E00346C0467C44247993
:108390006400A74403199C449C9C5F00012F6AD190
:1083A000192000011C18185AC10404996FD52846D9
:1083B00000F0A4F8012105222846FEF737F82188AD
:1083C0004C480840FF2263E002930392284600F0E5
:1083D000CFF800287AD1F01C05220192049C214696
:1083E00004F0F2F8029E31463C312046019A04F036
:1083F000EBF8192001017018715A0A056AD501229B
:10840000120311430180052228463946FEF70EF873
:10841000708F214600F084F82846214617E0B07896
:108420000C2854D1F01C0524049E314603922246A8
:10843000029304F0C9F8284639462246FDF7F6FFB4
:108440000298408F314600F06BF82846314600F024
:1084500055F83BE0039206A830210180012F20D17E
:1084600019200101585A820416D5012105222846F7
:10847000FDF7DCFF15E01446052228463946FDF7D6
:10848000D5FF2846049900F039F822461FE00C2257
:108490001949014021801AE059180122D2021043E3
:1084A00008800D20F0700C20B07006207070032042
:1084B0003070311D06A80224224604F085F805A874
:1084C00004210180B11D224604F07EF8039A104673
:1084D00007B0F0BD012252031143018028463946FE
:1084E000FDF7EAFF0522002328463946FDF7AEFFD7
:1084F000ECE7C046FFEF0000FFF7000010B50C46A8
:10850000FCF75EF90146192000010A5A01231B02FB
:1085100013430B523C310522204604F055F810BDA0
:1085200070B50C460546104800683721405C0007CE
:1085300019D50E4800688069022121220323F7F72C
:1085400031FA00280FD00646001D29462246F7F7CB
:108550004BFD0820B0710C20707104203071022096
:108560003146F7F7BCFA70BDA00500205005002089
:1085700080B5FCF725F9FF219231415C01200840CC
:1085800080BD00000248006894214058006D70478B
:10859000A00500207047704770470020704700001A
:1085A000B0B50E480068A4214458FF20A0770025EC
:1085B000E577FBF7D3FB01280FD1FFF7E3FF242278
:1085C00007498A5C002A2A4600D00268A262232258
:1085D000895C002900D04568E562B0BDA005002097
:1085E000B405002010B5017C022909D101240474CE
:1085F00001688268C3680CC0A12005F08DFA00E014
:108600000024204610BDF8B51E4617460D46044608
:10861000F5F7D1FD2046F5F7DCFD2046F5F753FED2
:1086200020462146F5F75CFE20463946F5F7F3FD76
:1086300020463146F5F7AEFE069F002E02D02046BA
:10864000F5F7B7FE2046F5F790FD2046F5F70AFE50
:108650002046F5F7D4FE2046812F09D12946F5F7AB
:108660005BFE2046F5F77CFE2046F5F7AEFEF8BD32
:10867000F5F7B8FE2046F5F742FEF8BDF8B51E4600
:1086800017460D460446F5F796FD2046F5F7A1FD81
:108690002046F5F718FE20462146F5F721FE204634
:1086A0003946F5F7B8FD20463146F5F773FE079FCA
:1086B000002E02D02046F5F77CFE2046F5F737FE67
:1086C0002046F5F752FD2046F5F7CCFD2046F5F79C
:1086D00089FE2046F5F7D2FD2046F5F74EFE812FA4
:1086E00007D120462946F5F717FE2046F5F749FD44
:1086F000F8BD2046F5F734FEF8BD0000F8B51D467C
:1087000016460F460446F5F7F5FF11492046F6F7E1
:1087100011F810492046F6F750F820463946F6F78A
:108720007DF920463146F6F752F920462946F6F7FC
:10873000E2F80698812803D12046F6F739F9F8BD0A
:108740002046F6F7C9F801212046F6F75DF8F8BD96
:10875000D6BE898E5555550070B5044601F07AFA9B
:108760004D21415C094D0022BE2391420BD0066889
:10877000F65AA642164600D02E4601252D025B1958
:10878000521C3546F1E7A8B270BDC046FFFF00009D
:10879000F8B5044601F05EFA01464D20085C02027D
:1087A00000200D4B0546AA4213D00E687619BE274D
:1087B000F75B9F4203D0CE27F75D012F03D0012640
:1087C0003602AD19EFE7002C04D0C320305C411E07
:1087D0008841F8BD0120F8BDFFFF0000B0B5044698
:1087E000D620205C800701D40020B0BD254684350A
:1087F0002846FEF7A6FBA16F2846FEF79AFBA06F5E
:1088000008300021FEF793FB606FA16F6167A067DE
:108810000120B0BDF0B585B004920E4605464D244A
:1088200001F018FA0555066003904D3001210290C1
:1088300041700191CB0400267C27049AE8B286425D
:1088400026D203980068C351C519542011492952F2
:10885000522400202853422429535E2428555C24A6
:10886000FF2129555A216854462107246C5228615A
:1088700068616B600499002902D050652C3D2A6024
:10888000019800023F185C3202980578761CD5E703
:1088900005B0F0BDFFFF000070B5044601F0DAF945
:1088A0000546304E3046FFF757FF2F49884212D118
:1088B00000F060F8FF2834D0000229680818BE21B3
:1088C00046524C210022425438214254C263026471
:1088D0008262C26208E0000229680818CE21415C69
:1088E000012901D10C253AE06179C2228154064662
:1088F000C2360025F5720121F170A17971702188CD
:108900000902C167014684312279042A15D8C0467C
:108910007A4412795200974402060A0C0E00F320A2
:108920000AE007251BE0114AC267FD2004E0F2209F
:1089300002E0F02000E0F5208886207AE2790D60E0
:108940004D6032757075207A0870481C0934062213
:108950002146F4F76FFA06480068407AB07028465E
:1089600070BDC046FCFF0000FFFF0000DC050000FA
:10897000A005002010B501F06DF94D21425C0021E9
:10898000BE238A4208D00468E45A240B05D101248E
:1089900024021B19491CF4E7FF21C8B210BD0000D6
:1089A000BCB5044600F016F8002300930121074DE2
:1089B00020462A4600F02CF8044605480168563146
:1089C000284600F08FF92046BCBDC046FCFF0000E1
:1089D000A00500201FB50C48FFF7BEFE0B498842DA
:1089E00010D16C46002121720120C0022080072096
:1089F00000020190204609300622F4F72BFA2046A7
:108A0000FFF74AFF1FBDC046FCFF0000FFFF00004C
:108A1000F0B58FB00E9317460D460646054301F09C
:108A200019F90446002D07D03846FFF795FEA749EF
:108A3000884218D142204AE025464D350026374667
:108A40000E96287886420CD22068C019CE21415C4F
:108A5000012901D100F092F9012000023F18761C93
:108A6000EFE70E9833E0010222685418CE21615CD2
:108A7000012E24D100021518D620285C0127384089
:108A8000002926D000280AD08C202858A96F2A4611
:108A90008C32526805C1686FA96F6967A867942016
:108AA00028580026002808D094357D2044010E98CF
:108AB0004443F4F78AFA20182860304607E0002083
:108AC000012904D10546204600F058F928460FB088
:108AD000F0BD002807D08C202858002803D1902012
:108AE0002858002806D0B820285AC10704D0E98D9C
:108AF000F52901D91220EAE7122301461A46194046
:108B0000022903D14221695A002940D000070FD51C
:108B10006D48BE21695A814201D00E9800E0802044
:108B2000802801D91046D2E70E9000281046CED0FA
:108B30001498BA2168527D2671010E9A51439422ED
:108B4000A950002801D0CF216F54BC216852204683
:108B5000F0F7A7FA0028BAD12946D6312846643062
:108B60002A4654326A67A8672B4678330978C907C2
:108B70000D930ED100210160A96655480168204679
:108B800065300622F4F756F90D98006808E00C20CD
:108B90009DE78C2169582A468C32526806C00838F5
:108BA000294694310E91842169582A4684325268AC
:108BB0008160C2602046FFF711FE00280C9602D0AB
:108BC000FEF7BDF906E02846743001680D9B1A686F
:108BD000026019600E992646CE362846B8300D90B0
:108BE0000868002805D0F4F7F0F90E9A1168081803
:108BF00010603770C420295CD027E85D81220E9276
:108C000000922E46143622463346FFF777FDE85D84
:108C10002521F5F7E4FD2F46D0370D980088C006D2
:108C200003D4204600F05FFD42E0F4F7CEF99C212A
:108C30000B91685000F0F8FF099000F0FDFF0A90DA
:108C400038780890942000210D910A46F5F746F9EE
:108C500003460E98009020460899099AFFF7D3FC26
:108C600038780990962001210D9AF5F737F90346D7
:108C70000D9800900E980190304609990A9AFFF7D6
:108C8000FDFCE96F0B982A583878124B0793124B6A
:108C90000693124B0593124B0493142303931F2343
:108CA00000AE0EC60C99CB0021460E9A01F054F886
:108CB0009C242959387801F02BF82859397801F08B
:108CC000DBFA002003E7C046FCFF0000FFFF0000C6
:108CD0004C050020198F0510A19305101192051065
:108CE000218F0510F8B50C460646FFF735FD054601
:108CF000184885422BD000942C0200F0ABFF076887
:108D00003819BE214652B821405CC00707D028025E
:108D10003818CE21405C012801D10C2518E00E48FE
:108D2000006856300626009C21463246F4F782F849
:108D3000280238188C210122425001468C3100252E
:108D40004D608D3021463246F4F774F800E012256C
:108D50002846F8BDFFFF0000A005002010B504461E
:108D6000002003F0C3FD044901402088401A42421C
:108D700042414A40228010BDFF0F0000B0B50446BA
:108D8000EFF3108072B62546CE35A87800F0D2FFFA
:108D9000D120205C00F0CEFF62B6A87801F07CFA0A
:108DA000CE2000212152A87AFF2801D0FCF75FFBDA
:108DB000FF20A872287A800701D5FEF7C1F8B0BD60
:108DC00010B50446FBF72CF8012805D1FEF7E8F8AA
:108DD000EB21405CC00706D1FFF7FCFD03482146AC
:108DE000FFF780FF10BD0C2010BDC046FCFF000047
:108DF000FEB5029314460F46054600F02BFF0646CB
:108E00003048854201D11F2007E001200221FAF7F6
:108E100025FF002800D0FEBD2B481221A04201D220
:108E20000846FEBD01912846FFF796FC0002316816
:108E30000E182046314600F054FC0028EBD1CE201D
:108E4000315C3820305C042F12D1002938D0002842
:108E5000019A1BD01B48854218D1F08D002815D0EF
:108E6000B820305A1021014021431046D3D10FE0E1
:108E700035463835002911D0032F09D1022028703A
:108E8000F4860020B08602993163FEBD1046FEBD17
:108E9000B6363046FFF762FF0020FEBD3746283762
:108EA0000028029A05D03968A120029A04F034FE05
:108EB000029A3A6001202870F4850020B085FEBD3A
:108EC0000198FEBDFCFF000072060000F8B50C46DC
:108ED000054600F0BFFE0746FFF77CFD0C4E30460E
:108EE000FFF73AFC0B49884208D1FFF743FDFF2802
:108EF0000BD0000239680818BE21465203213046C3
:108F00002A462346FFF774FFF8BD0120F8BDC0468E
:108F1000FCFF0000FFFF0000D021FF2242547047F9
:108F2000F0B58FB00746D020385C2C235843684AF0
:108F300012681018807D3C4694343A46B43205924B
:108F40003E46D6361428049602930AD1F4F73DF82B
:108F5000054600F0BDFE059B28183230A0600125B3
:108F60001BE0A268561800253046114600F0ACFE02
:108F7000002805D0F86FA1680A18A2606D1CF3E7FD
:108F8000059B9888000708D4012003F0B6FC059BD8
:108F900050490140A0684018A06098880321014012
:108FA000481E814148001880987B012201460192A9
:108FB00011408207D20F89184007C00F0818401EC1
:108FC000987738461E4600F08BF80146307FF5F75B
:108FD00030FC307FF5F7ECFC0020039004994871D9
:108FE00038462830FFF7FEFA064638463C30FFF791
:108FF000F9FA002E049E02D03179C90704D1002865
:1090000005D03079800702D53846FFF7E7FBA16825
:109010002068059BDA88002A02D1DA7E012A03D073
:1090200088424CDA00284AD0987E002847D0988899
:10903000000720D50DA80090039981800D9106A806
:10904000019A42763C228276FF228275C181224AB1
:1090500082827A6F137A03768181C175009B0793B0
:10906000093206920A910893FBF730FF30788007A7
:1090700001D5FDF765FF0220FAF7FEFD012819D1A1
:10908000059BDA88002A01D03C2000E043200190B3
:10909000124800680299405C0001C0431946A123B0
:1090A0000343B12018400B7A9A1AD3B28A7A0199F5
:1090B00000F05EF8384600F095F8A168059B187F2F
:1090C00000F026FE0398707128460FB0F0BDC04630
:1090D000A8050020FF0F0000FFFF00004C05002046
:1090E000FEB50446C220275C01253D40BA07D00FDB
:1090F00028187907C90F4018401EC0B2C234267C18
:10910000B0420FD101920120029003F0EFFB012E3B
:109110000AD0022E0ED1C0B20621E7F70FF912A035
:10912000405C12E0607C11E002990840002D04D1FF
:109130000CA108E0B808381A07E00199002901D409
:1091400007A100E005A10818007860747100C2B2A0
:10915000CA40032010402430FEBDC046060900006E
:10916000070D00000B0E00001B1E272D36390000D6
:10917000F8B51F4616460D460446C0060BD41748E0
:1091800000683D21415C890627D53D30C07A8007C3
:1091900023D51F2202E0BF2004401122104800689E
:1091A0006107C90E4018006903232146F6F7FAFB50
:1091B000002812D001460F20C872FF2088720F735A
:1091C0004E720D721220C871062088713E204871BF
:1091D000042008712046F6F782FCF8BDA0050020A7
:1091E00050050020B0B50446D120205C00F0A2FD5F
:1091F0002546CE35A87800F09DFDCE2000212152D5
:10920000A87AFF2801D0FCF732F9FF20A872B0BD80
:1092100070B50446C520205CFDF72EFF05462646A6
:10922000C536F07A2946F5F7E4FBF07A2946F5F7DA
:1092300074FBF4F7CAFE00F0F7FC0246B07D21464D
:1092400000F001F870BDF8B514460D4606460F460D
:10925000B8370420002E01460DD139884A0707D4BB
:10926000032211404A424A41022903D0510002E040
:10927000012100E006212170002E07D1398801402C
:1092800004D12E20285C801D60700FE0002E04D0D9
:10929000284642300078801D00E00C206070204697
:1092A0000830696F09310622F3F7C4FD696FA01C0D
:1092B000491C0622F3F7BEFD20782F2101402170C2
:1092C000686F0078C007400E40182070696F097AF7
:1092D000C9010818207000F0F5F921784001084311
:1092E0002070714271413888042202409008084081
:1092F00001D1082700E00E27002801D00C2011E042
:10930000002E01D03C2000E028202958002E01D05A
:10931000422000E02E202D5AE0192A46F3F78AFD5C
:109320007819801E60700020F8BD0000F0B585B08F
:1093300016460D460446F4F724FFF3F787FE032094
:10934000C043C11C68460181012101824173BE21D5
:10935000615A81722746BE37BA7EC272BA7C827366
:109360000E4A891A4A1E9141C173017301960095F4
:10937000FCF7AEF820462830FFF734F93C3420469D
:10938000FFF730F900203874B87C00F043FD387ED8
:10939000800701D5FDF7D4FD05B0F0BDFCFF00004E
:1093A000F0B58FB0044600F047FC06908B4D28685E
:1093B000F4F7A5FE06462868F4F7B8FE0546D02760
:1093C000E05D2C214143864A12685118897D142999
:1093D00003D10A21032200F0E3FE2046B4300790B7
:1093E0000894DB340594002E39D000250E950D9598
:1093F000069C2078C0090DA908707A480068C05DF5
:109400000390481C2146083106263246F3F712FD28
:109410000C9504950B9520784006C00F0BA9087099
:10942000481CA11C3246F3F705FD20780F260640A4
:10943000052E01D1F3F70AFE079FFB7B3A79049CC6
:10944000029409AD01950898843000900BA831462C
:1094500006F08CFB41087E2908D8014607E001266A
:109460000024002D5AD0089D079F5AE00121297041
:10947000089D696F0A680D9B9A422DD149680E9A22
:10948000914229D10446FF3C611E8C41032E23D119
:10949000FF2821D0B888012480071DD50398012812
:1094A0001AD12846F4F76DFE787E012809D1788913
:1094B0004D49884205D009AA1178C0B2521C00F06B
:1094C00097F8387FF5F774FA012005990870284657
:1094D000FFF79EFE002624E0B888C0071AD0052EAC
:1094E00018D10698FBF7C0FE012813D10A990998F4
:1094F000FBF78CFC41424141214001290AD10398EC
:10950000012807D109AA28460699EFF7BAFD0126D6
:10951000002406E000243C80012602E0079F3C80F6
:10952000089D3988B87F002822D0002922D1401E0A
:10953000B877B88803210140481E8141480038802F
:109540002846FFF7CDFD0146387FF5F772F9387FE1
:10955000F5F72EFA2846F4F703FFF3F777FD00201E
:10956000059908702846FFF753FEF3F787FD2AE0B8
:10957000002919D019480068F4F7D8FD002822D036
:109580002846F4F7EDFE787C012801D0174900E069
:10959000462114352846F4F744FF3888401E3880A9
:1095A000F4F713FD00260EE0F3F750FD2846F4F71C
:1095B000D7FEF888401EF88000212846FFF7B0FC4F
:1095C000387F00F027FC002C02D03888401E3880FD
:1095D000F6F7E4F930460FB0F0BDC0469C05002018
:1095E000A8050020A0050020FCFF0000EE020000FE
:1095F000F8B50E460546154800683D21415C8906D0
:1096000022D53D30C07A40071ED514461048006868
:109610004069A1212B220323F6F7C4F9002813D0B7
:109620000746467205720A3006222146F3F702FC0D
:109630001320F8710920B8713E2078710420387128
:10964000A1203946F6F74BFAF8BDC046A005002028
:1096500050050020F8B50446D820FF212154B82039
:10966000255A01272F402646D836002F04D0FCF774
:10967000B7FA3070FF2822D0B83400F0CFFD207642
:10968000FF2813D00021E8061AD40D4600F0C6FDCD
:1096900029466076FF2813D1002F02D03078FBF7DF
:1096A000E6FE207E00F0DCFD072109E00721002F07
:1096B00006D030780C46FBF7DAFE214600E00C219C
:1096C0000846F8BD80B500F0C5FA4E21405C80BD6B
:1096D00010B54442444100F0BDFA4E2144540020EC
:1096E00010BD002070477047002070477047000091
:1096F000F0B583B004464C4804602046F4F7DBFC28
:1097000005462046F4F7A7FC06466846F3F7A7FC93
:109710000099091A4B0B45490A681146D031002BB4
:1097200002D11060012000E000200870404800686D
:10973000447B0021FF2C0AD02C2060433D4A126854
:109740001018827C002A02D0416AC068FFE7012716
:10975000002E03D0002D01D1002911E0002D15D0DD
:10976000354A8B1A5A425A41344BCD1A6B426B41DF
:10977000334D4E1B75427541002907D013431D43DD
:109780002A4E294D04D08847002701E0274E264D58
:109790002868F4F784FC002801D0042520E028681C
:1097A000F4F738FC002801D0012519E02868F4F707
:1097B0003DFC002801D0022512E02868F4F787FC60
:1097C0002946052500280BD10868F4F78CFC0028F1
:1097D00006D115480068F4F70FFC002820D00025BA
:1097E0000120A840174909680A6802430A6000205E
:1097F00002F062FDF2F748FCF3F728FC204600F087
:1098000009FB3468607D012808D1217C0F200840C5
:10981000E2680909FFF76AFF0020607503B0F0BD38
:10982000002FE9D1EDE7C0469C050020A0050020EF
:10983000A4050020A805002089FC051085FC051062
:109840008DFC051050050020FF220E324243100A05
:1098500089084143880C401C70470000042805D04B
:10986000012806D1FF20A430074A04E0044A054835
:1098700001E0064A064841438818000A7047C0467E
:10988000E9260100381A000006120000C620000078
:109890004703000001480068008B7047A0050020C6
:1098A000904201D8884201D21220704700207047B0
:1098B000002070471220704780B54069014902F0CE
:1098C00032FE80BDC998051080B50349C97A81422E
:1098D00001D9FEF761FC80BDB4050020F0B591B060
:1098E00005930B920D910C90A848017F0891C17EC1
:1098F0000991817E0791C17A0A91C57F0126E021F5
:10990000A34C3046A047A34F386058213046A047AB
:109910003968942206928850284606F04FF90721AC
:109920002940059806F05EF91798059001901C985B
:10993000009019AB0ECB0D9804910D93EFF73AFB05
:109940002C250A982946A04739689C2288500B99F3
:10995000012900D007960020012900D00990012993
:1099600000D0089041208600012909D131462031DC
:10997000012000F02FFE874909688C22885036E0CC
:10998000252182480A91415C30462030002901D0CF
:10999000014600E044212C4626277C4AD25D002A5D
:1099A00000D001462925794A525D002A00D001469F
:1099B0000C9A012A00D10146012000F00BFE7549E6
:1099C00009688C2288500C980128314610D06F48C5
:1099D000405D002831460BD16C48C05D00283146FF
:1099E00006D16A480A99405C0028214600D03146D9
:1099F00018980A901698029001273846644CA047A0
:109A0000644D29689022885010213846A047296863
:109A100098220392885004213846A0472968A02242
:109A2000885034210C973846A0472968A4228850D2
:109A30000798C5B2311F2846A04706460B9C012C4B
:109A400005D15C21284600F0C5FD024600E0002259
:109A500028463146FEF7DEFE10AB0898D87009980C
:109A600098700D9F5F700A9818702046059E3146C9
:109A70002A4606F0B3F8029D28462146FDF799FADA
:109A8000284621463246FDF76EFA284621463246E0
:109A90003B4606F0A5F800972846214632460A9B29
:109AA000FDF764FAFDF737FA012C07D1012E05D135
:109AB00005F0C6F9012D01D105F0C3F90D98012873
:109AC00001D105F0BFF9FDF71FFA04982946224697
:109AD0003346FEF760FD2D4FF87A411C2E4D284687
:109AE0000C9A00F065FD2B4F3968C8228850274832
:109AF000C17A0222284600F05BFD39680A46983296
:109B000050630398085878605068B8602046FDF7A5
:109B10004FFAFDF727FA00F0E1F8FEF741FD06F0F5
:109B20005EF8FEF737FDFAF73DF8F3F72FFA3968DC
:109B300000248C7248722046F3F730FAF5F7F6FBF2
:109B40003868406EFEF7E9FB3868069D40590C30D6
:109B500002F0C5FE0C9E3046FDF7EAF9386841591F
:109B600040228C54094A128B02831F200F90E0433D
:109B70000E9048310EA8052202F026FD38684059A3
:109B8000F1025422815211B0F0BDC046B40500204C
:109B9000D5A50510A0050020B0050020B0B588B0FF
:109BA000129C0694119C0594109D04950F9D03959D
:109BB0000E9D02950D9D01950C9D0095FFF78EFE63
:109BC000012C10D1FDF7D0F9FAF72EFE0748C17A23
:109BD00007480068A830074A052302F0CBFBF5F7D9
:109BE00013FCFDF709FB08B0B0BDC046B40500206A
:109BF000A0050020B998051000210A46062905D0C5
:109C0000435C002B00D00122491CF7E7D0B270471B
:109C1000044800685E21405E0D2141434031C81177
:109C20007047C046A0050020024800688C214058BB
:109C30007047C046A00500200248006890214058A7
:109C40007047C046A0050020002801D03020704792
:109C50002020704702480068942140587047C04651
:109C6000A0050020FEB515480068942102914158D6
:109C700054200190085ACF6B124C451CA9B2090A16
:109C80000E2901D90E494518002F0FD00026206853
:109C90003421415CF0B2884208D2FAF791FD761C7B
:109CA000A9B2408F8142F2D12846E6E70348006816
:109CB0000299405801994552A8B2FEBDA005002066
:109CC00002F1FFFF4C050020C0434018C00F704751
:109CD0000148006880687047A40500200948C07AE0
:109CE000094909681231002804D000220A802C3169
:109CF000401EF8E7054800680021C173FF210902F2
:109D000081817047B4050020A8050020A40500202B
:109D10002C2242430148006881507047A80500206A
:109D20002C23434302480068C250C018416070476A
:109D3000A8050020FF280BD02C21414305480068CE
:109D40004018817C082901D0102100E02021817475
:109D50007047C046A8050020F0B588B007932C27AF
:109D600047431A480668F019847C012C2BD103461E
:109D70001233149D0695139D0595129D0395119D13
:109D80000295049110990F9D0E9C009401920D9ADA
:109D9000079C44608260009AF2511F22154045756D
:109DA0001140817501210175019AC27401820299E5
:109DB000C161039901620599416206998162049922
:109DC000C1600220187008B0F0BDC046A805002090
:109DD00080B50A4909680A7B012A06D1CA7B032A91
:109DE00005D10020FDF710F980BD002080BD096875
:109DF000081A03494018C00F80BDC046A4050020C2
:109E00000BFEFFFF024909684A680260887B7047C1
:109E1000A4050020F0B5B3B00746DC4800680B90FD
:109E200001200190099000210B988173D8480368A4
:109E30000A911972FF20089002309882187CF02154
:109E400001400A0988181874598AD140C907D149B4
:109E500009680791059306D0002002F02DFAF2F769
:109E600013F9059B187C0F21029108401874962164
:109E7000099841430B981291816001200490C043DE
:109E800079B2814210DC7F2007402C257D43079C5E
:109E900060190A906659F3F798F8301ABE494018CD
:109EA00000D5EFE0384604E0F8B2FF280ED00021DC
:109EB0000A912C2141430798401801210175817CAA
:109EC000082902D11230042101700897F3F77DF8B8
:109ED00012990C18AF480768283700252846AF4963
:109EE000CA7A95423AD23E46163E31780A07520F58
:109EF0001ED004213170394628390968CA43A21896
:109F000029D4611A38461C3800683A460C3A12685F
:109F10009047394618390A8812180A803946143988
:109F20000A7880187F2800D37F20087031780120BC
:109F30008906890F0FD03968002906D038461C38A9
:109F4000006888473078012804D0002030703946F6
:109F50001539087001202C376D1CC0E70028B5D1D9
:109F60008C4800680346123300242146A24209D0DF
:109F70001D78042D03D1CDB213AE7455491C2C337A
:109F8000641CF3E70A0674D0CAB20E92002206924D
:109F90000C46039216460D910E9A96426ED012967A
:109FA0001094E3B200272C463E46BB420DD013AAC4
:109FB000D25D2C2555434559002F02D0F243AA18F3
:109FC00001D53C462E467F1CEFE7129D4A1BD2B2BC
:109FD000511E13AA535CE4B2175D575413550F91E9
:109FE000CBB2D35C002D2ED01D461199CAB213AC52
:109FF000A45C2C277C430259911B04196368C9187F
:10A0000095314AD4D1430C9A511849D46F43C119A0
:10A010008A7D0B7D9340497D012632468A409A42D3
:10A0200000D81346A17D277D8F40617D8E40BE42C2
:10A030000F9D00D837469F422B460D99109C00D3A8
:10A04000119B129E11E00D990E9A012A01D1022254
:10A050000692109C129E0F9D2C225A438358821800
:10A0600052689A1896320C922B46641E761C1193F5
:10A0700092E700200B99486088732DE0039A1646FA
:10A08000069B13E06019807C102800D10AE7202885
:10A0900000D107E700243D4621E0963E049B04E002
:10A0A0000D98401E119000263346039A1198C0B2B5
:10A0B00013A90D5C0B9842608373FF2D0CD02C20EC
:10A0C000684307990918D8B201280A9105D1086890
:10A0D000301A0B99486000E0FF25019C089FF3F7B8
:10A0E00065FF2A480068FF2D2FD01197129404466F
:10A0F00008200A9FB874FEF750FA65733A6AF86848
:10A10000796890473E680B9426602846F3F764FF11
:10A11000F3F75BFF1298002823D0F87CC1090122D5
:10A120003046F2F779FF00281DD0099840000990C9
:10A130001028119F00D276E6FEF72EFAA120062104
:10A140000022134603F0AEFC09E00446F2F77EFF5E
:10A15000F3F734FF0020E073FF200002A081049990
:10A160000FE0F2F78BFF049B0B990B73F87CC8731D
:10A17000059AD660117C029C2140000108181946FE
:10A18000107403480068017233B0F0BDA4050020CC
:10A19000A0050020A8050020D4FEFFFFB405002084
:10A1A00010B51F231A402C244443034800680019AB
:10A1B00082751940417510BDA8050020B0B52C244A
:10A1C00044430B480068059D05510019049C8460B8
:10A1D000C1600B9981620A994162099901620899EB
:10A1E000C1610799817506994175C2744360B0BD1C
:10A1F000A80500202C214143024800684018102186
:10A2000041827047A80500202C2242430248006882
:10A21000801881747047C046A805002010B50E480C
:10A220000168283100200D4AD37A98420BD2EFF30F
:10A23000108372B60B46163B1C78002C05D062B614
:10A240002C31401CF0E7FF2004E000220A600121CD
:10A25000197062B6C0B210BDA8050020B405002078
:10A26000FF2806D02C2141430248006840180021F5
:10A2700041827047A805002010B50C46EFF310810D
:10A2800072B6FFF7A5FD62B6002800D010BD2046CB
:10A29000FFF7C0FD10BD0000B0B504461348C07AFA
:10A2A000A04222D9EFF3108072B6FF25EC35F2F709
:10A2B0008CFE4019FFF78CFD0D4A136800211972BE
:10A2C00062B601280CD1106841600A4A4368934283
:10A2D0000BD8037A002B07D143685B1C4360F5E77A
:10A2E0002046FFF797FDB0BD0172B0BDB405002058
:10A2F000A0050020FFE10400F8B5184C0125042258
:10A30000174E20462946B047164F38601022204687
:10A310002946B047396808600C2220462946B047D4
:10A3200039680968C860104DE98924222046B04781
:10A33000014638680268D06881600021082903D08E
:10A3400000235352891CF9E7E989D180002111814A
:10A35000E989418000F048F9F8BDC046B005002009
:10A36000B1A50510AC050020B4050020FEB51A4AC1
:10A3700012681368EFF3108272B606229C5EE21731
:10A380002746974340000090185E144A02918918AE
:10A3900049094D1C0128019505DB421B564212B2AA
:10A3A000D51335403F18D8680022865E09B28E4228
:10A3B0000EDD3EB28E420BDD00995918621BDA8029
:10A3C0000A88019BD21A0A80029900F043F90246DA
:10A3D00062B61046FEBDC046AC050020FFFF1F0060
:10A3E000B0B50D46044600F05BF90146284600F082
:10A3F0000BF8044800680068C068214600F00FF9B7
:10A40000B0BDC046AC05002010B50B4A12681268FA
:10A41000EFF3108372B64300D05E4418D4520BB2EF
:10A42000C318012B02DB4342C10B1940D088081826
:10A43000D08062B610BDC046AC050020084909684E
:10A440000A68EFF3108172B60621515ECB1799436B
:10A450004000105E002800DD091888B262B670471F
:10A46000AC050020FEB58124002832D006460291BA
:10A4700001941948006800680090501E1F21014394
:10A480004C1CA7B2304600F013F9054687420CD9A0
:10A49000601B81B20298FFF769FF0028019C18D069
:10A4A0000146304600F029FA12E0AF4210D200987F
:10A4B000C06831463A4600F007F90446781E400964
:10A4C000691E4909081A81B20298FFF79DFF00E052
:10A4D00000242046FEBDC046AC050020BCB50C469D
:10A4E00001461C48006805682889EA685288131AE2
:10A4F000A34226DAA11A081801A9088016480068A4
:10A500008069422140220323F5F74CFA002817D036
:10A5100004460222C2720920A07220460C3001A912
:10A52000F2F788FC0020607206212172E071A171AF
:10A53000FF2060718220207142202146F5F7CFFA7A
:10A54000BCBD0320224600F009F8288900192881A3
:10A55000BCBDC046AC0500205005002010B5084B1E
:10A560001B681B68EFF3108472B640001C5AA41AD3
:10A570001C524800195A8918195262B610BDC046BB
:10A58000AC050020B0B50C46054909680D680321EB
:10A590002246FFF7E3FF2889001B2881B0BDC04693
:10A5A000AC0500200148416801607047B0050020FB
:10A5B00070B5144605464C430068401E0321014314
:10A5C0004E1C002130462246F2F744FC3019286028
:10A5D000304670BD80B50A4601460248FFF7E8FFE5
:10A5E00080BDC046B0050020F0B581B0054640886A
:10A5F0008624002810D0AE68002E0DD000246C6098
:10A600002C80274634602846314600F008F824366E
:10A610007F1C68888742F5D3204601B0F0BD10B595
:10A62000002915D000220C462346521C2468002C19
:10A63000FAD1EFF3108472B6446841601C6001885F
:10A640008918018062B6002001F05EFEF1F71CFD62
:10A6500010BD0000F0B5114A891849094A1C94B28E
:10A66000EFF3108172B60021002C13D003889C42B6
:10A6700010D8641E41680D4606D000260D462D6890
:10A68000761CB7B2BC42FAD82C68446000242C6017
:10A690009A1A028062B60846F0BDC046FFFF1F004E
:10A6A0000021002802D00068491CFAE788B27047F0
:10A6B000002806D000210068491C0028FBD1480171
:10A6C00000E0002080B2704770B5002400290AD055
:10A6D00000260D460968334620339EB296420ED2BC
:10A6E0000029F6D101E023462546D11A89B2FFF7A9
:10A6F000B1FF286000280AD17920C44307E000296F
:10A7000004D0FFF78CFF00242C6000E00024E0B2AE
:10A7100070BD002908D0002809D08BB2202B04D3AB
:10A72000006820390B04F6D1002111807047002009
:10A730007047F0B581B006465009040604D0002EDB
:10A740002DD03668401EF8E71C465B1E2046984117
:10A75000002C1FD0002E1DD01F2002402020851A63
:10A76000A8B2A3B2984200D325460095AFB2B01864
:10A77000001D3A460D46F2F75DFB0098241AA1B27F
:10A780004A1E08469041002904D0E9193668002283
:10A79000002EE3D1002803D07E20C04300E08120BA
:10A7A000C0B201B0F0BDF0B581B00D460646002A3A
:10A7B00008D0002E2AD090B2202806D33668203A3E
:10A7C0001004F6D1002E21D00022002B20D0202012
:10A7D000841AA0B299B2884200D31C46A7B290B2A4
:10A7E0003018011D28463A460093F2F723FB009BE0
:10A7F0001B1B180404D0ED1936680022002EE6D188
:10A8000098B2002805D07E20C04302E0812000E0FD
:10A810000020C0B201B0F0BDF0B583B00291064691
:10A82000002A08D0002E33D090B2202806D33668F4
:10A83000203A1004F6D1002E2AD00022002B0193DA
:10A8400020D000271D4690B21F2814D820218C1A32
:10A85000A1B2AAB2914200D32C46A2B2B9B2029BD5
:10A8600059183018001DF2F705FB00280FD12D1BD9
:10A87000E719002200E0203A280404D03668002EB0
:10A88000E1D100E00027B8B2019B1B1A00E00346AB
:10A89000184603B0F0BD10B5521E1F2313439AB2E1
:10A8A000531C9AB29A4201D000220DE053090A4685
:10A8B0000021541864684450091D2029F9D11168F9
:10A8C00020305B1E1C04F2D1104610BDB0B5521EE4
:10A8D0001F2313439AB2531C9AB29A420CD15209C5
:10A8E000031D00240D591D51241D202CFAD1006890
:10A8F0002031521E1304F3D1B0BD02460068002877
:10A90000FBD111607047F0B58DB0914200D383E068
:10A910001346064600290CD00C463546002D0BD0B8
:10A92000A0B2202809D32D68203C2004F6D10024B1
:10A9300003E00024354600E000251F463246002A89
:10A9400008D0B8B2202806D31268203F3804F6D1C8
:10A95000002700E0002220040AD00291291D049261
:10A96000A2B205A80393F2F765FA0299039B049A31
:10A97000002E019506D000203668401C002EFBD129
:10A98000400100E00020002A3DD0C91A0D1828041B
:10A9900039D004922021C81B82B2ABB29A4200D3B4
:10A9A0002846029582B20D1BA9B2914200D30546FA
:10A9B000AAB2A0B205A90818B9B2049E7118091D5F
:10A9C000F2F738FA2C19EF190397B8B2202803D1FF
:10A9D00032680020039000E03246A0B220280AD15D
:10A9E000019C201D05A904922022F2F723FA049A63
:10A9F000246801940024039F002A07D00298451B75
:10AA00002804C6D102E0A0B2202805D00198001D7C
:10AA1000A2B205A9F2F70EFA0DB0F0BDF0B597B0ED
:10AA2000E54C6720C543EEF700FAE44E012802D05A
:10AA3000F07A002810D027462C463834EEF7F5F986
:10AA4000F17A6143784338184418EEF7EEF9F17A59
:10AA50004143DB48484324182634EEF7E6F9012841
:10AA60000ED1284660303189414328464430B27ABD
:10AA70004243501829464831327B4A43801800E04F
:10AA800000200390F0890A90F9F7C4F9012801D059
:10AA9000FEF72AFEF9F7C2F90128119409D12C46D4
:10AAA0003834EEF7C2F96043F17A4143083909912D
:10AAB00001E000200990F2484C301390FEF714FE9C
:10AAC000012815D0F9F7A6F9012811D02920305C0A
:10AAD00000280DD12520305C002809D12620305CCB
:10AAE000002802D0E6484C3001E02846243013907C
:10AAF000E3486C301290FEF7F7FD012815D0F9F706
:10AB000089F9012811D02920305C00280DD1252099
:10AB1000305C002809D12620305C002802D0D848BB
:10AB20006C3001E028463C301290FEF7DDFD1090BD
:10AB3000B07E0090F07F0F90EEF777F90790F07FEE
:10AB40000190FCF7F8F90890F07F029001F065F9A8
:10AB50000027F9F765F901283846159516974FD162
:10AB6000707F0A2800D30A202C4638344443C03C66
:10AB70000025FCF7D1F901282F4620D1EEF755F931
:10AB800001280E9503D0159B1846543002E0159B02
:10AB900018464830BA49E431B27F4A431018354666
:10ABA0001E466036E97F32468A408718EEF73DF947
:10ABB000012802D1E87A4643BF192E460E9DE019BE
:10ABC0001490FCF7ABF90746FCF7A6F904463C40A5
:10ABD000EEF72BF92040012808D1F07E401E03211A
:10ABE0000143B07FB0224243D043451A1498441920
:10ABF000FEF77AFD6043A24908182C30159D169F78
:10AC00000690EEF712F90128394609D1F9F7CEFA84
:10AC10000128394604D12220305C294614314143B1
:10AC20000591FCF779F90128384621D19448D430B0
:10AC3000B17E414328464830F27A424354180027F7
:10AC4000FCF76CF9012810D1EEF7EFF801280CD1D0
:10AC5000159A10465830317F414310466030F27EDD
:10AC6000424350188438B77E4743E019159D169F1C
:10AC70000E90F9F773F80128384633D1EEF7D5F87E
:10AC8000012802D02F465C3704E028466030F77A6E
:10AC900047430C3F2325705D00240028204605D043
:10ACA000EEF7C3F8705D404203218843C0192427A2
:10ACB000F15D159A64324A438518F9F7B1F8012815
:10ACC0000DD1FEF711FD012809D1FCF725F9012866
:10ACD00005D1F45D002C159801D004465034281994
:10ACE000159D169F0D90EEF7A0F80128394609D161
:10ACF000F9F792F80128394604D128464830F17A0C
:10AD0000414314390C91EEF790F801283A4608D1E6
:10AD1000FCF775FA01283A4603D128464C30F27AFE
:10AD200042432620315C2520345C63182920305CA6
:10AD30000493002B149010D02820335C28466030F8
:10AD40005843F83848432723F35C54355D434C4B54
:10AD50005B19483363431F181498002816970B9209
:10AD60000DD002462A20305C454D2B46B03343437C
:10AD700037462E46C8365643F318483B03E02A2090
:10AD8000305C002337462826BE5D7143091827260C
:10AD90003D46BE5D74432418601813D0159F3E468F
:10ADA0004C3666433C4634344C43A1193C465C3433
:10ADB00044430C19143C07E010FCFFFFB4050020CD
:10ADC0007CFDFFFF0024159F03990A9E1198081827
:10ADD0003946443171434018099940181399401875
:10ADE000129941183846603006460F9A96408919E4
:10ADF000109A012A06D1224E009A56437118452610
:10AE0000B60089192E46079D059A012D02D1019D94
:10AE1000A84009180898012805D138461830029D25
:10AE2000A840411870390698049D081880180E999A
:10AE300040180D9940180C9940180B994018149916
:10AE4000CD4201D03818583016994018C01804194E
:10AE5000F4F7A5FD012800D1E4197068201803213A
:10AE6000C943F28DD21C0A40B38DDB1C0B409A18EB
:10AE7000338EDB1C0B40D118401A17B0F0BDC04612
:10AE800090FEFFFF80B501F096F980BDB0B594B09B
:10AE900004464178012529403E306A4600F019F801
:10AEA00000280CD1694650222046F1F7E3FF002824
:10AEB00008D06946487828403E3100F03BF8607879
:10AEC000102801D2002002E0204601F069F914B0F8
:10AED000B0BDFEB51446064601250291012905D1F3
:10AEE0007079C0210140402900D1002501F040F9CE
:10AEF00020463E30019027461E37204601F03EF99D
:10AF0000002815D1002D0BD0607801210140029856
:10AF10008142F2D1062201983146F1F7ABFF03E0FE
:10AF20003046394600F080F90028E6D10020FEBD09
:10AF3000B320FEBDF0B595B00C46054601F018F9FA
:10AF400001AE3E36B32701A801F018F9002810D150
:10AF5000062230462146F1F78DFF01A949780122EA
:10AF60000A40AA42EFD10028EDD101F037F90027BD
:10AF7000E9E7F8B215B0F0BDB0B50446074D287842
:10AF8000002803D101F0F4F801202870204601F0D8
:10AF9000F5F8002801D000212970B0BDE805002097
:10AFA000BFB50D46044601AA0846214600F07FF8C9
:10AFB000002801D101F012F928462146FFF7BAFF17
:10AFC00004B0B0BDFEB514460191064601F0D0F8BC
:10AFD00027464437204601F0D1F8002811D1607887
:10AFE000C006F7D502AD384601992A4600F07AF836
:10AFF000022228463146F1F73DFF0028EAD1002021
:10B00000FEBD8120FEBDF0B585B01E4617460D463B
:10B01000044602AA0846214600F049F800280BD150
:10B020000498B84206D1BAB20C203146F1F7B2FE0C
:10B03000002816D001F0D2F8019602AE3570701CCF
:10B0400006222146F1F7F6FE04973046019901F0F9
:10B0500082F8002805D0064628462146FFF76AFFF9
:10B0600000E00026304605B0F0BDB0B598B01C46F3
:10B07000154601AAFFF72DFF002816D101A94A782D
:10B08000012010403E3115AA00F011F8002801D02F
:10B09000B3200AE029681798884201D9872004E084
:10B0A000286081B2204601F04BF818B0B0BDF8B569
:10B0B00014460D46064601F01DF8671C204601F0B7
:10B0C0001FF800280BD1062228463946F1F7D2FE98
:10B0D0000028F3D12078B042F0D10020F8BDB32091
:10B0E000F8BD0000F0B591B001920091054608A9A5
:10B0F0000320088007AA0024148014480068183030
:10B1000003AF3B4600F024F80DAE10223046214636
:10B11000F1F7A0FE082230460099F1F78BFE09AC4A
:10B12000384631462246F8F71BFE02AE0222304670
:10B130002146F1F77FFE287802994140019A11706B
:10B14000707869784140517011B0F0BD4C05002015
:10B15000BFB50D786C462570497861701178A17083
:10B160005178E170002103910291019121461A4624
:10B17000F8F7F6FDBFBD0000E0B5034601A90120C8
:10B1800008806A4600201080024800681830FFF7E7
:10B19000DFFF8CBD4C050020F0B587B0009003AEFA
:10B1A0003046FFF7E9FF0027384601F09FFB010A10
:10B1B00002AD69703F2404404034384601F096FBEC
:10B1C000AC70287001AF304629463A4600F00EF8C0
:10B1D0000326009C204639463246F1F72BFEE01C40
:10B1E00029463246F1F726FE07B0F0BDF0B589B02A
:10B1F00000920F46054605AE002110223046F1F7B9
:10B2000029FE0324304639462246F1F713FE01AFEA
:10B21000284631463A46F8F7A3FD009839462246BB
:10B22000F1F708FE09B0F0BDBCB50A460446C11CE2
:10B2300001AD10462A46FFF7D9FF032228462146D2
:10B24000F1F718FE002800D08120BCBDF0B585B014
:10B2500000931746054601AE3046083008242246C2
:10B26000F1F7E8FD304639462246F1F7E3FD28467E
:10B270003146009AF8F774FD05B0F0BDE0B50B4615
:10B28000014601AA01201080024800680830FFF73B
:10B290005FFF8CBD4C050020F0B595B001931746BB
:10B2A00003910025149513951295119511A90DACD4
:10B2B00004902246F8F754FD0F200290265609A963
:10B2C000204600F085F8002E67D409A8029944565C
:10B2D00005A900F07DF8002C6CD411A800241022E0
:10B2E0002146F1F7B7FDFDB2112D21D3201D81B20A
:10B2F00010220DAB0398F4F7A9F90020102807D00D
:10B300000DA9095C11AA135C4B401354401CF5E7CE
:10B3100011AD0DAE049829463246F8F721FD1022F2
:10B3200028463146F1F786FD103F1034A4B2DAE723
:10B33000102D08D1201D81B210220DAB0398F4F717
:10B3400085F909A814E00DA800211022F1F782FD6B
:10B35000380608D00DA8431B1033201D81B2039876
:10B360002A46F4F773F90DA8401B8021C17305A884
:10B37000019A0021102909D00DAB5C5C435C63404D
:10B3800011AD6C5C5C406C54491CF3E711A9049846
:10B39000F8F7E6FC002015B0F0BD11A88721017078
:10B3A0000F2D92D009A8415D11AA525D4A40425525
:10B3B0006D1CF5E711A88721017000200F288CD0A3
:10B3C00005A90A5C11AB1B5C53400B54401CF5E70C
:10B3D00010B5027852000A70491C00220F2A0BD0C7
:10B3E00083185B785B008B548456002C02D50124B3
:10B3F00023438B54521CF1E710BD0C207047000012
:10B40000F8B500276B4B6C4A3D4618683421405C08
:10B41000854200D3CDE01068A4214058002800D117
:10B42000B2E0C4192089002800D1ADE0A07A01461D
:10B43000D13905295DD3002800D1A5E0FE2800D12F
:10B440008AE0A22859D0AA2800D181E0B22854D09D
:10B45000B42800D18AE0BA287AD0BF2800D189E088
:10B46000F02800D18BE0102800D090E00121204688
:10B4700004F0E8FC002800D196E00026A672F5F75B
:10B480002DFB00284B4B4C4A7ED06020205CC0072F
:10B490007AD004F048FC484A464B002874D0E07942
:10B4A000C021014040296FD1444800684F21405CD1
:10B4B000000769D524894248006880694822022132
:10B4C0000B46F4F76FFA3C4A3A4B00285CD0014631
:10B4D0000420487208220A72CE7188718C72FF2093
:10B4E000487182200871200AC8720220F4F7F7FA26
:10B4F00048E0204605F05CFA44E0E07D01260007C4
:10B50000304613D5204605F058FD002806D01228F5
:10B5100004D00E2000F0D0FEF0F7B6FDE07D6021F3
:10B520000140603948424841224B234AE17C0229CC
:10B5300004D1E17B10220A4016091F4A002823D0BB
:10B54000002E21D06020205CC00724D04B2023E0B7
:10B55000204600F037F815E060202056002813D56B
:10B56000002170222046F1F775FC0BE0204605F023
:10B5700089F807E00021204605F0D1F902E02046D5
:10B5800004F0E2FC0C4A0B4B70376D1C3DE7204683
:10B5900000F019F80AE05B20C043A0720E2000F012
:10B5A0008BFEF0F771FD01E0F120A072014B024A21
:10B5B000EAE7F8BD4C050020EC050020A0050020BE
:10B5C0005005002070477047FEB5604F604C3868EA
:10B5D0000168002900D1B8E001F08AF8054600882A
:10B5E00005F07CFC0028F2D006463868B021405CAB
:10B5F00000280ED0082100220123304604F05CFD13
:10B6000000280ED0FD2800D096E02846F4F702F876
:10B61000DDE76868007A05280CD12846314604F039
:10B620001FFD2846F3F7F6FF0E2000F045FEF0F769
:10B630002BFDCCE7B17AF12901D000290AD1602194
:10B64000725C0121114001D10B28DED1002901D00B
:10B650000128DAD1F07D000706D50296019501A8F0
:10B6600000F094F8FC28CBD16020305CC00707D1F3
:10B670000296019501A800F08BF8FC28C0D122E0C9
:10B680006868007A042831D0032837D001281AD1FD
:10B69000B07A002803D0FB2847D0F128B5D13089F3
:10B6A00005F0FCFB024600200146234600F08EF820
:10B6B000307E810702D50321084330762846314683
:10B6C00004F0CEFED9E72846314605F03FFAFC28C3
:10B6D00003D0862899D0842892D1F07D000794D594
:10B6E0000296019501A800F04FF889E7B07AB628D4
:10B6F0008BD12846314605F07DF8BEE7B07AB228F6
:10B7000009D0B42807D0B52800D07EE728463146B6
:10B7100004F07AFFB1E7F07C022800D075E73868C2
:10B720004021415C032908D16FE709210022012350
:10B73000304604F0C1FCA0E73868294600F0B9FFA4
:10B740000F2000F0B9FDF0F79FFCFEBDEC050020D6
:10B7500030750000F8B50A4D05400A4E306807689C
:10B76000002F0CD03C46FF692088A842F8D13068F1
:10B77000214600F0A7FF2046F3F74CFFF0E7F8BDA5
:10B78000FF0F0000EC0500201F2070471F207047AE
:10B790001F20704780B50648C17A06480068083007
:10B7A000C91CC9B2044A072300F0E4FD80BDC046AD
:10B7B000B4050020EC050020BDB7051080B5406938
:10B7C000014900F0B0FE80BD65B8051010B5002934
:10B7D00006D0862401291BD1022A19D8002100E0B5
:10B7E000032101280AD0002811D18818C1B20948C4
:10B7F00000680830012200F008FE06E08818C1B297
:10B8000004480068083000F0CAFD044600E0002447
:10B81000204610BDEC050020FEB5054670200290C4
:10B8200045430F480068A4210191405847193989C0
:10B830000220012400262246334602F0A7F93846AA
:10B84000214604F0E9FB3889FFF784FF04480068CB
:10B850000199405840193146029AF1F7FBFAFEBDB2
:10B86000EC05002080B5022802D805F087FA80BDDB
:10B870000449C97AC91C814203D9C01EC0B2FFF76E
:10B88000CBFF80BDB4050020F8B52920C1000124FC
:10B89000204D2046A847204E3060204FF87A702176
:10B8A000A8473168A422885005F0F0F928212046E5
:10B8B000A8473168AC228850F87AC01CC0B2411C3D
:10B8C000174D28462246FEF773FE31688862F87AE3
:10B8D000C01CC1B202222846FEF76AFE3168C86267
:10B8E000084600F0DBFEFFF755FF306842210025D7
:10B8F00045524021032242540A490463416385634F
:10B90000443010212A4600F0FEFF284605F052FB85
:10B91000F8BDC046D5A50510EC050020B4050020F3
:10B92000B00500200710070710B5044600F00CF81A
:10B93000002801D00C2010BD02480068402144546A
:10B94000002010BDEC05002070B5104800683421BF
:10B95000405C702141430E480268A4320020034637
:10B96000994212D01468E518AC7A6026AD5DED07F7
:10B9700004D16034E4B2512C04D205E05034E4B276
:10B98000412C01D37033EBE7012070BD4C05002042
:10B99000EC05002010B50446FFF7D6FF61780129B9
:10B9A00003D1002805D1024604E000280FD00C2264
:10B9B00016E00C220B4909684023CB5C032B01D114
:10B9C0006E22D243032B0BD0002802D008E005489A
:10B9D00001683031102208462146F1F72BFA002287
:10B9E000D0B210BDEC05002010B50C4605F076FA7B
:10B9F000002810D0C17C02290FD1094909688C6345
:10BA0000C17B10220A43C2730E2000F055FCF0F7F0
:10BA10003BFB002010BD022010BD0C2010BDC04615
:10BA2000EC050020F0B589B0049315460591074652
:10BA300006AE08AC30462146F5F7FAF82278002029
:10BA4000009504990191029038460599334600F01B
:10BA500003F809B0F0BD0000F0B587B00293009282
:10BA600001913A4909683423CA5C7027574300257D
:10BA7000EC43374B1E68A4360C9906910E9903913E
:10BA80000D9905910494AF425ED033685919098924
:10BA90007035641C0029F6D1944255D25F1939469D
:10BAA00068390880384670380521017038460F38EB
:10BAB000009901703846103800900199017038469D
:10BAC0000E380622234B029916469847FE20069A06
:10BAD000104001210A40022800D0114606923C463F
:10BAE0006F3C217002280598039900D001463D461D
:10BAF0006E3D28463246174B984738461738069908
:10BB000001703846163805993246124B9847384628
:10BB1000583800210422F1F79DF9381F663F1021A3
:10BB20003970049901602078294605F097F90028BA
:10BB300005D000980078C00701D0FB2038700E2097
:10BB400000F0BAFBF0F7A0FA07B0F0BD4C050020FA
:10BB5000EC05002035CE0410F0B589B004931746EB
:10BB6000059106460E9C2046FEF746F80F9D0028DC
:10BB700008D007A806222146F1F75CF906A80122A1
:10BB8000027005E007A806AC2146F5F751F82278C7
:10BB9000009704980190029507AB30460599FFF78E
:10BBA0005BFF09B0F0BD0000F0B589B015460E4648
:10BBB00005F094F9002870D00446807ABC2806D19C
:10BBC000278908A8002101802646283656E0274606
:10BBD0003037E17D090709D4204628300822314654
:10BBE000F1F728F93D70280A7870A07A218902912E
:10BBF00008A900220A8026462836BC283DD02546C2
:10BC00001C35F1280FD1E07D000736D407AA019238
:10BC100028463146FFF766FA022201983946F1F7C5
:10BC200029F9002821D038463146224604F079F916
:10BC300000281AD0029D2846F8F7C3F8207E800716
:10BC40000CD0284605F02AF9024601200021154BA8
:10BC5000FFF7BCFD207EFC2101402176022003225B
:10BC60000023294601F092FF17E00D4800680830D4
:10BC700008AA29463346FFF76BFA029F03AD00215D
:10BC800010222846F1F7E6F8227C28463146F1F7E3
:10BC9000D1F838462946F8F785F809B0F0BDC04616
:10BCA0004C05002030750000F8B50E4605461046DC
:10BCB00005F014F9002856D004460746002E0BD094
:10BCC0000020B87208340122062D32D13989154678
:10BCD000062E0ED005220DE0F97A01200843F872F5
:10BCE000F97C891E022910D8F97D090708D504219D
:10BCF00007E004220220002301F048FF2A4618E052
:10BD00000221F92210404018F872B87AAD2805D007
:10BD1000AE2805D0BC2827D1BF2002E0AF2000E02C
:10BD2000F020B87208340E2000F0C6FAF0F7ACF933
:10BD300000226020385CC0070BD1B87EC10605D553
:10BD4000EF210140B97641B2002918D4002A19D157
:10BD500009E0387EFC210140397603210140481E6C
:10BD600081410A430ED1F8BD062DDBD1F128D9D18E
:10BD7000398902200022134601F008FFD2E76F2123
:10BD80000840B876208805F089F802460120002195
:10BD9000014BFFF71BFDF8BD3075000010B505F035
:10BDA0009DF8002825D00446008905F077F8024662
:10BDB000012000210F4BFFF709FD2089FFF7CAFC86
:10BDC0006020205CC007A07A04D16030C0B2512846
:10BDD00004D307E05030C0B2402803D802212046E7
:10BDE00004F01AF9FE20A0720E2000F065FAF0F7B8
:10BDF0004BF910BD30750000B0B505460024204653
:10BE000005F0B8F8002801D00C2404E0012D02D17F
:10BE1000012005F0CFF82046B0BD002070477047E4
:10BE200070470000B0B50C460546088805F056F886
:10BE3000002825D0002D0FD0012D21D16088412868
:10BE40001ED812480068214600F02CFC0F2000F09C
:10BE500033FAF0F719F916E06168097A0B2909D16C
:10BE6000017E03220A40012A0AD1FC221140891CCA
:10BE7000017605E08A1FD2B2042A01D804F03CFE04
:10BE80002046F3F7C7FB0020B0BDC046EC050020FC
:10BE900010B5C37A5C07A20F09D0012213405A42A1
:10BEA0005A41037C0320102B09D0034608E0DA072F
:10BEB0000AD1807A0122F12809D0134608E0042330
:10BEC000002C05D4034603E00223002200E00223F5
:10BED000002A01D1184600E00120002900D01846B0
:10BEE00010BDF8B51C4616460D460021297011708C
:10BEF000197004F0F3FF002817D0074601212970BC
:10BF0000807AF12810D1009100213846FFF7C0FF58
:10BF10003070012809D102202870F97A4907890F69
:10BF200000D10098207000E031700020F8BDF8B515
:10BF30001C4615460F4604F0D1FF002816D00646D1
:10BF4000811C06222846F0F775FF70786946087054
:10BF5000002F1FD000281DD0012809D1F1798A09AE
:10BF60000120022A16D8402903D213E00220F8BD8E
:10BF7000F179C0200840402808D1694630462A4659
:10BF800003F0B8FF002803D08120F8BD8620F8BD5B
:10BF90006846007820700020F8BDB0B504F09EFF20
:10BFA000002811D004460025294603F04BFF002845
:10BFB0000BD0A17AF12905D1A17BCA0702D089074C
:10BFC00000D50020054600E002252846B0BD10B58A
:10BFD0000C4604F083FF002805D0817AF12902D1B4
:10BFE000007CA04201D2B62010BD002010BD80B55B
:10BFF00004F074FF002806D06021425C80231343C4
:10C000004354002080BD812080BDF0B589B00E462C
:10C0100004F064FF002825D005461C3005A90091D6
:10C02000FFF72CF974882B466833271DB9B2042218
:10C030003046F3F72DFBFAB201AF009831463B468C
:10C04000FFF72AF908372046083081B20822304627
:10C050003B46F3F71DFB0C347480A86E401CA866A9
:10C06000002000E0022009B0F0BDF0B58DB00D4613
:10C070004F8804F033FF002805D00446407C40067A
:10C0800003D4B12034E0022032E02146483105A833
:10C090001022F0F7CFFE083FB9B20C2202AE2846BC
:10C0A0003346F3F7D3FA3078717809020818B1787B
:10C0B00009044018F17809064118E06E814201D860
:10C0C000401C10D10191FAB205A809AE29463346A9
:10C0D000FFF7E2F802A8001D083608223146F0F703
:10C0E000C9FE002801D0052002E00198E06600208A
:10C0F0000DB0F0BD0148002101707047F00500202F
:10C10000BCB50346064D28780C210091012400227D
:10C110002146F0F7C7FD2C7000F004F8BCBDC04606
:10C12000F0050020C01CC0B2042802D37E20C0430A
:10C1300002E0C1000148C840C0B27047B3B7B400C4
:10C14000E0B503460091022001210C22F0F7AAFD80
:10C15000FFF7E8FF8CBDE0B50B4601460089009073
:10C1600001200C22F0F750FDFFF7DCFF8CBD000032
:10C170000148002101707047F10500201CB50346FD
:10C18000064C20785021009100210A46F0F78AFDE4
:10C1900001212170FFF7C6FF1CBDC046F10500203C
:10C1A000E0B501460020009050220346F0F72CFD38
:10C1B000FFF7B8FF8CBDBCB50024214620460D46D4
:10C1C0000094C0B2214622462346F0F76BFDC21C04
:10C1D000691C0120002AF2D1E8B2BCBD80B5022062
:10C1E000F0F702FE80BDE0B5034626200090022154
:10C1F00000200246F0F756FD002800D081208CBDBB
:10C20000E0B501460023009302202622F0F7FCFC53
:10C21000002800D081208CBD034800680021816087
:10C22000C160016101607047F405002070B5204DC8
:10C230002968EFF3108272B60A6800260E604B6818
:10C2400013434B6062B600280ED028684168CA07C5
:10C250000AD0012251404160EFF3108072B6286885
:10C2600001681143016062B62C6810342068002810
:10C270000FD0204600F05CF8800029680818EFF322
:10C28000108272B68268866048681043486062B661
:10C29000ECE72868041D074D2068002806D02046DA
:10C2A00000F046F8810069588847F5E770BDC04640
:10C2B000F4050020CC3206101F21014001228A40E3
:10C2C000EFF3108172B604490968400980000B58E9
:10C2D00013430B5062B67047F40500201F22024042
:10C2E00001239340EFF3108272B68900054A126869
:10C2F000511840098000081881681943816062B6AE
:10C300007047C046F40500201F21014001228A40E9
:10C31000EFF3108172B605490968400980000818DA
:10C3200001691143016162B67047C046F4050020FF
:10C33000EFF3108172B601684A420A405140016031
:10C3400003485043C00E03A1085C62B67047C04664
:10C35000DF3A650400010206030B0710040E0C15FA
:10C360000817111A1F050A0F0D1416191E091318A4
:10C370001D121C1B10B5122400280ED0002A0CD050
:10C380000B2B0AD841700370036A5954491E4B1C89
:10C39000FAD3026100240475C061204610BDF8B5CF
:10C3A00005461220002D1BD00C466A788A4217D908
:10C3B0002B6A195DA14201D10020F8BD17463E4607
:10C3C000DF5D974201D0A742F9D10020974205D006
:10C3D0009955964202D1284600F003F8296A0C5577
:10C3E000F8BD10B542788A4207D1017D00240029AA
:10C3F00009D00830F0F704FE05E04900426A515EBA
:10C4000000F06AF80446204610BDF0B585B012264B
:10C4100000285ED01F460D46044643788B4258D90B
:10C4200020780521090381408F4252D8049202935B
:10C43000F0F7CBFD02462378206A405DA8420CD07D
:10C440000498002845D020460391294604931646B7
:10C45000FFF7A5FF03993246049B332078430E462D
:10C46000010A0818010C08187107D208511842185F
:10C47000581DC0B2C24001956800616A04920A5218
:10C48000F0F7A3FDC00803906278206A17463B4688
:10C49000C75D97420DD07D00666A755B2678761D74
:10C4A0000399F1406D1A2DB2049E711A09B28D42A2
:10C4B000EDDDC15C019A8154206AC2540298834226
:10C4C00006D1049801B2204600F006F8064600E0C6
:10C4D0000026304605B0F0BDFEB501910446074682
:10C4E0000837F0F772FD02900D462678207D00286F
:10C4F00004D03846F0F784FD227800E03246701D03
:10C50000029CE108C1400198401A00B2401EC117C8
:10C510000832E3F719FF02194D4138462B46F0F770
:10C520005EFDC0B2FEBDFEB5029105464778006AC9
:10C53000C45DF0F74AFDC00801902046C2B2BA427D
:10C540000DD053006E6AF35A2E78761D0199F14092
:10C55000591A09B2012903DC286A805CEEE73846E3
:10C56000296AC855C6B228463146FFF73AFFE0B2FD
:10C57000B04206D0296A0F5C0C54029988473C46A9
:10C58000F5E7FEBDF0B5002A0BD00024E543002BF3
:10C59000264600D056190F5D87556D1E641CA242B9
:10C5A000F5D1F0BD70B503460120002909D0002463
:10C5B00026462546965D9E4204D16D1CEEB28E4203
:10C5C000F8D370BD204670BD002A05D003780B70EB
:10C5D000521E491C401CF7E7704780B5027C0B7C5B
:10C5E0009A4206D1202A07D0102A09D18989808948
:10C5F00008E00020C04380BD1022F0F73BFC80BD66
:10C60000C968C068401A80BD70B58AB00C46014642
:10C6100005AD142628463246F0F70CFC6846214644
:10C620003246F0F707FC287C802807D005AC0D497E
:10C630000C222046F0F7FEFB0020E0816846007CDB
:10C64000802807D06C4607490C222046F0F7F2FB01
:10C650000020E08105A869461022F0F70BFC0AB023
:10C6600070BDC0462433061010B50A460146007C52
:10C67000202804D0102805D10C31022403E00C310D
:10C68000042400E0102410462246F0F7D3FB204695
:10C6900010BD017C802900D00C3070470021016062
:10C6A000406070470022CA61426811601C314160DD
:10C6B00070470268CA61002A02D10A461C324260F1
:10C6C0000160704703688B4209D01A46DB698B42D0
:10C6D000FBD1CB69D361002B07D11C3204E0CA69BE
:10C6E0000260002A01D1024642600020C861704702
:10C6F00001460068C2690A60002A00D14960002131
:10C70000C161704700210068002802D01C30491C1C
:10C71000F9E788B270470000F0B587B00446080614
:10C720000D9D52D00195FF201546854301260593A6
:10C730000C9B1F460096374003977E421640F2B28C
:10C7400052190692254D059F3A462A401E469D07DE
:10C75000ED173D40049003062B409B18022030400B
:10C760000290481E0590C8B241080026C8B2C20017
:10C77000A01845680298002801D118480540A05823
:10C780000246049FBA43039F002F01D1384600E0C0
:10C79000C0B282180698904201D1AB4218D0AB4289
:10C7A00003D804D10698904201D94E1C01E0481EDE
:10C7B00005900598801BC0B2401CC2B2510889196F
:10C7C0008242D3D00020019D04E00021084601E010
:10C7D000019D0098297007B0F0BDC046FFFFFF0023
:10C7E000F0B589B015460F460446067900686168C1
:10C7F00008AA009301923A462B46FFF78DFF0021CD
:10C800000F9B0E9A0028079226D106976779BE42A1
:10C8100022D202930390049508A9087805968642CF
:10C820000DD0059F2268FDB2ED0056193346083B36
:10C830000ACB515173607F1EF9B28142F2D1216857
:10C84000C000069A0A500818049941600598401CD7
:10C85000207101210398029B089A079C227018708E
:10C86000084609B0F0BDF0B587B00F460146007923
:10C8700000260C9C00282FD003900868049149687A
:10C88000059206AD009301953A46059BFFF744FFDC
:10C89000002821D0029005940D9A049C236806A9D3
:10C8A0000978CD005B19DB7913700398401E039063
:10C8B000C0B2814223460BD01D68CEB2F600AF193C
:10C8C000BA68FC68AA517C60491CCAB28242F3D1A2
:10C8D00003981871029E059C267007B0F0BD0021D8
:10C8E0000171704780B5F0F7F2FA80BD1CB501AC5C
:10C8F0002046F0F72BFB20881CBDE0B501A8F0F71F
:10C9000031FB01988CBD7CB50C4605460020C6B2B3
:10C91000A6420ED20020FFF7E9FFA85501A9087032
:10C92000000A69460870711CA14200D26854B01C0C
:10C93000EDE77CBDF0B595B03948006800900BA8D4
:10C94000FFF751FC002831D001AF06240025354BFC
:10C95000384621462A4698477879C02101437971A3
:10C960000BAE30462030304B39462246984707AC54
:10C970001027204639462A462A4B984730462146FA
:10C980003A46294B984703AC204639462A46254B60
:10C9900098473046103021463A46234B9847304658
:10C9A000FFF72EFC002803D1054603E0002501E037
:10C9B0000E20C5431D4C22682E3200260627304625
:10C9C0003946FFF7EFFD0BA9002801D0203101E027
:10C9D00021682E31009860303A46F0F72BFA226831
:10C9E000083210213046FFF7DDFD002805D0206811
:10C9F00008300BA91022F0F71DFA22681832002027
:10CA00001021FFF7CFFD002806D00BA910312068B8
:10CA100018301022F0F70EFAE8B215B0F0BDC0469B
:10CA20005405002007C9051035CE04104C05002020
:10CA3000B0B5FFB083B01C466D462B73AA72297245
:10CA4000A8711B0A6B73120AEA72090A6972000A5A
:10CA5000E87128460E3086992246F0F7EBF9204619
:10CA60000A30A870000AE8700F202871FF20687053
:10CA7000822028700C2068710E34A1B22846ECF791
:10CA800050F97FB003B0B0BDB0B5FFB083B00C4675
:10CA900005468B68CA8889886846801DF3F717FCAD
:10CAA000280702D5A068F2F7B5FD03990A460A32B5
:10CAB00068468270120AC2700E220271054A028014
:10CAC0000C2242710E3189B2ECF72BF97FB003B022
:10CAD000B0BDC04682FF0000B0B5FFB085B00C46C7
:10CAE00005468B68CA88898802A8801DF3F714FC64
:10CAF000280702D5A068F2F78DFD02ACA3896289F0
:10CB00002189E0880E340094FFF792FF7FB005B0D2
:10CB1000B0BD0000F0B5FFB086B00C4605460B7AFC
:10CB2000CA8889886089A68927690090019602973A
:10CB300003A8801DF3F739FC280702D52069F2F716
:10CB400069FD03A8417B827B120251180A460B3211
:10CB50008270120AC2701A220271054A02800C22E7
:10CB600042710F3189B2ECF7DCF87FB006B0F0BD4E
:10CB700082FF0000F0B5FFB08CB00C4605468B6814
:10CB8000CA88898807A8801DF3F747FC280702D5C3
:10CB9000A068F2F73FFD07A841890591018903913B
:10CBA000C18802910C3004900025049EA8B205991A
:10CBB00088421CD231188AA8069002242246F0F737
:10CBC00039F9A81C80B2311889AF38462246F0F7EF
:10CBD00031F9281D84B230193B8806990A880090E3
:10CBE00002980399FFF724FF38882518DEE77FB005
:10CBF0000CB0F0BDB0B5FFB083B00C4605468B68F5
:10CC0000CA8889886846801DF3F780FA280702D50C
:10CC1000A068F2F7FFFC6846C17A039A1202511825
:10CC20000A4609328270120AC27004220271054A51
:10CC300002800C2242710D3189B2ECF772F87FB09C
:10CC400003B0B0BD82FF0000B0B5FFB083B00C46AA
:10CC500005468B68CA8889886846801DF3F774FA90
:10CC6000280702D5A068F2F7D5FC6846817A8900CA
:10CC7000CA1D8270120AC27005220271044A028023
:10CC80000C2242710B31ECF74CF87FB003B0B0BD11
:10CC900082FF0000B0B5FFB083B00C4605468B683C
:10CCA000CA8889886846801DF3F763FA280702D589
:10CCB000A068F2F7AFFC6846C17A039A12025118D5
:10CCC0000A4609328270120AC27006220271054AAF
:10CCD00002800C2242710D3189B2ECF722F87FB04C
:10CCE00003B0B0BD82FF0000B0B5FFB083B00C460A
:10CCF00005468B68CA8889886846801DF3F757FA0D
:10CD0000280702D5A068F2F785FC684641890A46E3
:10CD100008328270120AC27007220271054A02802C
:10CD20000C2242710C3189B2EBF7FBFF7FB003B0EC
:10CD3000B0BDC04682FF0000B0B5FFB083B00C4666
:10CD400005468B68CA8889886846801DF3F745FACE
:10CD5000280702D5A068F2F75DFC684641890A46BB
:10CD600008328270120AC27008220271054A0280DB
:10CD70000C2242710C3189B2EBF7D3FF7FB003B0C4
:10CD8000B0BDC04682FF0000B0B5FFB083B00C4616
:10CD900005468B68CA8889886846801DF3F733FA90
:10CDA000280702D5A068F2F735FC684641890A4693
:10CDB00008328270120AC27009220271054A02808A
:10CDC0000C2242710C3189B2EBF7ABFF7FB003B09C
:10CDD000B0BDC04682FF0000B0B5FFB083B00C46C6
:10CDE00005468B68CA8889886846801DF3F721FA52
:10CDF000280702D5A068F2F70DFC6846C17A039AAD
:10CE0000120251180A4609328270120AC2700A22AE
:10CE10000271054A02800C2242710D3189B2EBF792
:10CE200080FF7FB003B0B0BD82FF0000B0B5FFB09F
:10CE300083B00C4605468B68CA8889886846801D81
:10CE4000F3F715FA280702D5A068F2F7E3FB684666
:10CE5000C1890A460C328270120AC2700C22027119
:10CE6000044B03804271103189B2EBF75AFF7FB057
:10CE700003B0B0BD82FF0000F0B5FFB086B00C4635
:10CE800005460B89CA8889886089A6892769009028
:10CE90000196029703A8801DF3F7A2FA280702D58E
:10CEA0002069F2F7B7FB03A8C1890A460C328270E9
:10CEB000120AC2701B220271054A02800C224271C2
:10CEC000103189B2EBF72DFF7FB006B0F0BDC04640
:10CED00082FF0000B0B5FFB083B00C4605468B68FA
:10CEE000CA8889886846801DF3F7ADFA280702D5FD
:10CEF000A068F2F78FFB684641890A4608328270C3
:10CF0000120AC2701E220271054A02800C2242716E
:10CF10000C3189B2EBF705FF7FB003B0B0BDC0465E
:10CF200082FF0000F0B585B00546C00645D426480E
:10CF300000685024005D0024C0073FD00293039294
:10CF400004910A9E214800686907C90E40180069CB
:10CF5000711E03220A43113291088BB256222946D0
:10CF6000F2F720FD00282CD007460B9801903E7464
:10CF70000299B973039B3B73049ABA72300A7874AE
:10CF8000080AF873180A7873100AF87238461230D3
:10CF900001993246EFF74EFF0C207872012038726B
:10CFA0000A36300AF871BE71FF207871822038711C
:10CFB00028463946F2F793FD00E08624204605B066
:10CFC000F0BD0724FAE7C046A00500205005002068
:10CFD000F8B50446C00608D40D461948006850212B
:10CFE000405C800703D4002727E0862725E016460B
:10CFF000144800686107C90E4018006957220323CE
:10D000002146F2F7CFFC002816D001460673857240
:10D010000C204872022008720027CF710620887108
:10D02000FF20487182200871300A4873280AC872AC
:10D030002046F2F754FD00E007273846F8BDC04609
:10D04000A005002050050020F8B50546C00621D4F3
:10D050000E46134800685121405C002480061AD512
:10D06000174600930F4800686907C90E4018006909
:10D070000F2203232946F2F795FC00280DD0014624
:10D080000098C8604F810E81074848602846F2F733
:10D0900026FD00E086242046F8BD0724FBE7C046B5
:10D0A000A00500205005002089CA0510F8B50546E6
:10D0B000C00621D40E46134800685121405C00246C
:10D0C00040061AD5174600930F4800686907C90E35
:10D0D00040180069102203232946F2F763FC002858
:10D0E0000DD001460098C8604F810E810748486006
:10D0F0002846F2F7F4FC00E086242046F8BD072419
:10D10000FBE7C046A005002050050020D9CA051045
:10D11000F8B50446C00608D40D461E4800685121E3
:10D120004056002804D4002700E086273846F8BD82
:10D130001F461646184800686107C90E4018006966
:10D140005B2204232146F2F72DFC002820D0014663
:10D15000079A06980090C8730E738D720C234B7259
:10D1600011230B7238460027CF710A238B714A7442
:10D170008873FF224A7182220A710098000A08749B
:10D18000300A4873280AC8722046F2F7A8FCCDE797
:10D190000727CBE7A005002050050020F0B587B099
:10D1A0000546C00643D40E46244800685221405C20
:10D1B000002480073CD5049205930C9A204800680F
:10D1C0006907C90E401800691E49069251180322CA
:10D1D0000A43113291088BB25C222946F2F7E2FB36
:10D1E000002828D007460D990698009003910191D8
:10D1F000381D3146049A059BF3F7B3F8280704D588
:10D200000398F2F707FAF72005400C2078721220F5
:10D210003872FF207871822038710698C01DB8716D
:10D22000000AF87128463946F2F759FC00E08624D6
:10D23000204607B0F0BD0724FAE7C046A00500204D
:10D2400050050020FDFF0300F8B50446C00625D4B4
:10D2500016460D46144800686107C90E401800695B
:10D260005D2203232146F2F79DFB002818D00146DA
:10D27000067385720C204872162008720027CF7141
:10D2800006208871FF20487182200871300A487397
:10D29000280AC8722046F2F722FC02E0862700E046
:10D2A00007273846F8BDC04650050020F8B50446AB
:10D2B000C00625D416460D46144800686107C90EFD
:10D2C000401800695E2203232146F2F76BFB002819
:10D2D00018D00146067385720C2048721720087218
:10D2E0000027CF7106208871FF20487182200871C5
:10D2F000300A4873280AC8722046F2F7F0FB02E0B1
:10D30000862700E007273846F8BDC04650050020B4
:10D31000F8B50446C0062ED41F4616460D461848DA
:10D3200000686107C90E401800695F220423214686
:10D33000F2F738FB002820D00146069808748F7356
:10D340000E738D720C224A7219220A722B46002526
:10D35000CD710A228A71FF224A7182220A71000A63
:10D360004874380AC873300A4873180AC8722046CD
:10D37000F2F7B5FB02E0862500E007252846F8BD58
:10D3800050050020F8B50446C00620D41F461646B6
:10D390000D46114800686107C90E40180069112246
:10D3A00005232146F2F7FEFA002812D0014608981C
:10D3B000079A069B48610A82CB810F734E810D81CB
:10D3C000064848602046F2F78AFB0020F8BD862018
:10D3D000F8BD0720F8BDC0465005002015CB05104C
:10D3E000F8B50546C00621D40E4613480068522100
:10D3F000405C002400071AD5174600930F480068C8
:10D400006907C90E40180069142203232946F2F760
:10D41000C9FA00280DD001460098C8604F810E81DE
:10D42000074848602846F2F75AFB00E08624204669
:10D43000F8BD0724FBE7C046A005002050050020EA
:10D4400075CB0510F8B50446C00608D40D4619483A
:10D4500000685021405C400703D4002727E086275E
:10D4600025E01646144800686107C90E4018006997
:10D470005822032721463B46F2F794FA002815D09C
:10D480000146067385720C2048720F720027CF7117
:10D4900006208871FF20487182200871300A487385
:10D4A000280AC8722046F2F71AFB00E00727384620
:10D4B000F8BDC046A005002050050020FEB504467A
:10D4C000C00624D41646134800685022805C00250C
:10D4D00000071DD51F46019102950F48006861079E
:10D4E000C90E401800690725032321462A46F2F792
:10D4F00059FA00280CD00146C7604681019808817E
:10D50000064848602046F2F7EAFA029D00E08625C8
:10D510002846FEBDA005002050050020F5CB0510D3
:10D52000F8B50546C00621D40E46134800685021C0
:10D53000405C0024C0061AD5174600930F480068C7
:10D540006907C90E40180069082203232946F2F72B
:10D5500029FA00280DD001460098C8604F810E813D
:10D56000074848602846F2F7BAFA00E086242046C9
:10D57000F8BD0724FBE7C046A005002050050020A9
:10D5800049CC0510F8B50546C00621D40E4613480F
:10D5900000685021405C002480061AD5174600938D
:10D5A0000F4800686907C90E401800690922032363
:10D5B0002946F2F7F7F900280DD001460098C86017
:10D5C0004F810E81074848602846F2F788FA00E04C
:10D5D00086242046F8BD0724FBE7C046A0050020AE
:10D5E0005005002095CC0510F8B50546C00621D49D
:10D5F0000E46134800685021405C002440061AD5AE
:10D60000174600930F4800686907C90E4018006963
:10D610000A2203232946F2F7C5F900280DD0014656
:10D620000098C8604F810E81074848602846F2F78D
:10D6300056FA00E086242046F8BD0724FBE7C046E2
:10D64000A005002050050020E9CC0510F8B50546DE
:10D65000C00621D40E4613480068502140560024CD
:10D6600000281AD5174600930F4800686907C90EAD
:10D67000401800690B2203232946F2F793F900288A
:10D680000DD001460098C8604F810E810748486060
:10D690002846F2F724FA00E086242046F8BD072445
:10D6A000FBE7C046A00500205005002039CD05103D
:10D6B000F8B50546C00621D40E461348006851212E
:10D6C000405C0024C0071AD0174600930F4800683A
:10D6D0006907C90E401800690C2203232946F2F796
:10D6E00061F900280DD001460098C8604F810E8175
:10D6F000074848602846F2F7F2F900E08624204601
:10D70000F8BD0724FBE7C046A00500205005002017
:10D7100089CD0510F8B50546C00621D40E4613483C
:10D7200000685121405C002480071AD517460093F9
:10D730000F4800686907C90E401800690D220323CD
:10D740002946F2F72FF900280DD001460098C8604D
:10D750004F810E81074848602846F2F7C0F900E083
:10D7600086242046F8BD0724FBE7C046A00500201C
:10D7700050050020D9CD0510F8B50546C00621D4C6
:10D780000E46134800685121405C002400071AD55A
:10D79000174600930F4800686907C90E40180069D2
:10D7A0000E2203232946F2F7FDF800280DD001468A
:10D7B0000098C8604F810E81074848602846F2F7FC
:10D7C0008EF900E086242046F8BD0724FBE7C0461A
:10D7D000A0050020500500202DCE0510F8B5044608
:10D7E000C00608D40D46194800685121405CC006A7
:10D7F00003D4002727E0862725E016461448006852
:10D800006107C90E40180069592203232146F2F727
:10D81000C9F8002816D00146067385720C2048729C
:10D820000D2008720027CF7106208871FF204871F3
:10D8300082200871300A4873280AC8722046F2F71D
:10D840004EF900E007273846F8BDC046A005002085
:10D8500050050020F8B50446C00620D41F461646E1
:10D860000D46114800686107C90E40180069122270
:10D8700005232146F2F796F8002812D001460898B1
:10D88000079A069B48610A82CB818F814E810D8168
:10D89000064848602046F2F722F90020F8BD8620AD
:10D8A000F8BD0720F8BDC0465005002079CE051010
:10D8B000F8B50446C00628D41F4616460D4615483E
:10D8C00000686107C90E40180069602203232146E1
:10D8D000F2F768F800281AD00146067385720C200A
:10D8E00048721C2008723A460027CF7107208871C1
:10D8F0008A73FF20487182200871300A4873280A11
:10D90000C8722046F2F7EBF802E0862700E007270E
:10D910003846F8BD50050020F8B50546C00621D4AC
:10D920000E46134800685221405C002440071AD577
:10D93000174600930F4800686907C90E4018006930
:10D94000132203232946F2F72DF800280DD00146B3
:10D950000098C8604F810E81074848602846F2F75A
:10D96000BEF800E086242046F8BD0724FBE7C04649
:10D97000A005002050050020D5CE05101CB58988D3
:10D980006C46E01CF2F740FB0520A070132060708D
:10D990000420207008212046EBF7C3F91CBD0000CD
:10D9A000B0B50446C00616D40D460D4800686107A0
:10D9B000C90E40180069022221461346F1F7F2FF12
:10D9C00000280AD00146074848600D812046F2F73A
:10D9D00086F80020B0BD8620B0BD0720B0BDC0468F
:10D9E000500500207DD90510FEB50546C00633D48C
:10D9F00017461C4800683D22825C002492062CD504
:10DA00003D30407A000728D50191029316480068FE
:10DA10006907C90E4018006925220423294600938E
:10DA2000F1F7C0FF00281AD00646477201983072FD
:10DA3000380AB07230460B3008220299EFF7FAF933
:10DA40000099F1710C20B0713E207071317128463F
:10DA50003146F2F744F800E086242046FEBD072454
:10DA6000FBE7C046A00500205005002010B5FFB020
:10DA700083B089886C46A01DF2F712FD217A481DFB
:10DA8000A070000AE07001202071FF2060708220E9
:10DA900020700820607109312046EBF742F97FB011
:10DAA00003B010BDF8B50446C0062DD415460F4688
:10DAB0000093184800686107C90E40180069511E9C
:10DAC00003220A43093291088BB240222146F1F722
:10DAD00069FF00281AD00646C57287720C3000997B
:10DAE0002A46EFF7A7F90027777206203072281D23
:10DAF000010AF171B071FF207071822030712046EF
:10DB00003146F1F7ECFF02E0862700E007273846B0
:10DB1000F8BDC04650050020F8B50446C0062DD417
:10DB200016460D46184800686107C90E401800697E
:10DB3000412204232146F1F735FF002820D0014679
:10DB40000A300671057000274F7210220A72CF71D9
:10DB50000A228A71FF224A7182220A71320EC27130
:10DB6000320C8271320A42712A0EC2702A0C827003
:10DB70002A0A42702046F1F7B2FF02E0862700E051
:10DB800007273846F8BDC04650050020F8B50446C2
:10DB9000C00608D40D46194800684E21405C800735
:10DBA00003D4002628E0862626E01F4616461448A1
:10DBB00000686107C90E4018006945220323214609
:10DBC000F1F7F0FE002816D0014685720420487255
:10DBD0000120087232460026CE71062088714F73EC
:10DBE0000A73FF20487182200871280AC8722046F3
:10DBF000F1F775FF00E007263046F8BDA0050020CC
:10DC00005005002080B500F035FD80BDF8B5044614
:10DC10000588F6F712FA01462846F3F799FB054600
:10DC2000204600F0D7F81D2803D0232801D01B2858
:10DC30000ED16188EA88914205D8032903D32328AD
:10DC400067D1042965D82046F1F7E4FC0020F8BD2F
:10DC5000204600F0BFF8A988CA066ED5012802D078
:10DC6000AA78904269D110208143A9806A892989C4
:10DC700003263046F3F7DEFB6188E8880091814295
:10DC800000D99AE0204600F0A5F8421E0121CA41C1
:10DC90000023102A00D988E092001F4601A39A5859
:10DCA0003B4697465BDD05105FDD05106BDD05101B
:10DCB00089DD0510E9DC0510B1DD0510B1DD0510C9
:10DCC000B1DD0510E9DC051057DD0510ABDD0510F1
:10DCD00063DD051057DD0510ABDD0510ABDD05106C
:10DCE000ABDD0510B1DD0510092802D1009904292A
:10DCF0005BD3112802D10098062856D3A089401C76
:10DD000081B2204600F047FA3B4600284DD001463C
:10DD100043E01D280DD1A888800612D46A8929897C
:10DD20000220F3F7D1FB00284CD1A8882021014321
:10DD3000A980204600F0B7FFF8BD204600F0B7FAF2
:10DD4000F8BD08354220032102222B46FFF7AAFE28
:10DD5000002837D177E70B4627E0052325E0334637
:10DD600023E0009B042B1FD91FE0009806281CD33A
:10DD7000A089401C81B2204600F00DFA01280BD08A
:10DD800002281AD1122108E0009802280DD3009B26
:10DD9000581E800708D108E00421009EB01EE2F75B
:10DDA000CDFA0029334600D000230098984204D1D0
:10DDB000074801682046884702E0204600F05EFFE1
:10DDC000842801D18420F8BD0020A870F8BDC04689
:10DDD000B008002080B5818900F0DDF980BD80B5F4
:10DDE00000F070FC80BD80B500F06EFC80BD0000CE
:10DDF000F8B5054681884088F3F7AAFA002808D0CC
:10DE0000044629781E2906D1A088800639D40C261C
:10DE100093E1122691E1480606D4CA48CA4A026034
:10DE2000A088C00600D56DE1E0888A1E86261E2ADD
:10DE300000D991E0032752007A4492885200974417
:10DE400022007C011E007C019F007C01A2007C015D
:10DE500022007C011E007C0194007C012D017C01CC
:10DE600090007C017C017C01A9007C01AC007C015C
:10DE70007C017C017C017C0121007C019400052750
:10DE800001E0E0880127B9B2814200D3074600973C
:10DE9000BFB220463946F3F759FB00282FD006467B
:10DEA0002A78818900F054F92878811E16292DD806
:10DEB0004900C0467944898849008F4416000D0105
:10DEC00070000D0177000D0193000D01A1000D01FF
:10DED000AA000D01BA000D01C0000D012F000D01B7
:10DEE0000D010D01CE000D01E6009848028AB089AF
:10DEF000401C81B23046F1F7C2FB0320EBE0082062
:10DF0000FEF7DAF9EEF7C0F8882616E1202800D1EE
:10DF1000CAE0522802D0D22800D0DDE02A89B08998
:10DF2000401C81B23046F1F7AAFBEB686A89B089E0
:10DF3000C01C81B23046F1F7ABFB2878122800D123
:10DF4000B8E0D22800D0C7E000980C387080208953
:10DF50003146FEF75AF8BFE0522902D0D22900D04C
:10DF6000EBE0D22908D0032107E0297A49004F1CB1
:10DF7000874200D887E7E0E00F216A89571882E7D7
:10DF8000E989CF1D7FE7E968097C802900D089E015
:10DF9000152778E7A9894F1D75E7022773E76A8976
:10DFA0002989304600F0A2F9052094E06A89298980
:10DFB000304600F09BF9AA89B089401D81B23046F5
:10DFC000F1F75DFBE889C01DB84200D80746F81F8D
:10DFD00082B22B69B089C01D81B23046F1F758FB7F
:10DFE000072078E06A892989304600F07FF9B089F6
:10DFF000401DEB68197C80295ED181B210225EE061
:10E000002A89B089401C81B23046F1F738FB0B20D9
:10E0100061E02A89B089401C81B23046F1F72FFBBC
:10E020006A89B089C01C81B23046F1F728FB0D2007
:10E0300051E02846314600F04DF90F204BE06A8947
:10E040002989304600F052F9B089401DEB68197CEF
:10E05000802939D181B2102239E02A89B089401C47
:10E0600081B23046F1F70BFB6A89B089C01C81B2DE
:10E070003046F1F704FB2B69AA89B089401D81B2B3
:10E080003046F1F705FB172025E02A7AB089401CBD
:10E0900081B2304600F05CF819201CE0E968097C88
:10E0A00080294CD00727EEE62846314600F012F9C9
:10E0B000212010E013200EE081B20C330222304602
:10E0C000F1F7E6FA092006E081B20C33022230466D
:10E0D000F1F7DEFA1120A070009870802A78B189DB
:10E0E000304600F035F82878410611D41E280FD0AC
:10E0F000628921890320F3F7E7F9002804D030462C
:10E10000F1F788FA842618E0A08810210143A18045
:10E1100060893146F3F79EF9002801D081260CE092
:10E12000287800261E2808D1628921890220F3F769
:10E1300081F9A08820218843A0803046F8BD1127AE
:10E14000A1E6C046B008002049E70510B40500204C
:10E15000BCB514464068202904D301AD2A46FCF71B
:10E16000D8FA298840180471BCBDBCB50446808922
:10E17000401C81B2204600F00EF86188081AA1897F
:10E180004018801C81B2022201AD20462B46F1F7D7
:10E190005DFA2888BCBD1CB51F2903D801AA1180CF
:10E1A000406805E0406801AC2246FCF7B2FA2188DD
:10E1B000401800791CBD1CB5818942885118891E00
:10E1C00089B2022201AC2346F1F740FA20881CBD37
:10E1D000FEB50E464188052912D11C461546818997
:10E1E000052201AF3B46F1F731FA78783070B87804
:10E1F000F978090208182880029820700020FEBDD6
:10E200008620FEBDBCB504468089401C81B22046F4
:10E21000FFF7C1FF6188081AA189401881B2022264
:10E2200001AD20462B46F1F711FA2888BCBD70B528
:10E2300014460E4605468089401C81B22846FFF7E9
:10E24000AAFF02464643B01C6988884208D2A989C1
:10E25000081881B228462346F1F7F8F9002070BD6E
:10E26000862070BDBCB504468089401C81B2204622
:10E27000FFF791FF1121C943012800D10E316088B9
:10E280004018A189081881B2022201AD20462B4610
:10E29000F1F7DCF92888BCBD80B50B46428881893E
:10E2A000491D89B2521F92B2F1F7C7F980BD1CB562
:10E2B0000446008801AB1880422002210A46FFF77D
:10E2C000F1FB002801D084201CBD2046F1F7A2F903
:10E2D00000201CBD10B50C46C3688989007A420035
:10E2E000481C81B22046F1F7D3F910BDB0B51446F1
:10E2F0000A4605468089401C81B22846F1F7BFF9DD
:10E30000A889C01C81B228462246F1F7B8F9B0BDF1
:10E3100010B504460821FCF75DF90449096860223C
:10E3200000238B52486660314C8010BD5805002098
:10E33000F0B585B0174604901C4D28686024065B34
:10E34000024660325288964217D202940393002903
:10E3500017D00197084600F02BF8441C2868B1B28A
:10E36000A2B291420BD3C900406E40180146083951
:10E370000822EEF75FFD761EF0E7002712E0019F0E
:10E3800000E03446406EA1B2C900049A42544018DD
:10E39000039A42602868029BC25A521CC252406EC5
:10E3A00040184780384605B0F0BDC04658050020EB
:10E3B00008490A68516E6223D25AD2005218083AAC
:10E3C000824202D3401AC00801E00020C04380B25C
:10E3D0007047C0465805002080B500F00FF8054989
:10E3E000884205D0C00004490968496E081880BDFC
:10E3F000002080BDFFFF00005805002010B5044636
:10E4000000F024F80649884207D0C200054B1B687B
:10E410005B6E9A185288A24200D0084610BDC046D2
:10E42000FFFF00005805002080B500F00FF80549F7
:10E43000884205D0C00004490968496E081880BDAB
:10E44000002080BDFFFF00005805002070B509497D
:10E450000A686021535A00210225074C8B4206D0DE
:10E46000566E765B864203D20835491CF6E7214694
:10E4700088B270BD58050020FFFF0000FEB5029372
:10E4800015460022884223D80C4616490F686021A1
:10E49000795A00291CD000920191FFF7D7FF064658
:10E4A0002046FFF7D3FF0199491E814200D3014660
:10E4B00089B2B2B28A420DD8786ED300C45CAC4245
:10E4C00004D1C0184368029CA34205D0761CF0E733
:10E4D0001046FEBD0098FEBD03498A4200D10020CF
:10E4E000FEBDC04658050020FFFF000080B5FFF7C5
:10E4F0005FFF0749096860228A5A401C80B2904237
:10E5000003D2496EC000081880BD002080BDC046FF
:10E510005805002080B500F003F8408880BD000059
:10E52000F8B5047802252146294302291ED1FFF7B8
:10E530003FFF0F49096860228B5A401C82B29A4201
:10E5400010D2002C08D0022CF7D1D7004E6EF75D08
:10E550002F43022FF1D106E0D7004E6EF75D002F5A
:10E56000EBD100E04E6ED00080190838F8BDC046EF
:10E5700058050020064800686021415A002905D04E
:10E58000406EC9000818801F00887047002070473F
:10E5900058050020FEB50D460446FFF7EBFF0028A6
:10E5A00034D0AC4232D80646A0422FD32046FFF7E3
:10E5B00025FF04461648844228D0AE4200D32E469A
:10E5C0003046FFF71BFF13490F686026B95B4A1EF0
:10E5D000824217D90190054602948BB26D1CAAB2F3
:10E5E0009A420DD2796EA0B2C0000818D2008918E4
:10E5F0000822EEF71FFC07480768B95B641CECE7CC
:10E60000029C0198C243A2185118B953FEBDC046DE
:10E61000FFFF00005805002010B509490A68602175
:10E62000535A190409D0516E9CB2E400611808399C
:10E630000C785B1E8442F4D100E00021084610BD36
:10E640005805002010B504460846FFF7FFFE0849AC
:10E650000968496E82B2D2008B5CA34205D0421E8B
:10E6600000041046F6D1002010BD881810BDC04629
:10E670005805002070B5114CA07A2421FBF7AAFFA1
:10E680000F490B6800221D4650351E4648369A64D5
:10E69000DE641A655D65A47A002C0CD002620B68FA
:10E6A0005B6D186001230370054620350B685D65BE
:10E6B0002430641EF0E79A6570BDC046B4050020A2
:10E6C0005805002070470000F8B50D460446194E65
:10E6D000376848373F68002F10D07888A0420BD1A8
:10E6E000B888A84208D138781821014339700C2025
:10E6F000FDF7E2FDEDF7C8FC2037EBE7042D17D15D
:10E700003068816D0B46002B0BD01A469D680023A4
:10E71000002DF8D0AB88A3422B46F4D1AB689360B0
:10E72000F1E7002904D08A88A24201D18968816575
:10E73000F8BDC0465805002080B5024800688047F3
:10E7400080BDC046B4080020F0B595B005460488E9
:10E75000F5F773FC0146204600F06EFA8626002885
:10E7600000D108E204462F882846F5F766FC0146EA
:10E770003846F2F7EDFD08902078FB21014021702A
:10E780000C273846FDF798FDEDF77EFC284600F093
:10E7900065FA012807D16088F1F7C4FE002860D02F
:10E7A000204600F060FA20780022010757D4A379B0
:10E7B000591E112900D9DEE1079249007944898860
:10E7C00049008F44C50002010F01990099001F0103
:10E7D000640175017C01B901A600A600B800110012
:10E7E000B00011001100B000C00600D5A7E0A2885B
:10E7F00061880A202B46FEF7BFFF002800D0B4E155
:10E80000A079112800D1B2E1637A2169089110281A
:10E8100000D0D0E10693A889401C81B22846F0F7C9
:10E820001EFF0590A889C01C81B22846F0F717FF8B
:10E830000026A2896988491F9142049000D0CFE147
:10E84000384606994843089A10188068618941182B
:10E8500028461546FFF720FD069B0390C4E11646A7
:10E8600089E109A90FAA0EAB2846FFF7B1FC0028E1
:10E870002BD02846F0F7CEFE0EA80078122808D13B
:10E8800060880421F2F764FD8188012252020A4364
:10E890008280A079012804D1089B998804229143A1
:10E8A00099800EA909780A2908D0072902D10A28D7
:10E8B00000D175E7217810220A4322700E2800D17A
:10E8C00071E7102800D16EE76AE709A80078079081
:10E8D000A38862880FA8008821460EAC2478009097
:10E8E00001940C46022011461A46079BFEF710FCC5
:10E8F0000028BED006463EE1A28861880A202B4649
:10E90000FEF740FE002800D02FE12846FFF77AFCF2
:10E91000C8E0A28861880A200B2B00D020E12B469A
:10E92000FEF7C6FE1FE1A28861880220FEF756FFAF
:10E93000002800D019E12846F0F76CFE17E1608945
:10E94000002800D113E1002626720F20A07112E1E9
:10E95000A889401C81B22846F0F781FE0646172898
:10E9600000D81726B348008A8642089F00D306467F
:10E97000B888000714D5F888B04211D03B46083358
:10E98000422003210222FFF78DF8002800D0ECE09E
:10E990002078102101432170B88808218843B8806D
:10E9A0002078C00600D5FE88618802203246FEF736
:10E9B00049FD002800D0D8E0FE80B8880821014336
:10E9C00004208143B9802046DCE0A28861880A20C7
:10E9D0002B46FEF79FFE002800D0C6E02846FFF732
:10E9E000C4FB0BE0A28861880A202B46FEF798FD45
:10E9F000002800D0B9E02846FFF7DDFB8C498842AB
:10EA000053D1B4E0284600F008FA089060890EA9B6
:10EA1000088020460C30079009A80C3005900FA8FC
:10EA2000401D06900026F7B20FAA28463946FFF788
:10EA3000FEFB002800D0A1E00898072805D109A80E
:10EA4000102101740222059803E009A880210174B5
:10EA500010220699EEF7EEF90EA80FA90222EEF7A2
:10EA6000E9F909A80799FDF7CFFD00280DD1A28883
:10EA700061880898009001954743B81C83B2022032
:10EA8000FEF78CFB002800D082E0761CCBE7A28842
:10EA900061880A202B46FEF711FD002865D1284623
:10EAA000FFF7E0FB6189884261D2401C208161E070
:10EAB000A28861880A202B46FEF796FD53E028467F
:10EAC00000F0ABF9064606946088F1F72BFD08903C
:10EAD00002246888A3B2834253D2089801280ED139
:10EAE000A889001981B20FAF284632463B46F0F79D
:10EAF000ADFD5C2031463A46F1F7B0FE1AE0069FC4
:10EB0000BA887988009601950220FEF747FB002815
:10EB10002BD1387F10280DD10698008B42498842AE
:10EB200008D1069840880421F2F712FC81883F4AF8
:10EB300011408180A419CCE7A28861880A202B4665
:10EB4000FEF784FD002810D10898C088411E68880F
:10EB5000401E82B291420AD861890818608109E09A
:10EB60002B46FEF7D9FE002801D0842603E020467C
:10EB700000F079F8079E304615B0F0BD0EA8008869
:10EB80000AE0069800F06FF82846F0F743FDF1E739
:10EB90000E98401E0EA90880618982B28A4202D274
:10EBA000401C208102E0204600F05DF82846F0F786
:10EBB00031FD0026DFE76189089AA089401860814D
:10EBC00080B25F43D11989888842D3D1207A401E10
:10EBD000984224D900266681607A401C6072CAE798
:10EBE000F0430390069B089D394659436A5A2846CC
:10EBF000059D95420BD1024641184A8861898A18C1
:10EC0000049DAA4203D1024603980028D5D026725B
:10EC10000F20A0712078102101432170ABE7012063
:10EC200020720F20A071A5E72A2B0000FFFD000035
:10EC3000FFFF0000B4050020074A1268483212683E
:10EC4000002A07D05388834202D193888B4201D097
:10EC50002032F4E7104670475805002080B58189BE
:10EC600000F0CBF880BD80B5017808220A4302701D
:10EC70000C20FDF721FBEDF707FA80BD10B50488E5
:10EC8000F5F7DBF901462046FFF7D6FF002808D04C
:10EC9000017818220A4302700C20FDF70DFBEDF7F6
:10ECA000F3F9002010BDF0B585B0044605888089D1
:10ECB000461C2046FFF7D2FF232810D0B1B21B28F4
:10ECC00022D12046F0F7CBFC0146284600F05CF844
:10ECD00000283DD02046F0F79DFC002550E06788D5
:10ECE000B1B22046B9422AD2F0F7B9FC0146284613
:10ECF00000F04AF80028EDD1B01C81B22046F0F7B0
:10ED0000AEFC3018061DEBE72046F0F7A8FC0146E4
:10ED1000284600F039F8002824D06E467580204639
:10ED2000F5F78BF9B0801E2030703046FFF760F8A1
:10ED30000546002820D12046F0F76CFC1CE0F5F7D2
:10ED40007CF902460A2029462346FEF749FB12E0D9
:10ED50002046F5F772F902460A2029462346FEF7B7
:10ED6000A5F908E02046F5F768F902460A20294689
:10ED70002346FEF769F90546002D01D07B20C543E7
:10ED8000E8B205B0F0BD0000BFB5044600F022F8BF
:10ED90000546002806D10E48014600F01BF805463E
:10EDA000002802D02878022801D200200DE003A913
:10EDB00002AA01AB2046FDF794F8002804D1287878
:10EDC00002A909788142F0D2C02004B0B0BDC0468B
:10EDD000FFFF0000074A126858321268002A07D065
:10EDE0009388834202D153888B4201D00832F4E7E2
:10EDF000104670475805002070471CB51F2903D8DE
:10EE000001AA1180406805E0406801AC2246FBF78A
:10EE100080FC2188401800791CBD80B58189491C7F
:10EE200089B2FFF7EAFF80BD0020704700207047DD
:10EE300080B541680078F5F7FBF8002080BD704789
:10EE4000704770477047B0B504463020255C608F2E
:10EE5000F5F7ABFC2846F8F7A1F82546ED35002874
:10EE600004D03034607C0121FBF7CEF900202870FB
:10EE70001520FDF721FAEDF707F9B0BD7CB5044682
:10EE8000EFF78CF9054601212046F5F70DFF2646E0
:10EE90002C36214628318D4210D085420ED0616F2C
:10EEA0002046F5F757FE01212046F5F703FF01281C
:10EEB00004D16878002801D0001D68702546AC3563
:10EEC0003078032813D101A8FAF79CFF012806D057
:10EED00000280AD1E06EA16C4900081806E0216DF7
:10EEE0000198884202D3084600E0206D6860204601
:10EEF000F5F704FF2046F6F775FF2968143420461D
:10EF0000EFF78FFA7CBDF0B589B002464220155A62
:10EF1000506C019040180690C920400010180490D1
:10EF200010464230059010462D3003900792FE3275
:10EF3000029200200890A9B20122079E3046F6F7FF
:10EF400088F9F16C4143726C541874640899411843
:10EF500008912D18AFB230463946F6F7E7F9064664
:10EF6000002802D10698201AE5D4059C2088B842D2
:10EF700005D9029800880799FC31F8F76AF82580CE
:10EF8000002E089D1BD10798416C019A8F1A3946B3
:10EF9000F6F75EFA0646002811D111200001079904
:10EFA00008183946F7F7B9FA0646002807D1079836
:10EFB00039462A46F6F7A0FE0646002807D0039CED
:10EFC000207DFBF717F92670002004990880284659
:10EFD00009B0F0BDF0B599B00446408E401C608683
:10EFE0004120275C2D20205C002808D0EEF72EF869
:10EFF0003846FBF7FFF83846FAF70CFFBDE215205C
:10F00000000120180790C9204000201808902046D1
:10F010002C300C90254680352046AC30069020469A
:10F02000E4300B90EC4E3068EFF780F80A9000283F
:10F030000D953ED0264614363046EFF7A2F83046FE
:10F04000EFF793F82878800747D409972046EFF721
:10F05000A5F80746254628350C9800780021089128
:10F06000032800D0A8E03046EFF798F80346AF42F7
:10F0700015D0397803200A460240032A0AD18906AE
:10F0800000D40220385C062804D120460793F5F707
:10F0900049FD079B0D9A10684021014311601878C3
:10F0A00039780143C80676D40D980078C0067FD51C
:10F0B00082E009972046EFF764F82046EFF755F80D
:10F0C0000EA8002181770176059141773068EFF72E
:10F0D00021F8002814D0012518E08B2040002518C5
:10F0E000EDF7B4FF0C9E707DFBF784F800202870CC
:10F0F0003546132171700799887108990880F2E1EB
:10F100003068EEF7C0FF0546401E85410EA8C57663
:10F110003068EFF716F807460F90002D1ED0EDF778
:10F1200095FF0B9DE868002802D0C188491CC1806A
:10F13000286900280D9E0AD00C98407DEFF768FAE8
:10F140004000296908189421425A521C42520EA8C4
:10F1500001250576306800210591B9E004973068F3
:10F16000EEF7CDFF0D9F39784A09012529469143D5
:10F170000EAA917603900E903068EEF760FF00289B
:10F180006ED03878C0067BD4EEF71FFF38681021A8
:10F190000143396078E0069840680790EDF715FF65
:10F1A000616C081A0799401802D4E16E884203D2B4
:10F1B000EDF74CFF012008902046F5F798FD022856
:10F1C0003DD10D9880680068C10615D4400636D53B
:10F1D0000C98407DEFF757F90D9B98680168402225
:10F1E0009143016018680821884318601320FDF7D7
:10F1F00063F8ECF749FF22E0079700200F900E908C
:10F200000C9F787DEFF753F9787D0EA9EFF726FB79
:10F210003878032803D10C98407DEFF742FB0D9B13
:10F220009868016810229143016018680821014321
:10F2300019601320FDF740F8ECF726FF079FAF4257
:10F240000B9901D0888AC88208980028099F0C9DD4
:10F2500000D045E1069801683046EFF7E2F844E156
:10F260003068EEF704FF002827D00398002824D048
:10F27000EDF7ECFE0EA83D21059181770D9E23E070
:10F28000EDF7E4FE0EA80576049F0B98C0680028F1
:10F2900002D04188491C41800B9E306900280AD069
:10F2A0000C98407DEFF7B4F94000316908184A2105
:10F2B000425A521C42520D9E07E00D9E30681021AA
:10F2C0008843306000250595049F3168202008435D
:10F2D0007942794189013A464027B8434018306065
:10F2E000002D27D00EA8807F00286BD10EA8C07EED
:10F2F0000028099F0D9E00D0E9E0A06C00280B9D1E
:10F3000000D1C2E0354E3068D021415C01294AD19C
:10F310000568F4F783FD012800D09FE00C98007980
:10F320000E214143306894228058C06B8068401899
:10F33000C07994E0154620461430EEF72FFF119067
:10F340000178032211400EAE029171750178890691
:10F3500000D402220490805CF075F6F775FE3075DB
:10F36000A16E61660123002D0D9A08D01168194025
:10F3700005D01626EDF76AFE0EA8867722E0916882
:10F380004978C90703991AD0002918D0029A032A8C
:10F390000FD13D261228EDD8194681401048014270
:10F3A00003990CD1E6E7EDF751FE0EA80121017695
:10F3B0006AE004984078002801D03D26DAE70598F5
:10F3C00000280FD00C9D687DFAF714FF0EA8807FEF
:10F3D00068700126099F89E09C050020A005002097
:10F3E000120004001D46019720460F46EEF7D6FE98
:10F3F00006460EA8002101774176129603911091DE
:10F40000002F00D155E10C980078022814D10498FF
:10F41000007831780143C80609D5276DEDF7D5FD91
:10F42000616C081AC01902D4E16E884204D2EDF76B
:10F430000DFE0EA80121017604984778002F00D117
:10F4400037E10D9800680826064000D1B0E0F4F7D7
:10F45000E1FC012800D199E01C2098E00120666CB5
:10F46000EFF715FB281A6064A16C891B0818069A2F
:10F470005168814201D9081A50600020A06460637D
:10F480002046F6F7AFFC0B9D0D9E0EA8807E01284E
:10F4900002D1A06E606604E01220FCF70DFFECF7CD
:10F4A000F3FDE868002802D00188491C0180286922
:10F4B00000280C9D08D0687DEFF7AAF840000B9952
:10F4C00009690A5A521C0A522879F8F727FF0EA830
:10F4D000007E01280C9D08D13068102188433060DF
:10F4E000204600F088FA012600E000266D7D2846BF
:10F4F000EFF77DF80D990968002805D0480705D475
:10F500002846EEF7C0FF04E00807F9D52846EEF7D5
:10F51000CEFF002E1FD00D9EF568002D17D0099448
:10F520000C9C607DEFF73CF8024629461031012320
:10F530002846FDF7D7F9607D099CEFF71BF80146D7
:10F54000203508222846FDF73FF80020F0603846B5
:10F55000FAF760FC01E0EEF738FD0A9800280CD1BC
:10F56000EDF72BFD7F2805D00546FAF751FB28184B
:10F570000B9908702046F8F7D2FE01242046FCF7CC
:10F58000C3FEECF781FD204619B0F0BDFC200499C4
:10F5900038420DD04878001F487002200B998871BE
:10F5A0001320FCF789FEECF76FFD0EA8407D02905A
:10F5B0000298032810D10EA8C57D022D18D11198EC
:10F5C0004078022814D10EA8012101770D9D2868EA
:10F5D00002210143296043E00C980078032818D1E8
:10F5E0000B98007A002814D00220109901434FE0B4
:10F5F0002046F5F76AFB002821D00C98407DEFF7F4
:10F6000037FA002E0D9D2BD00C98407D00F06BFA40
:10F6100026E0119805904778F4F7FCFB012801D00B
:10F620001F2600E0FF263E401FD003982067EFF71B
:10F63000F7FE00281DD0022010900B9D2CE00C98A6
:10F640000078032808D1272D06D1119840780B287F
:10F6500002D10EA8012141770EA8012141760D9D0E
:10F66000286880210143296001E0039810900B9DD8
:10F6700016E0059800788006C00F3218618F284682
:10F68000EFF7A6FF2067002801D0294600E00221FD
:10F690000B9D1091880703D50C98407DEFF7E8F992
:10F6A00011980078A98AE982202101400EA881756D
:10F6B000129E012120460491F5F7F6FA07462046EE
:10F6C00028300590A36F002B10D0187A00070DD5B5
:10F6D000D86900280AD0BE4208D00598864205D0D5
:10F6E0000D990868019A9043086003E00F9800287C
:10F6F0000C9D19D0BE421AD0059FBE4227D0586932
:10F700009861197B039D1D731A8A511819828AB258
:10F710001E465B889A421CD2F2895118C90602968D
:10F720001AD10068B06117E0EEF74FFCDDE00293FC
:10F7300003212046F5F77CFD2046EEF70EFDB87854
:10F74000272802D10EA801214177059F07E00293E7
:10F7500005E0F6690296042510982843109020468B
:10F76000F5F7BFFA05462046F5F7C1FA0EA90E7F58
:10F77000002E22D1012820D1012620463146F5F75E
:10F7800093FA074620463946EEF745FD387880065D
:10F790001FD4B87827280B990C9D47D002284BD14D
:10F7A0000D99086830430860687D1F210A46FAF702
:10F7B000F7FCA06E079908603EE0EFF73FFE0028D7
:10F7C00014D0EEF702FC0E98002807D00C9D049888
:10F7D00006E02046EEF717FD0C9D2DE011200C9D54
:10F7E000208520463946EEF716FD73E00298002882
:10F7F000E7D0012DE5D0012EE3D0EEF7E6FB7C4803
:10F8000000688C214058029D298AEA8951181F22DC
:10F810000A401018871C20463946EEF7FCFC2046AB
:10F820002946F5F797F965670C9D53E0A87D787137
:10F83000E87DB871002088820D9880680068010713
:10F8400017D4800611D5687DEEF71DFE0D9B9868D4
:10F8500001682022914301601868042188431860E0
:10F860001320FCF729FDECF70FFCEEF7AEFB0D9D26
:10F8700020E0002017901690687DEEF718FE687D56
:10F8800016A9EFF75FF82878022802D1687DEFF714
:10F8900075F8EEF79AFB0D9DA86801680822914360
:10F8A000016028680421014329601320FCF704FD4E
:10F8B000ECF7EAFB02212046F5F7BAFCA8680168DC
:10F8C0004A070C9D06D504229143016008990888D7
:10F8D0003043088001212046F5F7ECF9012804D1D6
:10F8E0007878002801D0001D7870109881070D9954
:10F8F00006D50978090703D5687D00F0F4F810985B
:10F90000410706D520467830FCF7F2FEEFF7C0FD40
:10F910001098C00726D011984578F4F77BFA012893
:10F9200001D01F2200E0FF222A40206F428011995F
:10F930000B789B0602D40023037302E001230373B8
:10F94000521C4068891CFAF7C1FF206F0025C56171
:10F950001199097803220A40017A11430172EFF7E5
:10F960007BFD25670EA8407E012831D1002120466D
:10F97000F5F79AF906461198017840780002401888
:10F980003080F7F7C9FA0546F7F7BCFA2843C0B24A
:10F99000FAF75AF90EA9897D202901D0022100E049
:10F9A0000321119A5118001FC3B252789A4200D312
:10F9B0000246D2B2B01CEDF73DFA0D9840680168DE
:10F9C00001220A4302601520FCF776FCECF75CFB91
:10F9D0000EAD2046294600F00DF8A87D202800D065
:10F9E00080E41198807881092046F7F791FD79E449
:10F9F000A00500207047FEB50446F0202058274699
:10FA00004237002802D08188491C818025468035F4
:10FA10002046F7F71FFB606C01903E882046F5F703
:10FA2000DFF8024620463146F5F713FCE26C42430C
:10FA3000616C8918616400903018029086B2388831
:10FA4000B04206D92046FE3000882146FC31F7F747
:10FA500000FB286880218843286020463146F5F75E
:10FA600065FC064602983880002E1AD1606C019918
:10FA7000471A20463946F5F7EBFC0646002810D118
:10FA80001120000120183946F6F747FD06460028E8
:10FA900007D120463946009AF6F72EF90646002887
:10FAA0000AD0C9204000251827462D37387DFAF79F
:10FAB000A1FB3E7000202880A06F002801D0C669FD
:10FAC00000E000267834002E0CD03546F669287AFE
:10FAD0000007F8D520462946FCF7F4FD2846EFF745
:10FAE00099FDF0E7FEBD1CB504466946EEF7A1FDA1
:10FAF0000098411E0091002802D10198401E0190FB
:10FB000069462046EEF7AAFE1CBD000070B584B021
:10FB100015460A460446002B07D00A9882421FD198
:10FB20000B98684000021BD11BE00998089901233B
:10FB3000002902D006461E4004D1002911D102211D
:10FB400008400ED00848006894214158C8680969E7
:10FB500003AE009301962B46FCF7DEFD002800D192
:10FB6000FF24204604B070BDA0050020F0B587B08A
:10FB7000CD1EFF21FD2425421CD1002A1AD00D9E46
:10FB80000C990C68059406934B6882C8FF20000608
:10FB90003C46844312C60393059802900698019050
:10FBA000684268410090C8B25207D30F3A46FFF747
:10FBB000ADFF0146084607B0F0BD000010B50124B6
:10FBC000844008212046FAF705FD0349096894227C
:10FBD00089584C74C86010BDA0050020704770475C
:10FBE00070470000F8B5002846D00E460125682170
:10FBF0002846FAF7EFFC214F3968942409598860A8
:10FC0000B540EEB208213046FAF7E4FC39680959EC
:10FC100089684D724860009675001126212E0FD01C
:10FC200008212846FAF7D6FC3968095989688919E4
:10FC3000491F086038680059806885550836EDE727
:10FC400028210098FAF7C6FC3968095989680860C4
:10FC50000B480225012629463246FAF7A9FC3968E5
:10FC6000095989688864064831462A46FAF7A0FC93
:10FC7000396809598968C864F8BDC046A0050020E4
:10FC8000B00500200020704700207047002070471A
:10FC900080B50A4A12683D23D25C0270012A05D061
:10FCA000002A08D10846F0F7F1FF02E00846F0F715
:10FCB000F7FF002080BD862080BDC046EC050020F7
:10FCC00070B50D4606460620F4F7E2FA0446002811
:10FCD00003D02846EFF79EFC08E0308901F0DEF8FB
:10FCE00002460020024B0146FBF770FD204670BD26
:10FCF00030750000B0B51C461546002907D10189B2
:10FD000000200622EFF764FC0146002809D00220FB
:10FD1000488048680572486844720620F4F7B8FACB
:10FD2000B0BD8820B0BD80B5FBF7ACF880BDF0B5A4
:10FD300097B0044603AE002150223046EDF78AF812
:10FD40005920205C71780143717030463E30214665
:10FD50005A3106252A46EDF76DF8207CF070E07DDB
:10FD6000010716D411202056002804D503A8417895
:10FD700080220A43427003AE301D21461E3102220A
:10FD8000EDF758F8B01D214620310822EDF752F862
:10FD900003E0FE21084003A9887003A80E30214625
:10FDA000283110263246EDF745F8607C81060CD5E7
:10FDB00003AF38461E30214638311022EDF73AF8AD
:10FDC0007878202101437970607C40060BD503AF21
:10FDD00038462E30214648311022EDF72BF878783E
:10FDE000402101437970A07C052108420AD003AF6D
:10FDF0003846443021461C310222EDF71BF8787852
:10FE0000304301E003A84078E17A2940014303A888
:10FE10004170A16EE26E15911692FBF737F8054618
:10FE200000280CD0A11C01AC06222046EDF702F8F8
:10FE3000A5714220052107222346FDF733FE2846FF
:10FE400017B0F0BD70B594B00E4604464178801CE2
:10FE50006A46FBF73EF80546002E05D0002D03D17B
:10FE60006846214600F004F8284614B070BD000032
:10FE7000F8B50C46054601208873E87808740846F2
:10FE80001C30294644310226194F3246B8472046D5
:10FE90001E30291D3246B84720462030A91D0822B1
:10FEA000B8472046283029460E3110263246B8473A
:10FEB0002046383029461E313246B8472046483061
:10FEC00029462E313246B847A86CA066E86CE06639
:10FED000687806210140E172E0210140607C08431E
:10FEE0006074A878010702D5FE210840E075F8BDCE
:10FEF00035CE041070B594B014460E464178801C7F
:10FF00006A46FAF7E6FF0546002807D10020307060
:10FF100069463E3106222046ECF78CFF284614B095
:10FF200070BDB0B594B014466A46FBF74BF8054671
:10FF3000002803D168462146FFF79AFF284614B0EF
:10FF4000B0BD1F207047000070B50446807B0321C0
:10FF50000140258903290AD12046FFF7E8FE002841
:10FF600005D008210022204600F026F870BD284662
:10FF700000F094FF0246012000210E4BFBF726FC07
:10FF8000E07C032802D1002000F0E6FF2046183074
:10FF9000002604223146ECF75DFF2046314600F092
:10FFA0003BF8F120A0720220294632463346FDF785
:10FFB000EDFD70BD30750000F8B516460C460546DF
:10FFC000008900F06BFF024601200027114B3946E3
:10FFD000FBF7FCFB2889FBF7BDFB0221284600F05C
:10FFE0001BF82846183004223946ECF733FFE87B2B
:10FFF0002F210140E973002E04D06878A91C00F07D
:020000041006E4
:1000000051FEFB27AF722989022002462346FDF7E5
:10001000BDFDF8BD30750000BCB56022825CD20722
:10002000827A04D16032D2B2512A04D30FE0503226
:10003000D2B2402A0BD8094A1268B123D35C002BF4
:1000400005D0B132047D0125A540AB4313706A464B
:1000500011710090104600F0B2FFBCBDEC0500200D
:10006000B0B50C466021615C01220A40A37A406869
:10007000417A02D19F2B02D8B0BDB02B14D3F02B04
:1000800015D9F12B0ED10F290CD1254659350F2149
:1000900001222046FFF790FF29785A342046FAF7CC
:1000A0007FFFB0BD002AE7D0207E8007E4D0012288
:1000B0002046FFF781FFB0BDF8B51F4613460C463A
:1000C0000546052219462346FFF714FE0646002F73
:1000D00001D1882E04D0012228462146FFF76CFF6B
:1000E0003046F8BD10B50B490A68B121535CB132F6
:1000F0000021032905D001248C401C4203D0491C57
:10010000F7E7032103E0002801D023431370C8B2AE
:1001100010BDC046EC0500200001002900D00830C9
:10012000C0B270471CB5042107226C462346EFF786
:100130008DFA62780A21042A13D86A469278012A35
:100140000FD86A46D27892070BD40749096834223F
:100150008A5C69460979914202D31129014600D38C
:10016000062108461CBDC046EC05002080B5127D66
:100170001201002900D00832D1B2044A1268531883
:10018000B43304210722EFF761FA80BDEC050020AB
:10019000F0B524490968027D12010832D2B28B18E9
:1001A000B5241C5D0473B6241B5D012B03D1437B76
:1001B00002241C4344730B463633032515430C4677
:1001C000B434655D01262E40877B37438773042650
:1001D0003540C77B2F43C7731643A55D05740525BE
:1001E0001543645D6025455DED070ED11D782C40FB
:1001F00007252C408474062422438918B422895C84
:100200005A780A402A404274F0BD5D782540457412
:10021000062422438918B422895C1A780A40827421
:10022000F0BDC046EC050020F8B5017B427BD3074A
:1002300001D0930705D4C37D08241C4003D0920746
:1002400001D0032219E0C37B0522134214D0424B94
:100250001B6840255D5D4A43404B9A18525DC2744D
:1002600003461333002A0BD1002C3DD101296FD155
:10027000012D6DD101226CE00122C27403461333BB
:100280006024055D0126354003D11A240457002C53
:1002900026D404460F342478E40704D0012A02D17E
:1002A00003241C7052E0C37D1B0703D5022A01D131
:1002B0000023C376022A11D1C27BEF231340C373FC
:1002C000254A12684023D25C0024022A274618D30C
:1002D000042A0BD0022A13D1374612E0002435E05D
:1002E0001D4C24683134D6E7042232E00229374617
:1002F00007D304292F4604D0022901D1274600E064
:10030000FF27174909684E22895C49071ED50689CF
:100310001448006880690225462203232946EFF726
:1003200041FB002812D001468672042048720D72EB
:100330000024CC71052088710F73FF204871822042
:100340000871300AC8722846EFF7C9FB2046F8BD8D
:1003500002221A7094E7C046EC05002030330610E4
:10036000A0050020500500200B49096830228A5C56
:100370000123134030314A78D207520FD218CB787C
:10038000DB07DB0ED21889784B080B43D907090F1E
:10039000511801707047C046EC05002070B5054645
:1003A0000089FBF7FAFD464246411B4909683C2299
:1003B000895C022904D0002401292AD1002828D1EF
:1003C00008200143A975154800684E21405C0124AE
:1003D00080071ED52D8912480068806902214B22B2
:1003E0000323EFF7DFFA002813D0014685720420BB
:1003F00048720B2008720020C871052088710E73A6
:10040000FF20487182200871280AC8720220EFF785
:1004100066FB204670BDC046EC050020A00500200C
:100420005005002010B507244480446821720B4910
:1004300009684024095D44686172012111404268E5
:1004400091724168CB724168029A0A734168039ABB
:100450004A7340680499817310BDC046EC050020C2
:10046000F8B50C46074601252846FFF73BFE022853
:1004700001D93820F8BD06463846FFF753FE00285C
:1004800010D0014610480068B122825C002A03D0D7
:10049000B130B540AA430270002201232046FFF785
:1004A0000BFEF8BD2675012138462246FFF75EFE99
:1004B0002046FFF773FF002801D00020F8BD20463A
:1004C00000F004F8F8BDC046EC050020F0B587B098
:1004D000044606A80026067021890B223046EFF755
:1004E00077F800281BD00590B020A072E675E07B5D
:1004F0002F210140E173434F3D68207D012104918C
:10050000FFF70AFE4019B721455C38683221405C8C
:10051000022806D10820284003D1032151E0882673
:1005200061E0207EC00705D106AF3846FFF71CFF0B
:10053000387802E0607D06A9087005401820284040
:10054000E17D0143E175080701D4B42706E02046A8
:1005500000F031FD0146002833D1B227204600F0DB
:10056000DFFC06984107C90FE173C007800FA07335
:100570002046FFF70DFE2046FFF756FE01460028F5
:100580001FD1E07C022804D1E07BC00601D44D20BD
:10059000C7431C4800683521405C06A90B78627B84
:1005A000617CA57C0090019102950221059D284661
:1005B000FFF738FF20462946FFF782FB0146002857
:1005C00014D010480068B122825C002A05D0B130F6
:1005D000237D049D9D40AA43027001232046059A75
:1005E000FFF76AFD0646304607B0F0BDE07AF82115
:1005F0000140E172059831462246FFF7B7FDA77228
:10060000F1E7C046EC050020F0B589B00C4607467E
:100610000989002515222846EEF7DAFF002813D0B5
:100620000646002F06D023462833052110223846DF
:10063000EFF70CF8E07D000708D42146483105AA01
:10064000204600F031F807E0882019E005A8029064
:10065000019401A800F061F91120708070680321F5
:1006600001720521102205AB3046EFF711F8204644
:100670003146FFF725FB002802D1B620A07228469C
:1006800009B0F0BD10B50446483010210022FCF737
:100690003AF9E07D000702D4B520A07210BD2046D3
:1006A00000F03AF910BD0000F0B59BB01446069179
:1006B00007460FAE00252E2230462946ECF7CAFB2E
:1006C0003046103010220699ECF7B4FB2036F87C47
:1006D00003280DD0022812D144480068806B0FA96E
:1006E0000870020A4A70020C8A70000EC87006E098
:1006F0003E48016844310FA81022ECF79BFB387D7F
:1007000001210591FFF708FD0290387D2946FFF78A
:1007100003FD01906120385CF07106960FAE304603
:1007200028303946623106220092314B04909847B6
:1007300078780699087030462130B91C0390009AE9
:100740002B4B98472948006801994118B4310BAFE9
:100750003846093007220192254B98472348006804
:1007600002994118B431B81C019A214B9847781C62
:100770000699C91D059A1E4B98471D4B3846069988
:10078000059A98471036102D07D0705D0BA9495D6A
:10079000414007A841556D1CF5E70FA807A922465F
:1007A000F3F7DEFA0BAE0025102230462946ECF7AF
:1007B00051FB0627304604993A46ECF73BFBB01D47
:1007C00003993A46ECF736FB102D07D0605D0BA974
:1007D000495D414007A841556D1CF5E70FA807A9E1
:1007E0002246F3F7BDFA1BB0F0BDC046EC05002071
:1007F00035CE0410F0B58BB00D46064600240294A9
:10080000098915222046EEF7E3FE002820D007468E
:100810002B4638330521102230461E46EEF716FFD0
:10082000E87D000716D40094344603AE28462146DE
:100830003246FFF739FF2946283110223046264636
:10084000009CECF717FB01A9BC220A7002900CE097
:1008500088245BE001A80A9002A8099003A80890E8
:10086000079507A800F05AF80298002806D004213E
:10087000012328463A46FFF71FFC1BE01120788031
:100880007868042101722B4648330521102238462E
:10089000EEF7FEFE28463946FFF712FA002809D186
:1008A0000198A8721B4800683521405C297C814270
:1008B00000D928740298002828D1E87D000725D4A3
:1008C00007A8002410222146ECF7C4FAE87C03288C
:1008D0000DD0022812D10F480068806B07A908705C
:1008E000020A4A70020C8A70000EC87006E00948BD
:1008F0000168443107A81022ECF79CFA29464831D8
:10090000283507A832462B46FAF7A0FC20460BB044
:10091000F0BDC046EC05002070477047704780B5B9
:10092000012911D1427C530705D0C37D1B071DD57A
:1009300006231A401AD16022835C01221A40002942
:1009400006D0002A19D103E0002900D080BD002282
:10095000817CCB0704D0C37D1B0701D4D12109E0E2
:100960008B0706D4490708D5D52103E0D021817231
:1009700080BDD3218172002A02D000F004F880BD2E
:1009800000F016F880BD80B56021415CC90706D132
:1009900011214156002902D5817E8A0602D4FFF733
:1009A000D3FA80BD042211438176FFF7CAFA80BDD5
:1009B000F0B589B0044608A80026068021891522D2
:1009C0003046EEF705FE00282DD005466020205C5D
:1009D000C0060BD42746603720461C300221002277
:1009E000FBF791FF3878102101433970A07AD13894
:1009F000042875D878440079400087440219384E9D
:100A000060003C48006821461C31083008AA04AE4A
:100A10003346FAF79DFB6868062101721120688051
:100A2000227C052158E00E200021FBF757FC5FE0F7
:100A300004AE08210291002230460196FBF763FFC5
:100A400020461C3008AF31463A46FAF74BFB0B20E4
:100A500068806868072606720521022228463B4600
:100A6000EEF716FE28463146029A019B36E0112029
:100A7000688068680821017204A800211022ECF740
:100A8000E9F9F0F72BF8002802D004A8FAF774FB74
:100A90000521102204AB284620E003A8067004AE0E
:100AA0003146FFF7F5F8082068806868092101726F
:100AB000686803994172062128460A460DE0112014
:100AC000688068680A21017220461C3004AE3146F5
:100AD000FAF7D4FB0521102228463346EEF7D8FD5D
:100AE00020462946FFF7ECF8002801D1DD20A0724E
:100AF00009B0F0BD4C05002080B5827ADD2A23D1F3
:100B00008A1F042A1ED8D2217A44127952009744AF
:100B1000180211070A00817C8A0702D5D32110E050
:100B2000817C49070CD46021415CC90704D1FFF7DF
:100B30002AFF80BDD42104E00121FFF7F0FE80BD33
:100B4000D5218172FFF734FF80BD0000F0B585B07C
:100B500007464068057AA81F042823D80C46887ADF
:100B60008626D0281FD1204659300190208900F0D8
:100B700095F902460020444B02900146FAF726FE02
:100B8000062D05D0092D11D0082D34D0072D3DD1CB
:100B9000E07D000707D4607CC00704D0062D44D157
:100BA00028342CE08426304605B0F0BD607C8007F8
:100BB000F9D503AB00269E800396062138460A46E7
:100BC000EEF73BFD002845D07868407A019D2870FB
:100BD00023465A33062138460A46EEF737FD287871
:100BE000012803D1A8798009032845D3617C2020FE
:100BF000084360742FE0607C8007D4D53834052129
:100C0000102238462346EEF721FD33E0607C400792
:100C1000C9D523464833052110223846EEF716FD84
:100C2000607C40210143617417E07868407AA077C6
:100C30007868807AE07723462033072108223846F7
:100C4000EEF704FD607C8021014361744007800F52
:100C500010D102E0607C4007A5D40198C079C0079C
:100C600005D1002620463146FFF759FE9BE7204676
:100C7000FFF76AF9029E96E7082100220123204629
:100C8000FFF71AFA06468EE73075000080B503209C
:100C90000821F9F79FFC02490968A822885080BD05
:100CA000EC050020FEB50191032002900027304A98
:100CB0003D4616461068A8240059C019801C06221B
:100CC0000199ECF7D7F8002831D002980328324672
:100CD00009D110680059C05D8006800F01D0032043
:100CE00000E0E8B2029008376D1C032DE1D11068D6
:100CF0004125415DA830022936D80299CF0000680D
:100D0000C019801C164606220199ECF793F830684A
:100D100000591021C1550298C2B200200121154B83
:100D2000FAF754FD3068415D491C4155FEBD3068FD
:100D30000059C35DCF211940103103221A40531CC2
:100D4000032A02D0DC2421401943C155032A00D1D3
:100D5000134609A0C05C7D21CB004343EAB20020CA
:100D60000121FAF733FDFEBD01210172FEBDC0462F
:100D7000EC050020B80B000003050A14F8B5294E55
:100D80003168A8254959C4000A5DD3060ED49306DC
:100D900046D50919930735D0FC231340521E03246E
:100DA0001440E2180A7000F041F8F8BD00F03EF877
:100DB000306840590019841C6520C64337466537A2
:100DC000194800683421405C7F1C874228D21548AE
:100DD0000068A425405980197036683006222146E3
:100DE000ECF748F80028EBD10E4800684059815DC7
:100DF000FB2915D1102181550E20FBF75DFAEBF789
:100E000043F9F8BD35460024082208462146ECF790
:100E100021F83068B02144544121425C521E4254B2
:100E2000F8BDC046EC0500204C05002010B5044676
:100E300000200121074B2246FAF7C8FC064800684B
:100E4000A8214058E100425CCF2313402033435493
:100E500010BDC046204E0000EC050020F8B50C4641
:100E60000720C0430C4E05460835182D10D03168B8
:100E7000A827C95908180A3006222146EBF7FAFFBD
:100E800000282846F0D13068C059405DC00601D422
:100E90000020F8BD0120F8BDEC050020B0B50D49DB
:100EA00009683422895C002811D00B4A1268A432E8
:100EB0000023DCB28C420AD27025654314686419A1
:100EC00024894440240501D05B1CF2E71946C8B2CE
:100ED000B0BDC0464C050020EC050020F0B5014631
:100EE0000020002917D00C4A12683423D35C7022EA
:100EF0005A436F23DD43094B1B68A4332C467034DF
:100F0000A24208D01E6875197827ED5B4D402D056B
:100F10002546F4D13019F0BD4C050020EC05002029
:100F2000B0B504460B480068AC2140584578801C99
:100F3000A11C0622EBF79EFF01460020002900D0ED
:100F4000B0BD61788D42FBD1617B012001436173AB
:100F5000B0BDC046EC05002080B5282250430449AE
:100F60000968AC23C95808180021EBF773FF80BD4E
:100F7000EC05002070B50D4909683422895C7022A7
:100F80004A430B490B68A43300210C46A2420AD005
:100F90001D682D19EE7DF60702D02D89854201D1FD
:100FA0007034F3E70121084670BDC0464C050020AF
:100FB000EC05002070471F2070471F2070477047C6
:100FC00070470000002310B5040003604360836095
:100FD00081814366C28103614361836119000822F4
:100FE0005C3000F027FA0B4B246263620A4BA36269
:100FF0000A4BE3620A4B23630A4B9C4205D00A4B1F
:101000009C4202D0094B9C4203D12000583000F092
:101010006DFA10BD4112061069120610A1120610D9
:10102000CD120610F805002060060020C80600203A
:1010300010B5034A0349044800F06CF810BDC046DF
:10104000B8080020911D0610C808002041680B4B0D
:1010500010B50400994201D000F09AFEA168084B37
:10106000994202D0200000F093FEE168054B9942BE
:1010700002D0200000F08CFE10BDC046F805002014
:1010800060060020C806002010B5094B094A04215B
:101090001A6009480022FFF795FF0122092107483D
:1010A000FFF790FF022212210548FFF78BFF10BDCA
:1010B0003007002031100610F805002060060020DF
:1010C000C806002010B5024800F011FA10BDC04655
:1010D0003907002010B5024800F00AFA10BDC046DA
:1010E0003907002010B50400FFF7ECFF236A002B3E
:1010F00002D0FFF7EFFF10BD044B2362044B1B68C7
:10110000002BF6D1FFF7C0FFF3E7C0464D100610E5
:1011100030070020F7B51400002600900191A56863
:101120006768013F04D52468002CF8D13000FEBD6B
:10113000AB89012B08D90E22AB5E013304D0290004
:101140000098019B984706436835EAE70FB407B556
:10115000054904AB086804CB8168019300F0FAFAF2
:1011600003B008BC04B01847C408002010B5034BF6
:1011700001001868826800F0A2FE10BDC4080020BB
:10118000036A70B505000E008468002B01D1FFF7DB
:10119000A9FF636EDB0705D4A3899B0502D4A06D6C
:1011A00000F0A5F9A3891B0702D52369002B1FD1E5
:1011B0002100280000F0D2F8002819D001256D4246
:1011C000636EDB0705D4A3899B0502D4A06D00F0F4
:1011D0008FF9280070BD0136A360002B04DAA269E4
:1011E0009A4216DC0A2914D023685A1C226019700E
:1011F000A3683178013B0029EDD1A360002B0FDA01
:10120000220028000A3100F067F80130D6D00A2504
:10121000D6E72200280000F05FF80130E8D1CDE7E2
:1012200023685A1C22600A221A70F0E710B5034B9B
:1012300001001868FFF7A4FF10BDC046C4080020D5
:1012400070B50C000E25495F00F022F9002803DB81
:10125000636D1B18636570BDA389024A1340A381A7
:10126000F9E7C046FFEFFFFFF8B51F008B890500C7
:101270000C001600DB0505D50E23C95E00220223F3
:1012800000F0F2F8A389054A28001340A381320038
:101290000E23E15E3B0000F00FF9F8BDFFEFFFFF0A
:1012A00070B50C000E25495F00F0DEF8A389421CE2
:1012B00003D1054A1340A38170BD8022520113431C
:1012C000A3816065F8E7C046FFEFFFFF10B50E236E
:1012D000C95E00F0B7F810BDF8B506000D001400A7
:1012E000002804D0036A002B01D1FFF7FBFEA3699D
:1012F000A360A3891B0702D52369002B09D1210014
:10130000300000F02BF8002803D001256D422800A2
:10131000F8BD23692068EFB2C01A6369EDB2834259
:1013200005DC2100300000F033FD0028EDD1A3687A
:101330000130013BA36023685A1C22601F7063695F
:10134000834204D0A389DB07E1D50A2DDFD1210038
:10135000300000F01DFD0028D9D0D6E72D4B70B528
:10136000050018680C00002804D0036A002B01D186
:10137000FFF7B8FE0C22A35E1A0723D4DA0607D4BF
:1013800009222A60402201201343A38140423AE00F
:101390005B0713D5616B002908D0230044339942C1
:1013A00002D0280000F0B2F8002363632422A3894E
:1013B0009343A38100236360236923600823A289E8
:1013C0001343A3812369002B0BD1A0218022A38981
:1013D000890092000B40934203D02100280000F0C6
:1013E0002DFD0C22A35E01211A000A400B420BD0F6
:1013F0000022A26062695242A261002022698242F8
:1014000001D11A06BED470BD990700D46269A260EA
:10141000F3E7C046C408002030B500240139A242D9
:1014200001D1002005E0035D01340D5DAB42F6D033
:10143000581B30BD03008218934200D170471970C9
:101440000133F9E7002370B5064D040008002B6056
:10145000E2F7BAF8431C03D12B68002B00D02360BD
:1014600070BDC0463407002070B5040008001100AC
:101470001A000023054D2B60E2F7C7F8431C03D187
:101480002B68002B00D0236070BDC04634070020BD
:1014900070B50400080011001A000023054D2B60F0
:1014A000E2F759F8431C03D12B68002B00D02360CE
:1014B00070BDC0463407002070B50400080011005C
:1014C0001A000023054D2B60E2F762F8431C03D19C
:1014D0002B68002B00D0236070BDC046340700206D
:1014E000014B18687047C046C40800207047704719
:1014F000704710B500F001F810BD002310B59A42F6
:1015000000D110BDCC5CC4540133F8E770B50500C0
:101510000C1E10D0043C2368002B00DAE4182800CD
:1015200000F0E0F81D4A1368002B05D163601460D9
:10153000280000F0DFF870BDA34208D92068211808
:101540008B42F3D119685B6809182160EEE71A0035
:101550005B68002B01D0A342F9D911685018A04252
:101560000BD120680918501811608342E0D1186827
:101570005B68411811605360DAE7A04202D90C237E
:101580002B60D5E7206821188B4203D119685B686E
:101590000918216063605460CAE7C0464007002014
:1015A00070B50F4E0D0031680400002902D100F023
:1015B000E1FC30602900200000F0DCFC431C03D17A
:1015C00001256D42280070BD0323C51C9D43A84220
:1015D000F8D0291A200000F0CDFC0130F2D1EFE75D
:1015E0003C070020F7B50322CB1C934308330500CA
:1015F0001F000C2B34D20C27B94233D8280000F03E
:1016000071F8374E33681C00002C2FD139002800A8
:10161000FFF7C6FF0400431C5FD134680094009BB1
:10162000002B4AD1002C52D023682800E3180099DF
:10163000019300F09FFC019B834248D1236828005E
:10164000FF1A3900FFF7ACFF013040D02368DB19E7
:10165000236033685A68002A33D1009B336019E055
:10166000002BC9DA0C232B600020FEBD2168C91BAA
:1016700020D40B290AD9E2192760A34204D1326091
:1016800063681160536005E05A60F9E76268A3423D
:101690000ED13260280000F02DF8200007220B3018
:1016A000231D9043C21A9842DFD01B1AA350DCE7D7
:1016B0005A60EFE723006468A6E7009C6368009324
:1016C000ADE71A005B68A342FBD10023DAE70C23E5
:1016D00028002B6000F00EF8C6E70760DAE7C04686
:1016E0004007002010B50248FFF701FF10BDC046BB
:1016F0003807002010B50248FFF7FAFE10BDC046BB
:1017000038070020936810B5013B9360002B04DA82
:101710009469A34207DB0A2905D01368581C10609E
:101720001970080010BDFFF7D7FD0100F9E7F8B503
:1017300006000F001400D518AC4201D1002007E0CC
:1017400021783A003000FFF7DDFF0134431CF3D16C
:10175000F8BD0000F0B5A1B00F0015001E00039009
:10176000002804D0036A002B01D1FFF7BBFC7B6E7D
:10177000DB0705D4BB899B0502D4B86DFFF7B7FE24
:10178000BB891B0702D53B69002B13D13900039895
:10179000FFF7E4FD00280DD07B6EDB0703D50120A9
:1017A000404221B0F0BDBB899B05F8D4B86DFFF76E
:1017B0009FFEF4E7002308AC6361203363761033A7
:1017C000A37607962E003378002B01D0252B48D125
:1017D000731B0593AE420BD02A0039000398FFF724
:1017E000A6FF013000D1AEE06369059A9B186361E2
:1017F0003378002B00D1A6E0012200235242626020
:1018000004A954325218751C2360E360A36013705E
:10181000A365594B052218002978059300F0BCFBFD
:101820006E1C00281FD12268D30604D5532304A9B7
:101830005B1820211970130704D5532304A95B18E2
:101840002B2119702B782A2B16D02E0000210A206C
:10185000E3683278751C303A092A50D9002911D131
:1018600017E00136AFE7059B2268C01A01238340C9
:10187000134335002360CCE7079B191D1B680791B4
:10188000002B01DB0B9304E05B42E3600223134374
:10189000236033782E2B0CD173782A2B34D1079BFD
:1018A00002361A1D1B680792002B01DA01235B42E6
:1018B0000993324D03222800317800F06DFB002897
:1018C00006D04023401B8340226801361343236027
:1018D000317806222A48751C217600F05DFB00282D
:1018E00040D0284B002B22D10722079B073393437C
:1018F000083307936369049A9B18636162E7434363
:101900002E0001219B18A4E700230A2019000136AC
:1019100063603278751C303A092A03D9002BC8D08D
:101920000991C6E741432E0001238918F1E707AA70
:10193000009221003A00144B039800E000BF04908D
:10194000049B0133D6D17B6EDB0705D4BB899B0595
:1019500002D4B86DFFF7CCFDBB895B0600D51EE74E
:101960000D981EE707AA009221003A00064B039843
:1019700000F07CF8E3E7C046493306104F33061009
:1019800053330610000000002F170610F7B516009D
:1019900001938A680B690C000090934200DA1300EF
:1019A0002200336043321278002A01D001333360C1
:1019B00023689B0602D5336802333360226806230E
:1019C00015001D401A4227D0230043331B785A1EAE
:1019D00093412268920630D4220001990098089D14
:1019E0004332A847013025D0062223680025134042
:1019F000042B05D13368E568ED1AEB43DB171D4076
:101A0000A3682269934201DD9B1AED180026B542B6
:101A100020D1002010E00135E36832689B1AAB4208
:101A2000D2DD2200012301990098089F1932B8479E
:101A30000130F0D101204042FEBD3020E118433199
:101A4000087021005A1C45310978A218433202332C
:101A50001170C1E72200012301990098089F1A32F2
:101A6000B8470130E6D00136D1E70000F0B58BB0C1
:101A700006920A0043320793059003920A7E0C00F7
:101A8000109B782A09D8622A0BD8002A00D1BAE024
:101A90007A490491582A00D18EE0250042352A70F7
:101AA00022E0100063381528F7D8DEF7B7FB1600E0
:101AB0001F00F6FFF6FFF6FFF6FF1F00F6FFF6FF2A
:101AC000F6FFF6FF9F0036007E00F6FFF6FFB0003F
:101AD000F6FF3600F6FFF6FF820025001A68423551
:101AE000111D196013682B7001239EE018680968A6
:101AF000021D0D060BD506681A60002E03DA2D2391
:101B0000039A764213705D4B0A27049318E0066827
:101B10001A604906F1D536B2EFE70868196840C97E
:101B2000050602D4400600D5B6B21960534B0A2709
:101B300004936F2A00D1023F2300002243331A701E
:101B40006368A360002B06DB04212268039D8A439F
:101B5000226033430CD0039D30003900DEF7EEFBEA
:101B6000049B013D5B5C2B70330006009F42F3D960
:101B7000082F09D12368DB0706D5626823699A42DA
:101B800002DC3023013D2B70039B5B1B2361079B11
:101B9000210000930598069B09AAFFF7F7FE013084
:101BA00048D1012040420BB0F0BD202209680A4311
:101BB0002260782232490491210045310A70196867
:101BC000226840C9100602D4500600D5B6B219608A
:101BD000D30702D5202313432360002E01D0102702
:101BE000AAE72022236893432360F8E71A680D6868
:101BF000101D4969186013682E0601D5196002E0AE
:101C00006D06FBD519800023039D2361BFE71A6889
:101C1000111D1960156800212800626800F0BCF9E8
:101C2000002801D0401B6060636823610023039A91
:101C30001370ACE72A00236906990598079DA84709
:101C40000130AED023689B0715D4099BE068984209
:101C5000A9DA1800A7E72200012306990598079E34
:101C60001932B04701309CD00135E368099A9B1ABC
:101C7000AB42F0DCE9E70025F7E7C0465A3306102F
:101C80006B330610F7B50C228B5E05000C001A07AB
:101C900056D44A68002A02DC0A6C002A4EDDE76A44
:101CA000002F4BD0002280202E682A601A004001AD
:101CB000216A0240034233D0626DA3895B0706D5D7
:101CC0006368D21A636B002B01D0236CD21A0023F5
:101CD0002800E76A216AB847A289431C06D129680F
:101CE0001D2946D8294BCB40DB0742D50023636032
:101CF00023692360D20405D5431C02D12B68002B35
:101D000000D16065616B2E60002917D02300443339
:101D1000994202D02800FFF7F9FB002363630DE02E
:101D200001232800B8470200431CC6D12B68002BB2
:101D3000C3D01D2B01D0162B1AD12E6000201EE01F
:101D40000E69002EFAD00F680E60BA1B01920022B5
:101D50009B0700D14A69A260019B002BEEDDA36ABC
:101D600032001F002800019B216AB847002807DCC9
:101D7000A2894023012013431BB2A3814042FEBD30
:101D8000019B36181B1A0193E6E7C046010040206C
:101D90000B6970B505000C00002B02D1002528004E
:101DA00070BD002804D0036A002B01D1FFF79AF917
:101DB0000C22A35E002BF1D0626ED20704D49B05E7
:101DC00002D4A06DFFF793FB28002100FFF75AFF14
:101DD000636E0500DB07E2D4A3899B05DFD4A06D09
:101DE000FFF786FBDBE7000070B50E001D000E2339
:101DF000C95E140096B000290CDAB2898023110064
:101E000019401A4214D18023DB000020296023608E
:101E100016B070BD6A4600F089F80028EDDBF023AB
:101E200001991B021940044BC9184B425941EAE77A
:101E300000214023E9E7C04600E0FFFFF0B502269D
:101E40008B8905000C0085B0334207D0230047334F
:101E5000236023610123636105B0F0BD03AB02AAD7
:101E6000FFF7C2FF029F019039002800FFF7BAFB7D
:101E7000002808D10C22A35E9A05EDD403229343D7
:101E80001E43A681E2E78023A28920601343A38139
:101E9000039B20616761002B0CD028000E23E15EBC
:101EA00000F056F8002805D00323A2899A43023B8C
:101EB0001343A381A389019A1343A381CCE770B58F
:101EC00006000D001400002804D0036A002B01D185
:101ED000FFF708F9636EDB0705D4A3899B0502D4DD
:101EE000A06DFFF704FBA368013BA360002B05DA9C
:101EF000A269934212DBEBB20A2B0FD023685A1C63
:101F000022601D70EDB2636EDB0705D4A3899B05CB
:101F100002D4A06DFFF7ECFA280070BD2900220062
:101F20003000FFF7D9F90500EDE70000002370B598
:101F3000064D0400080011002B60E1F74FFB431C25
:101F400003D12B68002B00D0236070BD3407002024
:101F5000002370B5064D040008002B60E1F74CFB30
:101F6000431C03D12B68002B00D0236070BDC046FA
:101F700034070020002370B5064D040008002B60D4
:101F8000E1F74EFB431C03D12B68002B00D02360EC
:101F900070BDC04634070020C9B28218904201D1FA
:101FA0000020704703788B42FBD00130F6E7000039
:101FB000F7B500258AB00E460446002804D0002E4E
:101FC00006D10C98002803DD612040010DB0F0BD62
:101FD0000C98002804DB102804DA2079800601D44C
:101FE0008C48F3E72079410701D4810702D589485D
:101FF000401CEBE740210843207120461430089034
:102000001CE0002081004A199219537817781B02AE
:102010003B4397785BBA1B043F02D2783B431343A0
:102020000A195269401C534004AA53500428E9DBA2
:10203000A26804A80899E7F7E8F9009D0C992846DA
:10204000103000908842DCDB207980061ED4002905
:102050001CDD002081004A199219537817781B0261
:102060003B4397785BBA1B043F02D2783B43134350
:102070000A195269401C534004AA53500428E9DB52
:10208000A26804A80899E7F7C0F9C0E00020009012
:1020900001900290039069460846A268E7F7B5F9F7
:1020A00000998722C80F5043019A4900D20F11436B
:1020B00000910199029A4900D20F114301910299AE
:1020C000039A4900D20F1143029103990C9A4900D7
:1020D000414028461030039190421AD100208100DF
:1020E0004A1993195A781F7812023A439F7852BAC4
:1020F00012043F023A43DB786F461A430B195B69BF
:102100007F58401C7B405A4004AB5A500428E6DB01
:1021100074E0009A8723D00F5843019B5200DB0FD5
:102120001A430092019A029B5200DB0F1A4301925C
:10213000029ACB0F52001A4302924A004240039285
:102140000C9A0020531BDA179C46920F624492109F
:10215000964616E081004A1993195A781F781202A0
:102160003A439F7852BA12043F023A43DB786F46F3
:102170001A430B195B697F587B405A4004AB5A5095
:10218000401C8645E6DC81000A196B4652695B58A3
:1021900067465A4004AB5A507F1A00224B19BC467E
:1021A0009E460BE073469B18F35CD7001825ED1B89
:1021B000AB4004AD6F587B406B50521C9445F1DC32
:1021C000002A09D0D600182204AB961B5D58802245
:1021D000B24055405D5005E004AA53580125ED0773
:1021E0006B40535004AB6A4605E081000D196D69E0
:1021F000565875405D50401C0428F6DBA26818460E
:102200000899E7F702F9207904210843207100209A
:10221000DCE600001D0C0000F8B516460F46040071
:1022200009D0002E07D025468035E86D401E1028C5
:1022300004D31348F8BD61204001F8BD2079400661
:1022400004D4002211462046FFF7B2FE2079022175
:1022500008432071002018210CE0C217920F1218B9
:1022600092089200121983075269DB0ECB1ADA40EA
:102270003A54401CEA6D8242EFDC00203260F8BD27
:102280001F0C000010B5040007D002230022A16833
:1022900000F01AF8010003D00CE06120400110BDED
:1022A000002010222261024683001B19401C5A6143
:1022B0000428F9DB606A102801D0024810BD0846E6
:1022C00010BD00001D0C0000F0B5002807D000294B
:1022D00005D05B079C0F002A04D1012C02D061209D
:1022E0004001F0BD436A102B03D0182B01D0202BE6
:1022F00005D1012C05D005696D1E102D01D31A489A
:10230000F0BD102B02D01848801EF0BDC2600379CA
:10231000F9252B400371012C20D000231C469D0081
:102320002D185B1C6C61042BF9DB002313E0DC1718
:10233000A40FE418A408A40025182E461436B446A9
:102340001C1BD65CE40018276D693C1BA640354376
:1023500066465B1C356004699C42E8DC0279D20762
:0C23600000D181600020F0BD1F0C0000C7
:04236C00F8B5C046BA
:04237000F8B5C046B6
:1023740048616E646C6520706F737369626C792058
:102384006E6F742076616C696420616E796D6F7212
:1023940065210D004572726F7220696E20424C45B2
:1023A4005F535441434B5F496E6974282920307848
:1023B400253032780D0A000020204661696C202007
:1023C400203A206163695F68616C5F777269746544
:1023D4005F636F6E6669675F6461746120636F6DCC
:1023E4006D616E64202D20434F4E4649475F444142
:1023F40054415F505542414444525F4F4646534511
:10240400542C20726573756C743A20307825303200
:10241400580A00002020537563636573733A206182
:1024240063695F68616C5F77726974655F636F6E1F
:102434006669675F6461746120636F6D6D616E646A
:10244400202D20434F4E4649475F444154415F503D
:102454005542414444525F4F4646534554000000A0
:1024640020204661696C2020203A206163695F68FE
:10247400616C5F7365745F74785F706F7765725FAA
:102484006C6576656C20636F6D6D616E642C207273
:102494006573756C743A203078253032580A000020
:1024A4002020537563636573733A206163695F68C1
:1024B400616C5F7365745F74785F706F7765725F6A
:1024C4006C6576656C20636F6D6D616E64000000F1
:1024D40020204661696C2020203A206163695F678F
:1024E4006174745F7372765F70726F66696C655F36
:1024F400696E697420636F6D6D616E642C20726502
:1025040073756C743A203078253032580A00000014
:102514002020537563636573733A206163695F6751
:102524006174745F7372765F70726F66696C655FF5
:10253400696E697420636F6D6D616E6400000000E4
:1025440020204661696C2020203A206163695F671E
:1025540061705F696E697420636F6D6D616E642C68
:1025640020726573756C743A203078253032580ABD
:10257400000000002020537563636573733A206183
:1025840063695F6761705F696E697420636F6D6D05
:10259400616E640020205075626C696320426C7522
:1025A40065746F6F746820416464726573733A2054
:1025B400253032783A253032783A253032783A2547
:1025C4003032783A253032783A253032780A0000B1
:1025D40020204661696C2020203A204761705F709A
:1025E400726F66696C655F7365745F6465765F6E50
:1025F400616D65202D20446576696365204E616DAB
:10260400652C20726573756C743A203078253032ED
:10261400580A00002020537563636573733A20479A
:1026240061705F70726F66696C655F7365745F6417
:1026340065765F6E616D65202D20446576696365FE
:10264400204E616D6500000020204661696C2020E9
:10265400203A204761705F70726F66696C655F73C2
:1026640065745F617070656172616E6365202D20B1
:10267400417070656172616E63652C20726573755B
:102684006C743A203078253032580A002020537573
:1026940063636573733A204761705F70726F666934
:1026A4006C655F7365745F617070656172616E63A0
:1026B40065202D20417070656172616E6365000054
:1026C40020204661696C2020203A206163695F679D
:1026D40061705F7365745F696F5F63617061626984
:1026E4006C69747920636F6D6D616E642C20726502
:1026F40073756C743A203078253032580A00000023
:102704002020537563636573733A206163695F675F
:1027140061705F7365745F696F5F63617061626943
:102724006C69747920636F6D6D616E6400000000E4
:1027340020204661696C2020203A206163695F672C
:1027440061705F7365745F73656375726974795FD3
:10275400726571756972656D656E747320636F6DF2
:102764006D616E642C20726573756C743A203078D8
:10277400253032580A0000002020537563636573C6
:10278400733A206163695F6761705F7365745F7337
:10279400656375726974795F726571756972656D67
:1027A400656E747320636F6D6D616E64000000006C
:1027B40020204661696C2020203A206163695F67AC
:1027C40061705F636F6E6669677572655F66696C79
:1027D4007465725F6163636570745F616E645F7278
:1027E40065736F6C76696E675F6C69737420636F71
:1027F4006D6D616E642C20726573756C743A203053
:1028040078253032580A00002020537563636573BD
:10281400733A206163695F6761705F636F6E6669B5
:10282400677572655F66696C7465725F6163636521
:1028340070745F616E645F7265736F6C76696E67E6
:102844005F6C69737420636F6D6D616E640000006A
:102854003D3D3E3E20456E6420424C455F496E69D5
:10286400742066756E6374696F6E0000140900202D
:10287400062100000000010200001E00F700000015
:10288400A00F0000640002100802010317000100F9
:102894000001010101010100000100030004000026
:1028A4003E3E3D3D204843495F444953434F4E4ECD
:1028B400454354494F4E5F434F4D504C4554455F3B
:1028C4004556545F434F444500000000202020201B
:1028D400202D20436F6E6E656374696F6E204861AE
:1028E4006E646C653A2020203078253032580A20F6
:1028F400202020202D20526561736F6E3A20202005
:10290400203078253032580A000000003E3E3D3D1C
:10291400204843495F4C455F434F4E4E454354491D
:102924004F4E5F5550444154455F434F4D504C45C5
:1029340054455F5355424556545F434F4445000048
:1029440020202020202D20436F6E6E656374696FF4
:102954006E20496E74657276616C3A20202025647D
:102964002E25303264206D730A20202020202D2053
:10297400436F6E6E656374696F6E206C6174656E0F
:1029840063793A2020202025640A20202020202D4D
:10299400205375706572766973696F6E2054696D22
:1029A400656F75743A2020202564206D730A000039
:1029B4003E3E3D3D204143495F4741505F50524FA9
:1029C400435F434F4D504C4554455F565345565411
:1029D4005F434F44450000003E3E3D3D2041434996
:1029E4005F4741505F4B455950524553535F4E4FDB
:1029F40054494649434154494F4E5F5653455654F2
:102A04005F434F44450000003E3E3D3D2041434965
:102A14005F4741505F504153534B45595F524551B5
:102A24005F56534556545F434F4445003D3D3E3E3B
:102A3400206163695F6761705F706173736B65794F
:102A44005F72657370203A204661696C2C20726550
:102A540061736F6E3A203078253032580A000000D6
:102A64003D3D3E3E206163695F6761705F706173E5
:102A7400736B65795F72657370203A205375636375
:102A8400657373003E3E3D3D204143495F474150DD
:102A94005F50414952494E475F434F4D504C455456
:102AA400455F56534556545F434F4445000000006C
:102AB40020202020202D2050616972696E67204BF0
:102AC4004F0A20202020202D205374617475733AFE
:102AD400203078253032580A20202020202D205202
:102AE4006561736F6E3A203078253032580A0000E1
:102AF40020202020202D2050616972696E672053A8
:102B040075636365737300003E3E3D3D2041434958
:102B14005F474154545F5352565F524541445F5698
:102B2400534556545F434F444500000048616E646A
:102B34006C65203078253034580A00003D3D3E3E17
:102B440020636F6E6E656374696F6E5F636F6D7023
:102B54006C6574655F6576656E74204661696C2C7E
:102B6400205374617475733A203078253032580AD2
:102B7400000000003E3E3D3D206863695F6C655F78
:102B8400636F6E6E656374696F6E5F636F6D706C97
:102B94006574655F6576656E74202D20436F6E6E77
:102BA400656374696F6E2068616E646C653A203089
:102BB40078253034580A000020202020202D20437E
:102BC4006F6E6E656374696F6E2065737461626C99
:102BD4006973686564207769746820403A253032E7
:102BE400783A253032783A253032783A25303278BE
:102BF4003A253032783A253032780A0020202020D5
:102C0400202D20436F6E6E656374696F6E20496E6C
:102C140074657276616C3A20202025642E2530324A
:102C240064206D730A20202020202D20436F6E6EB7
:102C3400656374696F6E206C6174656E63793A20A4
:102C440020202025640A20202020202D2053757068
:102C54006572766973696F6E2054696D656F7574FA
:102C64003A202564206D730A000000006163695FE7
:102C74006761705F7465726D696E61746520666109
:102C8400696C7572653A20726561736F6E3D307858
:102C9400253032580A0000003D3D3E3E2061636904
:102CA4005F6761705F7465726D696E617465203A07
:102CB4002053756363657373000000006163695F8B
:102CC400676174745F636C745F65786368616E6771
:102CD400655F636F6E666967206661696C757265AE
:102CE4003A20726561736F6E3D3078253032580A30
:102CF400000000003D3D3E3E206163695F676174F2
:102D0400745F636C745F65786368616E67655F6345
:102D14006F6E666967203A20537563636573730049
:102D24003D3D3E3E206163695F6761705F7365741A
:102D34005F6164766572746973696E675F636F6EF1
:102D440066696775726174696F6E202D20666169AA
:102D54006C2C20726573756C743A2030782530328F
:102D6400580A00003D3D3E3E20537563636573730E
:102D74003A206163695F6761705F7365745F616462
:102D8400766572746973696E675F636F6E6669678F
:102D940075726174696F6E003D3D3E3E20616369EA
:102DA4005F6761705F7365745F616476657274698F
:102DB40073696E675F64617461204661696C656400
:102DC4002C20726573756C743A2030782530325833
:102DD4000A0000003D3D3E3E2053756363657373F6
:102DE4003A206163695F6761705F7365745F6164F2
:102DF400766572746973696E675F646174610000FB
:102E04003D3D3E3E206163695F6761705F73657439
:102E14005F6164766572746973696E675F656E611C
:102E2400626C65204661696C65642C2072657375FB
:102E34006C743A203078253032580A003D3D3E3ECD
:102E440020537563636573733A206163695F6761D7
:102E5400705F7365745F6164766572746973696EBB
:102E6400675F656E61626C650000000044697361B0
:102E7400626C65206164766572746973696E67203B
:102E84002D206661696C2C20726573756C743A2010
:102E94003078253032580A003D3D3E3E2044697367
:102EA40061626C65206164766572746973696E67CA
:102EB400202D205375636365737300006163695F3C
:102EC4006C326361705F636F6E6E656374696F6E9D
:102ED4005F706172616D657465725F757064617451
:102EE400655F726571202D206661696C2C207265A6
:102EF40073756C743A203078253032580A0000001B
:102F04003D3D3E3E206163695F6C326361705F6387
:102F14006F6E6E656374696F6E5F706172616D650B
:102F24007465725F7570646174655F726571202D7C
:102F34002053756363657373000000006163695F08
:102F44006761705F7365745F6164766572746973D9
:102F5400696E675F64617461287570646174652962
:102F6400206661696C65643A203078253032580AED
:102F7400000000004164766572746973696E6720AD
:102F8400757064617465643A20616C61726D3D258D
:102F94006420636E743D2564207372633D3078252C
:102FA4003032580A00000000456E746572696E671D
:102FB40020416C657274204D6F6465202D2066611C
:102FC400737420616476000000F0071000080000AC
:102FD400AA02000000F80710F80701000000000032
:102FE40053544D33325742300000000002000000B9
:102FF40060040020000000000800000060070020BA
:103004000000000001000000680700200000FFFF2E
:103014000000000004000000103006100000000052
:103024000200000064040020010000000000000011
:10303400010000002C300610010000000100000017
:103044006804002020000000FB349B5F80000080A7
:1030540000100000052A000010000000010000001C
:1030640048080020143006100A000000FB349B5F5F
:103074008000008000100000292B000010000000D8
:1030840000000000000000002030061002000000D4
:10309400FB349B5F80000080001000002A2B00009E
:1030A400100000000000000000000000000000000C
:1030B40002000000FB349B5F8000008000100000D1
:1030C4003A2B000010000000000000000000000087
:1030D40030300610C8B80410ECB80410A4B80410BA
:1030E40012B9041038B9041053544D3332574230D6
:1030F40054C8041046C8041066C80410BEC804109E
:103104006CC8041084C80410040302020101010104
:103114000000000000000000CD8D0410ED8D0410AF
:103124000B6F0510136F05100F6F05104B8E0410F5
:103134006B8E04108B8E0410AB8E0410D5FF04101C
:10314400EB8E04100B8F04102B8F0410CB8E041005
:10315400D9FF0410DDFF0410E1FF0410E5FF0410A3
:10316400AD040510BD1C0510591D0510531E051096
:103174004B1F05105D2105105D21051073220510FC
:103184004B1F05104D2405104D2405104D2405102A
:103194002D250510E92505102F260510732205108D
:1031A40083008500070007008300850005000700F1
:1031B400030003000F0005008200810005000300E6
:1031C400FFFFFFFFFFFFFFFFFFFFFFFFFFFF010008
:1031D40000000000FFFF01000000FFFFFB349B5FC5
:1031E4008000008000100000052A0000100000008C
:1031F400FB349B5F8000008000100000292B00003E
:1032040010000000020000000300000003000000A2
:103214000600000003000000030000003C00000062
:103224007000000070000000D00300007000000077
:10323400C3010000000C000208000402000117038F
:10324400010D030101000101001302000309000341
:103254000900010100010100050600120200030932
:1032640001141800141800120300080101080100D9
:1032740006090106090107030207030007050014F4
:1032840003000A02020A01000923001102011102CB
:10329400010E24020E09020E10000F04000B04029A
:1032A4000B05000B0500100B02100B000C04010DA4
:1032B4000B00092B0000F401FA00960064004B0097
:1032C40032001E0014000000E9FB0410B541051093
:1032D4003FEE0510BF410510BD410510918D04104E
:1032E400CD10051091910410AF910410CD910410EC
:1032F400EB9104100992041039E70510C10F061070
:103304003991041057910410356F05101972051086
:103314000D8E041065900410299004104790041039
:10332400FB349B5F8000008000100000010102015B
:103334000201000201000202020102010101010175
:103344000200020100232D302B2000686C4C006524
:1033540066674546470030313233343536373839BD
:1033640041424344454600303132333435363738F0
:083374003961626364656600C3
:08337C008CBBFE7F0100000084
:103384000024F4000400000001000000020000001A
:1033940003000000320000002C040020FFFFFFFFA8
:1033A4000000FFFF0100000002070000FB349B5FE8
:1033B4008000008000100000002A000010000000BF
:1033C4000000000000000000540700200207000075
:1033D400FB349B5F8000008000100000012A000085
:1033E400100000000000000000000000EC2F061098
:1033F40002070000FB349B5F800000800010000087
:10340400042A00001000000000000000000000007A
:10341400F82F061002070000FB349B5F8000008039
:1034240000100000A62A00001000000000000000A8
:10343400000000000430061022070900FB349B5FE3
:103444008000008000100000882B000010000000A5
:10345400000000000000000000000000FB349B5F3F
:103464008000008000100000001800001000000020
:103474000100000000000000000000000200000045
:103484006C07002003070000FB349B5F8000008072
:103494000010000002290000100000003C3006105B
:1034A400FB349B5F800000800010000001180000C6
:1034B40010000000010000000000000000000000F7
:1034C40000000000000000000201060E094C414EFD
:1034D40044534C4944455F45575306FFFFFF0000E2
:1034E40000000000FFFFFFFFFFFFFFFFAFE205103A
:1034F400F9ED05100000000003000000F8050020AD
:10350400C808002000000000F80500206006002024
:10351400C8060020000000000000000000000000B9
:103524000000000000000000000000000000000097
:103534000000000000000000000000000000000087
:103544000000000000000000000000000000000077
:04000005100439B5F5
:00000001FF
