:020000041004E6
:1000000000000120E1400410BD3B0410C53B04107A
:1000100000000000000000000000000000000000E0
:10002000000000000000000000000000CD3B0410B4
:100030000000000000000000D73B0410E13B04106A
:100040004541041045410410454104104541041048
:100050004541041045410410454104104541041038
:10006000F13B041045410410454104104541041082
:1000700045410410093C04100000000045410410F3
:10008000213C041045410410673C041000000000AE
:10009000593C041000000000000000003D3C04102A
:1000A0004B3C0410753C04100000000000000000F0
:1000B0000000000000000000000000000000000040
:1000C00010B5904216D98AB2030C090C0C4659435C
:1000D00080B25343444350431B191A041B0C10189D
:1000E000594180225203002312184B41520DD8026D
:1000F000104310BD4843802252031218520D10467F
:1001000010BDC0468B0707D0013A22D30B780131CE
:10011000037001308B07F7D1830730D0DB4219D051
:100120000138043A08D308C943701B0A43801B0CEA
:1001300003710430043AF6D2D20707D30B88437018
:1001400001D08A78C2701B0A8370704701D00B7887
:1001500043707047043A06D308C903801B0C4380E0
:100160000430043AF8D2D20705D30B88038005D0B7
:100170008B788370704701D00B780370704770B430
:10018000103A03D378C978C0103AFBD2530701D391
:1001900018C918C001D508C908C0D20704D30B88F4
:1001A000038002300231002A01D50B78037070BC45
:1001B0007047C046EFF31482EFF30981154880F3CE
:1001C0001488BFF36F8FF0B543464C4655465E46E4
:1001D0006746F8B4104CEFF30883636006B4BFF3CE
:1001E0004F8F30BFC046C0460B4C646884F308880C
:1001F00082B003BCF8BC9846A146AA46B346BC46AA
:10020000F0BC04BC80F3098881F31488BFF36F8FBE
:100210001047C046000000000400002000224308F0
:100220008B4274D303098B425FD3030A8B4244D3BE
:10023000030B8B4228D3030C8B420DD3FF22090200
:1002400012BA030C8B4202D31212090265D0030BBF
:100250008B4219D300E0090AC30B8B4201D3CB03B5
:10026000C01A5241830B8B4201D38B03C01A5241F7
:10027000430B8B4201D34B03C01A5241030B8B42F9
:1002800001D30B03C01A5241C30A8B4201D3CB02E4
:10029000C01A5241830A8B4201D38B02C01A5241C9
:1002A000430A8B4201D34B02C01A5241030A8B42CC
:1002B00001D30B02C01A5241CDD2C3098B4201D3E4
:1002C000CB01C01A524183098B4201D38B01C01A62
:1002D000524143098B4201D34B01C01A52410309D9
:1002E0008B4201D30B01C01A5241C3088B4201D388
:1002F000CB00C01A524183088B4201D38B00C01A35
:10030000524143088B4201D34B00C01A5241411A5B
:1003100000D20146524110467047FFE701B5002068
:1003200000F0F0F802BDC0460029F7D076E770472C
:1003300003460B437FD4002243088B4274D3030946
:100340008B425FD3030A8B4244D3030B8B4228D3E7
:10035000030C8B420DD3FF22090212BA030C8B420D
:1003600002D31212090265D0030B8B4219D300E0AD
:10037000090AC30B8B4201D3CB03C01A5241830B32
:100380008B4201D38B03C01A5241430B8B4201D3E2
:100390004B03C01A5241030B8B4201D30B03C01A0B
:1003A0005241C30A8B4201D3CB02C01A5241830A85
:1003B0008B4201D38B02C01A5241430A8B4201D3B4
:1003C0004B02C01A5241030A8B4201D30B02C01ADE
:1003D0005241CDD2C3098B4201D3CB01C01A524145
:1003E00083098B4201D38B01C01A524143098B42CE
:1003F00001D34B01C01A524103098B4201D30B01B7
:10040000C01A5241C3088B4201D3CB00C01A5241DB
:1004100083088B4201D38B00C01A524143088B42A0
:1004200001D34B00C01A5241411A00D20146524139
:10043000104670475DE0CA0F00D04942031000D358
:100440004042534000229C4603098B422DD3030AAD
:100450008B4212D3FC22890112BA030A8B420CD3BD
:10046000890192118B4208D3890192118B4204D3E6
:1004700089013AD0921100E08909C3098B4201D366
:10048000CB01C01A524183098B4201D38B01C01AA0
:10049000524143098B4201D34B01C01A5241030917
:1004A0008B4201D30B01C01A5241C3088B4201D3C6
:1004B000CB00C01A524183088B4201D38B00C01A73
:1004C0005241D9D243088B4201D34B00C01A52414A
:1004D000411A00D20146634652415B10104601D3D7
:1004E0004042002B00D54942704763465B1000D361
:1004F000404201B5002000F005F802BD0029F8D007
:1005000016E770477047C0469140030090409C46F4
:10051000203A9340194352426346D34019437047EF
:100520001C2101231B04984201D3000C10391B0A23
:10053000984201D3000A08391B09984201D30009E7
:10054000043902A2105C40187047C046040302023E
:10055000010101010000000000000000002B11D18A
:10056000002A0FD1002900D1002802D00021C94360
:10057000080007B4024802A14018029003BDC0461B
:1005800085FFFFFF03B4684601B5029800F034F818
:10059000019B9E4602B00CBC7047C046F0B5CE46EB
:1005A0009946030C9C46130447461B0C1D000E0085
:1005B00061460404240C80B50700100C4B436543CE
:1005C000414360432C0CC01824188C46A34203D925
:1005D00080235B029846C444494679435643230C22
:1005E0002D042D0C8919634424046019C918C0BC5A
:1005F000B946B046F0BDC046F0B557464E464546F2
:10060000DE46E0B504000D009246994683B08B4269
:1006100030D82DD04946504600F0BAF829000600DF
:10062000200000F0B5F8331A9846203B34D49B469E
:1006300053465A46934042461F00534693401E007D
:10064000AF423BD8AF4200D179E05B46A41BBD412D
:10065000002B00DA76E000220023009201930123B0
:100660005A4693400193012342469340009329E068
:100670008242CFD900220023009201930C9B002BD1
:1006800001D01C605D600098019903B0F0BCBB46CE
:10069000B246A946A046F0BD42469B4620239B1A7F
:1006A0005246DA40414613004A468A401700424605
:1006B0001F43534693401E00AF42C3D9002200237C
:1006C000009201934346002BD8D0FB0772081A43CF
:1006D00046467B080EE0AB4201D1A2420CD8A41AD8
:1006E0009D41012024196D410021013E24184D41F6
:1006F000002E06D0AB42EED9013E24196D41002EEA
:10070000F8D1009801995B4600196941002B24DB60
:100710002B005A464446D3402A00E2401C005B4668
:100720001500002B2ADB26009E403300260047469A
:10073000BE403200801A9941009001919EE7A34289
:10074000BCD882E74246202300219B1A0022009158
:1007500001920122DA40019285E7424620239B1A4A
:100760002A0046469A402300F340444613432A0099
:10077000E2401C005B461500002BD4DA42462F00F5
:100780002023260097409B1ADE403B003343CDE7F1
:1007900010B5002903D1FFF7C3FE203002E00800A6
:1007A000FFF7BEFE10BDC04680B582B000AF254B3E
:1007B0003B603B68A8220021180020F0E9FF3B685D
:1007C00003221A613B6803225A613B681E4A9A6100
:1007D0003B681E4ADA613B688022D2001A623B689D
:1007E00000229A623B6800225A623B680022DA6269
:1007F0003B68154A1A663B68154A5A663B681022E0
:100800009A663B6800221A673B680022DA663B68FA
:1008100000225A6700237B600CE07B680F22D31A0A
:100820000C4AD15C3A687B68D3180A1C1A707B6842
:1008300001337B607B680F2BEFD9C046C046BD46B5
:1008400002B080BD7C010020CC20061024020020D4
:10085000240600206824061080B58AB000AFF86036
:10086000B9607A6000233B62FB68DB68FB61FB6870
:100870001B69BB61BA69FB699A4205D9BA69FB6910
:10088000D31A013B7B6207E0FB689A68B969FB6990
:10089000CB1AD318013B7B62FB689A68FB69D21ABA
:1008A0007B6A934200D913007B627A6A7B68934229
:1008B00000D913007B62FB685A68FB69D3187B611F
:1008C0007A6AB9687B69180020F0C5FF3A6A7B6ACA
:1008D000D3183B62BA687B6AD318BB607A687B6ABC
:1008E000D31A7B60FA697B6AD318FB61FB689B684B
:1008F000FA699A4201D10023FB61FB68FA69DA6068
:100900007B68002BB3D13B6A1800BD460AB080BD9E
:1009100080B588B000AFF860B9607A60FB68DB68CA
:10092000FB61FB689A68FB69D31ABB61BA697B6893
:100930009A4210D9FB685A68FB69D3183B617A6800
:10094000B9683B69180020F086FFFA697B68D21805
:10095000FB68DA601EE0BB697B61FB685A68FB6973
:10096000D3183B617A69B9683B69180020F073FFBE
:100970007A68BB69D31A7B61FB685B683B61BA68C4
:10098000BB69D1187A693B69180020F064FFFB68E5
:100990007A69DA60C046BD4608B080BD80B586B0D1
:1009A00000AF78607B681B693B617B68DB68FB603C
:1009B0003A69FB689A4208D87B689A68FB68D21A41
:1009C0003B69D318013B7B6104E03A69FB68D31AA9
:1009D000013B7B617B691800BD4606B080BD00000D
:1009E00080B588B000AFF860B9607A60BB68BB6161
:1009F000FB685A1C13005B009B18DB00234A9B1802
:100A00007B617B695B69022B2ED036D8002B02D02C
:100A1000012B16D031E07B691800FFF7BFFF030000
:100A20003B613A697B689A4202D20023FB6127E06E
:100A30007B68FB617A68B9697B691800FFF768FF1A
:100A40001EE07B691800FFF7A9FF03003B613A69CC
:100A50007B68934200D91300FB61FA69B9697B692D
:100A60001800FFF755FF0BE07A68B9697B69180039
:100A7000FFF7F2FE0300FB6102E00023FB61C046CA
:100A8000FB691800BD4608B080BDC0467C0100204F
:100A900080B588B000AFF860B9607A600F4BFB6139
:100AA000FB691B78DBB2532B01D0FFF77DFEEFF320
:100AB0001083012181F31088BB617A68B968FB68F3
:100AC0001800FFF78DFF03007B61BB6983F310887B
:100AD0007B691800BD4608B080BDC0467C0100207F
:100AE00080B584B000AF78600A00FB1C1A707B6888
:100AF0009B68FB60FB685A1C7B685B689A420FD856
:100B00007B681A68FB68D318FA1C12781A70FB68A5
:100B10005A1C7B689A607B68DB685A1C7B68DA60C9
:100B20007B689A687B685B689A4215D17B68186914
:100B30007B6819687B689B681A00FFF7A9FF0200B1
:100B40007B689B689A4204D07B6801225242DA603B
:100B500002E07B6800229A60C046BD4604B080BDBA
:100B600080B58AB000AFF860B9607A603B60BB685E
:100B70003B6201237B620123FB6108E07968386AEC
:100B8000FFF74CFB03003B62FB690133FB613A6AF0
:100B90007B689A42F2D23A68FB699A4201D93B6873
:100BA000FB617B6B012213402BD13B6B002B28D0C8
:100BB0007B6B0222134007D03B68002B04D11B2320
:100BC000FB1830221A7003E01B23FB1820221A7036
:100BD0000EE03B6B013B3B631B23FB181A78FB6861
:100BE00011001800FFF77CFFFB68DB68002B07DBB8
:100BF0003B6B002B05D0FA693B6B9A42E9D300E0CE
:100C0000C046FB68DB68002B57DB3B68012B03D930
:100C10003B68013B3B600AE0796AB868FFF7FEFA7F
:100C200003007B617A697B689A4200D204E07B6AA8
:100C30007A6853437B62E8E7796AB868FFF7EEFAAF
:100C400003007B617B697A6A5343BA68D31ABB603D
:100C50001C4A7B69D3181A78FB6811001800FFF74B
:100C60003FFFFB68DB68002B09DB7968786AFFF7D8
:100C7000D5FA03007B627B6A002BDDD100E0C04621
:100C80007B6B0122134018D03B6B002B15D00BE07F
:100C90003B6B013B3B63FB6820211800FFF720FF03
:100CA000FB68DB68002B07DB3B6B002B05D0FA6988
:100CB0003B6B9A42ECD300E0C046C046BD460AB04A
:100CC00080BDC0460025061090B589B002AFF8601F
:100CD000B9607A603B60BB68DA179B1853403B6190
:100CE00001237B6109E07B6819003869FFF720FB6D
:100CF00003003B617B6901337B617B683A699A42FF
:100D0000F1DA3A687B699A4201D93B687B61BB6A38
:100D1000002B09D0BB68002B03DBFB6A04221340C5
:100D200002D0BB6A013BBB62FB6A0222134002D0C5
:100D30003B68002B1CD0FB6A0122134018D1BB6A10
:100D4000002B15D00BE0BB6A013BBB62FB68202186
:100D50001800FFF7C5FEFB68DB68002B07DBBB6AEA
:100D6000002B05D07A69BB6A9A42ECD300E0C046FA
:100D7000FB68DB68002B4BDBBB68002B08DABB6829
:100D80005B42BB60FB682D211800FFF7A9FE08E05D
:100D9000FB6A0422134004D0FB682B211800FFF7E4
:100DA0009FFEFB68DB68002B32DBFB6A02221340EC
:100DB0001FD0FB6A012213401BD13B68002B18D1C6
:100DC000BB6A002B15D00BE0BB6A013BBB62FB6822
:100DD00030211800FFF784FEFB68DB68002B07DB7F
:100DE000BB6A002B05D07A69BB6A9A42ECD300E05B
:100DF000C046FB68DB68002B0ADBB9683C687A6890
:100E0000F868FB6A0193BB6A00932300FFF7A8FE12
:100E1000C046BD4607B090BD90B5A5B002AFF86022
:100E2000B9607A6054217B181422BA181A607B18B2
:100E300040225A607B1800229A607B18FA681A6177
:100E40007B180022DA6087217B18BA6812781A7042
:100E5000BB680133BB607B181B78002B00D1A2E17B
:100E60007B181B78252B00D08DE100237B670123A5
:100E70008022BA18136087217B18BA6812781A701A
:100E80007B181B78302B10D027DC2D2B05D024DCD1
:100E9000232B1AD02B2B10D01FE07B6F0122134382
:100EA0007B67BB680133BB601CE07B6F022213438E
:100EB0007B67BB680133BB6014E07B6F0422134384
:100EC0007B67BB680133BB600CE07B6F0822134378
:100ED0007B67BB680133BB6004E000238022BA1843
:100EE0001360C0468023FB181B68002BC3D100236E
:100EF0003B6787217B18BA6812781A707B181B78B9
:100F00002F2B12D97B181B78392B0ED8BB680133D5
:100F1000BB603A6F13009B009B185B001A007B18A4
:100F20001B78D318303B3B67E3E77F217B18002217
:100F30001A700023BB6787203B18BA6812781A70B2
:100F40003B181B782E2B34D1BB680133BB60BB68C8
:100F50001B782A2B0DD1BB680133BB607B180122A3
:100F60001A707B681B68191D7A6811601B68BB6763
:100F70001FE087217B18BA6812781A707B181B78DB
:100F80002F2B16D97B181B78392B12D87F23FB18EF
:100F900001221A70BB680133BB60BA6F13009B005B
:100FA0009B185B001A007B181B78D318303BBB677B
:100FB000DFE78723FB18BA6812781A708722BB18FC
:100FC0001B786C2B03D0BB181B78682B08D1BB682F
:100FD0000133BB608723FB18BA6812781A70EDE7FB
:100FE0008723FB181B78252B00D1C0E000DAC5E071
:100FF000782B00DDC2E0582B00DABFE0583B202BF5
:1010000000D9BBE09A00784BD3181B689F467B68D9
:101010001B68191D7A6811601B688022B9180B6063
:101020006B217B18BA1812681A707B181A7854232F
:10103000FB1811001800FFF753FDA0E07B681B6848
:10104000191D7A6811601B6880217A181360BA6FC5
:101050007B1819685423F8187B6F01933B6F00933A
:1010600013000A22FFF730FE89E07B681B68191D18
:101070007A6811601B688022B9180B60BB18196868
:10108000BA6F5423F8187B6F01933B6F00931300E2
:101090000A22FFF765FD72E07B681B68191D7A68FC
:1010A00011601B688022B9180B60BB181968BA6FF1
:1010B0005423F8187B6F01933B6F009313001022A9
:1010C000FFF74EFD5BE07B681B68191D7A681160B5
:1010D0001B68FB66FB6E002B05D1444BFB667F2330
:1010E000FB1800221A7087217B18FA6E12781A708A
:1010F000FB6E0133FB667B181B78002B1DD07F2312
:10110000FB181B78002B02D0BB6F002B17D0872356
:10111000FB181A7854243B1911001800FFF7E0FC63
:10112000BB6F013BBB673B19DB687F217A187918DD
:1011300009781170002BD6DA21E0C0461FE0C046C6
:101140001DE07B681B68191D7A6811601B6880228E
:10115000B9180B60BB1819685423F81800230193C1
:101160000823009308231022FFF7FAFC07E054231A
:10117000FB1825211800FFF7B3FC00E0C046BB6850
:101180000133BB6008E08723FB181A785423FB184F
:1011900011001800FFF7A4FC5423FB18DB68002B98
:1011A00000DB50E600E0C0465422BB18DB68002B91
:1011B00013DDBB189B68002B07D0BB189A6814235B
:1011C000F918FB681800FFF763FC54217B18DA68F4
:1011D0007B189B68D2187B18DA605423FB18DB68F5
:1011E0001800BD4623B090BD7C240610D820061000
:1011F0000EB480B585B000AF78602023FB18BB60CB
:101200000823FA18F9697B681800FFF705FE030048
:10121000FB60FB681800BD4605B080BC08BC03B08D
:10122000184780B582B000AF786000200DF072FDE5
:1012300009F01CF8031E01D002F0E8FA08F000FEE5
:1012400008F04CFF0BF06AFA00200DF06DFD002352
:101250001800BD4602B080BD80B500AF01235B42DF
:1012600018000DF071FDC046BD4680BD80B500AFD1
:10127000C046BD4680BD80B500AFC046BD4680BDFE
:1012800080B584B000AF7860074B196D064B7A6863
:101290000A431A65044B1B6D7A681340FB60FB68B8
:1012A000C046BD4604B080BD0000404880B586B051
:1012B00000AF3B1D180014231A00002120F068FA2B
:1012C0000820FFF7DDFF0420FFF7DAFF2C4B002298
:1012D0000821180003F043FC3B1D08221A603B1D47
:1012E00001225A603B1D00229A603B1D0022DA60F9
:1012F0003B1D234A1900100003F08CFA3B1D042209
:101300001A603B1D02225A603B1D01229A603B1D60
:101310000022DA603B1D05221A613A1D9023DB058D
:101320001100180003F076FA3B1D802292001A602B
:101330003B1D8222D2035A603B1D00229A603B1D56
:101340000F4A1900100003F065FA0821012004F08B
:101350001DFC0821012004F047FC0421002004F0BA
:10136000DBFB0DF0EBFC00220121102003F040F824
:10137000102003F052F8C046BD4606B080BDC046FE
:101380000000104880B584B000AF7860074B196D3D
:10139000064B7A680A431A65044B1B6D7A68134042
:1013A000FB60FB68C046BD4604B080BD00004048FD
:1013B00080B584B000AF7860074B996D064B7A68B2
:1013C0000A439A65044B9B6D7A681340FB60FB6887
:1013D000C046BD4604B080BD0000404880B500AFA7
:1013E0001C4B8222D2051A601A4B1B4A5A60194BB9
:1013F00000229A60174B0122DA60164B00221A6114
:10140000144B00225A61134B00229A61114B0022A7
:10141000DA61104B00221A620E4B180003F016FC22
:10142000031E01D002F0F2F90A4B0021180004F06B
:1014300011FA031E01D002F0E9F9064B0021180051
:1014400004F054FA031E01D002F0E0F9C046BD4694
:1014500080BDC046340600205B3D300090B589B0A9
:1014600000AF78600C243B19180014231A000021E7
:1014700020F08EF97B681A688223DB059A422AD114
:101480000820FFF77FFF3B19C02212011A602100DC
:101490007B1812225A607B1800229A607B18002267
:1014A000DA607B1802221A617B180D4A19001000BD
:1014B00003F0B0F9C0231B011900012004F066FB02
:1014C000C0231B011900012004F08EFB80239B0325
:1014D0001800FFF76DFFC046BD4609B090BDC0467D
:1014E0000000104880B584B000AF78602F4B304AC0
:1014F0001A602E4B2F4A5A602C4B2F4A9A602B4B66
:101500007A68DA600F217B1800221A707A18274B4C
:101510001100180000F05FFE031E02D001235B42A1
:1015200040E0224B180000F0A8FD204B9B681420DF
:1015300098471E4B0421180000F05FFE1B4B002152
:10154000180001F023F8194B0421180000F0C3FE25
:10155000164B0421180000F0EEFE144B0321180076
:1015600000F0E4FF114B0521180000F054FF0C209F
:101570003B1800221A703B181A7801210A431A708E
:101580003B181A7802218A431A703B181A78074BC5
:10159000111C180000F06FFF031E02D002235B42F3
:1015A00000E000231800BD4604B080BD880600207E
:1015B000491704109D170410F117041090B587B057
:1015C00000AF0200FB1D1A70BB1D0A1C1A7010210F
:1015D0007B1800221A607B18FA1D12789A707B180B
:1015E000BA1D1278DA707A181C4B1100180001F03D
:1015F0006AFF03007B617B69002B01D07B6928E0D7
:101600000C243B19180003231A00002120F0C0F815
:101610003A19124B1100180001F000F903007B6128
:101620007B69002B01D07B6913E00C203B189A7872
:1016300001210A439A703A18084B1100180000F073
:10164000D5FF03007B617B69002B01D07B6900E043
:1016500000231800BD4607B090BDC0468806002094
:1016600090B587B000AF78600C243B1918000823B0
:101670001A00002120F08CF83A19204B11001800B4
:1016800001F0D3F903007B617B69002B01D07B69FA
:1016900030E07B6800221A700C23FB185B78102264
:1016A0001340DBB2002B06D07B681B78012213436A
:1016B000DAB27B681A700C23FB185B78082213409F
:1016C000DBB2002B06D07B681B7802221343DAB210
:1016D0007B681A700C23FB185B7804221340DBB282
:1016E000002B06D07B681B7804221343DAB27B6898
:1016F0001A7000231800BD4607B090BD8806002070
:1017000080B582B000AF78607A68054B1100180090
:1017100001F084FE03001800BD4602B080BDC04643
:101720008806002080B582B000AF78607A68054BEB
:101730001100180001F01DFE03001800BD4602B0A4
:1017400080BDC04688060020B0B58AB004AFF860FE
:1017500008007A6019000B243B19021C1A70082536
:101760007B190A1C1A80FB687B613B191B789AB2B3
:101770007869642302937B191B8801937B6800932B
:101780000123D42103F008FB031E01D1002301E053
:1017900001235B421800BD4606B0B0BDB0B58AB0AB
:1017A00004AFF86008007A6019000B243B19021C92
:1017B0001A7008257B190A1C1A80FB687B613B198B
:1017C0001B789AB27869642302937B191B88019372
:1017D0007B6800930123D42103F00CFC031E01D18C
:1017E000002301E001235B421800BD4606B0B0BDF6
:1017F00080B582B000AF78607B68180002F028FDE9
:10180000C046BD4602B080BD80B500AF034B5B88CB
:1018100001339BB21800BD4680BDC0469C06002027
:1018200080B500AF034B5B8802339BB21800BD4606
:1018300080BDC0469C06002080B500AF034B9B884E
:1018400001339BB21800BD4680BDC0469C060020F7
:1018500080B500AF034B9B8802339BB21800BD4696
:1018600080BDC0469C06002080B500AF034BDB88DE
:1018700001339BB21800BD4680BDC0469C060020C7
:1018800080B500AF034BDB8802339BB21800BD4626
:1018900080BDC0469C060020B0B596B000AFB84BE6
:1018A0000822002118001FF073FFB64B012252429C
:1018B0001A80B54B00221A70B44B00221A70B44B38
:1018C00000221A70B34B00221A70B34B00221A7018
:1018D000B24B0E22002118001FF05AFFB04B2822F5
:1018E000002118001FF054FFAE4B6C22002118009D
:1018F0001FF04EFFAB4B12221A70AA4B00229A70B7
:10190000A84B00225A70A74BA74A043313CA13C32B
:1019100003CA03C3A34BA54A1A62A24B01221A763B
:10192000A04BA34ADA619F4B2422122199549D4B6C
:101930002622002199549B4B252200219954994B32
:101940009C4A283313CA13C303CA03C3954B9A4A4C
:101950005A64944B3C2201219954924B974A1A6441
:10196000904B4822122199548E4B4A2200219954BF
:101970008C4B4922002199548A4B914A4C3313CA0B
:1019800013C303CA03C3874B8E4A9A66854B6022F2
:1019900001219954834B8C4A5A66814B01221A7556
:1019A0007F4B8A4A13CA13C303CA03C37C4B20224A
:1019B000032199547A4B7B4A5A62794B00221A765A
:1019C000774B0022DA61824B19000020FFF710FCF0
:1019D000744B1B781A007F4B19000020FFF708FC9E
:1019E000704B24229B5C1A007B4B19000020FFF7F0
:1019F000FFFB6C4B48229B5C1A00784B19000020BF
:101A0000FFF7F6FB674B1B7E1A00754B1900002091
:101A1000FFF7EEFB634B3C229B5C1A00714B1900F5
:101A20000020FFF7E5FB5F4B60229B5C1A006E4BCA
:101A300019000020FFF7DCFB6C4B19000020FFF7BA
:101A4000D7FB57257C19564B180008F056F80300B1
:101A500023707B191B78002B02D07B191B788AE03E
:101A60004F4B180008F056F803001A00444B1A8038
:101A70004C4B180008F06EF803001A00404B5A80D7
:101A80005B4B180008F066F803001A003C4B9A8084
:101A9000584B180008F05EF803001A00384BDA8043
:101AA000554B19000020FFF7A3FB354B1B881A008C
:101AB000524B19000020FFF79BFB514B19000020EF
:101AC000FFF796FB2E4B5B881A004E4B1900002047
:101AD000FFF78EFBFFF798FE03001A004A4B190030
:101AE0000020FFF785FBFFF79BFE03001A00474B22
:101AF00019000020FFF77CFB454B19000020FFF781
:101B000077FB1F4B9B881A003E4B19000020FFF704
:101B10006FFBFFF791FE03001A003B4B19000020FA
:101B2000FFF766FBFFF794FE03001A00374B19001E
:101B30000020FFF75DFB374B19000020FFF758FB33
:101B40000F4BDB881A002F4B19000020FFF750FBCA
:101B5000FFF78AFE03001A002B4B19000020FFF745
:101B600047FBFFF78DFE03001A00284B19000020E9
:101B7000FFF73EFB00231800BD4616B0B0BDC046BF
:101B80009C060020F80C0020A4060020A5060020DA
:101B9000A6060020A7060020A8060020AC0600200C
:101BA00028070020BC0600208C220610FC0C002018
:101BB000200D0020A0220610080D00203C0D002062
:101BC000B4220610140D0020580D0020C822061063
:101BD000E0200610002106102021061040210610EA
:101BE000602106107C21061098210610B4210610F1
:101BF000E006002004070020D8210610F821061076
:101C000014220610282206103C220610502206102C
:101C1000642206107822061080B582B000AF020060
:101C2000BB1D1A80084BBA1D12881A80074B002270
:101C30001A70074B00221A70064B00221A70C04619
:101C4000BD4602B080BDC046F80C0020A4060020AE
:101C5000A5060020A606002080B500AF074B012294
:101C600052421A80064B00221A70064B00221A704C
:101C7000054B00221A70C046BD4680BDF80C0020FE
:101C8000A4060020A5060020A606002090B585B079
:101C900000AF39601100BB1D021C1A807B1D0A1C9D
:101CA0001A70BB1D1A883D4B19000020FFF7A0FADF
:101CB0003B68002B00D16CE07B1D1B78012B68D9A1
:101CC0003B681B781AB23B6801331B781BB21B02BE
:101CD0001BB213431AB20E217B181A807B181B8883
:101CE000DAB20D243B1901210A401A70FFF798FD62
:101CF00003001A00BB1D1B88934210D1284B3A19D0
:101D000012781A703B191B78002B01D0254B00E08C
:101D1000254B26491A000020FFF76AFA3AE0FFF740
:101D200097FD03001A00BB1D1B88934211D1204B65
:101D30000D217A1812781A707B181B78002B01D0AD
:101D4000184B00E0184B1B491A000020FFF750FA0F
:101D500020E0FFF795FD03001A00BB1D1B8893428E
:101D600011D1154B0D217A1812781A707B181B7837
:101D7000002B01D00B4B00E00B4B10491A00002048
:101D8000FFF736FA06E00E4B19000020FFF730FA95
:101D900000E0C046BD4605B090BDC046DC2206103E
:101DA000A4060020F0220610F822061004230610D4
:101DB000A506002024230610A606002044230610B2
:101DC0006423061090B585B002AF0200FB1D1A70A7
:101DD000114BFA1D12781A70104B1B88104A93424F
:101DE00014D0104B1B78002B10D00C4B1C88FFF725
:101DF0000BFD03001A00084B0193012300930023FD
:101E00000421200007F0B3FE030000E000231800C7
:101E1000BD4603B090BDC046A7060020F80C0020C8
:101E2000FFFF0000A406002090B585B002AF0200BD
:101E3000FB1D1A70114BFA1D12781A70104B1B887B
:101E4000104A934214D0104B1B78002B10D00C4B2F
:101E50001C88FFF7F1FC03001A00084B01930123D3
:101E6000009300230421200007F081FE030000E01E
:101E700000231800BD4603B090BDC046A806002050
:101E8000F80C0020FFFF0000A5060020F0B58DB083
:101E900006AF0200BB1D1A8010243B191800062350
:101EA0001A0000211FF074FC08257B191800062376
:101EB0001A0000211FF06CFC3B191800FFF720FCF2
:101EC0007B191800FFF72EFC21007B1800229A5E78
:101ED000324B1A807B1802229A5E304B5A807B1854
:101EE00004229A5E2D4B9A8028003B1800229A5EAD
:101EF0002A4BDA803B1802229A5E284B1A813B1843
:101F000004229A5E254B5A81244BBA1D12889A816D
:101F10007B1800229B5E1E007B1802229B5E9C4663
:101F20007B1804229B5E1A0001007B1800201B5EB8
:101F300018007B1802241B5F1C007B1804215B5EC9
:101F40001D00BB1D1B881649049303950294019044
:101F50000092634632000020FFF74AF9114B1B88BC
:101F6000114A934214D0114B1B78002B10D00D4B0B
:101F70001C88FFF779FC03001A00084B01930E231D
:101F8000009300230421200007F0F1FD030000E08E
:101F900000231800BD4607B0F0BDC046AC060020C7
:101FA00088230610F80C0020FFFF0000A606002082
:101FB000B0B586B000AFF86008007A6019000B2356
:101FC000FB18021C1A700823FB180A1C1A80FB68F5
:101FD000002B02D101235B420FE0FB685C68FB68C9
:101FE000D8680823FB181D887A680B23FB1819781A
:101FF0002B00A04703007B617B691800BD4606B03B
:10200000B0BDB0B586B000AFF86008007A601900C6
:102010000B23FB18021C1A700823FB180A1C1A80D9
:10202000FB68002B02D101235B420FE0FB681C68B8
:10203000FB68D8680823FB181D887A680B23FB18F7
:1020400019782B00A04703007B617B691800BD460F
:1020500006B0B0BD80B582B000AF786039607B68F3
:10206000002B06D03B68002B03D03B681A787B68B6
:102070001A70C046BD4602B080BD90B587B000AFB3
:1020800078600C23FB1800221A701723FB1800221B
:102090001A707B689B68002B03D101235B423B6174
:1020A00051E07B680021180000F0A7F803003B61B5
:1020B0007B680021180000F03EF902003B699B1884
:1020C0003B613B69002B3BD10C203B181A78012166
:1020D0000A431A703A18786801231221FFF791FF1A
:1020E00003003B610C243A19786801231221FFF7A1
:1020F0005FFF02003B699B183B613B69002B21D1CC
:102100007B689B68012098473B191B78012213408C
:10211000DBB2002B07D01722BB181B78BA18591C4A
:102120001170022BDED90C23FB181B7801221340FF
:10213000DBB2002B01D1002306E001235B4203E068
:10214000C04600E0C0463B691800BD4607B090BDE0
:1021500090B585B000AF78600A00FB1C1A700823A8
:10216000FA18786801230121FFF722FF0300FB60C2
:10217000FB68002B01D0FB6829E0FB1C1B785B0887
:102180001A1C01231340DAB208243B1901210A402A
:1021900090011A7840218A43111C021C0A431A70CC
:1021A000FB1C1B7801221340DAB23B19D0011A78CC
:1021B0007F210A40111C021C0A431A703A197868E0
:1021C00001230121FFF71DFF0300FB60FB681800DE
:1021D000BD4605B090BD80B584B000AF7860396071
:1021E0003A68786801230F21FFF7E2FE0300FB60E5
:1021F000FB681800BD4604B080BD90B587B000AF45
:1022000078600A00FB1C1A701023FA187868012302
:102210001021FFF7CDFE03007B617B69002B01D00D
:102220007B6954E0FB1C1B780F221340DAB21024A8
:102230003B190F210A4010001A780F218A43111C04
:10224000021C0A431A703A19786801231021FFF71B
:10225000D8FE03007B617B69002B01D07B6936E0EF
:1022600013217B18FA1C127812091A707B181B783C
:10227000002B2BD00C23FA18786801236221FFF77A
:1022800097FE02007B699B187B617B69002B01D064
:102290007B691CE01323FB181B7803221340DAB27E
:1022A0000C243B1903210A4010001A7803218A43A9
:1022B000111C021C0A431A703A1978680123622122
:1022C000FFF79FFE02007B699B187B617B6918000A
:1022D000BD4607B090BD90B585B000AF78600A00EC
:1022E000FB1C1A7008243A19786801231021FFF7A3
:1022F0005FFE0300FB60FB68002B17D1FB1C1B7803
:1023000007221340DAB23B1907210A4010011A785C
:1023100070218A43111C021C0A431A703A1978680A
:1023200001231021FFF76DFE0300FB60FB6818001E
:10233000BD4605B090BD90B587B000AF78600A008B
:10234000FB1C1A701023FA18786801231121FFF77B
:102350002FFE03007B617B69002B01D07B6956E077
:10236000FB1C1B780F221340DAB210243B190F21FB
:102370000A4010001A780F218A43111C021C0A43DC
:102380001A703A19786801231121FFF73AFE02000A
:102390007B699B187B617B69002B01D07B6936E0F0
:1023A00013217B18FA1C127812091A707B181B78FB
:1023B000002B2BD00C23FA18786801236221FFF739
:1023C000F7FD02007B699B187B617B69002B01D0C4
:1023D0007B691CE01323FB181B7803221340DAB23D
:1023E0000C243B1903210A4010001A7803218A4368
:1023F000111C021C0A431A703A19786801236221E1
:10240000FFF7FFFD02007B699B187B617B69180069
:10241000BD4607B090BD90B585B000AF78600A00AA
:10242000FB1C1A7008243A19786801231121FFF760
:10243000BFFD0300FB60FB68002B17D1FB1C1B7862
:1024400007221340DAB23B1907210A4010011A781B
:1024500070218A43111C021C0A431A703A197868C9
:1024600001231121FFF7CDFD0300FB60FB6818007D
:10247000BD4605B090BD90B587B000AF78603B0019
:1024800019700C23FA18786801235021FFF790FD8A
:1024900003007B617B69002B01D07B6942E03B003C
:1024A0001B78DB07DB0FDAB20C243B19D0011A785A
:1024B0007F210A40111C021C0A431A703A197868DD
:1024C00001235021FFF79DFD03007B611023FA18C3
:1024D000786801235621FFF76BFD02007B699B188A
:1024E0007B617B69002B01D07B691BE03B001B7883
:1024F0009B07DB0FDAB210243B1901210A401000C0
:102500001A7801218A43111C021C0A431A703A19D5
:10251000786801235621FFF774FD02007B699B1840
:102520007B617B691800BD4607B090BD90B585B052
:1025300000AF78600A00FB1C1A7008243A1978680A
:1025400001231521FFF734FD0300FB60FB68002B1E
:1025500017D1FB1C1B780F221340DAB23B190F2155
:102560000A4010001A780F218A43111C021C0A43EA
:102570001A703A19786801231521FFF742FD03000C
:10258000FB60FB681800BD4605B090BD90B585B0F6
:1025900000AF78600A00FB1C1A7008243A197868AA
:1025A00001231721FFF704FD0300FB60FB68002BEC
:1025B00017D1FB1C1B7803221340DAB23B1903210D
:1025C0000A4010001A7803218A43111C021C0A4396
:1025D0001A703A19786801231721FFF712FD0300DA
:1025E000FB60FB681800BD4605B090BD90B587B094
:1025F00000AF786039601023FA18786801230D2144
:10260000FFF7D6FC03007B617B69002B01D07B695F
:1026100000E13B681B78DB07DB0FDAB210243B19C3
:1026200001210A4010001A7801218A43111C021C62
:102630000A431A703B681B789B07DB0FDAB23B1921
:1026400001210A4090181A7802218A43111C021CA9
:102650000A431A703B681B789B06DB0FDAB23B1902
:1026600001210A40D0001A7808218A43111C021C5B
:102670000A431A703B681B785B06DB0FDAB23B1922
:1026800001210A4010011A7810218A43111C021CF2
:102690000A431A703B681B781B06DB0FDAB23B1942
:1026A00001210A4050011A7820218A43111C021C82
:1026B0000A431A703B685B78DB07DB0FDAB23B1921
:1026C00001210A4090011A7840218A43111C021C02
:1026D0000A431A703A19786801230D21FFF791FC1B
:1026E00003007B610C23FA18786801235E21FFF751
:1026F0005FFC02007B699B187B617B69002B01D02A
:102700007B6987E03B685B781B07DB0FDAB20C2440
:102710003B1901210A4010001A7801218A43111C3B
:10272000021C0A431A703B685B78DB06DB0FDAB2E7
:102730003B1901210A4090181A7802218A43111C82
:10274000021C0A431A703B685B789B06DB0FDAB207
:102750003B1901210A4090001A7804218A43111C78
:10276000021C0A431A703B685B785B06DB0FDAB227
:102770003B1901210A4090011A7840218A43111C1B
:10278000021C0A431A703B685B781B06DB0FDAB247
:102790003B1901210A40D0001A7808218A43111CF4
:1027A000021C0A431A703B689B78DB07DB0FDAB226
:1027B0003B1901210A4050011A7820218A43111C3B
:1027C000021C0A431A703B689B789B07DB0FDAB246
:1027D0003B1901210A4010011A7810218A43111C6B
:1027E000021C0A431A703B689B785B07DB0FDAB266
:1027F0003B19D0011A787F210A40111C021C0A43A0
:102800001A703A19786801235E21FFF7FAFB03007A
:102810007B617B691800BD4607B090BD90B587B05D
:1028200000AF786039603B680322002118001EF079
:10283000AFFF1023FA18786801230D21FFF7B8FBCA
:1028400003007B610C23FA18786801235E21FFF7EF
:10285000AFFB02007B699B187B617B69002B01D079
:102860007B69DEE010243B191B78DB07DB0FDAB253
:102870003B6801210A4010001A7801218A43111C8B
:10288000021C0A431A703B191B789B07DB0FDAB254
:102890003B6801210A4090181A7802218A43111CD2
:1028A000021C0A431A703B191B781B07DB0FDAB2B4
:1028B0003B6801210A4050011A7820218A43111CEB
:1028C000021C0A431A703B191B78DB06DB0FDAB2D5
:1028D0003B6801210A4090011A7840218A43111C6B
:1028E000021C0A431A703B191B789B06DB0FDAB2F5
:1028F0003B68D0011A787F210A40111C021C0A4350
:102900001A703B191B785B06DB0FDAB23B680121BA
:102910000A4010005A7801218A43111C021C0A4304
:102920005A700C243B191B78DB07DB0FDAB23B68CB
:1029300001210A40D0005A7808218A43111C021C48
:102940000A435A703B191B789B07DB0FDAB23B68CE
:1029500001210A4010015A7810218A43111C021CDF
:102960000A435A703B191B785B07DB0FDAB23B68EE
:1029700001210A4050015A7820218A43111C021C6F
:102980000A435A703B191B785B06DB0FDAB23B68CF
:1029900001210A4090015A7840218A43111C021CEF
:1029A0000A435A703B191B781B07DB0FDAB23B68EE
:1029B000D0015A787F210A40111C021C0A435A7028
:1029C0003B191B789B06DB0FDAB23B6801210A40FA
:1029D00010009A7801218A43111C021C0A439A7044
:1029E0003B191B78DB06DB0FDAB23B6801210A409A
:1029F00090189A7802218A43111C021C0A439A708B
:102A00003B191B781B06DB0FDAB23B6801210A4039
:102A100090009A7804218A43111C021C0A439A7080
:102A20007B691800BD4607B090BDF0B595B000AF0A
:102A3000786039603823FA18786801235021FFF74D
:102A4000B7FA0300FB64FB6C002B02D0FB6C00F0B8
:102A50008CFC38257B191A7808210A431A707A19D8
:102A6000786801235021FFF7CCFA0300FB640C24A3
:102A70003A19786804231B21FFF79AFA0200FB6CCD
:102A80009B18FB643B195A1C3026BB191100180017
:102A9000FFF7E0FA3B199A1C2C23FB1811001800D1
:102AA000FFF7D8FA3B19DA1C24243B19110018004F
:102AB000FFF7D0FABB191B785B06DB0FDAB23B6875
:102AC00001210A409018DA7902218A43111C021C64
:102AD0000A43DA71BB191B78DB06DB0FDAB23B68FD
:102AE000D0019A797F210A40111C021C0A439A7175
:102AF000BB191B789B06DB0FDAB23B6801210A4049
:102B00001000DA7901218A43111C021C0A43DA7190
:102B1000BB191B781B06DB0FDAB23B6801210A40A8
:102B20009000DA7904218A43111C021C0A43DA71ED
:102B30002C26BB191B78DB07DB0FDAB23B680121BF
:102B40000A4010005A7801218A43111C021C0A43D2
:102B50005A70BB191B789B07DB0FDAB23B68012167
:102B60000A4090185A7802218A43111C021C0A4319
:102B70005A70BB191B78DB06DB0FDAB23B68012108
:102B80000A40D0009A7808218A43111C021C0A438B
:102B90009A703B191B78DB07DB0FDAB23B68012127
:102BA0000A4010001A7801218A43111C021C0A43B2
:102BB0001A703B191B789B07DB0FDAB23B680121C7
:102BC0000A4090181A7802218A43111C021C0A43F9
:102BD0001A703B191B785B07DB0FDAB23B680121E7
:102BE0000A4090001A7804218A43111C021C0A43EF
:102BF0001A703B191B781B07DB0FDAB23B68012107
:102C00000A40D0001A7808218A43111C021C0A438A
:102C10001A703B191B78DB06DB0FDAB23B68012127
:102C20000A4010011A7810218A43111C021C0A4321
:102C30001A703B191B789B06DB0FDAB23B68012147
:102C40000A4050011A7820218A43111C021C0A43B1
:102C50001A703B191B781B06DB0FDAB23B68D001F8
:102C60001A787F210A40111C021C0A431A707A1933
:102C7000786801235021FFF79BF90300FB647B195F
:102C80001A7808218A431A707A197868012350212A
:102C9000FFF7B7F90200FB6C9B18FB64FB6C002B81
:102CA00001D0FB6C61E30C23FA18786808234421F7
:102CB000FFF77EF90300FB64FB6C002B01D0FB6C7B
:102CC00053E30C257A191823FB1811001800FFF79D
:102CD000C1F97B195A1C2823FB1811001800FFF7B3
:102CE000B9F97B199A1C1C26BB1911001800FFF7B3
:102CF000B1F97B19DA1C2023FB1811001800FFF72B
:102D0000A9F97B195A1D48217B1811001800FFF7FB
:102D1000A1F97B199A1D40243B1911001800FFF7F7
:102D200099F97B19DA1D3C203B1811001800FFF7B8
:102D300091F91822BB181B785B07DB0FDAB23B68EE
:102D400001210A4090011A7840218A43111C021C7B
:102D50000A431A7028221500BB181B785B06DB0F8C
:102D6000DAB23B6801210A409000DA7804218A43F4
:102D7000111C021C0A43DA707B191B785B07DB0FFE
:102D8000DAB23B6801210A4010015A7810218A43C7
:102D9000111C021C0A435A707B191B789B07DB0F1E
:102DA000DAB23B6801210A40D0005A7808218A43F0
:102DB000111C021C0A435A707B191B78DB07DB0FBE
:102DC000DAB23B6801210A4090005A7804218A4314
:102DD000111C021C0A435A702A00BB181B78DB0620
:102DE000DB0FDAB23B6801210A40D000DA78082113
:102DF0008A43111C021C0A43DA70BB191B785B075B
:102E0000DB0FDAB23B6801210A4090189A78022160
:102E10008A43111C021C0A439A70BB191B789B073A
:102E2000DB0FDAB23B6801210A4010009A780121D9
:102E30008A43111C021C0A439A70BB191B78DB07DA
:102E4000DB0FDAB23B68D0015A787F210A40111CAF
:102E5000021C0A435A703500BB191B781B07DB0F95
:102E6000DAB23B6801210A4090009A7804218A4333
:102E7000111C021C0A439A707B191B78DB06DB0FBE
:102E8000DAB23B6801210A4090015A7840218A4316
:102E9000111C021C0A435A707B191B789B06DB0F1E
:102EA000DAB23B6801210A4050015A7820218A4356
:102EB000111C021C0A435A7020257B191B78DB0663
:102EC000DB0FDAB23B6801210A401000DA780121F9
:102ED0008A43111C021C0A43DA707B191B789B067B
:102EE000DB0FDAB23B6801210A409018DA78022140
:102EF0008A43111C021C0A43DA707B191B785B079A
:102F0000DB0FDAB23B6801210A4090019A78402138
:102F10008A43111C021C0A439A707B191B781B07F9
:102F2000DB0FDAB23B68D0019A787F210A40111C8E
:102F3000021C0A439A707B191B78DB07DB0FDAB29D
:102F40003B6801210A4010019A7810218A43111C24
:102F5000021C0A439A707B191B789B07DB0FDAB2BD
:102F60003B6801210A4050019A7820218A43111CB4
:102F7000021C0A439A7048257B191B781B07DB0F3C
:102F8000DAB23B6801210A401001DA7810218A4345
:102F9000111C021C0A43DA707B191B78DB06DB0F5D
:102FA000DAB23B6801210A4090001A7904218A4371
:102FB000111C021C0A431A717B191B789B06DB0F3C
:102FC000DAB23B6801210A40D0001A7908218A430D
:102FD000111C021C0A431A717B191B781B06DB0F9C
:102FE000DAB23B6801210A4010011A7910218A43A4
:102FF000111C021C0A431A713B191B78DB07DB0FFB
:10300000DAB23B6801210A4050011A7920218A4333
:10301000111C021C0A431A713B191B789B07DB0F1A
:10302000DAB23B6801210A4090011A7940218A43B3
:10303000111C021C0A431A713B191B785B07DB0F3A
:10304000DAB23B68D0011A797F210A40111C021CB8
:103050000A431A713B191B781B07DB0FDAB23B6876
:1030600001210A4010005A7901218A43111C021CD7
:103070000A435A713B191B78DB06DB0FDAB23B6857
:1030800001210A4090185A7902218A43111C021C1E
:103090000A435A713B191B789B06DB0FDAB23B6877
:1030A00001210A4090005A7904218A43111C021C14
:1030B0000A435A713B191B785B06DB0FDAB23B6897
:1030C00001210A40D0005A7908218A43111C021CB0
:1030D0000A435A713B191B781B06DB0FDAB23B68B7
:1030E00001210A4010015A7910218A43111C021C47
:1030F0000A435A713C243B191B78DB07DB0FDAB219
:103100003B6801210A4050015A7920218A43111C51
:10311000021C0A435A713B191B789B07DB0FDAB27A
:103120003B6801210A4090015A7940218A43111CD1
:10313000021C0A435A713B191B785B07DB0FDAB29A
:103140003B68D0015A797F210A40111C021C0A43B6
:103150005A713B191B781B07DB0FDAB23B68012160
:103160000A4010009A7901218A43111C021C0A436B
:103170009A717B6801211800FEF7EAFF0300FB64E7
:10318000FB6C002B13D14423FA1878680123072124
:10319000FEF70EFF0300FB643423FA18786801235E
:1031A0006421FEF705FF0200FB6C9B18FB647B6843
:1031B00000211800FEF7CCFF0200FB6C9B18FB649B
:1031C000FB6C002B01D0FB6CCFE044243B191B7837
:1031D000DB07DB0FDAB23B6801210A4010001A79E5
:1031E00001218A43111C021C0A431A713B191B78E6
:1031F0009B07DB0FDAB23B6801210A4090181A796D
:1032000002218A43111C021C0A431A7134243B19FF
:103210001B785B07DB0FDAB23B6801210A405001E3
:10322000DA7820218A43111C021C0A43DA703B1908
:103230001B781B07DB0FDAB23B6801210A409001C3
:10324000DA7840218A43111C021C0A43DA703B19C8
:103250001B78DB06DB0FDAB23B68D001DA787F211E
:103260000A40111C021C0A43DA703B191B789B06AA
:10327000DB0FDAB23B6801210A401001DA78102135
:103280008A43111C021C0A43DA701423FA18786866
:1032900001234821FEF78CFE0300FB64FB6C002B2E
:1032A00001D0FB6C61E014243B191B78DB07DB0FBA
:1032B000DAB23B6801210A4090189A7902218A43C8
:1032C000111C021C0A439A713B191B781B06DB0F69
:1032D000DAB23B6801210A4090019A7940218A4381
:1032E000111C021C0A439A713B191B785B06DB0F09
:1032F000DAB23B6801210A4050019A7920218A43C1
:10330000111C021C0A439A713B191B789B06DB0FA8
:10331000DAB23B6801210A4010019A7910218A43F0
:10332000111C021C0A439A713B191B78DB06DB0F48
:10333000DAB23B6801210A40D0009A7908218A4319
:10334000111C021C0A439A713B191B781B07DB0FE7
:10335000DAB23B6801210A4090009A7904218A433D
:10336000111C021C0A439A71FB6C1800BD4615B073
:10337000F0BD80B586B000AF786039600C23FA18D4
:10338000786806232221FEF713FE03007B617B6928
:10339000002B01D07B693DE00C217B185B781AB2D1
:1033A0003B681A803B6800229B5E9BB21B029BB26B
:1033B0007A1812789B189BB21AB23B681A807B1855
:1033C000DA783B68023312B21A803B68023300227B
:1033D0009B5E9BB21B029BB27A1892789B189AB2A2
:1033E0003B68023312B21A807B185A793B68043367
:1033F00012B21A803B68043300229B5E9BB21B0210
:103400009BB27A1812799B189AB23B68043312B2B5
:103410001A807B691800BD4606B080BD80B586B0B5
:1034200000AF786039600C23FA18786806232821E9
:10343000FEF7BEFD03007B617B69002B01D07B6939
:103440003DE00C217B185B781AB23B681A803B6820
:1034500000229B5E9BB21B029BB27A1812789B18CB
:103460009BB21AB23B681A807B18DA783B68023349
:1034700012B21A803B68023300229B5E9BB21B0291
:103480009BB27A1892789B189AB23B68023312B2B8
:103490001A807B185A793B68043312B21A803B6851
:1034A000043300229B5E9BB21B029BB27A181279F6
:1034B0009B189AB23B68043312B21A807B691800D9
:1034C000BD4606B080BDF0B589B000AF7860396008
:1034D0001423FA18786801235421FEF769FD0300CC
:1034E000FB611823FA18786801235521FEF760FD67
:1034F0000200FB699B18FB611023FA18786801230E
:103500005B21FEF755FD0200FB699B18FB610C2354
:10351000FA18786801235C21FEF74AFD0200FB6976
:103520009B18FB61FB69002B01D0FB6990E03B68B5
:103530001B785B065B0FDAB214243B1907210A40A3
:1035400010011A7870218A43111C021C0A431A7058
:103550003B681B781B079B0FDAB23B1903210A401B
:1035600090001A780C218A43111C021C0A431A701D
:103570003B681B789B079B0FDAB23B1903210A407B
:1035800010001A7803218A43111C021C0A431A7086
:103590003B685B781A1C3F231340DAB218257B196D
:1035A0003F210A4010001A783F218A43111C021C57
:1035B0000A431A703B689B781A1C3F231340DAB207
:1035C0001026BB193F210A4010001A783F218A4378
:1035D000111C021C0A431A703B68DB781A1C032377
:1035E0001340DAB20C23FB1803210A4050011A7869
:1035F00060218A43111C021C0A431A703A19786828
:1036000001235421FEF7FDFC0200FB699B18FB61BE
:103610007A19786801235521FEF7F3FC0200FB6953
:103620009B18FB61BA19786801235B21FEF7E9FC5E
:103630000200FB699B18FB610C23FA1878680123D0
:103640005C21FEF7DEFC0200FB699B18FB61FB6955
:103650001800BD4609B0F0BD80B500AF024B012295
:103660001A70C046BD4680BD5907002080B582B0A3
:1036700000AF00F068FD00F075F800F0AAF8FDF763
:1036800015FEFDF7ABFE00F051FA00F057F900F01F
:1036900003FA00F0D7F80020FDF7C3FD204B190016
:1036A0000020FDF7A5FD1F4B1800FDF71BFF031EB3
:1036B00009D01D4B0821180001F06EFAC82000F057
:1036C000C7FDC046F5E703212220FDF777FFFDF790
:1036D000C3FD164B1B78DBB2002BF8D0134B002236
:1036E0001A70FB1D00221A70FB1D1800FDF7B8FFB1
:1036F000FB1D1B78002B0FD00B4B0821180001F08D
:103700004BFAFB1D1B781900012009F0D7FAFA23A8
:103710005B00180000F09CFD02F0F0F9D7E7C0460E
:10372000D42306103406002000001048590700205A
:1037300080B582B000AF78600A00BB1C1A807B683D
:10374000074A934207D1BB1C1A8880239B009A42E8
:1037500001D1FFF781FFC046BD4602B080BDC04623
:103760000000104890B589B000AF08243B1918003C
:1037700018231A0000211EF00BF83B001800082344
:103780001A0000211EF004F83B1903221A603B19AD
:10379000802252025A603B191022DA603B1918004D
:1037A00004F0A4FF031E01D000F030F83B0000221B
:1037B0001A603B0000225A603B001021180005F0FF
:1037C000E5F8031E01D000F021F8C046BD4609B05F
:1037D00090BD80B586B000AF3B00180018231A00DA
:1037E00000211DF0D5FF3B0002221A603B00802221
:1037F00052015A613B00180005F0EAF9031E01D09E
:1038000000F004F8C046BD4606B080BD80B500AFEC
:1038100072B6C046C046FDE780B584B000AF7860A0
:10382000074B196D064B7A680A431A65044B1B6DEA
:103830007A681340FB60FB68C046BD4604B080BD9B
:103840000000404880B500AF064B074A1A60054BA0
:10385000180002F097F8031E01D0FFF7D7FFC0460B
:10386000BD4680BD5C0700200000304880B582B0B6
:1038700000AF78607B681B68094A93420CD18023B3
:103880005B021800FFF7C8FF002201210D2000F0A5
:10389000AFFD0D2000F0C1FDC046BD4602B080BDA9
:1038A0000000304880B584B000AF7860074B196ED7
:1038B000064B7A680A431A66044B1B6E7A681340FB
:1038C000FB60FB68C046BD4604B080BD00004048B8
:1038D00080B582B000AF7860064B1B6E7A681340EB
:1038E0007A689A4201D1012300E000231800BD4606
:1038F00002B080BD0000404880B582B000AF786063
:10390000044B196C034B7A680A431A64C046BD46DF
:1039100002B080BD0000404880B582B000AF786042
:10392000054B1A6C7B68D943034B0A401A64C046A6
:10393000BD4602B080BDC0460000404880B582B0A0
:1039400000AF00237B600120FFF7C2FF031E08D1F8
:103950000120FFF7D1FF0120FFF7DEFF0120FFF775
:10396000A1FFC023DB057B603B1D180002F0FAFAC3
:10397000C046BD4602B080BD90B589B000AF78604A
:1039800008243B19180018231A0000211DF000FF1D
:103990007B681A68C023DB059A4222D13B190122B9
:1039A0001A603B1902221A613B19180005F010F940
:1039B000031E01D0FFF72AFF0120FFF773FF0BF072
:1039C000BDF900220021122000F012FD122000F0AB
:1039D00024FD00220021192000F00AFD192000F02A
:1039E0001CFDC046BD4609B090BD80B582B000AF99
:1039F00078607B681B691800BD4602B080BD00007E
:103A000080B584B000AF7860074B196E064B7A68BA
:103A10000A431A66044B1B6E7A681340FB60FB680E
:103A2000C046BD4604B080BD0000404880B582B0AD
:103A300000AF7860064B1B6E7A6813407A689A4232
:103A400001D1012300E000231800BD4602B080BD73
:103A50000000404880B582B000AF7860044B196C1C
:103A6000034B7A680A431A64C046BD4602B080BD63
:103A70000000404880B582B000AF7860054B1A6CFA
:103A80007B68D943034B0A401A64C046BD4602B066
:103A900080BDC0460000404880B582B000AF3B000A
:103AA000180008231A0000211DF072FE0120FFF704
:103AB000BDFF031E08D10120FFF7CCFF0120FFF757
:103AC000D9FF0120FFF79CFFC0460C4B1800FFF701
:103AD0008CFF03000F2BF8D93B00A02252001A8064
:103AE0003B0000229A703B0000225A603B00180005
:103AF00002F044FFC046BD4602B080BD0018006021
:103B000080B584B000AF7860074B196D064B7A68BA
:103B10000A431A65044B1B6D7A681340FB60FB680F
:103B2000C046BD4604B080BD0000404880B500AF2F
:103B3000064B074A1A60054B180005F084F8031E6F
:103B400001D0FFF763FEC046BD4680BD6807002078
:103B50000000604880B582B000AF78607B681B6869
:103B6000054A934204D18023DB021800FFF7C8FF07
:103B7000C046BD4602B080BD0000604880B584B03C
:103B800000AF7860074B596D064B7A680A435A6557
:103B9000044B5B6D7A681340FB60FB68C046BD4612
:103BA00004B080BD0000404880B500AF80235B00BA
:103BB0001800FFF7E3FFC046BD4680BD80B500AFEB
:103BC000C046FDE780B500AFC046FDE780B500AF59
:103BD000C046BD4680BD80B500AFC046BD4680BD75
:103BE00080B500AF00F00EFBC046BD4680BD0000B2
:103BF00080B500AF034B180005F060F8C046BD4625
:103C000080BDC0468007002080B500AF034B180080
:103C100001F001FFC046BD4680BDC0465C070020E4
:103C200080B500AF80239B00034A1900100000F00C
:103C3000CEFFC046BD4680BD0000104880B500AF35
:103C400004F056FBC046BD4680BD80B500AF04F011
:103C500058FBC046BD4680BD80B500AF04F05AFB9E
:103C6000C046BD4680BD80B500AF02F0ABFCC0468B
:103C7000BD4680BD80B500AF02F0C5FCC046BD4664
:103C800080BD80B586B000AFF860B9607A6000236F
:103C90007B610AE000E000BF0100BB685A1CBA600B
:103CA000CAB21A707B6901337B617A697B689A4278
:103CB000F0DB7B681800BD4606B080BD80B586B0DD
:103CC00000AFF860B9607A6000237B6109E0BB68EF
:103CD0005A1CBA601B78180000E000BF7B690133F2
:103CE0007B617A697B689A42F1DB7B681800BD468C
:103CF00006B080BD80B582B000AF786001235B4222
:103D00001800BD4602B080BD80B582B000AF7860BB
:103D100039603B68802292015A6000231800BD463A
:103D200002B080BD80B582B000AF7860012318007A
:103D3000BD4602B080BD80B584B000AFF860B96008
:103D40007A6000231800BD4604B080BD80B586B0FF
:103D500000AF7860144A154BD31A7B617B693B61D5
:103D6000134B1B68002B02D1114B124A1A60104BE7
:103D70001A687B68D3183A699A4207D21DF05EFD33
:103D800003000C221A6001235B4209E0084B1B6808
:103D9000FB60074B1A687B68D218054B1A60FB68FA
:103DA0001800BD4606B080BD00000120000C0000D8
:103DB0007C0700208430002090B583B000AF020063
:103DC0003960FB1D1A70FB1D1B787F2B28D82F4AEA
:103DD000FB1D1B785BB29B08C0339B009B58FA1DF0
:103DE0001278110003220A40D200FF2191400A00FC
:103DF000D2431A4011003B689B01FF221A40FB1D71
:103E00001B78180003230340DB009A401F48FB1D6A
:103E10001B785BB29B080A43C0339B001A5031E009
:103E20001B4AFB1D1B7819000F230B40083B9B0806
:103E300006339B00D31804331B68FA1D1278110057
:103E400003220A40D200FF2191400A00D2431A40C7
:103E500011003B689B01FF221A40FB1D1B781800D4
:103E600003230340DB009A400948FB1D1B781C001C
:103E70000F232340083B9B080A4306339B00C318CB
:103E800004331A60C046BD4603B090BD00E100E0B7
:103E900000ED00E080B500AFBFF34F8FC046044B8C
:103EA000044ADA60BFF34F8FC046C046FDE7C04604
:103EB00000ED00E00400FA0590B587B000AF644A59
:103EC0009423D358002B0ED1624B1B69002B03D1D6
:103ED000604B9B6B002B06D05F4B01229A60FCF776
:103EE00083F9FFF7D7FF5D4B5D4A9A605B4B9A6899
:103EF000594B1A61574B5A68564B20210A435A6056
:103F0000544B5A68534B40210A435A60514B5A68EC
:103F1000504B80210A435A60C0464E4B5B690422D5
:103F20001340042BF9D14B4BDB69302293431A0029
:103F3000484B20210A43DA61464BDA69454B49492F
:103F40000A40DA61434BDA69424B802149000A4357
:103F5000DA61454B1B68454A93425BD01E233B61A7
:103F60000823FB600323BB6008237B60394A94234A
:103F7000D3581E2293431A007B685B001E210B401E
:103F80003449134394228B50324A9423D3583149F5
:103F90000122134394228B502D4BDB68344A13408B
:103FA00019003B691A062A4B0A43DA60284BDA6883
:103FB000274B802109040A43DA60264A9423D35808
:103FC0002C4A1A40FB689901F0239B000B402149C1
:103FD000134394228B501F4A9423D3581D49202207
:103FE000134394228B501B4A9423D358224A1A40DD
:103FF000BB68D902E0239B010B401649134394226E
:104000008B50144A9423D35812498022D200134370
:1040100094228B501723FB1800221A700DE01724EE
:104020003B191B785BB203211800FFF7C5FE210086
:104030007B181A787B1801321A701723FB181B782B
:104040001F2BECD962B6C046C046BD4607B090BD36
:1040500000004048000050480400002000ED00E04F
:1040600000000410FFFBFFFFF81E0010CCECBCFCAE
:10407000FFFFFFC03FFCFFFFFFC7FFFF80B582B01F
:1040800000AF134B9B685B08DAB2FB1D01210A40AD
:104090001A700F4B9B685B09DAB2BB1D07210A40FF
:1040A0001A70FB1D1B78002B07D0BB1D1B78013B32
:1040B000084ADA40084B1A6005E0BB1D1B78074A26
:1040C000DA40054B1A60C046BD4602B080BDC0460E
:1040D000000040480048E801740D00200090D00323
:1040E00010488546FFF7E8FE002103E00E4B5B58C1
:1040F000435004310D480E4B42189A42F6D30D4AF4
:1041000002E00023136004320B4B9A42F9D30B4AAE
:1041100002E0002313600432094B9A42F9D3FFF7FF
:10412000A5FAFEE700000120BC280610F80C0020CC
:10413000480F00207C010020F80C0020C000002067
:104140007C010020FEE780B582B000AFFB1D00229D
:104150001A70032000F00EF8031E03D0FB1D01228D
:104160001A7001E0FFF720FDFB1D1B781800BD460B
:1041700002B080BD90B585B000AF78600F23FB180A
:1041800000221A701D4B1B78002B2CD004F0AAFCC7
:1041900004001A4B1B781900FA239800FCF73EF82C
:1041A000030019002000FCF739F80300180000F0A4
:1041B00044F9031E12D17B68032B0AD879680123C6
:1041C0005B420022180000F013F90D4B7A681A6068
:1041D0000DE00F23FB1801221A7008E00F23FB18D3
:1041E00001221A7003E00F23FB1801221A700F231B
:1041F000FB181B781800BD4605B090BD7C0D002053
:10420000780D002080B500AF054B1B781A00054BD8
:104210001B68D218034B1A60C046BD4680BDC0461D
:104220007C0D00201408002080B500AF024B1B68F5
:104230001800BD4680BDC0461408002080B500AF00
:10424000024B1B681800BD4680BDC046780D00209B
:1042500080B584B000AF7860FFF7E6FF0300BB6075
:104260007B68FB60FB68013305D00A4B1B781A00A2
:10427000FB689B18FB60C046FFF7D6FF0200BB68D7
:10428000D31AFA689A42F7D8C046C046BD4604B071
:1042900080BDC0467C0D002080B582B000AF02001A
:1042A000FB1D1A70FB1D1B787F2B09D8FB1D1B788B
:1042B0001A001F231A40044B012191400A001A6082
:1042C000C046BD4602B080BD00E100E090B583B0BD
:1042D00000AF02003960FB1D1A70FB1D1B787F2B9D
:1042E00028D82F4AFB1D1B785BB29B08C0339B006C
:1042F0009B58FA1D1278110003220A40D200FF21B8
:1043000091400A00D2431A4011003B689B01FF22F2
:104310001A40FB1D1B78180003230340DB009A4062
:104320001F48FB1D1B785BB29B080A43C0339B00F0
:104330001A5031E01B4AFB1D1B7819000F230B405C
:10434000083B9B0806339B00D31804331B68FA1DF7
:104350001278110003220A40D200FF2191400A0086
:10436000D2431A4011003B689B01FF221A40FB1DFB
:104370001B78180003230340DB009A400948FB1D0B
:104380001B781C000F232340083B9B080A4306337D
:104390009B00C31804331A60C046BD4603B090BDED
:1043A00000E100E000ED00E080B582B000AF786091
:1043B0007B685A1E80235B049A4201D3012310E0DC
:1043C0000A4B7A68013A5A6001235B4203211800C4
:1043D000FFF77CFF054B00229A60044B07221A600E
:1043E00000231800BD4602B080BDC04610E000E0CA
:1043F00080B584B000AFB9607A600F217B18021CD1
:104400001A70BA687B181B785BB211001800FFF7AE
:104410005DFFC046BD4604B080BD80B582B000AF30
:104420000200FB1D1A70FB1D1B785BB21800FFF722
:1044300033FFC046BD4602B080BD80B582B000AF3C
:1044400078607B681800FFF7AFFF03001800BD46D7
:1044500002B080BD80B582B000AF78607B68002B71
:1044600001D1012331E07B6825229B5CDBB2022B6A
:1044700008D07B680422DA637B68242200219954E7
:10448000012322E07B681B681A687B681B680E2189
:104490008A431A607B681B681A687B681B68012165
:1044A0008A431A607B685B6C3C221A407B681B6CF9
:1044B000012191400A005A607B682522012199540C
:1044C0007B6824220021995400231800BD4602B0C5
:1044D00080BD80B584B000AF78600F217B180022CA
:1044E0001A707B6825229B5CDBB2022B06D07B68AE
:1044F0000422DA637B1801221A702AE07B681B68A9
:104500001A687B681B680E218A431A607B681B68E7
:104510001A687B681B6801218A431A607B685B6CA0
:104520003C221A407B681B6C012191400A005A60B2
:104530007B682522012199547B682422002199540B
:104540007B689B6B002B04D07B689B6B7A681000A8
:1045500098470F23FB181B781800BD4604B080BD98
:10456000B0B586B000AFF860B9607A601D4B1B78BB
:10457000012B01D1022331E01A4B01221A70194B91
:1045800000225A6017257C19FA239B00180000F0BE
:104590002BF8030023707B191B78002B18D1FB68C4
:1045A000002B06D17A68BB681100180000F056F89D
:1045B00005E07A68BB681100180000F071F8172355
:1045C000FC18FA239B00180000F00EF8030023707B
:1045D000044B00221A701723FB181B781800BD46E5
:1045E00006B0B0BD1808002080B584B000AF786078
:1045F000FFF71AFE0300FB600CE07B68013309D073
:10460000FFF712FE0200FB68D31A7A689A4201D8BB
:1046100003231BE00F4B1B6901221340012BECD13C
:104620000C4B1B690C2213400C2B0ED1094B9A68C2
:10463000094B5B681A43084B5A60064B1A69054BD5
:104640000C210A431A61012300E000231800BD4633
:1046500004B080BD001000401808002080B582B072
:1046600000AF786039600C4B1A690B4B0F210A437D
:104670001A617B68094A944663449A08064B1204FF
:10468000120C9A61044B3A681A64034B33221A6085
:10469000C046BD4602B080BD001000400000FCEFE7
:1046A00080B584B000AF786039603B68FB60174B21
:1046B0001A69164B0F210A431A617B68144A944603
:1046C00063449A08114B1204120C9A610F4AFB685A
:1046D0001B681364FB680433FB600C4AFB681B68AF
:1046E0005364FB680433FB60084AFB681B689364EF
:1046F000FB680433FB60054AFB681B68D364034B0B
:10470000CC221A60C046BD4604B080BD00100040F7
:104710000000FCEFB0B584B000AF78603960274B83
:104720001B78012B01D1022343E0244B01221A7094
:10473000224B00225A607B681B68FF2B0BD100F0D4
:104740003FF80F23FC18FA239B001800FFF74CFFDB
:104750000300237027E03B68012252421A607B6805
:104760005B68BB6017E0BB68180000F039F80F25E4
:104770007C19FA239B001800FFF736FF0300237013
:104780007B191B78002B03D03B68BA681A600AE0DB
:10479000BB680133BB607B685A687B689B68D31831
:1047A000BA689A42DFD3054B00221A700F23FB1818
:1047B0001B781800BD4604B0B0BDC04618080020E4
:1047C00080B500AF054B1A69044B0F210A431A61EB
:1047D000024B22221A60C046BD4680BD0010004038
:1047E00080B582B000AF7860094B1A69084B0F2181
:1047F0000A431A617B68DB029A08054B1204120C0B
:104800009A61034B11221A60C046BD4602B080BDBA
:104810000010004080B586B000AF7860396000239A
:104820007B6190E13B681B6801217A6991400A0035
:104830001340FB60FB68002B00D181E13B685B68A3
:1048400003221340012B05D03B685B680322134011
:10485000022B30D17B689B683B617B695B00032244
:104860009A401300DA433B6913403B613B68DA68C6
:104870007B695B009A4013003A6913433B617B6894
:104880003A699A607B685B683B6101227B699A4068
:104890001300DA433B6913403B613B685B681B09CB
:1048A00001221A407B699A4013003A6913433B6125
:1048B0007B683A695A603B685B6803221340032BAC
:1048C00017D07B68DB683B617B695B0003229A4001
:1048D0001300DA433B6913403B613B689A687B698C
:1048E0005B009A4013003A6913433B617B683A6965
:1048F000DA603B685B6803221340022B23D17B699B
:10490000DA087B6808329200D3583B617B69072242
:1049100013409B000F229A401300DA433B69134077
:104920003B613B681A697B6907210B409B009A40F9
:1049300013003A6913433B617B69DA087B680832EC
:1049400092003969D1507B681B683B617B695B00D1
:1049500003229A401300DA433B6913403B613B68F2
:104960005B6803221A407B695B009A4013003A6936
:1049700013433B617B683A691A603B685A68C023FD
:104980009B02134000D1DBE03B685A688023DB02C6
:10499000134030D08023DB05DB683B617A689023CD
:1049A000DB059A4211D101227B699A401300DB4357
:1049B0001A003B6913403B6101227B699A40130056
:1049C0001A003B6913433B6111E001227B699A4065
:1049D00013001B04DB431A003B6913403B610122B7
:1049E0007B699A4013001B043A6913433B6180239F
:1049F000DB053A69DA603B685A6880235B03134041
:104A000030D08023DB051B693B617A689023DB058E
:104A10009A4211D101227B699A401300DB431A00AC
:104A20003B6913403B6101227B699A4013001A00E5
:104A30003B6913433B6111E001227B699A401300FB
:104A40001B04DB431A003B6913403B6101227B6975
:104A50009A4013001B043A6913433B618023DB0532
:104A60003A691A613B685A688023DB03134030D0EF
:104A70008023DB055B693B617A689023DB059A4202
:104A800011D101227B699A401300DB431A003B6974
:104A900013403B6101227B699A4013001A003B6975
:104AA00013433B6111E001227B699A4013001B0410
:104AB000DB431A003B6913403B6101227B699A404A
:104AC00013001B043A6913433B618023DB053A69F9
:104AD0005A613B685A6880235B02134030D08023C0
:104AE000DB059B693B617A689023DB059A4211D113
:104AF00001227B699A401300DB431A003B69134093
:104B00003B6101227B699A4013001A003B69134301
:104B10003B6111E001227B699A4013001B04DB43D7
:104B20001A003B6913403B6101227B699A401300E4
:104B30001B043A6913433B618023DB053A699A61A0
:104B40007B6901337B613B681A687B69DA40131E1D
:104B500000D067E6C046C046BD4606B080BD80B501
:104B600082B000AF786008001100BB1C021C1A80E4
:104B70007B1C0A1C1A707B1C1B78002B04D0BB1CEE
:104B80001A887B689A6103E0BB1C1A887B689A626A
:104B9000C046BD4602B080BD80B584B000AF78602D
:104BA0000A00BB1C1A807B685B69FB60BB1C1B880E
:104BB000FA6813401A04FB68DB43B91C09880B40F0
:104BC0001A437B689A61C046BD4604B080BD80B57B
:104BD00082B000AF78600A00BB1C1A807A6890230C
:104BE000DB059A4209D18023DB05DB69BA1C1288F8
:104BF00013405A1E9341DBB209E08023DB05DB69D9
:104C0000BA1C1288120413405A1E9341DBB2002BC7
:104C100017D07A689023DB059A4205D18023DB0503
:104C2000BA1C1288DA6105E0BB1C1A888023DB05F8
:104C30001204DA61BB1C1A887B6811001800FEF7A9
:104C400077FDC046BD4602B080BD000080B582B091
:104C500000AF78607B68002B01D101238FE07B6877
:104C600041229B5CDBB2002B07D17B6840220021F4
:104C700099547B681800FCF7F1FB7B6841222421E2
:104C800099547B681B681A687B681B6801218A43FA
:104C90001A607B685A687B681B683B490A401A6146
:104CA0007B681B689A687B681B6838490A409A6071
:104CB0007B68DB68012B08D17B689A687B681B687E
:104CC000802109020A439A6007E07B689A687B6842
:104CD0001B68842109020A439A607B68DB68022B07
:104CE00009D17B681B685A687B681B6880210901B1
:104CF0000A435A6007E07B681B685A687B681B6838
:104D000023490A405A607B681B685A687B681B68A5
:104D100020490A435A607B681B68DA687B681B6815
:104D20001A490A40DA607B681A697B685B691A4332
:104D300011007B689B691A027B681B680A43DA6072
:104D40007B68D9697B681A6A7B681B680A431A60AA
:104D50007B681B681A687B681B6801210A431A601C
:104D60007B6800225A647B684122202199547B6829
:104D700000221A637B684222002199540023180004
:104D8000BD4602B080BDC046FFFFFFF0FF7FFFFFC2
:104D9000FFF7FFFF0080000290B589B002AFF86016
:104DA0000C00100019000A23FB18221C1A8008238B
:104DB000FB18021C1A80BB1D0A1C1A80FB684122CA
:104DC0009B5CDBB2202B00D00CE1BB6A002B04D033
:104DD0002C23FB181B88002B05D1FB688022920036
:104DE0005A640123FFE0FB6840229B5C012B01D148
:104DF0000223F8E0FB68402201219954FFF714FADE
:104E000003007B6180231902F8687B6900931923F2
:104E1000012200F00BFB031E01D00123E3E0FB683D
:104E2000412221219954FB68422240219954FB6878
:104E300000225A64FB68BA6A5A62FB682C22BA18CC
:104E400012885A85FB6800225A63BB1D1C88082300
:104E5000FB181A880A23FB181988F8687B690193E4
:104E60003B6B0093230000F0F9F9031E05D0FB68AB
:104E70004022002199540123B5E0FB685B8D9BB271
:104E8000FF2B11D9FB68FF221A85FB681B8DDAB254
:104E900080235C040A23FB181988F8680023009318
:104EA000230000F09DFC12E0FB685B8D9AB2FB686A
:104EB0001A85FB681B8DDAB280239C040A23FB1839
:104EC0001988F86800230093230000F089FC7A69B0
:104ED000396BFB68180000F001FB031E01D00123B1
:104EE00081E0FB685B6A1A78FB681B689A62FB6862
:104EF0005B6A5A1CFB685A62FB685B8D9BB2013B84
:104F00009AB2FB685A85FB681B8D013B9AB2FB681D
:104F10001A85FB685B8D9BB2002B3AD0FB681B8D1A
:104F2000002B36D13A6BF8687B690093130000229E
:104F3000802100F07BFA031E01D0012353E0FB68BF
:104F40005B8D9BB2FF2B11D9FB68FF221A85FB6892
:104F50001B8DDAB280235C040A23FB181988F868D9
:104F600000230093230000F03BFC12E0FB685B8D04
:104F70009AB2FB681A85FB681B8DDAB280239C0409
:104F80000A23FB181988F86800230093230000F017
:104F900027FCFB685B8D9BB2002B98D17A69396B3B
:104FA000FB68180000F0E0FA031E01D001231AE0AC
:104FB000FB681B682022DA61FB681B685A68FB6883
:104FC0001B680B490A405A60FB6841222021995412
:104FD000FB68422200219954FB6840220021995429
:104FE000002300E002231800BD4607B090BDC04674
:104FF00000E800FE90B589B002AFF8600C00100028
:1050000019000A23FB18221C1A800823FB18021C13
:105010001A80BB1D0A1C1A80FB6841229B5CDBB214
:10502000202B00D010E1BB6A002B04D02C23FB18EE
:105030001B88002B05D1FB68802292005A64012353
:1050400003E1FB6840229B5C012B01D10223FCE0C1
:10505000FB68402201219954FFF7E6F803007B61C9
:1050600080231902F8687B6900931923012200F05C
:10507000DDF9031E01D00123E7E0FB684122222174
:105080009954FB68422240219954FB6800225A64DB
:10509000FB68BA6A5A62FB682C22BA1812885A85D1
:1050A000FB6800225A63BB1D1C880823FB181A8862
:1050B0000A23FB181988F8687B6901933B6B0093FE
:1050C000230000F02FF9031E05D0FB6840220021C9
:1050D00099540123B9E0FB685B8D9BB2FF2B11D97A
:1050E000FB68FF221A85FB681B8DDAB280235C0403
:1050F0000A23FB181988F868564B0093230000F028
:105100006FFB12E0FB685B8D9AB2FB681A85FB6847
:105110001B8DDAB280239C040A23FB181988F868D7
:105120004C4B0093230000F05BFB3A6BF8687B6903
:10513000009313000022042100F078F9031E01D02F
:10514000012382E0FB681B685A6AFB685B6AD2B283
:105150001A70FB685B6A5A1CFB685A62FB681B8DFD
:10516000013B9AB2FB681A85FB685B8D9BB2013BE1
:105170009AB2FB685A85FB685B8D9BB2002B3AD0D4
:10518000FB681B8D002B36D13A6BF8687B69009366
:1051900013000022802100F049F9031E01D00123F1
:1051A00053E0FB685B8D9BB2FF2B11D9FB68FF229C
:1051B0001A85FB681B8DDAB280235C040A23FB1876
:1051C0001988F86800230093230000F009FB12E01F
:1051D000FB685B8D9AB2FB681A85FB681B8DDAB29F
:1051E00080239C040A23FB181988F8680023009385
:1051F000230000F0F5FAFB685B8D9BB2002B94D185
:105200007A69396BFB68180000F0AEF9031E01D013
:1052100001231AE0FB681B682022DA61FB681B6827
:105220005A68FB681B680C490A405A60FB684122B7
:1052300020219954FB68422200219954FB684022A6
:1052400000219954002300E002231800BD4607B056
:1052500090BDC0460024008000E800FEB0B586B0D6
:1052600002AFF8600C00100019000A257B19221CFF
:105270001A800823FB18021C1A80BB1D0A1C1A8006
:10528000BB1D1B88DAB280235C047B191988F8687F
:10529000234B0093230000F0A3FA7A6A396AFB6873
:1052A000180000F01BF9031E01D0012333E0BB1DE1
:1052B0001B88012B07D10823FB181B88DAB2FB6877
:1052C0001B689A6219E00823FB181B881B0A9BB213
:1052D000DAB2FB681B689A627A6A396AFB6818005E
:1052E00000F0FCF8031E01D0012314E00823FB1892
:1052F0001B88DAB2FB681B689A623A6AF8687B6AB4
:10530000009313000022802100F090F8031E01D0CA
:10531000012300E000231800BD4604B0B0BDC04624
:1053200000200080B0B586B002AFF8600C0010001D
:1053300019000A257B19221C1A800823FB18021C5D
:105340001A80BB1D0A1C1A80BB1D1B88DAB27B1990
:105350001988F868234B0093002300F041FA7A6A19
:10536000396AFB68180000F0B9F8031E01D0012368
:1053700033E0BB1D1B88012B07D10823FB181B88BA
:10538000DAB2FB681B689A6219E00823FB181B88D5
:105390001B0A9BB2DAB2FB681B689A627A6A396AA6
:1053A000FB68180000F09AF8031E01D0012314E0F6
:1053B0000823FB181B88DAB2FB681B689A623A6AFA
:1053C000F8687B6A009313000022402100F02EF859
:1053D000031E01D0012300E000231800BD4604B0E5
:1053E000B0BDC0460020008080B582B000AF7860BC
:1053F0007B681B689B6902221340022B03D17B68E8
:105400001B6800229A627B681B689B69012213401B
:10541000012B07D07B681B689A697B681B68012198
:105420000A439A61C046BD4602B080BD80B584B0D3
:1054300000AFF860B9603B60FB1D1A703AE0BA69D2
:105440003968FB68180000F0D3F8031E01D001236F
:1054500040E03B6801332DD0FEF7E6FE0200BB6959
:10546000D31A3A689A4202D33B68002B22D1FB68D8
:105470001B689B69BA681340BA68D31A5A425341F1
:10548000DBB21A00FB1D1B789A4213D1FB685B6CE0
:1054900020221A43FB685A64FB6841222021995458
:1054A000FB68422200219954FB6840220021995454
:1054B00001230FE0FB681B689B69BA681340BA6858
:1054C000D31A5A425341DBB21A00FB1D1B789A4291
:1054D000B5D000231800BD4604B080BD80B584B0AF
:1054E00000AFF860B9607A6032E07A68B968FB684A
:1054F000180000F07DF8031E01D0012330E0BB68E6
:10550000013325D0FEF790FE02007B68D31ABA68FB
:105510009A4202D3BB68002B1AD1FB681B689B69B7
:1055200002221340022B13D0FB685B6C20221A432B
:10553000FB685A64FB68412220219954FB6842228F
:1055400000219954FB68402200219954012307E06F
:10555000FB681B689B6902221340022BC5D1002304
:105560001800BD4604B080BD80B584B000AFF860BF
:10557000B9607A602FE07A68B968FB68180000F0BB
:1055800037F8031E01D001232DE0FEF74DFE020087
:105590007B68D31ABA689A4202D3BB68002B1AD12F
:1055A000FB681B689B6920221340202B13D0FB68EB
:1055B0005B6C20221A43FB685A64FB68412220215D
:1055C0009954FB68422200219954FB684022002133
:1055D0009954012307E0FB681B689B692022134054
:1055E000202BC8D100231800BD4604B080BD0000A8
:1055F00080B58AB000AFF860B9607A602723FB18E5
:1056000000221A70FB681B689B69BB6100233B6228
:105610007B68FB61BB691022134000D179E0FB6815
:105620001B681022DA6157E02722BB18BA181278DB
:105630001A70BB6801334FD0FEF7F6FD0200FB691C
:10564000D31ABA689A4202D3BB68002B44D1FB68D4
:105650001B685A688023DB0113407B6113203B18D1
:10566000FA684221525C1A70FB681B689A698023B1
:105670001B021A4080231B029A4226D17A6980239A
:10568000DB019A4221D03B181B78202B1DD0FB68F0
:105690001B685A68FB681B688021C9010A435A606D
:1056A000FEF7C2FD0300FB610FE0FEF7BDFD020047
:1056B000FB69D31A192B08D93B6A202213433B629A
:1056C0002723FB1801221A7006E0FB681B689B6900
:1056D00020221340202BE8D1FB681B689B69202205
:1056E0001340202B04D02723FB181B78002B9BD0C2
:1056F0002723FB181B78002B03D1FB681B68202293
:10570000DA613B6A042213433B622723FB18012220
:105710001A70FB681B689B69BB61BA6980235B00D8
:1057200013400CD03B6A012213433B62FB681B68A9
:1057300080225200DA612723FB1801221A70BA690D
:105740008023DB0013400CD03B6A082213433B62EA
:10575000FB681B688022D200DA612723FB18012234
:105760001A70BA6980239B0013400CD03B6A022256
:1057700013433B62FB681B6880229200DA61272397
:10578000FB1801221A702723FB181B78002B1DD051
:10579000FB681800FFF728FEFB681B685A68FB6867
:1057A0001B680E490A405A60FB685A6C3B6A1A43F0
:1057B000FB685A64FB68412220219954FB6842220D
:1057C00000219954FB684022002199542723FB189B
:1057D0001B781800BD460AB080BDC04600E800FE38
:1057E00090B587B000AFF860080011007B600A2414
:1057F0003B19021C1A8009203B180A1C1A703B191D
:105800001B889B059A0D3B181B781904FF231B046A
:105810000B401A437B681A43BB6A13435B005B0867
:105820007B61FB681B685B68BA6A510D8022D200FD
:105830000A4007490A43D2431A401100FB681B681B
:105840007A690A435A60C046BD4607B090BDC0465B
:10585000FF63FF0380B582B000AF786039607B687A
:1058600041229B5CDBB2202B38D17B6840229B5CC1
:10587000012B01D1022332E07B684022012199549F
:105880007B684122242199547B681B681A687B68D5
:105890001B6801218A431A607B681B681A687B6851
:1058A0001B6811490A401A607B681B6819687B688D
:1058B0001B683A680A431A607B681B681A687B6831
:1058C0001B6801210A431A607B68412220219954F8
:1058D0007B68402200219954002300E00223180035
:1058E000BD4602B080BDC046FFEFFFFF80B584B06B
:1058F00000AF786039607B6841229B5CDBB2202B73
:1059000039D17B6840229B5C012B01D1022333E01B
:105910007B684022012199547B68412224219954BB
:105920007B681B681A687B681B6801218A431A60C0
:105930007B681B681B68FB60FB68114A1340FB60B7
:105940003B681B02FA681343FB607B681B68FA68BC
:105950001A607B681B681A687B681B6801210A4310
:105960001A607B684122202199547B6840220021E3
:105970009954002300E002231800BD4604B080BD06
:10598000FFF0FFFF80B584B000AF78600F23FB18F5
:1059900000221A707B68002B32D07B681B79DBB247
:1059A000002B03D17B681800FDF760FF7B680222A3
:1059B0001A717B681B681A687B681B6880210A4320
:1059C0001A607B681B681A687B681B6880218A43A1
:1059D0001A607B681B685A687B681B680D210A4344
:1059E0005A607B681B685A687B681B680D218A4374
:1059F0005A607B6800229A607B6801221A7103E07A
:105A00000F23FB1801221A700F23FB181B781800B4
:105A1000BD4604B080BD80B584B000AF78607B68BF
:105A20001B689B68FB607B681B685B68BB60FB68EE
:105A30000822134019D0BB680822134015D07B6898
:105A40009B6801221A437B689A607B681B685A68CE
:105A50007B681B6808210A435A607B681B685A6888
:105A60007B681B6808218A435A60FB680422134044
:105A700019D0BB680422134015D07B689B680222B2
:105A80001A437B689A607B681B685A687B681B684E
:105A900004210A435A607B681B685A687B681B684C
:105AA00004218A435A607B689B68002B03D07B6883
:105AB000180004F0C3FAFB68012213401AD0BB6837
:105AC0000122134016D07B681B685A687B681B68EC
:105AD00001210A435A607B681B685A687B681B680F
:105AE00001218A435A607B6801221A717B68180081
:105AF00004F096FAC046BD4604B080BD80B500AF44
:105B0000044B1A69034B04218A431A6130BFC04613
:105B1000BD4680BD00ED00E080B584B000AF786088
:105B200039600F23FB1800221A707B68002B03D00A
:105B30007B68012B0ED01BE0134B196A124B3A689D
:105B40000A431A62104B5A6A3B68D9430E4B0A400B
:105B50005A6212E00C4B996A0B4B3A680A439A62FC
:105B6000094BDA6A3B68D943074B0A40DA6204E022
:105B70000F23FB1801221A70C0460F23FB181B7855
:105B80001800BD4604B080BD0000504880B584B008
:105B900000AF786039600F23FB1800221A707B6811
:105BA000002B03D07B68012B08D00FE00D4B1A6A45
:105BB0003B68D9430B4B0A401A620CE0094B9A6AC6
:105BC0003B68D943074B0A409A6204E00F23FB1855
:105BD00001221A70C0460F23FB181B781800BD461F
:105BE00004B080BD0000504880B584B000AF78603C
:105BF00039600F23FB1800221A707B68002B03D03A
:105C00007B68012B08D00FE00D4B5A6A3B68D943E3
:105C10000B4B0A405A620CE0094BDA6A3B68D943E5
:105C2000074B0A40DA6204E00F23FB1801221A70C6
:105C3000C0460F23FB181B781800BD4604B080BD7A
:105C40000000504880B582B000AF7860044B1B68FC
:105C5000034B7A681A60C046BD4602B080BDC0469C
:105C6000C000002080B582B000AF7860074B5B6851
:105C7000074A134019007B681B021B041A0C034BD4
:105C80000A435A60C046BD4602B080BDC000002035
:105C9000FF00FFFF80B582B000AF7860084B5B6803
:105CA000084A134019007B681A04FF231B041A409A
:105CB000034B0A435A60C046BD4602B080BDC04691
:105CC000C0000020FFFF00FF80B582B000AF786009
:105CD000064B5B681B02190A7B681A06034B0A43D2
:105CE0005A60C046BD4602B080BDC046C00000201C
:105CF00080B582B000AF7860074B9B68FF2293436A
:105D000019007B68FF221A40034B0A439A60C04681
:105D1000BD4602B080BDC046C000002080B582B044
:105D200000AF7860074B9B68074A134019007B68F7
:105D30001B021B041A0C034B0A439A60C046BD4663
:105D400002B080BDC0000020FF00FFFF80B582B020
:105D500000AF7860084B9B68084A134019007B68C5
:105D60001A04FF231B041A40034B0A439A60C046DF
:105D7000BD4602B080BDC046C0000020FFFF00FF4E
:105D800080B582B000AF7860064B9B681B02190A91
:105D90007B681A06034B0A439A60C046BD4602B0B0
:105DA00080BDC046C000002080B582B000AF7860E2
:105DB000074BDB68FF22934319007B68FF221A40E0
:105DC000034B0A43DA60C046BD4602B080BDC04600
:105DD000C000002080B582B000AF7860074BDB6860
:105DE000074A134019007B681B021B041A0C034B63
:105DF0000A43DA60C046BD4602B080BDC000002044
:105E0000FF00FFFF80B582B000AF7860084BDB6811
:105E1000084A134019007B681A04FF231B041A4028
:105E2000034B0A43DA60C046BD4602B080BDC0469F
:105E3000C0000020FFFF00FF80B582B000AF786097
:105E4000084BDB68084A134019007B681A06FC23DC
:105E50009B051A40034B0A43DA60C046BD4602B0B8
:105E600080BDC046C0000020FFFFFFC080B582B0EB
:105E700000AF7860074B1B69FF22934319007B68D2
:105E8000FF221A40034B0A431A61C046BD4602B0C6
:105E900080BDC046C000002080B500AF044B5A69E9
:105EA000034B04210A435A61C046BD4680BDC0462B
:105EB000C000002080B500AF044B5A69034B80211D
:105EC00009040A435A61C046BD4680BDC000002097
:105ED00080B500AF044B5A69034B802189050A4302
:105EE0005A61C046BD4680BDC000002080B500AFED
:105EF000044B5A69034B8021C9050A435A61C046C5
:105F0000BD4680BDC000002080B582B000AF786083
:105F10007B68DB68032293431A007B68DA60C04623
:105F2000BD4602B080BD80B582B000AF78607B68AE
:105F3000DB68032293431A007B68DA60C046BD46E3
:105F400002B080BD80B582B000AF78607B689B6A8C
:105F5000034A1A407B689A62C046BD4602B080BDC3
:105F6000FFFFFFBF90B58DB000AF7860144B7B6131
:105F7000144B1B68144A93422AD1144B1B681B0A0A
:105F80000F221340FB62114B1B681B0B0F221340A7
:105F9000BB620E4B1B681B0C0F2213407B620B4B2A
:105FA0001B681B0D072213403B62084B1B681B0E2E
:105FB00007221340FB611B23FB1801221A7011E01A
:105FC00040080020F81E0010CCECBCFCE81E0010BD
:105FD0000823FB620723BB6208237B621B23FB1899
:105FE00000221A70FC4B00221A717B68002B03D030
:105FF0007B681800FDF7C0FCC023DB051800FFF725
:1060000083FFC023DB051800FFF78DFFF34B18005B
:10601000FFF798FFF24A9E239B00D3580F22934329
:106020001A007B6A0F210B40ED491A439E239B0007
:10603000CA50EB4A9D239B00D358F02293431A0089
:10604000BB6A1B01FF210B40E5491A439D239B00BE
:10605000CA50E34A9D239B00D3580F2293431A0052
:10606000FB6A0F210B40DE491A439D239B00CA5057
:106070001B23FB181B78002B1ED0D94A92239B00B0
:10608000D358072293431A003B6A07210B40D44997
:106090001A4392239B00CA50D14A92239B00D358A3
:1060A000382293431A00FB69DB0038210B40CC49AE
:1060B0001A4392239B00CA50C94AA4235B00D358B9
:1060C000FF229343C64955221A43A4235B00CA50BA
:1060D000C34AAA235B00D358FF229343C0496622D8
:1060E0001A43AA235B00CA50BD4AB4235B00D358AD
:1060F000FF229343BA4955221A43B4235B00CA5086
:10610000B74AC4235B00D358FF229343B4491D22EE
:106110001A43C4235B00CA50B14AC2235B00D35860
:10612000FF229343AE4959221A43C2235B00CA504F
:10613000AB4AC6235B00D358FF229343A8493222BF
:106140001A43C6235B00CA50A54AB6235B00D35846
:10615000A34901221A43B6235B00CA504020FFF72F
:1061600081FD3F20FFF796FD0920FFF7ADFD74206C
:10617000FFF7ECFD3820FFF703FE7620FFF7B8FDB0
:106180003A20FFF7CBFD1020FFF73CFE1020FFF771
:1061900053FE0520FFF76AFE1420FFF705FE0520D9
:1061A000FFF718FEFFF778FEFFF784FEFFF790FE7B
:1061B00013203B1800221A703B181B783A18591C00
:1061C00011701A007B699B1801221A703B181B780A
:1061D0003A18591C11701A007B699B185E221A70BC
:1061E0007F4A9E239B00D1583B181B7804003A1825
:1061F000581C10701A007B699B18CAB21A702000D4
:106200003B181B783A18591C11701A007B699B18AF
:1062100001221A703B181B783A18591C11701A0089
:106220007B699B185D221A706D4A9D239B00D15893
:106230003B181B7804003A18581C10701A007B6930
:106240009B18CAB21A7020003B181B783A18591CC8
:1062500011701A007B699B1801221A703B181B7879
:106260003A18591C11701A007B699B1852221A7037
:106270005B4A92239B00D1583B181B7804003A18C4
:10628000581C10701A007B699B18CAB21A70200043
:106290003B181B783A18591C11701A007B699B181F
:1062A00001221A703B181B783A18591C11701A00F9
:1062B0007B699B1812221A70494AA4235B00D158AB
:1062C0003B181B7804003A18581C10701A007B69A0
:1062D0009B18CAB21A7020003B181B783A18591C38
:1062E00011701A007B699B1801221A703B181B78E9
:1062F0003A18591C11701A007B699B1815221A70E4
:10630000374AAA235B00D1583B181B7804003A187F
:10631000581C10701A007B699B18CAB21A702000B2
:106320003B181B783A18591C11701A007B699B188E
:1063300001221A703B181B783A18591C11701A0068
:106340007B699B181A221A70254AB4235B00D15826
:106350003B181B7804003A18581C10701A007B690F
:106360009B18CAB21A7020003B181B783A18591CA7
:1063700011701A007B699B1801221A703B181B7858
:106380003A18591C11701A007B699B1822221A7046
:10639000134AC4235B00D1583B181B7804003A18F9
:1063A000581C10701A007B699B18CAB21A70200022
:1063B0003B181B783A18591C11701A007B699B18FE
:1063C00001221A703B181B783A18591C11701A00D8
:1063D0007B699B1806E0C046C000002000180060E2
:1063E0000014006021221A70494AC2235B00D15870
:1063F0003B181B7804003A18581C10701A007B696F
:106400009B18CAB21A7020003B181B783A18591C06
:1064100011701A007B699B1801221A703B181B78B7
:106420003A18591C11701A007B699B1823221A70A4
:10643000374AC6235B00D1583B181B7804003A1832
:10644000581C10701A007B699B18CAB21A70200081
:106450003B181B783A18591C11701A007B699B185D
:1064600001221A703B181B783A18591C11701A0037
:106470007B699B181B221A70254AB6235B00D158F2
:106480003B181B7804003A18581C10701A007B69DE
:106490009B18CAB21A703B191B783A19591C117013
:1064A0001A007B699B1800221A701A4A1A4B1A604C
:1064B000184A194B5A60194A174B9A60164B00221A
:1064C000DA60154B1B681800FFF7BCFB104B01226C
:1064D0001A61FFF70BFDC023DB055B68FB60C0237F
:1064E000DB05FA685A600E4B5A6C0D4B01210A43CA
:1064F0005A640B4B1A6C0A4B01210A431A64C023DD
:10650000DB055B68FB60C046BD460DB090BDC04674
:106510000014006040080020300800203C080020E3
:106520000018006080B586B000AF244AA9239B0004
:10653000D358FB60214AAA239B00D358BB60BB6899
:106540001B021B041A0CFB68FF210B4013433B6129
:106550001A4AAB239B00D3587B603B69002B02D0C7
:106560007B680B2B02D97F237B6120E07A681300C4
:106570005B009B185B00773B7B6105E07B69063322
:106580007B613B695B083B613B691E2BF6D83A692E
:1065900013005B009B189B009B185B019B18084A2B
:1065A000944663449B0A1A007B699B187B617B6954
:1065B0005BB21800BD4606B080BDC0460014006046
:1065C000A046000080B582B000AFC023DB05DB69C8
:1065D0007B60C023DB055B683B60C023DB053A685A
:1065E0005A6000F015FE7A683B681343180006F005
:1065F0007DF800F0F7FDC023DB055B683B60C0461B
:10660000BD4602B080BD80B500AF05F081FEC0463A
:10661000BD4680BD80B582B000AF0200FB1D1A7080
:10662000FB1D1B787F2B09D8FB1D1B781A001F232D
:106630001A40044B012191400A001A60C046BD4631
:1066400002B080BD00E100E080B582B000AF7860AC
:106650007B68DB680322934302221A437B68DA607B
:10666000C046BD4602B080BD80B582B000AF786044
:106670007B68DB68032293431A007B68DA60C046BC
:10668000BD4602B080BD80B582B000AF78607B6847
:10669000DB6803221340022B01D1012300E0002319
:1066A0001800BD4602B080BD80B582B000AF7860F2
:1066B0007B68DB68032293431A007B68DA60C0467C
:1066C000BD4602B080BD80B582B000AF78607B6807
:1066D000DB6803221340032B01D1012300E00023D8
:1066E0001800BD4602B080BD80B582B000AF7860B2
:1066F00039607B683A681A61C046BD4602B080BD09
:1067000080B582B000AF78607B689B6A8022D2053A
:106710001A437B689A62C046BD4602B080BD000045
:1067200080B582B000AF78607B689B6A034A1A40EC
:106730007B689A62C046BD4602B080BDFFFFFFBFC6
:1067400080B582B000AF78607B681B6B8022D20579
:106750001A437B681A63C046BD4602B080BD000084
:1067600080B582B000AF78607B681B6B034A1A402B
:106770007B681A63C046BD4602B080BDFFFFFFBF05
:1067800080B582B000AF78600A00FB1C1A70FB1C59
:106790001A787B689A60C046BD4602B080BD80B55D
:1067A00082B000AF786039607B683A685A62C04650
:1067B000BD4602B080BD80B582B000AF7860396060
:1067C0007B683A68DA62C046BD4602B080BD80B5DB
:1067D00082B000AF78607B681B691800BD4602B0CC
:1067E00080BD80B582B000AF78607B689B6A8022F4
:1067F00092051A437B689A62C046BD4602B080BDCE
:1068000080B582B000AF78600A00FB1C1A70084B9C
:106810009B6A072293431900FB1C1B7807221A402E
:10682000034B0A439A62C046BD4602B080BDC046D3
:106830000018006080B582B000AF78607B681B6C88
:1068400001221A437B681A64C046BD4602B080BD6F
:1068500080B582B000AF78607B689B6C01221A43E0
:106860007B689A64C046BD4602B080BD80B582B0E8
:1068700000AF78607B685B6C01221A437B685A64C6
:10688000C046BD4602B080BD80B582B000AF786022
:106890007B685B6C01221340012B01D1012300E0D6
:1068A00000231800BD4602B080BD80B582B000AFA5
:1068B00078607B68DB6C01221A437B68DA64C0462F
:1068C000BD4602B080BD80B582B000AF78607B6805
:1068D000DB6C01221340012B01D1012300E00023D6
:1068E0001800BD4602B080BD80B582B000AF7860B0
:1068F00039607B683A685A60C046BD4602B080BDC8
:1069000080B582B000AF78607B6800229A60C04694
:10691000BD4602B080BD80B582B000AF78607B68B4
:106920009B681800BD4602B080BD80B582B000AF44
:1069300078607B68DB681800BD4602B080BD80B51A
:1069400082B000AF78607B681B6901221A437B68C4
:106950001A61C046BD4602B080BD80B582B000AFAE
:1069600078607B681B6901221340012B01D1012350
:1069700000E000231800BD4602B080BDF0B583B032
:1069800000AF78607C4B1800FFF78FFF7A4B180040
:10699000FFF75EFF1720FFF73DFE1420FFF73AFEDA
:1069A000754B1800FFF762FF734B1800FFF742FFAB
:1069B0001820FFF72FFE7B681B881A1C93B2C82B88
:1069C00001D2C8231A1C93B219006C4B982299501B
:1069D0007B685B685A1E9341DBB21A00674B1A70E2
:1069E000664B1B78002B03D17B689B78002B02D071
:1069F00000F04CFD10E0614BC82252031A625F4B5D
:106A0000C8225203DA615D4B5D4A9A615B4B5D4A75
:106A10001A615A4B5C4A5A617B685B68002B08D14B
:106A2000A023DB05180000F0FFFB0200534B5A6067
:106A30001DE07B685B681B030A211800F9F7EEFB79
:106A400003001A004D4B5A604C4B5E684F4B1800C8
:106A500000F0EAFB03009E4202D2484B5A6804E071
:106A60004A4B180000F0E0FB0200444B5A60434BD5
:106A700000221A727B681B881A00404B9A663F4BB3
:106A80009B6E9AB23D4B9B691900100000F072FE9C
:106A90003A4B8422002199543849002200230A6786
:106AA0004B67354B1800FFF792FE0200334B8021F5
:106AB0005A503249002200238A67CB672F490022AF
:106AC00000238A62CB622D4B3422002199542B4B38
:106AD00058682A4B9B6919002D4B1A00F9F7F0FAF8
:106AE0000200264B1A63254B1978244B94229954A3
:106AF000224B8C2200219950204B90220121995445
:106B00001E4B9322002199541C4B91220021995431
:106B10001A4B922200219954184B6122002199545A
:106B2000164B622200219954144B63220021995480
:106B30001249002200238A65CB65104B154A9A64DE
:106B40000E4B00225A6500F085FB02000B000B493A
:106B500049680C0000210D0012196B410E49080014
:106B600000F05EFE054B0121180000F03FFDC0461D
:106B7000BD4603B0F0BDC0460018006060080020AC
:106B8000C2F528008D5B0000ECEB6501FFEFFFFF15
:106B900026030000D1770410A0080020B0B594B0FF
:106BA00000AF0B2308229B18DB1900221A70EFF3A9
:106BB00010833B633B6BBB6472B6C046C34B612220
:106BC0009B5C002B0FD0C14B9C6DDD6D00F042FB38
:106BD00002000B00AB4202D805D1A24203D9BB4B45
:106BE000612200219954BB6CFB62FB6A83F310881D
:106BF000C04672E0B54B9122995CB44B92229A5CEC
:106C0000372308201B18DB198A1A1A70AF4B8C2205
:106C10009B580C22BA181100180001F007F8020066
:106C2000AA4B8C215A50FB68FB6410E0FB6C1B697B
:106C30007B63FB6C00221A73FB6C9B68002B04D0F7
:106C4000FB6C9B68FA6C100098477B6BFB64FB6CD9
:106C5000002BEBD19D4B8C229B580B2408256219ED
:106C6000D2191100180000F0A3FE0200974B8C21EE
:106C70005A506319DB191B78012B21D1EFF31083D4
:106C8000BB62BB6ABB6372B6C046904B91229B5CF1
:106C900001338E4A9221525C934203D18B4B912255
:106CA0009B5C04E0894B91229B5C0133DBB2874AF9
:106CB00091215354BB6B7B627B6A83F31088C0467F
:106CC000824B92229A5C372308215B18DB191B78D0
:106CD000D318D9B27D4B922299547C4B91229A5C65
:106CE0007A4B92215B5C9A420AD3784B91229A5C50
:106CF000764B92215B5CD31A5A1E9341DBB20CE0B7
:106D0000724B91229B5C1900704B92229B5CCB1AB8
:106D10000133FF335A1E9341DBB2002B00D069E7E9
:106D20006A4B1B7A002B00D1B0E0694B1800FFF7CB
:106D300014FE031E00D1C5E0644B00221A72634B9F
:106D400094229B5C002B09D1604B93229B5C002B0F
:106D500004D05E4B93220021995437E000F0B0FF3D
:106D60005A4B8C229B580B2408256219D21911000A
:106D7000180000F01DFE0200544B8C215A5063197C
:106D8000DB191B78012B21D1EFF310833B623B6AA7
:106D90007B6472B6C0464D4B91229B5C01334B4ADB
:106DA0009221525C934203D1484B91229B5C04E0B8
:106DB000464B91229B5C0133DBB2444A91215354F0
:106DC0007B6CFB61FB6983F31088C0463F4B9C22C0
:106DD0009B5C002B44D03D4B9C22002199543B4BA3
:106DE0006222012199540B2408256319DA19394BC1
:106DF0001100180001F018F8344B8C229B586219CE
:106E0000D2191100180000F0D3FD02002F4B8C2185
:106E10005A506319DB191B78012B21D1EFF3108332
:106E2000BB61BB693B6472B6C046284B91229B5C38
:106E30000133264A9221525C934203D1234B912283
:106E40009B5C04E0214B91229B5C0133DBB21F4A27
:106E5000912153543B6C7B617B6983F31088C0465E
:106E60001D4B180000F058FA00F0F4F902000B0076
:106E700016494968396000217960386879681218C4
:106E80004B411549080000F0CBFC1BE00F4B1B7871
:106E9000002B17D000F0DEF90C4B9A6ADB6AFA245B
:106EA0006403002512196B41994203D80AD190421C
:106EB00000D807E0084B180000F02EFA064B180027
:106EC00000F086FCC046BD4614B0B0BD600800208E
:106ED00000100060B8080020A008002080B582B033
:106EE00000AF7860C023DB055B697A681100180089
:106EF00001F0CEF902000B0010001900BD4602B0EF
:106F000080BD0000F0B589B000AFF8600800110046
:106F10000B23FB18021C1A700A23FB180A1C1A7098
:106F20000F260823F318DB1900221A700B23FB1815
:106F30001B785A1E9341D9B2544B642299540A23A8
:106F4000FB181B785A1E9341D9B2504B60229954BA
:106F50004E4B9A6ADB6A4D49886AC96AF968091A10
:106F60003960002179603868796812184B414749C7
:106F70008A65CB65454B612200219954434B6322BE
:106F800000219954414B62220121995400F062F989
:106F900002000B00BA61FB613C4B8C229B58002B1A
:106FA00008D10823F318DA19394B1100180000F042
:106FB0003BFF5EE0354B8C229B581A685B68F96991
:106FC00099422FD8F969994202D1B969914229D8D9
:106FD0002E4B9A6DDB6D2D498C2009580868496845
:106FE00038607960294E98218C4661467658340085
:106FF000002635003868796800196941994202D83D
:1070000007D1904205D9214B8C229B581B7B002B2A
:1070100008D11E4B8C229B581B7B01225340DBB2B4
:10702000002B20D00F2308229B18DA19184B1100CF
:10703000180000F0F9FE154B9A6DDB6D13498C209A
:10704000095808684968994212D801D190420FD86E
:107050000E4B8C229B581B7B002B09D00B4B95228F
:107060000121995404E000F0D3FF00F0E7FF00E0B5
:10707000C046012000F082FD0F2308229B18DB1977
:107080001B781800BD4609B0F0BDC046600800205E
:10709000B8080020B0B588B000AFC023DB051800E9
:1070A000FFF7E2FAC023DB051800FFF7FDFA354BC6
:1070B0001800FFF735FB344B612200219954324B05
:1070C000622200219954304B632200219954EFF33E
:1070D0001083BB60BB68BB6172B6C0462A4B9C6D17
:1070E000DD6D00F0B7F802000B00A41A9D412200EC
:1070F0002B0025498420095C3960002179603868BB
:107100007968121A8B413A617B61BB69FB60FB684D
:1071100083F31088C0461D4B5B68DB05DB0D222B1B
:1071200001D000F08BFF7B69002B0CDC7B69002B0E
:1071300002D13B69002B06D1172308229B18DB19CB
:1071400001221A7015E07B69002B0CDC7B69002B97
:1071500002D13B690E2B06D8172308229B18DB1996
:1071600002221A7005E0172308229B18DB1900225F
:107170001A70172308229B18DB191B781800BD46CC
:1071800008B0B0BD001800606008002000ED00E00D
:1071900080B584B000AFEFF310833B603B68FB60C9
:1071A00072B6C0460E4B1800FFF711FB0300BB6020
:1071B000BB681A1DC023DB0511001800FFF794FA05
:1071C000C023DB051800FFF73FFAFB687B607B6894
:1071D00083F31088C046C046BD4604B080BDC0469B
:1071E0000018006080B500AFC023DB051800FFF772
:1071F0004AFA031E08D1C023DB051800FFF763FA23
:10720000031E01D100F01AFFC046BD4680BD00003C
:1072100080B500AF034B632200219954C046BD46A0
:1072200080BDC0466008002080B582B000AF7860A5
:10723000064BDB691900064A7B681800F8F740FF27
:1072400003001800BD4602B080BDC04660080020A3
:107250003506000080B582B000AF3A1D054B110025
:10726000180000F03DFB02000B0010001900BD46A5
:1072700002B080BD60080020B0B588B000AFF860F3
:10728000B960BB68BB610023FB61FFF7E3FF3860B7
:107290007960BB691B0DFA6915031D43BB691C03AB
:1072A0000A22002320002900F9F758F902000B00F8
:1072B000386879688018594102000B00F9680800A5
:1072C00000F0AEFA02000F2408256319DB191A70CA
:1072D000012000F053FC6319DB191B781800BD4630
:1072E00008B0B0BD90B587B000AFF8603A607B6081
:1072F0003A687B68F968080000F092FA02001724E7
:107300003B191A70012000F039FC3B191B7818005A
:10731000BD4607B090BD000090B589B000AF786061
:10732000284B8C229B587A681100180000F052FC00
:107330000300FB610F217B1800221A707B6800227A
:107340001A73204B8C229B58FA699A4231D00C0058
:107350007A18FB691100180000F02AFB0200194B93
:107360008C215A503B191B78002B26D0EFF3108349
:107370007B617B69BB6172B6C046124B91229B5CFC
:107380000133104A9221525C934203D10D4B91225A
:107390009B5C04E00B4B91229B5C0133DBB2094AFE
:1073A00091215354BB693B613B6983F31088C0460C
:1073B00003E0044B8C21FA695A50C046BD4609B01F
:1073C00090BDC0466008002080B582B000AF0023A9
:1073D0007B607B68FA1C0F4B1100180000F024FD45
:1073E0000D4B95229B5C002B05D00B4B9522002169
:1073F000995400F015F8094B1800FFF737FA074BBE
:107400001800FFF741FA03007B60C046BD4602B09A
:1074100080BDC046B8080020600800200018006049
:1074200080B582B000AF00237B607B68154B95224E
:1074300000219954144B1800FFF792F9114B912237
:107440009B5C01330F4A9221525C934203D10D4B56
:1074500091229B5C04E00B4B91229B5C0133DBB2DD
:10746000084A91215354084B1800FFF71EFA064BA7
:107470001800FFF728FA03007B60C046BD4602B043
:1074800080BDC046600800200018006080B500AFD5
:10749000C0460B4B1800FFF760FA031EF9D0084BEB
:1074A00017211800FFF720FA064B180000F01EF80D
:1074B000054BDA69044B1A62C046BD4680BDC04622
:1074C00000100060700800206008002080B500AF48
:1074D000054B1800FFF733FA034B1800FFF710FABB
:1074E000C046BD4680BDC0460010006080B582B079
:1074F00000AF7860FFF7EAFFC046074B1800FFF7C0
:107500002CFA031EF9D07B68180000F007F8C0467B
:10751000BD4602B080BDC0460010006080B58AB094
:1075200000AF78602E4B1800FFF7F5F903007B627F
:1075300005E02B4B1800FFF7EEF903007B62284BA8
:107540001800FFF7E8F902007B6A9A42F1D17B6AE2
:10755000002BEED0234BFB617B6A1B12BB617B6A65
:10756000FF2213407B61FB69BA695A437B69F96961
:107570004B431B12D31810335A117B68DA607A6AB6
:107580007B681A60184B3B61154B1800FFF7CDF96B
:1075900003003B6205E0124B1800FFF7C6F9030039
:1075A0003B620F4B1800FFF7C0F902003B6A9A429A
:1075B000F1D13B6A002BEED03B6A9B11FB60FB686C
:1075C0003A695343BB60BB6880331A127B689A6088
:1075D0003A6A7B685A60C046BD460AB080BDC04664
:1075E00000100060F6BC08005307000090B585B09D
:1075F00000AF78600A00FB1C1A70384B9B7BDBB233
:10760000002B00DA0733DB10DAB20F243B1901320A
:107610001A707B689B691900314B1A001B20F8F720
:107620004FFD02002D4BD2B25A712C4B9B79DBB22D
:10763000180000F06DF80300D9B27B683D22995420
:10764000264B1B7ADBB21A003B191B78D3181800A3
:1076500000F05EF80300D9B27B68382299541F4BC2
:107660005B7ADBB21A003B191B78D318180000F0C4
:107670004FF80300D9B27B6839229954174B9B7A93
:10768000DBB2180000F044F80300D9B27B683A225C
:107690009954124BDB7ADBB2180000F039F8030082
:1076A000D9B27B683B229954FB1C1B78002B10D06D
:1076B0000A4B1B7ADBB21A003B191B78D31818004F
:1076C00000F010F80300DBB21B33D9B27B683C2218
:1076D0009954C046BD4605B090BDC046C0000020CC
:1076E0002603000080B584B000AF78607B68682214
:1076F0005343FB607B68DB225343BB60FB681A0A81
:10770000BB681B0CD3181800BD4604B080BD000038
:10771000B0B588B000AFF8601549496939600021FB
:107720007960F9680A0000210B0038687968F8F779
:1077300035FF02000B001000190002000B00921828
:107740005B4112184B41BA61FB61BA69FB69802049
:10775000C004002112184B415901D40E0C43DD0E18
:1077600023007B617B691800BD4608B0B0BDC046F0
:107770006008002080B584B000AF02003960BB1DF6
:107780001A80BB1D1B8839680E4A1800F8F798FC50
:107790000300FB60FA6880235B019A4201DB0A4B1D
:1077A000FB60FB680F2B01DC1023FB60FB681B11E7
:1077B000DBB2064A19001000FEF7E2FFC046BD46E4
:1077C00004B080BD26030000FF0F00000018006019
:1077D00080B582B000AF78600F4B1B7A0122534016
:1077E000DBB2002B08D00C4B1B78002B01D0FFF72D
:1077F0006DFE094B01221A72FFF72CFD02000B00EF
:107800006420002112184B410449080000F008F8D8
:10781000C046BD4602B080BD60080020A008002020
:1078200090B589B000AFF8603A607B601323FB1815
:1078300000221A70FB681B7B002B01D0012349E05A
:10784000F9683A687B680A604B60FB6801221A732A
:10785000224B8C229B58FA681100180000F05EF948
:107860000200FB68934230D113243A19FB681100DF
:10787000180000F09DF80200184B8C215A503B195B
:107880001B78002B23D0EFF31083BB61BB69FB6136
:1078900072B6C046114B91229B5C01330F4A922174
:1078A000525C934203D10D4B91229B5C04E00B4B45
:1078B00091229B5C0133DBB2084A91215354FB694E
:1078C0007B617B6983F3108801E000F0B7FB132331
:1078D000FB181B781800BD4609B090BD6008002059
:1078E000B0B58AB000AFF860B960EFF310837B6188
:1078F0007B69FB6172B6C046FB681A6F5B6F3A62C8
:107900007B62294B1800FEF762FF0200BB681A6019
:10791000BB681A68FB6880215B58D31ABB61FB689F
:10792000DB691900214ABB691800F8F7C9FB03009D
:107930003B6000237B603A6A7B6A3868796812187A
:107940004B413A627B62FB689A6FDB6F796A9942BE
:1079500005D3796A994215D1396A914212D2FB68EE
:10796000DB691900114A01235B421800F8F7A8FBF4
:1079700003001C0000231D003A6A7B6A12196B4148
:107980003A627B62F9683A6A7B6A8A67CB67FB690D
:107990003B613B6983F31088C0463A6A7B6A1000FA
:1079A0001900BD460AB0B0BD0018006035060000E1
:1079B000B0B58EB000AFF860B960FB687B63FB6860
:1079C0003B63BB6800221A7094E07B6B1B7B002B2F
:1079D00000D18CE0EFF31083FB61FB69FB6272B6B0
:1079E000C0460E2308215B18DB1900221A700F23F2
:1079F0005B18DA19474B1100180000F015FA7B6B81
:107A00001C685D68FFF726FC02000B00A41A9D416C
:107A100022002B003A627B627B6A002B05DC7B6ACA
:107A2000002B5AD13B6A002B57D03B4B9A6DDB6D34
:107A3000796B08684968384C982564593C60002483
:107A40007C603C687D6800196941994202D81BD16D
:107A5000904219D9304B61229B5C002B14D02E4BE5
:107A60009A6DDB6D796B08684968994213D801D12A
:107A7000904210D8284B61229B5C002B0BD0264BE8
:107A800095220121995406E00E2308229B18DB1948
:107A900001221A7000E0C0463B6A0E2408256219D4
:107AA000D2191100180000F049FA6319DB191B788C
:107AB000002B15D0184B62229A5C174B61215B5C3E
:107AC0001343DBB25A1E9341D9B2134B622299542D
:107AD000114B61220021995402E0BB6801221A7007
:107AE000FB6ABB61BB6983F31088C04606E07B6B11
:107AF0001B697B637B6B002B00D066E7BB681B7840
:107B0000002B01D03B6B00E07B6B1800BD460EB034
:107B1000B0BDC046B80800206008002080B586B01F
:107B200000AF786039607B687B6100233B617B68D4
:107B3000FB6004E07B693B617B691B697B617B695E
:107B4000002B0AD07B691A685B6839680868496845
:107B50009942EFD801D19042ECD83B687A691A611A
:107B60003B69002B02D13B68FB6002E03B693A684D
:107B70001A61FB681800BD4606B080BD80B582B0B2
:107B800000AF0200FB1D1A70FB1D1B78002B10D0EC
:107B90000E4B90229B5C01225340DBB2002B10D095
:107BA0000B4B1800FFF714FE084B9022012199544B
:107BB00007E0074B1800FFF7AFFB044B90220021B2
:107BC0009954C046BD4602B080BDC0466008002042
:107BD000A008002080B586B000AF786039607B686F
:107BE0007B6100233B617B68FB6004E07B693B6158
:107BF0007B691B697B617B69002B03D07A693B68D9
:107C00009A42F3D17B69002B0BD07A697B689A4248
:107C100003D17B691B69FB6003E07B691A693B69DF
:107C20001A61FB681800BD4606B080BDB0B588B0CB
:107C300000AF786039607B68FB610023BB617B68C3
:107C40007B613B687A681A6000233B6121E0FB6935
:107C50001B7B002B15D0FB691C685D68FFF7FAFAE7
:107C600002000B00A41A9D4122002B00BA60FB60A9
:107C7000FB68002B11DCFB68002B02D1BB68052BD5
:107C80000BD8FB69BB61FB691B69FB613B69013375
:107C90003B61FB69002BDAD100E0C0463B69002B59
:107CA00005D0BB6900221A61FB697B6102E03B6879
:107CB00000221A607B691800BD4608B0B0BD000004
:107CC00080B590B000AF284B1B78002B37D03B001D
:107CD0001800FFF723FC244B9B6E9AB23B009B6875
:107CE00019001000FFF746FDEFF310833B633B6B79
:107CF000BB6372B6C0461C4B3422012199543B0031
:107D00005A68194B5A613B009A68174B9A613B00BD
:107D10001A68154B1A613B00DA68134BDA61124B93
:107D2000180000F023F8BB6B7B637B6B83F3108838
:107D3000C0460D4B00211800FFF758FC10E0EFF390
:107D40001083BB62BB6AFB6372B6C046064B180069
:107D500000F00CF8FB6BFB62FB6A83F31088C046F3
:107D6000C046BD4610B080BD60080020B0B588B0E8
:107D700000AF78612A4B1800FEF729FD0300FB6174
:107D80007B691B6ABB617B699C6ADD6A7B698022B7
:107D90009B58FA69D31A234AB9691800F8F790F981
:107DA0000300BB600023FB60BA68FB6812196B41DB
:107DB00079690A674B677B691B78002B1DD17B694A
:107DC00080229B58FA69D21A7B691B6B9A4214D2A3
:107DD000144AB96901235B421800F8F771F90100F0
:107DE0007B691A6F5B6F3960002179603868796848
:107DF00012184B4179690A674B677B698021FA69E0
:107E00005A507B691A6F5B6F79698A62CB627B69B2
:107E1000DA697B691A62C046BD4608B0B0BDC0468B
:107E20000018006035060000B0B58AB000AF786079
:107E300039603B6800221A707B689B7A002B00D166
:107E400075E03D4B9A6ADB6A3B4949680C000021AA
:107E50000D0012196B413A627B62EFF31083FB60F5
:107E6000FB68FB6172B6C046FFF7F4F902000B0035
:107E70003A617B617B681A685B68386A796AC824F2
:107E8000A402002500196941994212D801D19042FB
:107E90000FD83A6A7B6AB9204000002112184B4182
:107EA0007969994205D87969994236D139699142FF
:107EB00033D97B681A685B684C204042C117801830
:107EC00059413A697B690A24002512196B4199428C
:107ED00002D81AD1904218D97B681A685B681000E2
:107EE0007B68197B7B681B7A1A0000F0D5F80300C9
:107EF0001A003B681A707B6800229A727B68012224
:107F00005A727B680122DA720BE00B4B622200216D
:107F100099543B6801221A7003E0074B9C2201210F
:107F20009954FB69BB60BB6883F31088C046C046A8
:107F3000BD460AB0B0BDC0466008002080B584B020
:107F400000AF786039602F4B9B6919002E4A7B681F
:107F50001800F8F7B5F803007B607B68202B00D28F
:107F600020237B60294B1800FEF731FC0300FB60E7
:107F70007A68FB68D3180833244A19001000FEF70A
:107F80001AFC224B1800FEF72CFC204B1800FEF7C1
:107F9000D7FBC023DB051800FEF775FB031E0DD1D0
:107FA000C023DB051800FEF78EFB031E06D13B68DD
:107FB0001B7801225340DBB2002B04D03B68002227
:107FC0001A70FB681AE000F023F8FA687B68D3188F
:107FD00008330F2293430D4A19001000FEF7DFFB10
:107FE0000A4B00211800FEF70BFC084B1800FEF7A7
:107FF00087FB064B1800FEF7F4FBFB681800BD4634
:1080000004B080BD60080020260300000018006056
:1080100080B500AF084B1B79DBB2074A7F210B40CC
:10802000DBB21371044B00229A75034B0022DA7500
:10803000C046BD4680BDC046C000002080B582B0AD
:1080400000AF144B8C229B58FA1D11001800FFF74B
:10805000AFFC02000F4B8C215A50FB1D1B78012BEB
:1080600014D10C4B91229B5C01330A4A9221525C41
:10807000934203D1074B91229B5C04E0054B912274
:108080009B5C0133DBB2034A91215354C046BD4689
:1080900002B080BD6008002080B58AB000AF786073
:1080A00008001100FB1C021C1A70BB1C0A1C1A7071
:1080B000FB1C1B78002B15D0BB1C1B78002B08D099
:1080C0006E4B38229B5C3B626C4B3C229B5CFB61A1
:1080D0001DE06A4B39229B5C3B62684B3C229B5CF7
:1080E000FB6114E0BB1C1B78002B08D0634B3A22C9
:1080F0009B5C3B62614B3C229B5CFB6107E05F4BFE
:108100003B229B5C3B625D4B3C229B5CFB610C23F6
:10811000FA185A4B11001800FFF7E2FB02000B009F
:108120007B689B1A7B61554B9B691900544A7B699C
:108130001800F7F7C5FF03003B61504B9A6EFB69CF
:10814000D318C8337A699A422FD94E4B5B79DBB288
:108150001A003B699A1A3B6AD31A7B62FA687B6AF7
:10816000D318494A19001000FEF719FB464B0021AD
:108170001800FEF745FBC023DB051800FEF774FA74
:10818000C023DB051800FEF78FFA3F4B1800FEF7FF
:10819000B7FA3D4B1800FEF724FB3A4B5B79DBB294
:1081A0001A003B6A9B183B6221E0344B3D229B5CEA
:1081B0001A003B699A1A3B6AD31A7B62FA687B6A97
:1081C000D218C023DB0511001800FEF78DFA2E4BE4
:1081D0001800FEF7A5FAC023DB051800FEF734FAF5
:1081E000264B3D229B5C1A003B6A9B183B62FA6857
:1081F0003B69D218214B88215A50224B1B79DBB2A4
:108200002049802252421343DBB20B711D4BF022F6
:108210009A751C4BFF22DA757A6A3B6AD2183B6A60
:1082200005339A4212D2C023DB051800FEF71CFA70
:10823000C023DB051800FEF737FA134B1800FEF7D2
:108240006FFA1B23FB1801221A7010E00B4BDB693D
:1082500019000E4A3B6A1800F7F732FF0300D9B243
:10826000064B842299541B23FB1800221A701B23EF
:10827000FB181B781800BD460AB080BD60080020BE
:1082800026030000C0000020001800603506000032
:10829000B0B584B000AF786039600823FA18124B8B
:1082A00011001800FFF71CFB02000B0039680A6080
:1082B0004B60BA687B68D01A0B4BDB6919000B4B1B
:1082C0001A00F7F7FDFE0300FB603B681A685B6865
:1082D000F9680C0000210D00121BAB4110001900C1
:1082E000BD4604B0B0BDC0466008002035060000A1
:1082F00080B500AFFFF794F804F0F1F9C046BD4631
:1083000080BD80B500AF04F0E3F9FFF75DF8C0462B
:10831000BD4680BD80B582B000AF00237B607B6826
:10832000C023DB055A6FC023DB0501210A435A67CE
:10833000C023DB055B6F7B60C046BD4602B080BDDD
:1083400080B582B000AF7860084B9A6A7B68D943E9
:10835000064B0A409A62054BDA6A7B68D943034BA5
:108360000A40DA62C046BD4602B080BD00005048F7
:1083700080B500AF044B1A68034B802149020A43C1
:108380001A60C046BD4680BD0000404880B500AFC1
:10839000044B1A68034B04490A401A60C046BD46A4
:1083A00080BDC04600004048FFFFFEFF80B500AF23
:1083B000074B1A6880239B021A4080239B029A4233
:1083C00001D1012300E000231800BD4680BDC04656
:1083D0000000404880B582B000AF78600B4A982317
:1083E000D3580B4A1A407B681B0208491343982252
:1083F0008B50064A9823D35804498022134398226D
:108400008B50C046BD4602B080BDC046000040480B
:10841000FFC0FFFF80B582B000AF7860074A9823A5
:10842000D358702293431A0004497B68134398225F
:108430008B50C046BD4602B080BDC04600004048DB
:1084400080B500AF074B9A68064B04218A439A60B7
:10845000044B9A68034B02218A439A60C046BD468A
:1084600080BDC0460000404880B500AF074B9A6809
:10847000064B02210A439A60044B9A68034B04217D
:108480000A439A60C046BD4680BDC04600004048D1
:1084900080B500AF074B1A688023DB001A408023A9
:1084A000DB009A4201D1012300E000231800BD4601
:1084B00080BDC0460000404880B582B000AFC046D5
:1084C0000F4B1A6880239B021340F9D00C4B9A681B
:1084D0000B4B02210A439A6000237B6003E0C046F5
:1084E0007B6801337B607B68052BF8DD044B9A6861
:1084F000034B04210A439A60C046BD4602B080BDCA
:108500000000404880B582B000AF7860064B9B68A1
:10851000064A13401900044B7A680A439A60C04621
:10852000BD4602B080BDC04600004048FF7FFEFF50
:1085300080B500AF044B1A68034B10210A431A6040
:10854000C046BD4680BDC0460000404880B500AF73
:10855000044B1A68034B10218A431A60C046BD467B
:1085600080BDC0460000404880B500AF054B1B6889
:1085700020221340202B01D1012300E0002318000A
:10858000BD4680BD0000404880B500AF044B1A686E
:10859000034B40210A431A60C046BD4680BDC04619
:1085A0000000404880B500AF044B1A68034B4021DF
:1085B0008A431A60C046BD4680BDC04600004048A0
:1085C00080B500AF054B1B6840221340402B01D102
:1085D000012300E000231800BD4680BD0000404894
:1085E00080B582B000AF7860064BDB6860229343B1
:1085F0001900044B7A680A43DA60C046BD4602B0EF
:1086000080BDC0460000404880B500AF044B1A68EA
:10861000034B04210A431A60C046BD4680BDC046D4
:108620000000404880B500AF044B1A68034B04219A
:108630008A431A60C046BD4680BDC046000040481F
:1086400080B500AF054B1B6808221340082B01D1F1
:10865000012300E000231800BD4680BD0000404813
:1086600080B500AF044B1A68034B802189010A438F
:108670001A60C046BD4680BD0000404880B500AFCE
:10868000044B1A68034B04490A401A60C046BD46B1
:1086900080BDC04600004048FFDFFFFF80B500AF4F
:1086A000074B1A688023DB011A408023DB019A42C2
:1086B00001D1012300E000231800BD4680BDC04663
:1086C0000000404880B582B000AF7860064B9B68E0
:1086D000E02293431900044B7A680A439A60C0462B
:1086E000BD4602B080BDC0460000404880B584B0A1
:1086F00000AF78607B68002B01D1012340E17B68EB
:108700001B681022134033D07B689B68002B02D17A
:10871000FFF796FE01E0FFF7A7FE7B689B68042B3E
:1087200013D1FBF781FD0300FB6008E0FBF77CFD44
:108730000200FB68D31A642B01D9032320E1FFF761
:10874000A7FE0300012BF1D012E0FBF76DFD030043
:10875000FB6008E0FBF768FD0200FB68D31A642B9E
:1087600001D903230CE1FFF793FE0300012BF1D1A4
:108770007B681B680122134039D02020FFF72AFEB6
:108780003020FFF747FE7B685A6880235B029A42DD
:1087900002D1FFF7EDFD01E0FFF7F8FD7B685B68B4
:1087A000002B12D0FBF740FD0300FB6008E0FBF755
:1087B0003BFD0200FB68D31A642B01D90323DFE0E1
:1087C000FFF7F4FD031EF2D011E0FBF72DFD0300CF
:1087D000FB6008E0FBF728FD0200FB68D31A642B5E
:1087E00001D90323CCE0FFF7E1FD031EF2D17B6842
:1087F0001B68042213403AD07B681B69002B22D0EF
:10880000FFF710FFC046FFF71BFF031EFBD1FFF76A
:108810009DFE80235B021800FFF774FEFFF7F4FE55
:10882000FBF702FD0300FB6008E0FBF7FDFC020024
:10883000FB68D31A022B01D90323A1E0FFF700FF45
:10884000031EF2D013E0FFF7EDFEFBF7EDFC030093
:10885000FB6008E0FBF7E8FC0200FB68D31A022B80
:1088600001D903238CE0FFF7EBFE031EF2D17B68F6
:108870001B680222134049D0FFF7D4FEFFF766FEC3
:10888000C046FFF771FE031EFBD1C0239B011800F9
:10889000FFF756FD80231B021800FFF733FE202050
:1088A000FFF79EFE7B68DB68102B02D1FFF740FECE
:1088B00001E0FFF74BFE7B68DB68002B13D0FBF772
:1088C000B3FC0300FB6009E0FBF7AEFC0200FB68B1
:1088D000D31A2D4A934201D9032351E0FFF744FEF6
:1088E000031EF1D012E0FBF79FFC0300FB6009E0E0
:1088F000FBF79AFC0200FB68D31A234A934201D982
:1089000003233DE0FFF730FE031EF1D17B681B68B7
:108910000822134033D07B685B69402B02D1FFF7FC
:1089200033FE01E0FFF73EFE7B685B69002B13D04E
:10893000FBF77AFC0300FB6009E0FBF775FC020023
:10894000FB68D31A104A934201D9032318E0FFF7BA
:1089500037FE031EF1D012E0FBF766FC0300FB605C
:1089600009E0FBF761FC0200FB68D31A064A934258
:1089700001D9032304E0FFF723FE031EF1D10023F6
:108980001800BD4604B080BD8813000080B584B0D7
:1089900000AF786039607B68002B01D1012398E03B
:1089A0004E4B5B683022934319004C4B3A680A43A4
:1089B0005A607B681B68022B0ED1FFF741FDFFF761
:1089C00067FD031E01D1012383E0FFF757FE7B689B
:1089D0005B681800FFF776FE7B681B68002B24D1CC
:1089E000FFF756FD031E01D1012372E0FFF7DEFC05
:1089F000031E01D101236CE0FFF732FEFBF714FCEC
:108A00000300FB6008E0FBF70FFC0200FB68D31AD1
:108A1000022B01D903235CE0FFF740FE031EF2D0D6
:108A20007B685B681800FFF74DFE7B681B68012BB5
:108A300017D1FFF741FDFFF72BFD031E01D00123E6
:108A400047E0FFF7B3FC031E01D1012341E0244BB3
:108A50009B68E022934319007B685A68204B0A43C5
:108A60009A601E4B5B68302213403A689A421DD0D0
:108A70001A4B5B68302293431900184B3A680A433B
:108A80005A60FBF7D1FB0300FB6008E0FBF7CCFB6F
:108A90000200FB68D31A022B01D9032319E00F4B04
:108AA0005B68302213403A689A42EFD10023BB60E2
:108AB00003E0C046BB680133BB60BB68052BF8DD33
:108AC000FBF7DCFAFBF7BAFB03001800FBF752FBDD
:108AD00003001800BD4604B080BDC0460010004031
:108AE0000000404880B500AF024B1B681800BD462F
:108AF00080BDC046740D002080B582B000AF7860A4
:108B0000064B9B68064A13401900044B7A680A43D7
:108B10009A60C046BD4602B080BDC04600004048D5
:108B2000FF7FFEFF80B582B000AF7860064B1B6E02
:108B3000062293431900044B7A680A431A66C0461A
:108B4000BD4602B080BDC0460000404880B582B03E
:108B500000AF7860064B9B68064A13401900044B2F
:108B60007A680A439A60C046BD4602B080BDC046DE
:108B700000004048FFEFFFFF80B582B000AF786093
:108B8000064B9B68064A13401900044B7A680A4357
:108B90009A60C046BD4602B080BDC0460000404855
:108BA000FFFF7FFF80B582B000AF7860064B9B6807
:108BB000064A13401900044B7A680A439A60C0467B
:108BC000BD4602B080BDC04600004048FFFFBFFF69
:108BD00080B582B000AF78607B681B6801221340CB
:108BE00004D07B681B691800FFF79CFF7B681B683B
:108BF0000222134004D07B685B691800FFF7A6FFD0
:108C00007B681B680422134004D07B685B681800F3
:108C1000FFF7B2FF7B681B680822134004D07B6813
:108C20009B681800FFF7BEFF7B68DB6820221340BB
:108C300004D07B68DB681800FFF75EFF0023180094
:108C4000BD4602B080BD80B582B000AF78607B6861
:108C5000002B01D101232DE07B685B7ADBB2002B76
:108C600006D17B6800221A727B681800FAF772FF3F
:108C70007B6802225A727B681B6800221A607B683C
:108C80001B681B680822934319007B685A687B683D
:108C90001B680A431A607B681B681A687B681B683C
:108CA00004218A431A607B6801225A727B68002281
:108CB000DA6000231800BD4602B080BDB0B5AAB08E
:108CC00000AF78607B681B68DB69A422B9180B6071
:108CD0007B681B681B68A02039180B607B681B68C9
:108CE0009B689C2439190B601100BB181B68A24AB1
:108CF00013409822BD182B60BB181B68002B1AD19B
:108D00007B181B682022134015D03B181B682022BB
:108D1000134005D13B191A6880235B0513400AD024
:108D20007B685B6F002B00D1E3E27B685B6F7A6846
:108D300010009847DDE29823FB181B68002B00D138
:108D400022E19C23FB181B688C4A134006D1A02308
:108D5000FB181B688A4A134000D115E1A423FB18B5
:108D60001B680122134012D0A023FB181A6880232D
:108D70005B0013400BD07B681B6801221A627B6882
:108D800090229B5801221A437B6890215A50A423B9
:108D9000FB181B680222134011D09C23FB181B6890
:108DA000012213400BD07B681B6802221A627B6889
:108DB00090229B5804221A437B6890215A50A42386
:108DC000FB181B680422134011D09C23FB181B685E
:108DD000012213400BD07B681B6804221A627B6857
:108DE00090229B5802221A437B6890215A50A42358
:108DF000FB181B680822134017D0A023FB181B6820
:108E00002022134005D19C23FB181B685B4A1340AA
:108E10000BD07B681B6808221A627B6890229B58E3
:108E200008221A437B6890215A50A423FB181A6821
:108E300080231B01134013D0A023FB181A68802342
:108E4000DB0413400CD07B681B68802212011A627D
:108E50007B6890229B5820221A437B6890215A50AD
:108E60007B6890229B58002B00D144E2A423FB187E
:108E70001B682022134015D0A023FB181B6820225A
:108E8000134006D19C23FB181A6880235B0513400E
:108E900008D07B685B6F002B04D07B685B6F7A68BF
:108EA000100098477B6890229B5894217A18136091
:108EB0007B681B689B6840221340402B04D07B18C2
:108EC0001B68282213404CD07B68180000F040FA41
:108ED0007B681B689B6840221340402B3CD1EFF31A
:108EE00010833B663B6E90203A18136001237B662B
:108EF0007B6E83F31088C0467B681B689A687B682A
:108F00001B6840218A439A603B181B68BB66BB6E96
:108F100083F31088C0467B6880229B58002B16D0B4
:108F20007B6880229B58174A9A637B6880229B58F3
:108F30001800FBF7CEFA031E1CD07B6880229B58DA
:108F40009B6B7A68802152581000984712E07B682A
:108F5000180000F0E9F90DE07B68180000F0E4F972
:108F600008E07B68180000F0DFF97B6890220021A0
:108F70009950C0E1C046BEE10F080000010000109A
:108F8000200100041D9404107B68DB6E012B00D0CF
:108F90005DE1A423FB181B681022134000D156E1A9
:108FA000A023FB181B681022134000D14FE17B68FF
:108FB0001B6810221A627B681B689B684022134062
:108FC000402B00D0C3E07B6880229B581B685A6806
:108FD0007E217B181A807B181B88002B00D197E01C
:108FE0007B685C229B5A7A1812889A4200D38FE0E1
:108FF0007B687A185E2112885A527B6880229B58BF
:109000001B681B682022134070D1EFF310833B6371
:109010003B6BBB6701237B637B6B83F31088C0468C
:109020007B681B681A687B681B68B8490A401A602D
:10903000BB6FBB63BB6B83F31088C046EFF3108339
:10904000FB63FB6B7B6701233B643B6C83F3108802
:10905000C0467B681B689A687B681B6801218A434D
:109060009A607B6F7B647B6C83F31088C046EFF360
:109070001083BB64BB6C3B670123FB64FB6C83F315
:109080001088C0467B681B689A687B681B68402113
:109090008A439A603B6F3B653B6D83F31088C04603
:1090A0007B688C22202199507B680022DA66EFF3DE
:1090B00010837B657B6DFB660123BB65BB6D83F312
:1090C0001088C0467B681B681A687B681B68102183
:1090D0008A431A60FB6EFB65FB6D83F31088C04604
:1090E0007B6880229B581800FBF7B4F97B6802224A
:1090F0001A677B685C229A5A7B685E215B5A9BB236
:10910000D31A9AB27B681100180000F015F9F4E048
:109110007B685C229B5A7E22BA1812889A4200D041
:10912000EBE07B6880229B581B681B682022134061
:10913000202B00D0E1E07B6802221A677B685C226A
:109140009A5A7B681100180000F0F6F8D5E07B68A9
:109150005C22995A7B685E229B5A9AB28E203B18F9
:109160008A1A1A807B685E229B5A9BB2002B00D120
:10917000C5E03B181B88002B00D1C0E0EFF3108343
:10918000FB60FB6888243A19136001233B613B694B
:1091900083F31088C0467B681B681A687B681B686D
:1091A0005B490A401A603B191B687B617B6983F34A
:1091B0001088C046EFF31083BB61BB6984243A1961
:1091C00013600123FB61FB6983F31088C0467B6851
:1091D0001B689A687B681B684E490A409A603B1975
:1091E0001B683B623B6A83F31088C0467B688C2215
:1091F000202199507B680022DA667B6800225A673A
:10920000EFF310837B627B6A80243A191360012399
:10921000BB62BB6A83F31088C0467B681B681A6810
:109220007B681B6810218A431A603B191B68FB622C
:10923000FB6A83F31088C0467B6802221A673B18DA
:109240001A887B681100180000F076F857E0A42314
:10925000FB181B688022134016D0A023FB181B6844
:109260008022134006D19C23FB181A6880231B041C
:10927000134009D07B689B6F002B42D07B689B6FAB
:109280007A68100098473CE0A423FB181B68402232
:1092900013400AD0A023FB181B684022134004D0BF
:1092A0007B68180000F0CDF82CE0A423FB181A68A6
:1092B00080231B0413400BD0A023FB181A688023C3
:1092C000DB05134004D07B68180000F0EEF819E0CD
:1092D000A423FB181A6880235B04134012D0A02338
:1092E000FB181B68002B0DDA7B68180000F0D5F81E
:1092F00008E0C04606E0C04604E0C04602E0C046C2
:1093000000E0C046BD462AB0B0BDC046FFFEFFFF2C
:10931000DFFEFFFFFEFFFFEF80B582B000AF786099
:10932000C046BD4602B080BD80B582B000AF786057
:10933000C046BD4602B080BD80B582B000AF786047
:109340000A00BB1C1A80C046BD4602B080BD0000AA
:1093500080B58EB000AF7860EFF310837B617B69DE
:109360007B630123BB61BB6983F31088C0467B68C4
:109370001B681A687B681B6826490A401A607B6B69
:10938000FB61FB6983F31088C046EFF310833B62F7
:109390003B6A3B6301237B627B6A83F31088C04690
:1093A0007B681B689A687B681B681B490A409A6047
:1093B0003B6BBB62BB6A83F31088C0467B68DB6E85
:1093C000012B18D1EFF31083BB60BB68FB62012354
:1093D000FB60FB6883F31088C0467B681B681A68D3
:1093E0007B681B6810218A431A60FB6A3B613B69FA
:1093F00083F31088C0467B688C22202199507B68BB
:109400000022DA667B6800225A67C046BD460EB06D
:1094100080BDC046DFFEFFFFFEFFFFEF80B584B0DA
:1094200000AF78607B689B6AFB60FB685E2200216E
:109430009952FB681800FFF777FFC046BD4604B09D
:1094400080BD80B586B000AF7860EFF31083BB605D
:10945000BB687B610123FB60FB6883F31088C04617
:109460007B681B681A687B681B6840218A431A6006
:109470007B693B613B6983F31088C0467B68882227
:10948000202199507B6800229A677B681800FFF7BB
:1094900043FFC046BD4606B080BD80B582B000AF78
:1094A0007860C046BD4602B080BD80B582B000AFD6
:1094B0007860C046BD4602B080BD0000F0B589B0FE
:1094C00000AF78600A00BB1C1A801F23FB18002223
:1094D0001A707B681B78042B03D07B681B78822B67
:1094E00048D17B6801333B617B681B78042B03D137
:1094F0003B690233BB6105E07B680133FB60FB68BD
:109500000333BB613B691B78FF2B33D1BB69BB6065
:10951000BB681A785B781B0213439BB21A00FC23CA
:109520001B021A40C0231B019A4223D11723FB18A8
:1095300000221A7015E017257B191A78144B920037
:10954000D3581F26BC19BA6810009847030023702F
:10955000BB191B78012B0CD07B191A787B190132AF
:109560001A700B4B1B7A1722BA1812789A42E2D360
:1095700000E0C0461F23FB181B78002B03D17B683B
:10958000180003F007F9C046BD4609B0F0BDC0465B
:109590000009002080B582B000AF0200BB1D1A8018
:1095A000BB1D1B88180007F0D5F8C046BD4602B0A9
:1095B00080BD80B582B000AF0200FB1D1A70FB1D9C
:1095C0001B78180007F00AFBC046BD4602B080BDFC
:1095D00080B582B000AF786039603A687B6811006E
:1095E000180006F0BFF803001800BD4602B080BDA9
:1095F00080B582B000AF786039603A687B6811004E
:10960000180006F0D9F803001800BD4602B080BD6E
:1096100080B582B000AF0200BB1D1A80BB1D1B8845
:1096200018000AF0FBFCC046BD4602B080BD80B504
:1096300000AF0AF0BFFD03001800BD4680BD80B535
:1096400000AF06F0E9F803001800BD4680BD80B504
:1096500082B000AF786039603A687B68110018000A
:1096600006F0A0FC03001800BD4602B080BD80B526
:1096700082B000AF786039603A687B6811001800EA
:1096800006F0C0FC03001800BD4602B080BD80B5E6
:1096900082B000AF786039603A687B6811001800CA
:1096A00006F0CCFC03001800BD4602B080BD80B5BA
:1096B00082B000AF786039603A687B6811001800AA
:1096C00006F0D8FC03001800BD4602B080BD80B58E
:1096D00082B000AF786039603A687B68110018008A
:1096E00006F008FD03001800BD4602B080BD80B53D
:1096F00082B000AF786039603A687B68110018006A
:1097000006F03EFD03001800BD4602B080BD80B5E6
:1097100082B000AF786039603A687B681100180049
:1097200006F05EFD03001800BD4602B080BD80B5A6
:1097300082B000AF786039603A687B681100180029
:1097400006F06CFD03001800BD4602B080BD80B578
:1097500000AF10F099FF03001800BD4680BD80B532
:1097600082B000AF78607B68180012F00EF803003A
:109770001800BD4602B080BD80B582B000AF0200C7
:10978000FB1D1A70FB1D1B78180012F0FDFC030076
:109790001800BD4602B080BD80B582B000AF0200A7
:1097A000FB1D1A70FB1D1B7818000AF0E3FE030076
:1097B0001800BD4602B080BDB0B584B002AF050050
:1097C0000C0010001900FB1D2A1C1A70BB1D221C66
:1097D0001A707B1D021C1A703B1D0A1C1A703B1D5F
:1097E0001C787B1D1A78BB1D1978FB1D18781C236B
:1097F000FB181B7801931823FB181B780093230098
:109800000BF0A8FAC046BD4602B0B0BD80B582B02C
:1098100000AF0200FB1D1A70FB1D1B7818000BF037
:10982000E2FE03001800BD4602B080BD80B582B0E4
:1098300000AF0200BB1D1A80BB1D1B8818000CF076
:10984000C7FCC046BD4602B080BD80B582B000AF47
:109850000200BB1D1A80BB1D1B8818000DF042F8CA
:10986000C046BD4602B080BD80B582B000AF0200E8
:10987000BB1D1A80BB1D1B8818000EF0A9FDC04639
:10988000BD4602B080BD80B584B000AFF860B9605D
:109890007A607A68B968FB6818000FF00FFFC0465D
:1098A000BD4604B080BD80B582B000AF78607B68F3
:1098B000180010F097F803001800BD4602B080BDF4
:1098C000B0B58AB008AF05000C0010001900FB1DF0
:1098D0002A1C1A70BB1D221C1A707B1D021C1A70D8
:1098E0003B1D0A1C1A703B1D1C787B1D1A78BB1D82
:1098F0001978FB1D18783023FB181B7806932C234E
:10990000FB181B7805932823FB181B78049324234A
:10991000FB181B7803932023FB181B7802931C234E
:10992000FB181B7801931823FB181B780093230066
:1099300010F0FCFAC046BD4602B0B0BD80B582B0A2
:1099400000AF0200BB1D1A80BB1D1B88180011F060
:109950001FFFC046BD4602B080BD80B582B000AFDB
:109960000200BB1D1A80BB1D1B88180011F0F4FFFC
:10997000C046BD4602B080BD80B500AF12F04CF9C4
:10998000C046BD4680BD80B500AF07F0E5FCC046CF
:10999000BD4680BD80B582B000AF0200BB1D1A80FD
:1099A000BB1D1B88180007F043FDC046BD4602B032
:1099B00080BD80B582B000AF0200BB1D1A80BB1D08
:1099C0001B88180007F0A8FDC046BD4602B080BD48
:1099D00080B582B000AF0200BB1D1A80BB1D1B8882
:1099E000180008F0C5F8C046BD4602B080BD80B57D
:1099F00082B000AF0200BB1D1A80BB1D1B8818007F
:109A000009F0A0F9C046BD4602B080BD80B582B065
:109A100000AF0200BB1D1A80BB1D1B88180009F097
:109A20004BFAC046BD4602B080BD80B582B000AFE3
:109A30000200BB1D1A807B1D0A1C1A707B1D1A7840
:109A4000BB1D1B881100180005F098FB03001800CF
:109A5000BD4602B080BD80B582B000AF0200FB1DE4
:109A60001A70FB1D1B78180005F013FC030018008A
:109A7000BD4602B080BDB0B586B004AF05000C0095
:109A800010001900FB1D2A1C1A70BB1D221C1A7025
:109A90007B1D021C1A703B1D0A1C1A703B1D1C7892
:109AA0007B1D1A78BB1D1978FB1D18782023FB1825
:109AB0001B7802931C23FB181B7801931823FB18B7
:109AC0001B780093230005F0EDFB03001800BD4652
:109AD00002B0B0BD80B582B000AF02003960BB1DDE
:109AE0001A803A68BB1D1B881100180005F01EFC87
:109AF00003001800BD4602B080BD80B582B000AF43
:109B000078607B68180005F01DFC03001800BD4656
:109B100002B080BD80B582B000AF78607B6818006D
:109B200005F014FC03001800BD4602B080BD80B5EE
:109B300082B000AF78600A00BB1C1A80BB1C1A8878
:109B40007B681100180005F005FC03001800BD46F5
:109B500002B080BD80B582B000AF78607B6818002D
:109B600005F0FCFB03001800BD4602B080BDB0B597
:109B700084B002AF05000C0010001900BB1D2A1CA8
:109B80001A803B1D221C1A80BB1C021C1A807B1CE5
:109B90000A1C1A707B1C1C78BB1C1A883B1D198878
:109BA000BB1D1888FB6901931823FB181B880093C1
:109BB000230005F0D7FB03001800BD4602B0B0BD7E
:109BC000B0B584B002AF05000C0010001900BB1D39
:109BD0002A1C1A803B1D221C1A80BB1C021C1A80E6
:109BE0007B1C0A1C1A707B1C1C78BB1C1A883B1D32
:109BF0001988BB1D1888FB6901931823FB181B8863
:109C00000093230005F0BDFB03001800BD4602B021
:109C1000B0BDB0B584B002AF05000C001000190053
:109C2000BB1D2A1C1A803B1D221C1A80BB1C021C57
:109C30001A803B000A1C1A803B001C88BB1C1A8837
:109C40003B1D1988BB1D18881823FB181B8800931F
:109C5000230005F00BFD03001800BD4602B0B0BDA7
:109C600080B594B000AFF860B9607A603023FB181B
:109C7000BB642023FB187B641023FB183B64002388
:109C8000FB640DE0FB6C7A68D218FB6C0F21CB1AD9
:109C90001900BB6C5B1812781A70FB6C0133FB6403
:109CA000FB6C0F2BEEDD0023FB643DE0FB6C03221D
:109CB000D31A9B00FA68D3181A68FB6C9B00190032
:109CC0007B6C5B18D2B21A70FB6C0322D31A9B0018
:109CD000FA68D3181B68190AFB6C9B0001337A6C75
:109CE000D318CAB21A70FB6C0322D31A9B00FA680D
:109CF000D3181B68190CFB6C9B0002337A6CD318C9
:109D0000CAB21A70FB6C0322D31A9B00FA68D318EC
:109D10001B68190EFB6C9B0003337A6CD318CAB214
:109D20001A70FB6C0133FB64FB6C032BBEDD10234C
:109D3000FA183023F9182023FB18180000F094F8C3
:109D40000023FB6428E0FB6C9B0003333A6CD318C0
:109D50001B781A06FB6C9B000233396CCB181B78FE
:109D60001B041A43FB6C9B000133396CCB181B7826
:109D70001B021A43FB6C9B0019003B6C5B181B78A1
:109D80001800FB6C0321CB1A9B00B968CB18024367
:109D90001A60FB6C0133FB64FB6C032BD3DDC04604
:109DA000C046BD4614B080BD80B584B000AF7860B9
:109DB000074B196E064B7A680A431A66044B1B6EF2
:109DC0007A681340FB60FB68C046BD4604B080BDA6
:109DD0000000404880B582B000AF7860064B1B6E33
:109DE0007A6813407A689A4201D1012300E0002387
:109DF0001800BD4602B080BD0000404880B582B06A
:109E000000AF7860044B196C034B7A680A431A64FC
:109E1000C046BD4602B080BD0000404880B582B05B
:109E200000AF7860054B1A6C7B68D943034B0A403E
:109E30001A64C046BD4602B080BDC046000040481E
:109E400080B500AF0120FFF7C5FF031E08D1012038
:109E5000FFF7D4FF0120FFF7E1FF0120FFF7A4FF88
:109E600000231800BD4680BD90B587B000AFF860F4
:109E7000B9607A60314B1B78DBB20133DAB22F4B19
:109E80001A7017243B192D4A12781A70C023DB056B
:109E9000BA6812689A62BB681A1DC023DB05126893
:109EA000DA62BB6808331A00C023DB0512681A6344
:109EB000BB680C331A00C023DB0512685A63C02349
:109EC000DB05FA6812689A63FB681A1DC023DB057C
:109ED0001268DA63FB6808331A00C023DB051268D6
:109EE0001A64FB680C331A00C023DB0512685A643D
:109EF00000F026F8C023DB059A6C7B681A60C0234B
:109F0000DA057B680433D26C1A60C023DA057B68FB
:109F10000833126D1A60C023DA057B680C33526D6A
:109F20001A60064B1B78DBB23A1912789A42A8D114
:109F300000231800BD4607B090BDC0460C090020A4
:109F400080B582B000AFFB1D64221A70C023DB0510
:109F5000180000F01CF8FB1D1B78DBB2013BDAB2E5
:109F6000FB1D1A70C023DB05180000F01EF8031E4D
:109F700005D0FB1D1B78DBB2002BECD100E0C04606
:109F8000FB1D1B78DBB21800BD4602B080BD80B55A
:109F900082B000AF78607B689B6D01221A437B68BA
:109FA0009A65C046BD4602B080BD80B582B000AFA4
:109FB00078607B68DB6D01221340012B01D1012306
:109FC00000E000231800BD4602B080BD80B582B01D
:109FD00000AF78607B689B6808221A437B689A60B0
:109FE000C046BD4602B080BD80B582B000AF78608B
:109FF0007B689B6804221A437B689A60C046BD4612
:10A0000002B080BD80B582B000AF78607B689B688D
:10A0100001221A437B689A60C046BD4602B080BDEB
:10A0200080B582B000AF786001F060FD00F086F886
:10A0300001F086FDC046BD4602B080BD80B582B04D
:10A0400000AF786001F052FD01F07AFDC046BD46D8
:10A0500002B080BD80B584B000AF02003960FB1D46
:10A060001A70FB1D1B78012B02D1194BFB600FE00E
:10A07000FB1D1B78022B02D1164BFB6008E0FB1D79
:10A080001B78032B02D1144BFB6001E001231BE082
:10A090000B23FB1800221A7010E00B203B181A78D3
:10A0A000FB68D31819003B181B783A68D3180A7854
:10A0B0001A703B181A783B1801321A700B23FB18E0
:10A0C0001B781F2BE9D900231800BD4604B080BDC2
:10A0D0006C04304890043048B404304880B500AF78
:10A0E00001F0F8FC074B1800FFF770FF054B180054
:10A0F000FFF77AFF034B1800FFF784FFC046BD4609
:10A1000080BDC0460000304880B582B000AF094B2A
:10A110001B78002B01D0012308E0074B1B687B60F4
:10A120007B68002B01D1002300E001231800BD460D
:10A1300002B080BD700900200004304880B582B0B4
:10A1400000AFFFF7E1FF0300012B0CD101F0CEFCC3
:10A15000194B03221A60194B1B68174904225242FB
:10A160001000984724E000237B6007E0124B7A68D8
:10A1700092000021D1507B6801337B607B68172BF4
:10A18000F4DD0D4B19000120FFF764FF0C4B1900A3
:10A190000220FFF75FFF0B4B19000320FFF75AFF68
:10A1A00001F0A4FC054B1B68034A110000209847EE
:10A1B000C046BD4602B080BD1009002074090020D1
:10A1C000300900205009002080B584B000AF7860CD
:10A1D000074B196D064B7A680A431A65044B1B6DD1
:10A1E0007A681340FB60FB68C046BD4604B080BD82
:10A1F0000000404880B582B000AF78607B681B6883
:10A20000042293431A007B681A60C046BD4602B020
:10A2100080BD80B582B000AF78607B685B6801224A
:10A220001340012B01D1012300E000231800BD469B
:10A2300002B080BD80B582B000AF78607B685B689B
:10A2400004221340042B01D1012300E00023180055
:10A25000BD4602B080BD80B582B000AF78607B683B
:10A260009B689BB21800BD4602B080BD80B500AFB0
:10A270008023DB021800FFF7A7FF0B4B1800FFF746
:10A28000B9FFC046084B1800FFF7C3FF031EF9D003
:10A29000054B1800FFF7CEFF031E01D0012300E09D
:10A2A00000231800BD4680BD0000604880B582B024
:10A2B00000AF7860C046094B1800FFF7AAFF031EE5
:10A2C000F9D0064B1800FFF7C6FF03001A007B68A1
:10A2D0001A8000231800BD4602B080BD000060480F
:10A2E00090B585B000AF78607B68FB60C046114BCD
:10A2F0001800FFF78EFF031EF9D00E4B1800FFF772
:10A30000AAFF03001A00FB681A80C046094B180018
:10A31000FFF77FFF031EF9D0FB689C1C054B18005C
:10A32000FFF799FF0300238000231800BD4605B006
:10A3300090BDC0460000604880B584B000AF786032
:10A340007B681B68FB607B6800221A817B680022A7
:10A350005A817B6800229A817B6800229A73FB688D
:10A36000BB60BB681B78FF2B0CD17B685B689AB223
:10A37000FB689BB2D31A9BB2043B9AB27B689A816A
:10A38000002328E0BB681B78FE2B06D17B681B8965
:10A3900001339AB27B681A810CE0BB681B78002BF2
:10A3A00006D17B685B8901339AB27B685A8101E0F0
:10A3B000032310E0BB685B880333032213431A00B6
:10A3C000FB68D3180133FB60FB685A1D7B685B6830
:10A3D0009A42C4D300231800BD4604B080BD80B5A6
:10A3E00086B000AFF8607A603B600B23FB180A1C54
:10A3F0001A7020203B181B88002B0AD010217A18D5
:10A400003B181B8853807B18FE221A707B187B61D7
:10A4100002E0FB685B687B61FB685A68FB689B68CD
:10A420009A4203D27B691B78FF2B01D104234BE0B6
:10A43000FB681B7B002B03D0FB6800221A7319E01A
:10A44000FB685B687A695288033203210A439B18D0
:10A450005A1CFB685A60FB685B687B61FB685A6842
:10A46000FB689B689A4203D27B691B78FF2B01D162
:10A47000042329E07B691B78002B23D07B691B78A0
:10A48000FE2B01D003231FE00B22BB181B78FF2BF0
:10A4900005D07B695B78BA1812789A42C8D1FB68FC
:10A4A0005B6804331A007B681A607B695A883B68D2
:10A4B0001A807B6A002B03D07B695A787B6A1A70FA
:10A4C000002301E0C046B3E71800BD4606B080BDDA
:10A4D000F0B58BB002AFF860080011007B600B2371
:10A4E000FB18021C1A7008221000BB180A1C1A80E4
:10A4F000FB6B00221A801F26BC191622BD181822D9
:10A50000BA180B23FB181978FB689C467B6C0193E7
:10A5100038231B18DB191B8800932B006046FFF7BC
:10A520005EFF03002370BB191B78002B02D0BB1900
:10A530001B7827E01623FB181B880822BA181288FC
:10A540009A4201D306231DE0BA6908243B191B88EF
:10A55000D118302308229B18DB191A881623FB1800
:10A560001B8818003B191B88C31A9A4200DD1A0089
:10A570007B68180017F06FF91623FB181A88FB6B1D
:10A580001A8000231800BD4609B0F0BD90B589B00F
:10A5900000AFF8607A600A203B180A1C1A807B68BA
:10A5A000BB6101007B181B889B089AB216203B18E0
:10A5B00092001A807B181B88D9B23B181B88DAB22C
:10A5C0001523FB188A1A1A700023FB6113E0FB693C
:10A5D000BA69D1181023FB180422180017F03BF9B0
:10A5E000FA69FB68D3183A6919000020F9F7B8FF37
:10A5F000FB690433FB6116243B191B88FA699A42F4
:10A60000E5DB01235B423B613B191B88BA69D1182A
:10A610001523FB181A781023FB18180017F01BF9E4
:10A620003B191A88FB68D3183A6919000020F9F71A
:10A6300097FFC046BD4609B090BDF0B587B000AFEA
:10A64000F860080011007B600B257B19021C1A7052
:10A6500008243B190A1C1A801023FB187B613B1944
:10A660001B88013B9BB21BB2032213431BB29AB25D
:10A670003B1901321A807B69FE221A707B697A19B4
:10A6800012785A703A1920250826AB1908218C46F1
:10A69000BC44634412881B88D3189AB27B695A80E1
:10A6A0003A69FB6819000020F9F75AFFFB68181D8A
:10A6B0007A683B191B881900FFF768FF3B191A8855
:10A6C000FB68D318181D7A6BAB1908218C46BC4463
:10A6D00063441B881900FFF759FF00231800BD468B
:10A6E00007B0F0BD80B586B000AFF86008007A60B2
:10A6F00019000A23FB18021C1A800823FB180A1CE5
:10A700001A80FB685B687B61FB685A68FB689B6822
:10A710009A4203D27B691B78FF2B01D104232AE0E4
:10A72000FB681B7B002B03D17B691B78FE2B01D0C0
:10A73000052320E07B695B880A22BA1812889A42B6
:10A7400001D3062317E0FB6800221A730A23FB18C3
:10A750001A88FB685B68D318043319000823FB18B8
:10A760001A887B68180017F005F8031E01D1002332
:10A7700001E001235B421800BD4606B080BD90B5E4
:10A7800087B000AFF86008007A6019000A23FB1850
:10A79000021C1A8008231800FB180A1C1A80BB6AC6
:10A7A00000221A8024221318DB191B88002B0BD0DF
:10A7B00010217B181218D21912885A807B18FE2299
:10A7C0001A707B187B6102E0FB685B687B61FB6849
:10A7D0005A68FB689B689A4203D27B691B78FF2BFF
:10A7E00001D1042333E0FB681B7B002B03D17B6981
:10A7F0001B78FE2B01D0052329E07B695B880A22A8
:10A80000BA1812889A4201D3062320E0FB6800227E
:10A810001A730A243B191A88FB685B68D31804333F
:10A8200018000823FB181A887B695B8819003B19FC
:10A830001B88CB1A9A4200DD1A007B6801001800C1
:10A8400017F009F87B695A88BB6A1A800023180040
:10A85000BD4607B090BD000080B584B000AF786001
:10A86000064BFB60FA687B6819000020F9F778FE58
:10A8700000231800BD4604B080BDC04600FFFFFFA6
:10A88000B0B584B000AF78607B685B68FB607B68C4
:10A890005A687B689B689A4203D2FB681B78FF2B3F
:10A8A00001D1042341E0FB681B78FE2B3CD1FB68FF
:10A8B0000B257C191800FFF7CFFF030023707B19CD
:10A8C0001B78002B02D07B191B782EE07B681B784D
:10A8D0001A00184913009B009B189B00CB180833E3
:10A8E0001B88013B98B2134913009B009B189B00E7
:10A8F000CB180833021C1A807B681B781A000D499C
:10A9000013009B009B189B00CB180A331B88013354
:10A9100098B2084913009B009B189B00CB180A3380
:10A92000021C1A80002300E005231800BD4604B075
:10A93000B0BDC0467809002080B588B000AF78600F
:10A940000A00FB1C1A707B680D4A94466344DB0ABC
:10A95000FB6110217B1800221A60FA697B185A608B
:10A96000FB1C1A787B189A600C23FA187B181100CC
:10A970001800F9F7CFFEC046BD4608B080BDC046FE
:10A980000000FCEF80B586B000AFF860B9607A6077
:10A990007B685B055B0D07D1FB687A68B9681800B6
:10A9A00016F0E8FE031E26D07B68013B144A1343D1
:10A9B0000133DB0ADAB2FB6811001800FFF7BCFFB5
:10A9C00000237B6112E07A69FB68D1187B69002B58
:10A9D00000DA03339B109B00BA68D3181B681A0077
:10A9E0000020F9F7BDFD7B6904337B617B697A68E0
:10A9F0009A42E8D800E0C046BD4606B080BDC046D9
:10AA0000FF07000080B582B000AF78607B6801224C
:10AA10001A707B6800225A807B6800229A80C046A8
:10AA2000BD4602B080BDF0B58DB004AFF860B9602E
:10AA30003B60BB1D1A801E23FB1800221A80BB1D21
:10AA40001A88BB68FF21180016F0A2FE1023FB181D
:10AA5000FE221A70BA1D1E257B1912881B88D31A74
:10AA60009AB21C23FB18043A1A80BB6B1B78002B8C
:10AA70004ED07B191B880433BA68D118BB6B9B88F6
:10AA80001B26BC19F8681022BA18013203920293EF
:10AA90001622BB1801931C23FB181B8800930B0084
:10AAA0000022FF21FFF714FD030023701622BB18BC
:10AAB0001A88BB6B9A80BB191B78002B06D03B68A9
:10AAC0007A1912881A80BB191B78A1E01623FB188B
:10AAD0001A8810217B185A801E257B191B88BA689A
:10AAE000D3180C0079180422180016F0B4FE3B1994
:10AAF0005B8803339BB21BB2032213431BB29AB28F
:10AB00007B191B88D3189AB27B1901321A8031E065
:10AB1000BB6B59881E23FB181B88BA68D518BB6B02
:10AB20009B881B26BC191C22BA181288F86801934E
:10AB30001623FB18009313002A00FFF720FE0300E2
:10AB40002370BB191B78002B02D0BB191B785FE068
:10AB50001623FB181A88BB6B5B88D31A9BB2013B88
:10AB60009BB21BB2032213431BB29AB21E23FB18E3
:10AB700001321A801623FB181A88BB6B5B88D31A24
:10AB80009BB2013B9BB21BB2032213431BB29AB28E
:10AB900018217B1801321A807A181C217B18128820
:10ABA0001B889A4210D9BB6B00221A70BB6B5A8863
:10ABB0007B181B88D3189AB2BB6B5A803B68BA1DAE
:10ABC00012881A80002323E01823FA181C23FB188C
:10ABD00012881B889A420BD1BB6B01221A70BB6B87
:10ABE00000225A803B68BA1D12881A8000230FE0A9
:10ABF0001823FA181C23FB1812881B889A4200D3CA
:10AC000028E7BB6B01221A70BB6B00225A8021E738
:10AC10001800BD4609B0F0BDF0B5604CA54402AFC8
:10AC200002005F4B842109015B18DB191A705C4B31
:10AC30005B18DB191A785B4913009B009B189B007B
:10AC4000CB180A331B88002B01D10023A0E0564B00
:10AC5000FC18564D7A19524B842109015B18DB19F7
:10AC60001B781100180000F0D3FC030023707B193F
:10AC70005B684F4ABA1813604E4BFB181800FFF779
:10AC8000C1FE494EBC194C4BFD1880231A010C2300
:10AC9000F918464BF818474BFB1800932B00FFF7A9
:10ACA000C2FE03002370BB191B78042B06D0BB190E
:10ACB0001B78002B02D0BB191B7869E03E4BFB18B8
:10ACC0001A8880231B019A4204D0374BFB181B784B
:10ACD000002BD6D0384ABB181B88002B19D0BB18C4
:10ACE0001B881A000C23F918314C3B191B681800FB
:10ACF000FFF748FE2200BB181B68802109018C4623
:10AD00006344BA181360284BFB181B78002B02D140
:10AD1000B7E7C04600E0C046244BFB189B68013BE8
:10AD2000264A1A4322497B181B68D31A0133DA0AD0
:10AD300023483B181A707B181B68224A94466344C8
:10AD4000DA0A214C3B191A70812109017B18002273
:10AD50001A603B191A787B185A603B181A787B18CE
:10AD60009A601A4BFA187B1811001800F9F7D2FCF8
:10AD70000B4B842212019B18DB191A7813009B00DD
:10AD80009B189B00074A9B181800FFF7D5FA030091
:10AD90001800BD460E4B9D44F0BDC046B4F7FFFF02
:10ADA000C7F7FFFF780900203B08000024080000D7
:10ADB0003C0800001C08000036080000FF070000E7
:10ADC0003A0800000000FCEF390800000C08000001
:10ADD00044080000F0B57A4CA54402AF7860794B86
:10ADE000FB1800221A70784BFB1800221A700023FF
:10ADF000764ABA18136023E07B689968734BFB1896
:10AE00001A6813005B009B189B00CA1870497B18D6
:10AE100012781A707B181A786E4913009B009B18E1
:10AE20009B00CB180A331B88002B03D0664BFB1802
:10AE300001221A70654ABB181B680133BA181360E7
:10AE40007B681B791A00614BFB181B689342D3DBAC
:10AE50005D4BFB181B78002B01D10023ABE0802356
:10AE60001A010823FB18FF21180016F091FC00239B
:10AE7000564ABA18136051E07B68996853483B18EA
:10AE80001A6813005B009B189B00CA18504D7B1971
:10AE900012781A707B6899683B181A6813005B0077
:10AEA0009B189B00CB185B6882221201BA181360B2
:10AEB000494EBC1981231B01FA187B191B7811001C
:10AEC000180000F0A5FB03002370BB191B78002BB2
:10AED00001D000236FE0414D7B191800FFF792FD70
:10AEE0000823FA18822000013B181B68D1183B1870
:10AEF0001B689BB280221201D31A9AB2384BFC18FD
:10AF000081231B01F8187B1900932300FFF78BFDA9
:10AF10002E4ABB181B680133BA1813607B681B7973
:10AF20001A002A4C3B191B689342A5DB7B681B68FF
:10AF300080221201082179181800FFF723FD002351
:10AF40003A1913602CE07B689968204BFB181A684B
:10AF500013005B009B189B00CA181D497B181278D0
:10AF60001A707B181A7813009B009B189B00194AD3
:10AF70009B18194D7C191800FFF7DEF903002370A8
:10AF80002A00BB181B78002B04D00E4BFB18BA18F4
:10AF900012781A700D4ABB181B680133BA18136077
:10AFA0007B681B791A00094BFB181B689342CADBAC
:10AFB000044BFB181B781800BD460A4B9D44F0BD9E
:10AFC000C4F7FFFF2F080000270800002808000032
:10AFD0002608000078090020250800000808000065
:10AFE0000E0800003408000090B587B000AF0200E2
:10AFF0003960FB1D1A7000237B6116E00B243919A0
:10B000002E487A6913005B009B189B00C318063317
:10B010001B780B703A19FB1D12781B789A4201D1EC
:10B02000022346E07B6901337B617B69012BE5DD0F
:10B0300000233B6139E00023FB6026E020493A69A8
:10B0400013005B009B189B00CB1808331968FA6843
:10B0500013005B009B189B00CA180B217B18127809
:10B060001A707A18FB1D12781B789A420AD13A6935
:10B0700013005B009B189B00114A9A183B681A60EA
:10B08000012316E0FB680133FB600D493A691300A8
:10B090005B009B189B00CB1804331B781A00FB68DD
:10B0A0009342CBDB3B6901333B613B69002BC2DB45
:10B0B00000231800BD4607B090BDC04634250610D9
:10B0C000A4090020F0B53D4CA54402AF0200396050
:10B0D0003B4B832109015B18DB191A7080231A018D
:10B0E0002423FB18FF21180016F052FB0023354AD9
:10B0F000BA1813604BE03B689968324C3B191A68E8
:10B1000013005B009B189B00CA182F497B1812780C
:10B110001A707A182A4B832000011B18DB19127849
:10B120001B789A422DD014257A197B181B781100B0
:10B13000180000F06DFA3B6899683B191A68130013
:10B140005B009B189B00CB185B68204C3A1913607E
:10B150000C26BB191800FFF755FC2423FA183B19DD
:10B160001B68D1183B191B689BB280221201D31AAD
:10B170009AB21223FC187819BB1900932300FFF729
:10B1800052FC104ABB181B680133BA1813603B68A5
:10B190001B791A000B4BFB181B689342ABDB3B6817
:10B1A0001B6880221201242179181800FFF7EAFB9E
:10B1B00000231800BD46064B9D44F0BDC4F7FFFFB9
:10B1C000D7F7FFFF2C0800002B0800002408000020
:10B1D00034080000F0B589B002AFF8600800110033
:10B1E0007B600B23FB18021C1A7008203B180A1CFA
:10B1F0001A8001007B181B88013B9BB21BB2032203
:10B2000013431BB29AB27B1801321A80FB685B6849
:10B210005A1DFB689B689A4210D3FB681B78190083
:10B220004A4A0B009B005B189B00D3180A331B880B
:10B23000002B01D00B2384E0022382E0FB685B68D3
:10B240007B617B691B78FF2B1CD1FB689A68FB68CC
:10B250005B68D31A80225202934200D33C4B1221E6
:10B260007A181380C04608231800FB181A88282370
:10B270001B18DB191B88D318DA1C7B181B889A4211
:10B2800027DB15E07B691B78FE2B05D07B691B78DB
:10B29000002B01D0032354E0FB685B687A69528875
:10B2A000033203210A439B185A1CFB685A60ADE71E
:10B2B000FB681B781900254A0B009B005B189B005C
:10B2C000D3180A331B88002B01D00B2339E002234B
:10B2D00037E0FB6858681126BC197D6808231A00FE
:10B2E000FB181B889C460B23FB1819787B6B01937A
:10B2F00028239B18DB191B8800932B006246FFF75D
:10B300009CF903002370BB191B78002B02D0BB19DA
:10B310001B7816E0FB681B781A000C4913009B0091
:10B320009B189B00CB1808331B88013398B2074940
:10B3300013009B009B189B00CB180833021C1A803B
:10B3400000231800BD4607B0F0BDC04678090020B4
:10B35000FFFF0000B0B588B000AF0023FB61CDE077
:10B36000A849FA6913005B009B189B005B58FB60BF
:10B370000023BB61B1E0A349FA6913005B009B188D
:10B380009B00CB1808331968BA6913005B009B183F
:10B390009B00CA1813203B1812781A709949FA6951
:10B3A00013005B009B189B00CB1808331968BA691F
:10B3B00013005B009B189B00CB185B68BB60914936
:10B3C000FA6913005B009B189B00CB1808331968BF
:10B3D000BA6913005B009B189B00CA18BB1D128939
:10B3E0001A803B181A78884913009B009B189B0011
:10B3F0005B58002B03D13B181B78012B01D901238B
:10B40000FCE013243B191A78F968BB68C8187E4918
:10B4100013009B009B189B0058507A49FA6913004F
:10B420005B009B189B00CB1804331B78013BBA6967
:10B430009A420ED13B191A78FB68802109015918EC
:10B44000714813009B009B189B00C31804331960BC
:10B450001DE06C49FA6913005B009B189B00CB1838
:10B4600008331968BB695A1C13005B009B189B00CA
:10B47000CB1859681323FB181A78FB68C91862485F
:10B4800013009B009B189B00C31804331960132002
:10B490003B181A785C4913009B009B189B00CB1843
:10B4A0001033BA1D12881A803B181A7813009B00BB
:10B4B0009B189B00544A9B1812257C191800FEF714
:10B4C0003BFF030023707B191B78002B02D07B19F4
:10B4D0001B7893E0BB690133BB614A49FA691300E9
:10B4E0005B009B189B00CB1804331B781A00BB69C8
:10B4F000934200DA3FE7FB690133FB61FB69002BF4
:10B5000000DA2DE700237B6174E0132439193F48EA
:10B510007A6913005B009B189B00C31806331B78E5
:10B520000B703B191A78384913009B009B189B003D
:10B530005B58002B03D13B191B78012B01D9012348
:10B540005CE013243B191A78304879690B005B00E2
:10B550005B189B0018582C4913009B009B189B00FC
:10B5600058502A497A6913005B009B189B00595870
:10B5700026487A6913005B009B189B00C3180433AC
:10B580001B8818003B191A7809181F4813009B00E4
:10B590009B189B00C318043319603B191A781B4889
:10B5A00079690B005B005B189B00C318083318888F
:10B5B000154913009B009B189B00CB181033021CED
:10B5C0001A803B191A7813009B009B189B000E4AA7
:10B5D0009B1812257C191800FEF7AEFE030023709D
:10B5E0007B191B78002B02D07B191B7806E07B6946
:10B5F00001337B617B69012B87DD00231800BD4689
:10B6000008B0B0BDA4090020780900203425061038
:10B6100080B582B000AF02003960FB1D1A70FB1DBF
:10B620001B78012B01D9012320E0FB1D1A78114959
:10B6300013009B009B189B005A583B685A60FB1DE7
:10B640001A780C4913009B009B189B00CB180433FD
:10B650001A683B689A603B6801221A733B68FA1DBE
:10B6600012781A703B6800225A7300231800BD46F6
:10B6700002B080BD7809002090B589B004AFF860B1
:10B68000080011007B600B23FB18021C1A700823B2
:10B69000FB180A1C1A80FB681B781900124A0B0061
:10B6A0009B005B189B00D3180E331B78002B01D036
:10B6B0000A2315E07C680823FB181A880B23FB1863
:10B6C0001978F86800230393002302937B6A01939F
:10B6D0002023FB181B8800932300FEF7F9FE0300CC
:10B6E0001800BD4605B090BD7809002090B587B020
:10B6F00002AFF86008007A6019000A23FB18021CE8
:10B700001A800823FB180A1C1A80FB681B78190092
:10B710000F4A0B009B005B189B00D3180E331B785D
:10B72000002B01D00A230FE00823FB181C887A683D
:10B730000A23FB181988F868002301933B6A0093D9
:10B740002300FFF71CF803001800BD4605B090BDAC
:10B7500078090020F0B5C64600B588B002AFF860A1
:10B76000080011007B600B231C00FB18021C1A70E0
:10B7700008203B180A1C1A801726B046B8447D687A
:10B780003B181A882300FB181978F8687B6B019323
:10B79000282308241B19DB191B8800932B00FFF7B3
:10B7A00019FD030042461370BB191B78002B02D011
:10B7B000BB191B782CE0FB681B781900174A0B009B
:10B7C0009B005B189B00D3180C331A8808231800C1
:10B7D000F91828231B18DB1909881B88CB189BB282
:10B7E000013B9BB21BB203210B431BB29BB2D31A8A
:10B7F0009BB2FA6812781100053B98B2074A0B0019
:10B800009B005B189B00D3180C33021C1A8000238A
:10B810001800BD4606B080BCB846F0BD78090020CF
:10B8200080B582B000AF78607B681800FFF728F819
:10B8300003001800BD4602B080BD0000B0B58CB05A
:10B8400000AF0200FB1D1A702B257C191823FA1873
:10B85000FB1D1B7811001800FFF7C6FB03002370C7
:10B860007B191B78022B46D1FB1D1A784249130025
:10B870009B009B189B005B587B62FB1D1A783E491E
:10B8800013009B009B189B00CB1804331B683B6282
:10B890007B6A3A4A94466344DA0A1F203B181A70BE
:10B8A0003B6A013B364A1A437B6AD31A0133DA0AF0
:10B8B0001E243B191A700C217B1800221A603B18B9
:10B8C0001A787B185A603B191A787B189A600823FB
:10B8D000FA187B1811001800F8F71CFFFB1D1A78E6
:10B8E00013009B009B189B00234A9B181800FEF72F
:10B8F00023FD00233BE02B23FB181B78012B35D1C4
:10B90000BA692A257C19FB1D1B7811001800FFF766
:10B91000D9FB030023707B191B78002B22D1002355
:10B92000FB6219E0BB699968FA6A13005B009B1817
:10B930009B00CA1829217B1812781A707B181A7874
:10B9400013009B009B189B000B4A9B181800FEF7E6
:10B95000F3FCFB6A0133FB62BB691B791A00FB6ACB
:10B960009342DFDB2A23FB181B7800E00123180039
:10B97000BD460CB0B0BDC046780900200000FCEF09
:10B98000FF070000B0B584B000AF0200FB1D1A70C5
:10B990000F257C190823FA18FB1D1B7811001800CD
:10B9A000FFF722FB030023707B191B78022B06D1C3
:10B9B000FB1D1B781800FFF72FF903000BE00F2386
:10B9C000FB181B78012B05D1BB681800FFF702FAA2
:10B9D000030000E001231800BD4604B0B0BD000024
:10B9E00090B583B000AFFC1D00F016F80300237083
:10B9F000FB1D1B787F2B08D8FB1D1B781800FFF759
:10BA0000C1FF044B180015F0BFFD00231800BD4610
:10BA100003B090BDF823061080B582B000AF2B4B69
:10BA200000229A56FB1D1A70FB1D1A782849130034
:10BA30009B009B189B00CB180A331B88002B28D037
:10BA4000FB1D1A78224913009B009B189B00CB1802
:10BA50000C331988FB1D1A781D4813009B009B1896
:10BA60009B00C31810331B88994212D2FB1D1B7810
:10BA70000133DBB25AB2154B1A70144B1B785BB210
:10BA8000022B02D1114B00221A70FB1D1B785BB2F6
:10BA900017E0FB1D1A78FB1D01321A70FB1D1B7885
:10BAA000022B02D1FB1D00221A70FB1D1B78074AD6
:10BAB000127852B29342B7D1044B00221A7001237C
:10BAC0005B421800BD4602B080BDC046A009002000
:10BAD0007809002080B500AF034B01221A600023D3
:10BAE0001800BD4680BDC046800D002080B584B0E2
:10BAF00000AF0F217B1800221A70EFF310837B60D8
:10BB00007B68BB6072B6C0460C4B1B68032B03D02E
:10BB10007B18FE221A7002E0084B01221A60BB68F3
:10BB20003B603B6883F31088C0460F23FB181B78EB
:10BB30005BB21800BD4604B080BDC046800D002039
:10BB400080B500AFC046BD4680BD0000F0B587B0EF
:10BB500000AFBA607B600F243B19021C1A700E23E1
:10BB6000FB180A1C1A70BB6800221A807B6800222E
:10BB70001A803B6B00221A803B191B780522134068
:10BB800046D017257C19254B1800FDF7B6FF03009A
:10BB900023707B191B78002B02D07B191B7838E0AF
:10BBA0001F4B1800FDF7D6FF03001A00BB681A8070
:10BBB0001C4B1800FDF7CEFF03001A007B681A80AB
:10BBC0001426BC19154B1800FDF7A4FF03002380B1
:10BBD0003B6B00221A800E23FB181B78022B11D11D
:10BBE00017257C19BB191A880F4B11001800FDF797
:10BBF0009EFF030023707B191B78002B02D07B195A
:10BC00001B7806E0094B1A000821002000F010F80C
:10BC100000231800BD4607B0F0BDC046500E0020FE
:10BC20009C0D0020C00D0020080E00204C250610A1
:10BC300090B585B000AF3A60BB1D021C1A803B1D59
:10BC40000A1C1A800C4B1800FDF784FF03001A0031
:10BC50000E203B1801321A803C683B1D1A88BB1D20
:10BC600019883B181888230000F02EF803001800EC
:10BC7000BD4605B090BDC0469C0D002090B585B076
:10BC800000AF3A60BB1D021C1A803B1D0A1C1A80C3
:10BC90000C4B1800FDF75EFF03001A000E203B1846
:10BCA00001321A803C683B1D1A88BB1D19883B185D
:10BCB0001888230000F008F803001800BD4605B0FE
:10BCC00090BDC046C00D0020B0B586B000AF0400E6
:10BCD000080011007B600E23FB18221C1A800C2325
:10BCE000FB18021C1A800A23FB180A1C1A8017234F
:10BCF000FB1800221A7021E01723FB181A78130092
:10BD0000DB009B189B00434A9B1814257C191800E4
:10BD1000FDF720FF030023807B191B88002B07D031
:10BD20007B191B885A1C0E23FB181B889A420BD0C8
:10BD300017217B181A787B1801321A701723FB1809
:10BD40001B78042BD8D900E0C0461723FB181B78BA
:10BD5000052B01D1122359E00C23FB181A880A2362
:10BD6000FB181B88D1181723FB181A7829481300D1
:10BD7000DB009B189B00C31820331B689B889942EB
:10BD800001DD122342E01723FB181A782149130022
:10BD9000DB009B189B00CB1820331B68002B01D1C4
:10BDA000122333E017243B191A781A491300DB00D9
:10BDB0009B189B00CB1820331B689A680C23FB1838
:10BDC0001B88D0180A257B191A887B68190015F082
:10BDD00042FD3B191A780F491300DB009B189B00AA
:10BDE000CB1820331B681B781A00022313400CD099
:10BDF0003B191A7807491300DB009B189B00CB18EE
:10BE000020331B687A1912885A8000231800BD4617
:10BE100006B0B0BD9C0D0020F0B585B000AF0200AB
:10BE20003960FB1D1A703B6800221A800F257C19AF
:10BE3000384B1800FDF761FE030023707B191B7857
:10BE4000002B02D07B191B7860E00C26BC19314B0B
:10BE50001800FDF75FFE03002380FB1D1B78012205
:10BE6000134011D00F257C19BB191A882A4B1100D9
:10BE70001800FDF75CFE030023707B191B78002B74
:10BE800002D07B191B7841E0234B1800FDF762FEBE
:10BE900003001A003B681A800F257C190C23FB183D
:10BEA0001A881E4B11001800FDF741FE0300237095
:10BEB0007B191B78002B02D07B191B7826E00F25FD
:10BEC0007C190C23FB181A88154B11001800FDF77C
:10BED0002EFE030023707B191B78002B02D07B19E8
:10BEE0001B7813E00F257C190C23FB181A880D4BC7
:10BEF00011001800FDF71BFE030023707B191B784F
:10BF0000002B02D07B191B7800E000231800BD46EF
:10BF100005B0F0BD940E0020B0250610D425061003
:10BF2000F82506101C26061080B582B000AF02006E
:10BF3000FB1D1A70FB1D1B787F2B09D8FB1D1B787E
:10BF40001A001F231A40044B012191400A001A6075
:10BF5000C046BD4602B080BD00E100E080B582B0C1
:10BF600000AF0200FB1D1A70FB1D1B787F2B10D841
:10BF7000FB1D1B781A001F231340084901229A4019
:10BF8000130080228B50BFF34F8FC046BFF36F8FDB
:10BF9000C046C046BD4602B080BDC04600E100E0DC
:10BFA00080B500AF054B5B6904221340042B01D11F
:10BFB000012300E000231800BD4680BD000050486A
:10BFC00080B500AF034BDA698023DB001340180013
:10BFD000BD4680BD0000504880B582B000AF78609B
:10BFE000064BDB69064A13401900044B7A680A4382
:10BFF000DA61C046BD4602B080BDC0460000504870
:10C00000FFFDFFFF80B500AF074BDA6980239B007F
:10C010001A4080239B009A4201D1012300E00023B3
:10C020001800BD4680BDC0460000504880B582B0B3
:10C0300000AF7860064BDB690F2293431900044B75
:10C040007A680A43DA61C046BD4602B080BDC04688
:10C050000000504880B582B000AF78608023DB05D7
:10C06000996B8023DB057A680A439A63C046BD4614
:10C0700002B080BD80B582B000AF78608023DB0560
:10C080009A6B7B68D9438023DB050A409A63C046DC
:10C09000BD4602B080BD80B582B000AF02003960FD
:10C0A000FB1D1A70FB1D1B78002B09D18023DB05BB
:10C0B000DA6A3B68D9438023DB050A40DA6207E08D
:10C0C0008023DB05D96A8023DB053A680A43DA62FC
:10C0D000C046BD4602B080BD80B582B000AF020050
:10C0E0003960FB1D1A70FB1D1B78042B60D89A0069
:10C0F000314BD3181B689F468023DB05196B8023C7
:10C10000DB053A680A431A638023DB055A6B3B68F8
:10C11000D9438023DB050A405A6349E08023DB05CD
:10C120001A6B3B68D9438023DB050A401A638023DE
:10C13000DB05596B8023DB053A680A435A6337E015
:10C140008023DB051A6B3B68D9438023DB050A405B
:10C150001A638023DB055A6B3B68D9438023DB05D8
:10C160000A405A6324E08023DB051A6B3B68D943FD
:10C170008023DB050A401A638023DB055A6B3B688A
:10C18000D9438023DB050A405A6311E08023DB0595
:10C190001A6B3B68D9438023DB050A401A6380236E
:10C1A000DB05596B8023DB053A680A435A63FFE7D6
:10C1B000C046BD4602B080BD4026061080B582B0A4
:10C1C00000AF78608023DB05DB6B7A6813407A6808
:10C1D0009A4201D1012300E000231800BD4602B0BD
:10C1E00080BD80B582B000AF78608023DB057A68BF
:10C1F000DA63C046BD4602B080BD000080B584B0A1
:10C2000000AF7860074B596D064B7A680A435A6550
:10C21000044B5B6D7A681340FB60FB68C046BD460B
:10C2200004B080BD0000404880B500AF1F23180057
:10C23000BD4680BD80B500AF1F231800BD4680BD40
:10C2400080B582B000AF0200FB1D1A70FB1D1B7889
:10C25000002B1DD02D4B1B78002B29D12B4B0122FD
:10C260001A7080235B001800FFF7C8FF012102202D
:10C27000FFF732FF01210020FFF70DFF0120FFF73C
:10C28000E9FE0120FFF7ADFF1920FFF74DFE0FE09B
:10C290001E4B1B78012B0BD11C4B00221A70012066
:10C2A000FFF7E8FE1920FFF759FE0120FFF799FF7D
:10C2B000FFF7A8FE031E24D1FFF782FE02008023B1
:10C2C000DB009A421DD080239B001800FFF784FEFC
:10C2D000C046FFF765FE031EFBD1FB1D1B78002B3C
:10C2E00003D00E20FFF7A2FE02E00420FFF79EFE1F
:10C2F0000020FFF771FEC046FFF752FE031EFBD081
:10C3000000E0C046BD4602B080BDC046E509002041
:10C3100080B500AF164B1B78002B25D00120FFF70E
:10C320004DFF031E21D0134AA6239B00D358102291
:10C3300013400AD00F4A95239B00D3580D4902227F
:10C340001A4395239B00CA500AE00A4A95239B0092
:10C35000D3580849022293431A0095239B00CA50E0
:10C360000120FFF73EFF00E0C046BD4680BDC0464D
:10C37000E50900200014006080B500AF8023DB05D4
:10C380001B680F2213401800BD4680BD80B500AF6A
:10C390008023DB051B681B090F2213401800BD46D4
:10C3A00080BD80B500AF8023DB055B681800BD460B
:10C3B00080BD000080B500AF034B1B681B041B0C45
:10C3C0001800BD4680BDC0461410004080B582B044
:10C3D00000AF084B1B685B0C032213407B607B683B
:10C3E000002B01D101237B607B681800BD4602B0A1
:10C3F00080BDC0469000504880B584B000AF7860E2
:10C400007B68FF221A70FFF7CCFF0300FB60FB681C
:10C41000184A934202D17B6803221A70FFF7B6FFD5
:10C420000300DAB27B685A70FFF7A6FF0300DAB2A6
:10C430007B689A70FFF7B5FF02007B685A60FFF7D0
:10C44000B9FF030001339A007B689A60FFF7BEFFD3
:10C45000031E07D0FFF7BAFF030001339A037B687E
:10C46000DA6003E07B68C022D201DA60C046BD46D4
:10C4700004B080BD41E0010280B500AFBFF34F8F33
:10C48000C046044B044ADA60BFF34F8FC046C04633
:10C49000FDE7C04600ED00E00400FA0580B500AFFE
:10C4A00000F0CAFCFFF716FB0300013301D1F7F7D8
:10C4B000ADF9C046BD4680BDF0B599B004AF4F237D
:10C4C000FB1800221A703C23FB18180006231A00E0
:10C4D000002115F05DF94E23FB1806221A703A234D
:10C4E000FB1800221A803A1D5B4B10001900342300
:10C4F0001A0015F0B0F94D257C193B1D180003F00A
:10C5000053FB030023707B191B78002B01D0F7F736
:10C510007DF93C217B1834221A707B1812225A7044
:10C520007B182A229A707B18E122DA707B18082285
:10C530001A717B1800225A714D257C197B181A003C
:10C540000621002003F006F8030023707C1918214F
:10C55000002003F003F8030023707C194A23FB1822
:10C5600019000120FFF758FC030023704C217B18B1
:10C5700000221A707B187A18127801210A431A7067
:10C580007C194F22BB181B780021180002F0EEFD29
:10C59000030023702E007C1946257D194823FA18C4
:10C5A0004F203B1819784C23FB1818784423FB18AC
:10C5B00000932B00FFF7CAFA0300237035007C19A3
:10C5C000264B1A0008210020FFF732FB03002370DE
:10C5D0007C193A23FB181A0002210020FFF74EFBBA
:10C5E000030023701E4B01221A701D4B1B787C190F
:10C5F0001800FDF730FA03002370194B01225A701E
:10C60000174B0822DA70164B10221A71144B0022B5
:10C610009A70134B9878124B5978114BDB78104A6B
:10C6200012792E007C1900250295019200930023B7
:10C630000122FDF720FA03002370094B9B78002BA1
:10C6400005D0BC19012002F0BBFD03002370C046D9
:10C65000BD4615B0F0BDC0461C2406105426061079
:10C66000E809002080B500AF0121012002F090FC14
:10C67000C046BD4680BD80B500AF012002F04AFB38
:10C6800003F0ADF9012002F04FFBC046BD4680BD6E
:10C6900080B500AFFAF782FAC046BD4680BD80B5CE
:10C6A00000AF0021022002F073FCC046BD4680BDF1
:10C6B00080B500AFFFF794F9C046BD4680BD80B598
:10C6C00000AF0121042002F063FCC046BD4680BDDE
:10C6D00080B500AFFFF7E3FFC046BD4680BD80B523
:10C6E00000AFFFF7DCFFC046BD4680BD80B582B01D
:10C6F00000AF78607B6818000DF0C2F9FFF7CFFF3C
:10C70000FFF7DDFFC046BD4602B080BD80B500AF7B
:10C71000FFF7A8FFC046BD4680BD000090B583B0BE
:10C7200000AF174B1A000021012002F00DFC154B41
:10C730001A000021022002F007FC134B1A0000210E
:10C74000042002F001FC114B1A000021082002F025
:10C75000FBFBFFF7A3FEFFF7AFFE0D4B00229A7322
:10C760000B4B012252429A81FC1DF5F795F803000C
:10C770002370002000F0CEF9C046BD4603B090BD46
:10C7800077C6041091C60410B1C6041095CD0410EC
:10C79000E8090020F0B599B004AF78604B23FB188E
:10C7A00086221A707B681B78042B04D07B681B7868
:10C7B000822B00D052E17B6801337B647B681B785D
:10C7C000042B03D17B6C0233FB6405E07B680133EF
:10C7D0003B643B6C0333FB647B6C1B78FF2B00D109
:10C7E000A0E000DD3CE13E2B29D000DD38E1052B47
:10C7F00003D0102B00D128E132E17B6C0233BB6007
:10C80000BB685A789B781B0213439AB2974B9B895B
:10C810009A4211D1954B012252429A81934B0022A8
:10C820009A73F5F719FA924B1800FAF775FD914BC8
:10C8300019000020F4F7DCFC00F0EEFA13E17B6C49
:10C8400002333B623B6A1B780C2B0BD068DC0A2B53
:10C850000ED065DC012B37D0032B61D13B6A01334D
:10C860007B615EE03B6A0133FB6100F0D5FA58E082
:10C870003B6A0133BB61BB691C78BB695A789B7802
:10C880001B0213439DB2BB691E79BB6905339C46ED
:10C89000BB69DA7D1B7E1B0213439AB2BB69597ECA
:10C8A0009B7E1B020B4399B2BB69D87E1B7F1B0288
:10C8B00003439BB202930191009263463200290028
:10C8C000200000F0E7F82CE03B6A01333B613B6954
:10C8D0001C783B695A789B781B0213439DB23B69D5
:10C8E0001E793B6905339C463B69DA7A1B7B1B0248
:10C8F00013439AB23B69597B9B7B1B020B4399B252
:10C900003B69D87B1B7C1B0203439BB202930191C2
:10C910000092634632002900200000F0BBF800E0DE
:10C92000C046A0E0FB6CFB63FB6B1A785B781B02D4
:10C9300013439BB2504A934245D04F4A934200DD85
:10C940007DE04E4A934263D04C4A934200DD76E04C
:10C950008022120193421ED080221201934200DDF8
:10C960006DE0474A934200D16BE0454A934266DC52
:10C97000444A934213D08122D20093425FDA424A62
:10C98000934210D0404A934259DC042B5BD03F4A7B
:10C99000934214D053E0FB6B0233FB6254E0FB6B19
:10C9A0000233BB6250E0314B9B894B22BC18384AA2
:10C9B00011001800FDF78EF80300237044E0FB6BB4
:10C9C00002337B6240E0FB6B0233BB6337243B19CD
:10C9D00008221A703B1900221A70BB6B1A785B7818
:10C9E0001B02134398B2BB6B9A78DB781B0213438C
:10C9F00099B2BB6B1A795B791B0213439AB23B194C
:10CA00001B780024019400240094FDF7D9F81BE062
:10CA1000FB6B02333B633B6B1A795B791B0213435D
:10CA200098B23B6B083319003B6B9A79DB791B0298
:10CA300013439BB2DBB21A00F5F728F904E0C046B5
:10CA400011E0C0460FE0C0460DE07B6C0233FB6096
:10CA5000FB681B78032B05D8FFF70EFDC04602E0EC
:10CA6000C04600E0C046BD4615B0F0BDE809002054
:10CA7000200A002050240610190C0000010C0000B0
:10CA80000A04000007040000020400000104000082
:10CA900007B2010090B583B000AF04000800110098
:10CAA0003B60FB1D221C1A703B1D021C1A80BB1D23
:10CAB0000A1C1A70FB1D1B78002B03D0124B00229E
:10CAC0009A731DE0104B9B7B012B03D10E4B03226D
:10CAD0009A7302E00C4B02229A730B4B3A1D128898
:10CAE0009A813B1D1B881800F5F796F8074B084AFA
:10CAF0009A60FA239A00054B11001800FAF7BCFB64
:10CB0000BD4603B090BDC046E8090020200A0020C1
:10CB1000D5CD0410B0B594B00CAF0200FB1D1A7057
:10CB20008023FB61A023BB61FB1D1B78052B34D840
:10CB30009A005F4BD3181B689F468023FB61A0239C
:10CB4000BB6104237B612BE0C823DB00FB61FA237C
:10CB50001B01BB6105237B6122E000237B611FE099
:10CB6000C8239B00FB61C8239B00BB6100237B6142
:10CB7000FA235B003B6113E04E4B9B890F257C1928
:10CB800013211800FCF751FF030023707B191B7859
:10CB9000002B04D100F048F901E0C04600E0C04697
:10CBA000FB1D1B78062B00D178E000DD78E0042B1C
:10CBB00061D000DD74E0012B02DC002B03DA6FE0B2
:10CBC000022B46D06CE00823FB18180006231A003D
:10CBD000002114F0DDFD0F257C19FA6900230A936A
:10CBE000002309930123089300230793012306934D
:10CBF000002305930023049300230393002302934F
:10CC000007230193BB690093130013220221002024
:10CC100002F002FB030023707B191B78002B03D169
:10CC20007B69DAB2234B9A730F257C19224B1D22A4
:10CC30000321002002F025FB030023707C19082348
:10CC4000FB181A000121012002F01FFB03002370D2
:10CC500029E00F257C1900220021002002F015FB9D
:10CC6000030023707B191B78002B1BD17B69DAB280
:10CC7000104B9A7316E00F4B9889FB6999B2BB6908
:10CC80009AB27B699DB23B699BB20F243C19009319
:10CC90002B00FCF7BEFF0300237004E0C04602E057
:10CCA000C04600E0C046C046BD4608B0B0BDC04664
:10CCB0005C260610E8090020BC0E002090B587B065
:10CCC00000AF0200FB1D1A70BB1D0A1C1A702A4B14
:10CCD0001B8801339AB2284B1A80284BFA1D127810
:10CCE0009A76254B1B88DAB2244BDA76234BBA1D91
:10CCF00012781A771723FC18204B1D2203210020DD
:10CD000002F0BFFA030023701B4B1B88DBB2180034
:10CD1000F5F758F8BB1D1B781800F5F785F81023B8
:10CD2000FB181800F4F7ECFC0823FB181800F4F7C4
:10CD3000E7FC134B1B885A1C91B2114A1180180052
:10CD4000F5F7A4F80F4B1B78002B11D10D4B0122E6
:10CD50001A700220FFF7DEFE0120FFF7DBFE0A4B10
:10CD60000A4A9A600A4A084B11001800FAF784FA36
:10CD7000C046BD4607B090BDF8090020BC0E00209B
:10CD80001A0A0020180A0020000A0020BDCD041055
:10CD90001027000080B500AF074B1B78002B08D090
:10CDA000054B00221A700220FFF7B4FE0020FFF7A7
:10CDB000B1FEC046BD4680BD180A002080B582B0D5
:10CDC00000AF78600121082002F0E2F8C046BD46BD
:10CDD00002B080BD80B582B000AF78600B4B1B887D
:10CDE0005A1C91B2094A11801800F5F74FF8084B08
:10CDF000084A9A60FA239A00054B11001800FAF7C6
:10CE00003BFAC046BD4602B080BDC0461A0A0020AB
:10CE1000200A0020D5CD041080B500AF012002F01B
:10CE2000E3F8C046BD4680BD80B500AF012002F0EA
:10CE3000F9F8C046BD4680BD80B500AFFEF78AFA5E
:10CE4000074B19000020FEF7E3FB064B19000120F9
:10CE5000FEF7DEFB044B024A1A60C046BD4680BDA9
:10CE6000380A0020480A0020580A0020F0B589B08E
:10CE700002AFB96011007B600F243B19021C1A70CD
:10CE80000C23FB180A1C1A803B191B78022B03D1B8
:10CE90001A4B1B4A1A6002E0184B1A4A1A60174BC9
:10CEA00018681726BC19BD680C23FB181B889C4604
:10CEB0000F23FB1819787B680193282308229B18FD
:10CEC000DB191B8800932B006246FEF743FC03002E
:10CED0002370BB191B78002B01D1002309E0172315
:10CEE000FB181B78022B02D101235B4201E00223D5
:10CEF0005B421800BD4607B0F0BDC046580A00208E
:10CF0000480A0020380A0020B0B586B002AF0400FD
:10CF1000080011003B60FB1D221C1A70BB1D021C87
:10CF20001A703B1D0A1C1A80BB1D1B78022B07D1EF
:10CF30002E4B2F4A1A600E23FB1801221A7006E0AE
:10CF40002A4B2C4A1A600E23FB1800221A70FB1D74
:10CF50001B78022B12D1254B18680F23FC182023B5
:10CF6000FB181D883A683B1D19880C23FB18009399
:10CF70002B00FEF7BBFB0300237021E0FB1D1B7899
:10CF8000002B08D1194B1A680E23FB181B781100CF
:10CF90001800FEF73DFB154B18680F23FC183D6881
:10CFA0003B1D1A88BB1D19780C23FB180193202305
:10CFB000FB181B8800932B00FEF75EFB0300237019
:10CFC0000F23FB181B78002B01D1002309E00F234E
:10CFD000FB181B78042B02D103235B4201E00223E0
:10CFE0005B421800BD4604B0B0BDC046580A0020E0
:10CFF000480A0020380A002090B585B000AF39609B
:10D000001100BB1D021C1A803B1D0A1C1A800E4B0E
:10D0100018683B1D1C883A68BB1D19882300FDF762
:10D0200061FB0300FB60FB68002B01D1002307E0DC
:10D03000FB68002B02DA3B1D1B8801E003235B42E7
:10D040001800BD4605B090BD580A002080B582B0DA
:10D0500000AF0200FB1D1A70FB1D1B78022B0AD1CA
:10D060000B4B1A680B4B9A420DD0094B1B681800EA
:10D07000FEF7D6FB08E0FB1D1B78032B04D1002034
:10D08000FEF7DCFB00E0C046BD4602B080BDC046F6
:10D09000580A0020480A002080B584B000AFF8602C
:10D0A000B9607A607A68B968FB681800F3F72AF803
:10D0B000C046BD4604B080BD80B584B000AFF86006
:10D0C000B9607A607A68B968FB68180014F060FB90
:10D0D000C046BD4604B080BD80B584B000AFF860E6
:10D0E000B9607A607A68B968FB68180014F042FB8E
:10D0F00003001800BD4604B080BD90B589B000AFF4
:10D10000F860B9607A6010243B191800FFF774F9D1
:10D1100021007B181A78FB681A707B185A78BB6854
:10D120001A707B189A787B681A70C046BD4609B0A1
:10D1300090BD80B584B000AFF860B9607A607A685D
:10D14000B968FB681800FCF78FFEC046BD4604B006
:10D1500080BD80B582B000AF78607B68180014F0A5
:10D160003DFF03001800BD4602B080BD80B584B00D
:10D1700000AFF860B9607A607A68B968FB68180037
:10D1800014F0C2FD03001800BD4604B080BD80B598
:10D1900084B000AFF860B9607A607A68B968FB68FB
:10D1A000180014F0E5FE03001800BD4604B080BD71
:10D1B00080B582B000AF78607B681800FDF776F824
:10D1C000C046BD4602B080BD80B582B000AF786079
:10D1D0007B681800FDF784F8C046BD4602B080BDEC
:10D1E00080B500AFFFF720F803001800BD4680BDF2
:10D1F00080B500AFFFF71EF803001800BD4680BDE4
:10D2000080B582B000AF0200FB1D1A70FB1D1B78B9
:10D210001800FFF715F8C046BD4602B080BD80B5C6
:10D2200000AFF9F77FF903001800BD4680BD80B557
:10D2300000AFFAF70FF802000B0010001900BD460E
:10D2400080BD80B584B000AFF8603A607B603A681A
:10D250007B68F9680800FAF745F803001800BD4636
:10D2600004B080BD80B582B000AF78607B681800E4
:10D27000FAF752F8C046BD4602B080BD80B582B014
:10D2800000AF786008001100FB1C021C1A70BB1C68
:10D290000A1C1A70BB1C1A78FB1C19787B681800D2
:10D2A000F9F730FE0300DBB21800BD4602B080BDC6
:10D2B00080B500AFF9F7EEFE0300DBB21800BD4603
:10D2C00080BD80B582B000AF78607B681800F9F748
:10D2D00005FE02000B0010001900BD4602B080BD23
:10D2E00080B500AFF9F754FFC046BD4680BD0000D1
:10D2F00080B582B000AF7860074B5B687F229343B4
:10D3000019007B687F221A40034B0A435A60C046CB
:10D31000BD4602B080BDC046C000002080B500AF51
:10D32000044B5A68034B80210A435A60C046BD46ED
:10D3300080BDC046C000002080B500AF044B5A68D5
:10D34000034B80218A435A60C046BD4680BDC0461B
:10D35000C000002080B582B000AF7860074B1B6929
:10D36000074A134019007B681B02064A1A40034B08
:10D370000A431A61C046BD4602B080BDC00000200D
:10D38000FF0000F000FFFF0F80B582B000AF020089
:10D390003960FB1D1A70FB1D1A7813009B009B1847
:10D3A0001B010D4A944663441B683F2293431800B7
:10D3B0003B683F2213401900FB1D1A7813009B00A5
:10D3C0009B181B01044A9446634402000A431A60F6
:10D3D000C046BD4602B080BDDC00002080B582B0F2
:10D3E00000AF0200FB1D1A70FB1D1A7813009B0092
:10D3F0009B181B01094A944663441968FB1D1A785F
:10D4000013009B009B181B01044A9446634440226E
:10D410000A431A60C046BD4602B080BDDC00002051
:10D4200080B582B000AF0200FB1D1A70FB1D1A7898
:10D4300013009B009B181B010A4A94466344196819
:10D44000FB1D1A7813009B009B181B01054A94468C
:10D450006344402291430A001A60C046BD4602B0B0
:10D4600080BDC046DC00002080B582B000AF020065
:10D47000FB1D1A70FB1D1A7813009B009B181B01E3
:10D48000094A944663441968FB1D1A7813009B00EF
:10D490009B181B01044A9446634480220A431A6085
:10D4A000C046BD4602B080BDDC00002080B582B021
:10D4B00000AF0200FB1D1A70FB1D1A7813009B00C1
:10D4C0009B181B010A4A944663441968FB1D1A788D
:10D4D00013009B009B181B01054A9446634480225D
:10D4E00091430A001A60C046BD4602B080BDC046E6
:10D4F000DC00002080B582B000AF0200FB1D1A7076
:10D50000FB1D1A7813009B009B181B01074A9446C9
:10D5100063441B6880221340802B01D1012300E06B
:10D5200000231800BD4602B080BDC046DC000020CC
:10D5300080B582B000AF02003960FB1D1A70FB1D80
:10D540001A7813009B009B181B010E4A94466344F3
:10D550001B680D4A134018003B681A02FC239B010C
:10D560001A401100FB1D1A7813009B009B181B0129
:10D57000044A9446634402000A431A60C046BD460A
:10D5800002B080BDDC000020FFC0FFFF80B582B08C
:10D5900000AF0200FB1D1A70FB1D1A7813009B00E0
:10D5A0009B181B01054A944663441B681B0A3F22D3
:10D5B00013401800BD4602B080BDC046DC0000200C
:10D5C00080B582B000AF0200FB1D1A70FB1D1A78F7
:10D5D00013009B009B181B010A4A94466344196878
:10D5E000FB1D1A7813009B009B181B01054A9446EB
:10D5F0006344802212024A401A60C046BD4602B00F
:10D6000080BDC046DC00002080B582B000AF0200C3
:10D61000FB1D1A70FB1D1A7813009B009B181B0141
:10D620000A4A944663441968FB1D1A7813009B004C
:10D630009B181B01054A94466344802292030A43C7
:10D640001A60C046BD4602B080BDC046DC00002066
:10D6500080B582B000AF0200FB1D1A70FB1D1A7866
:10D6600013009B009B181B01094A944663441968E8
:10D67000FB1D1A7813009B009B181B01044A94465B
:10D680006344044A0A401A60C046BD4602B080BDE9
:10D69000DC000020FFFFDFFF80B582B000AF02009A
:10D6A0003960FB1D1A70FB1D1A7813009B009B1834
:10D6B0001B010E4A944663441B680D4A1340180030
:10D6C0003B681A06E023DB041A401100FB1D1A78A0
:10D6D00013009B009B181B01044A944663440200FC
:10D6E0000A431A60C046BD4602B080BDDC0000207F
:10D6F000FFFFFFF880B582B000AF0200FB1D1A707B
:10D70000FB1D1A7813009B009B181B01054A9446C9
:10D7100063441B681B0E072213401800BD4602B06D
:10D7200080BDC046DC00002080B582B000AF0200A2
:10D730003960FB1D1A70FB1D1A7813009B009B18A3
:10D740001B010E4A944663441B680D4A134018009F
:10D750003B681A07E023DB051A401100FB1D1A780D
:10D7600013009B009B181B01044A9446634402006B
:10D770000A431A60C046BD4602B080BDDC000020EE
:10D78000FFFFFF8F80B582B000AF0200FB1D1A7053
:10D79000FB1D1A7813009B009B181B01054A944639
:10D7A00063441B681B0F072213401800BD4602B0DC
:10D7B00080BDC046DC00002080B582B000AF020012
:10D7C0003960FB1D1A70FB1D1A7813009B009B1813
:10D7D0001B01094A944663445B68FB1D1A781300D9
:10D7E0009B009B181B01044A944663443A685A60A4
:10D7F000C046BD4602B080BDDC00002080B582B0CE
:10D8000000AF02003960FB1D1A70FB1D1A7813006F
:10D810009B009B181B01094A944663449B68FB1DAF
:10D820001A7813009B009B181B01044A944663441A
:10D830003A689A60C046BD4602B080BDDC00002058
:10D8400080B582B000AF02003960FB1D1A70FB1D6D
:10D850001A7813009B009B181B01094A94466344E5
:10D860009B69FB1D1A7813009B009B181B01044A3F
:10D87000944663443A689A61C046BD4602B080BD92
:10D88000DC00002080B582B000AF02003960FB1DD3
:10D890001A70FB1D1A7813009B009B181B010D4A80
:10D8A00094466344DB69FF22934318003B68FF22E0
:10D8B00013401900FB1D1A7813009B009B181B01D5
:10D8C000044A9446634402000A43DA61C046BD46F6
:10D8D00002B080BDDC00002080B582B000AF020045
:10D8E000FB1D1A70FB1D1A7813009B009B181B016F
:10D8F000044A94466344DB69FF2213401800BD4686
:10D9000002B080BDDC00002080B582B000AF020014
:10D910003960FB1D1A70FB1D1A7813009B009B18C1
:10D920001B010C4A94466344DB69FF221340180034
:10D930003B681902FB1D1A7813009B009B181B0102
:10D94000044A9446634402000A43DA61C046BD4675
:10D9500002B080BDDC00002080B582B000AF0200C4
:10D96000FB1D1A70FB1D1A7813009B009B181B01EE
:10D97000054A94466344DB691B0A1B021B0A180014
:10D98000BD4602B080BDC046DC00002080B582B03C
:10D9900000AF02003960FB1D1A70FB1D1A781300DE
:10D9A0009B009B181B010C4A944663441B6A1B0C8A
:10D9B00018043B681B04190CFB1D1A7813009B000C
:10D9C0009B181B01044A9446634402000A431A62EE
:10D9D000C046BD4602B080BDDC00002080B582B0EC
:10D9E00000AF0200FB1D1A70FB1D1A7813009B008C
:10D9F0009B181B01044A944663441B6A1B041B0CBE
:10DA00001800BD4602B080BDDC00002080B582B0A9
:10DA100000AF0200FB1D1A70FB1D1A7813009B005B
:10DA20009B181B010A4A94466344196AFB1D1A7825
:10DA300013009B009B181B01054A944663448022F7
:10DA400092050A431A62C046BD4602B080BDC04678
:10DA5000DC00002080B582B000AF0200FB1D1A7010
:10DA6000FB1D1A7813009B009B181B01094A944662
:10DA70006344196AFB1D1A7813009B009B181B0155
:10DA8000044A94466344044A0A401A62C046BD46AA
:10DA900002B080BDDC000020FFFFFFDF80B582B058
:10DAA00000AF02003960FB1D1A70FB1D1A781300CD
:10DAB0009B009B181B01094A944663445B6AFB1D4B
:10DAC0001A7813009B009B181B01044A9446634478
:10DAD0003A685A62C046BD4602B080BDDC000020F4
:10DAE00080B582B000AF0200FB1D1A70FB1D1A78D2
:10DAF00013009B009B181B01034A944663445B6A16
:10DB00001800BD4602B080BDDC00002080B582B0A8
:10DB100000AF02003960FB1D1A70FB1D1A7813005C
:10DB20009B009B181B010C4A944663449B6A1B0E86
:10DB300018063B681B02190AFB1D1A7813009B008C
:10DB40009B181B01044A9446634402000A439A62EC
:10DB5000C046BD4602B080BDDC00002080B582B06A
:10DB600000AF02003960FB1D1A70FB1D1A7813000C
:10DB70009B009B181B010C4A944663449B6A1B0242
:10DB8000180A3B681906FB1D1A7813009B009B18A6
:10DB90001B01054A9446634402000A439A62C04648
:10DBA000BD4602B080BDC046DC00002080B582B01A
:10DBB00000AF02003960FB1D1A70FB1D1A781300BC
:10DBC0009B009B181B010D4A94466344DB6A1F228D
:10DBD000934318003B681F2213401900FB1D1A785D
:10DBE00013009B009B181B01044A944663440200E7
:10DBF0000A43DA62C046BD4602B080BDDC000020A8
:10DC000080B582B000AF0200FB1D1A70FB1D1A78B0
:10DC100013009B009B181B01044A94466344DB6A73
:10DC20001F2213401800BD4602B080BDDC0000205A
:10DC300080B582B000AF02003960FB1D1A70FB1D79
:10DC40001A7813009B009B181B010E4A94466344EC
:10DC5000DB6A0D4A134018003B681A02FC239B0143
:10DC60001A401100FB1D1A7813009B009B181B0122
:10DC7000044A9446634402000A43DA62C046BD4641
:10DC800002B080BDDC000020FFC0FFFF80B582B085
:10DC900000AF0200FB1D1A70FB1D1A7813009B00D9
:10DCA0009B181B01054A94466344DB6A1B0A3F220A
:10DCB00013401800BD4602B080BDC046DC00002005
:10DCC00080B582B000AF02003960FB1D1A70FB1DE9
:10DCD0001A7813009B009B181B010C4A944663445E
:10DCE000DB6A1B04180C3B681904FB1D1A7813002F
:10DCF0009B009B181B01054A9446634402000A439B
:10DD0000DA62C046BD4602B080BDC046DC000020DD
:10DD100080B582B000AF0200FB1D1A70FB1D1A789F
:10DD200013009B009B181B01054A94466344DB6A61
:10DD30001B0C1B041B0C1800BD4602B080BDC04666
:10DD4000DC00002080B582B000AF02003960FB1D0E
:10DD50001A70FB1D1A7813009B009B181B010C4ABC
:10DD6000944663441B6B9B0D98053B689B02990A84
:10DD7000FB1D1A7813009B009B181B01044A944654
:10DD8000634402000A431A63C046BD4602B080BD28
:10DD9000DC00002080B582B000AF0200FB1D1A70CD
:10DDA000FB1D1A7813009B009B181B01044A944624
:10DDB00063441B6B9B029B0A1800BD4602B080BDEA
:10DDC000DC00002080B582B000AF786039607B68ED
:10DDD0001B687B683A681A60C046BD4602B080BDC9
:10DDE00080B582B000AF786039607B685B680122E3
:10DDF00093431A003B6801210B401A437B685A6029
:10DE0000C046BD4602B080BD80B582B000AF78602C
:10DE100039607B685B68042293431A003B689B006F
:10DE200004210B401A437B685A60C046BD4602B0CD
:10DE300080BD80B582B000AF786039607B685B6878
:10DE4000102293431A003B681B0110210B401A4318
:10DE50007B685A60C046BD4602B080BD80B582B0C6
:10DE600000AF786039607B685B68202293431A00BA
:10DE70003B685B0120210B401A437B685A60C04617
:10DE8000BD4602B080BD80B582B000AF78607B68CF
:10DE90005B6840221A437B685A60C046BD4602B0A8
:10DEA00080BD80B582B000AF78607B685B688022FF
:10DEB0001A437B685A60C046BD4602B080BD80B53B
:10DEC00082B000AF78607B685B68802293431A0061
:10DED0007B685A60C046BD4602B080BD80B582B046
:10DEE00000AF786039607B685B68074A1A403B681E
:10DEF000190280235B000B401A437B685A60C046BE
:10DF0000BD4602B080BDC046FFFEFFFF80B582B0B7
:10DF100000AF786039607B685B68074A1A403B68ED
:10DF2000590280239B000B401A437B685A60C0460D
:10DF3000BD4602B080BDC046FFFDFFFF80B582B088
:10DF400000AF786039607B685B68074A1A403B68BD
:10DF500099028023DB000B401A437B685A60C0465D
:10DF6000BD4602B080BDC046FFFBFFFF80B582B05A
:10DF700000AF786039607B689B687B683A689A601C
:10DF8000C046BD4602B080BD80B582B000AF7860AB
:10DF90007B689B681800BD4602B080BD80B582B02A
:10DFA00000AF786039607B68DB681B0D1A053B6841
:10DFB0001B031B0B1A437B68DA60C046BD4602B0E8
:10DFC00080BD80B582B000AF78607B68DB6880225E
:10DFD00052031A437B68DA60C046BD4602B080BD7A
:10DFE00080B582B000AF786039607B68DB68074A33
:10DFF0001A403B6899058023DB030B401A437B687A
:10E00000DA60C046BD4602B080BDC046FFFFBFFF1C
:10E0100080B582B000AF786039607B68DB68074A02
:10E020001A403B68D90580231B040B401A437B68C8
:10E03000DA60C046BD4602B080BDC046FFFF7FFF2C
:10E0400080B582B000AF786039607B68DB68074AD2
:10E050001A403B68190680235B040B401A437B6817
:10E06000DA60C046BD4602B080BDC046FFFFFFFE7D
:10E0700080B582B000AF78607B68DB688022920454
:10E080001A437B68DA60C046BD4602B080BD80B5E9
:10E0900082B000AF78607B68DB688022D2041A43CC
:10E0A0007B68DA60C046BD4602B080BD80B582B0F4
:10E0B00000AF78607B68DB688022D2051A437B68FA
:10E0C000DA60C046BD4602B080BD80B582B000AF08
:10E0D00078607B68DB68802212061A437B68DA600E
:10E0E000C046BD4602B080BD80B582B000AF78604A
:10E0F000C023DB055B684F22134019007B684F2269
:10E1000093431A00C023DB050A435A60C046BD464C
:10E1100002B080BD80B582B000AF7860C023DB055F
:10E120009B690822934319007B68DB0008221A4090
:10E13000C023DB050A439A61C046BD4602B080BDDC
:10E1400080B588B000AF786008001100FB1C021C8D
:10E150001A70BB1C0A1C1A707B687B61FB1C1B7845
:10E16000012B05D10623BB60BB680233FB6115E0C0
:10E17000FB1C1B78002B05D10423FB60FB680233DA
:10E18000FB610BE0FB1C1B78022B05D102233B61DA
:10E190003B690433FB6101E00023FB61FB1C1B783E
:10E1A000012B03D0FB1C1B78022B09D1BB1C1B7855
:10E1B000012B02D1B523BB6113E04323BB6110E007
:10E1C000FB1C1B78002B03D0FB1C1B78032B08D1F6
:10E1D000BB1C1B78012B02D1B323BB6101E041239F
:10E1E000BB61BA69FB69D3187A69D31A7B617B6911
:10E1F0001800BD4608B080BD80B582B000AF786021
:10E200007B681800FFF770FFC046BD4602B080BDB6
:10E2100080B500AF0120FFF77DFFC046BD4680BD41
:10E2200080B500AFFFF788F8C046BD4680BD80B519
:10E2300000AFFFF773F8C046BD4680BD80B582B021
:10E2400000AF0200FB1D1A70FB1D1B781800FFF7C2
:10E250004FF8C046BD4602B080BD000080B582B018
:10E2600000AF78607B68034A13401800BD4602B0D7
:10E2700080BDC04630DFCB0080B582B000AF786093
:10E280007A688023DB0313401800BD4602B080BDCE
:10E2900080B582B000AF786000231800BD4602B0A0
:10E2A00080BD80B582B000AF78607A688023DB05DE
:10E2B00013401800BD4602B080BD80B582B000AFEB
:10E2C00078607A6880239B0413401800BD4602B032
:10E2D00080BD80B582B000AF78607A6880239B01F2
:10E2E00013401800BD4602B080BD80B582B000AFBB
:10E2F00078607A688023DB0213401800BD4602B0C4
:10E3000080BD80B582B000AF78607A6880235B0200
:10E3100013401800BD4602B080BD80B582B000AF8A
:10E3200078607A6880239B0313401800BD4602B0D2
:10E3300080BD80B582B000AF78607A6880239B0092
:10E3400013401800BD4602B080BD80B582B000AF5A
:10E3500078607A6880231B0113401800BD4602B024
:10E3600080BD80B582B000AF78607B68DB0FDB07D3
:10E370001800BD4602B080BD80B582B000AF7860A5
:10E380007A688023DB0413401800BD4602B080BDCC
:10E3900080B582B000AF78607B68402213401800DF
:10E3A000BD4602B080BD80B582B000AF78607A68AB
:10E3B00080235B0413401800BD4602B080BD80B5C9
:10E3C00082B000AF7860C046BD4602B080BD80B567
:10E3D00082B000AF78607B681800FFF770FDC04620
:10E3E000BD4602B080BD80B582B000AF78607B686A
:10E3F00000211800FFF7F4FCC046BD4602B080BD06
:10E4000080B582B000AF78607B681800FFF7BCFD74
:10E4100003001800BD4602B080BD80B582B000AFD9
:10E4200078607B6814220021180013F0B1F9C0460F
:10E43000BD4602B080BD80B582B000AF78607B6819
:10E4400001211800FFF70AFDC046BD4602B080BD9D
:10E4500080B582B000AF78607B6801211800FFF7BB
:10E46000E8FCC046BD4602B080BD80B582B000AFBA
:10E470007860C046BD4602B080BD80B582B000AFB6
:10E48000786039603A687B6811001800FFF76EFD0C
:10E49000C046BD4602B080BD80B582B000AF786096
:10E4A0007B681800FFF7FDFCC046BD4602B080BD8A
:10E4B00080B582B000AF78607B681800FFF7F6FD8A
:10E4C000C046BD4602B080BD80B582B000AF786066
:10E4D0007B681800FFF7CCFDC046BD4602B080BD8A
:10E4E00080B582B000AF78607B681800FFF7EDFD63
:10E4F000C046BD4602B080BD80B582B000AF786036
:10E500007B681800FFF7C3FDC046BD4602B080BD62
:10E5100080B582B000AF78607B6801211800FFF7FA
:10E520008FFDC046BD4602B080BD80B582B000AF51
:10E5300078607B6801211800FFF766FCC046BD4685
:10E5400002B080BD80B582B000AF786039603A68B3
:10E550007B6811001800FFF735FCC046BD4602B0CD
:10E5600080BD80B582B000AF78607B680021180064
:10E57000FFF7B4FCC046BD4602B080BD80B582B096
:10E5800000AF78600A00FB1C1A70C046BD4602B09E
:10E5900080BD80B582B000AF78607B680121180033
:10E5A000FFF79CFCC046BD4602B080BD80B582B07E
:10E5B00000AF78607B681800FFF765FCC046BD4679
:10E5C00002B080BD80B582B000AF78607B68012169
:10E5D0001800FFF705FCC046BD4602B080BD80B5FF
:10E5E00082B000AF78607B6801211800FFF78EFCD5
:10E5F000C046BD4602B080BD80B582B000AF786035
:10E6000039603A687B6811001800FFF7C7FCC04604
:10E61000BD4602B080BD80B582B000AF78607B6837
:10E620001800FFF7CEFCC046BD4602B080BD80B5E5
:10E6300082B000AF78607B6801211800FFF7E8FC2A
:10E64000C046BD4602B080BD80B582B000AF7860E4
:10E650007B6801211800FFF7C3FCC046BD4602B02D
:10E6600080BD80B582B000AF78607B680121180062
:10E67000FFF764FC7B6801211800FFF747FCC046E8
:10E68000BD4602B080BD80B582B000AF7860396011
:10E690003B681B031B0B1800FEF75CFEC046BD4623
:10E6A00002B080BD80B582B000AF0200FB1D1A70C1
:10E6B000C046BD4602B080BD80B582B000AF02004A
:10E6C0003960FB1D1A703B68002B05D0FB1D1B78C1
:10E6D0001800FEF783FE04E0FB1D1B781800FEF710
:10E6E0009FFEC046BD4602B080BD80B582B000AF7F
:10E6F0000200FB1D1A70FB1D1B781800FEF7A8FF17
:10E70000FB1D1B781800FFF7A5F9C046BD4602B0F7
:10E7100080BD80B582B000AF0200FB1D1A70FB1DEA
:10E720001B781800FEF770FFFB1D1B781800FFF721
:10E730006DF9C046BD4602B080BD80B582B000AF65
:10E740000200FB1D1A70FB1D1B781800FFF7C8F9AB
:10E7500003001800BD4602B080BD80B582B000AF96
:10E7600002003960FB1D1A70FB1D1B781800FFF7B3
:10E77000CFFA0300DAB23B681A70FB1D1B78180051
:10E78000FFF7C6FA03001A0A3B680133D2B21A70C7
:10E79000FB1D1B781800FFF7FDFA02003B680233EF
:10E7A000D2B21A70FB1D1B781800FFF7F3FA0300B2
:10E7B0001A0A3B680333D2B21A70FB1D1B7818008B
:10E7C000FFF7E8FA03001A0C3B680433D2B21A7060
:10E7D000C046BD4602B080BD80B582B000AF020029
:10E7E000FB1D1A70FB1D1A7813009B009B181B0160
:10E7F000034A9446634438331800BD4602B080BDD6
:10E80000DC00002080B582B000AF0200FB1D1A7052
:10E81000FB1D1A7813009B009B181B01034A9446AA
:10E82000634440331800BD4602B080BDDC000020C8
:10E8300080B582B000AF0200FB1D1A70FB1D1B7873
:10E840001800FFF723FA0300DBB21800BD4602B040
:10E8500080BD80B582B000AF0200FB1D1A70FB1DA9
:10E860001B781800FEF746FE0300DBB21800BD4619
:10E8700002B080BD80B582B000AF0200FB1D1A70EF
:10E88000FB1D1B781800FEF781FE0300DBB21800A9
:10E89000BD4602B080BD90B583B000AF02003960C4
:10E8A000FB1D1A70FB1D1B781800FFF755F80200BE
:10E8B0003B681A603B681C68FB1D1B781800FFF75B
:10E8C0008DF803001B0622001A433B681A60FB1DEB
:10E8D0001B781800FFF782F802003B680433120A25
:10E8E0001A60C046BD4603B090BD80B582B000AF8F
:10E8F0000200FB1D1A70FB1D1B781800FEF742FF7B
:10E900000300DBB21800BD4602B080BD80B582B006
:10E9100000AF0200FB1D1A70FB1D1B781800FEF7EC
:10E92000E9FE0300DBB21800BD4602B080BD80B531
:10E9300084B000AF0200FB1D1A70FB1D1B7818008D
:10E94000FFF75EF902000F217B181A707B181B7805
:10E950001800BD4604B080BD80B582B000AF020093
:10E96000FB1D1A70FB1D1A7813009B009B181B01DE
:10E97000084A9446634450220021180012F008FF10
:10E98000FB1D1B7801211800FFF796FEC046BD460F
:10E9900002B080BDDC00002080B582B000AF020074
:10E9A0003960FB1D1A703A68FB1D1B7811001800B6
:10E9B000FFF774F8C046BD4602B080BD80B584B094
:10E9C00000AF02003960FB1D1A703B681B781A000B
:10E9D0003B6801331B781B021343FB60FA68FB1D85
:10E9E0001B7811001800FFF76BF93B6802331B78A6
:10E9F0001A003B6803331B781B021A433B6804333D
:10EA00001B781B041343FB60FA68FB1D1B78110085
:10EA10001800FFF797F9C046BD4604B080BD80B529
:10EA200082B000AF02003960FB1D1A703A68FB1D0E
:10EA30001B7811001800FFF769F8C046BD4602B008
:10EA400080BD80B582B000AF0200FB1D1A70BB1DF7
:10EA50000A1C1A70BB1D1A78FB1D1B7811001800C8
:10EA6000FFF77CF8C046BD4602B080BD80B582B0DD
:10EA700000AF0200FB1D1A70BB1D0A1C1A70BB1DE3
:10EA80001A78FB1D1B7811001800FFF7D1F8C0465B
:10EA9000BD4602B080BD80B582B000AF0200FB1D54
:10EAA0001A70BB1D0A1C1A70BB1D1A78FB1D1B783F
:10EAB00011001800FEF73CFDC046BD4602B080BD07
:10EAC00080B584B000AF02003960FB1D1A703B684E
:10EAD0001A68FB1D1B7811001800FEF715FF3B6834
:10EAE00004331B681A023B681B681B0E1343FB6050
:10EAF000FA68FB1D1B7811001800FEF747FFC0469F
:10EB0000BD4604B080BD80B584B000AF0200FB1DDF
:10EB10001A70FB1D1B781800FEF760FF02008023AF
:10EB20001B021343FB60FA68FB1D1B7811001800E1
:10EB3000FEF72CFFC046BD4604B080BD80B582B054
:10EB400000AF0200FB1D1A70FB1D1B781800FEF7BA
:10EB5000ADFCC046BD4602B080BD80B582B000AFFE
:10EB600002003960FB1D1A703A68FB1D1B7811000A
:10EB70001800FEF743FEC046BD4602B080BD80B51A
:10EB800082B000AF0200FB1D1A70BB1D0A1C1A7078
:10EB9000BB1D1A78FB1D1B7811001800FEF7C4FD81
:10EBA000C046BD4602B080BD80B582B000AF020055
:10EBB0003960FB1D1A703B681A68FB1D1B78110039
:10EBC0001800FEF73DFE3B6804331A68FB1D1B78F6
:10EBD00011001800FEF756FEC046BD4602B080BDCB
:10EBE00080B584B000AF0200FB1D1A70FB1D1B78BE
:10EBF0001800FEF771FE030080221343FB60FA68E1
:10EC0000FB1D1B7811001800FEF73CFEC046BD46F8
:10EC100004B080BD80B582B000AF0200FB1D1A7049
:10EC2000FB1D1B781800FEF71FFCC046BD4602B056
:10EC300080BD80B582B000AF02003960FB1D1A7044
:10EC40003A68FB1D1B7811001800FEF7B5FDC046A1
:10EC5000BD4602B080BD80B582B000AF0200FB1D92
:10EC60001A70BB1D0A1C1A70BB1D1A78FB1D1B787D
:10EC700011001800FEF710FDC046BD4602B080BD71
:10EC800080B582B000AF0200FB1D1A70BB1D0A1CCC
:10EC90001A70BB1D1A78FB1D1B7811001800FEF7B7
:10ECA00085FFC046BD4602B080BD80B582B000AFD2
:10ECB0000200FB1D1A70BB1D0A1C1A70BB1D1A78BE
:10ECC000FB1D1B7811001800FEF75EFBC046BD4619
:10ECD00002B080BD80B582B000AF0200FB1D1A708B
:10ECE000FB1D1B781800FEF76BFCC046BD4602B04A
:10ECF00080BD80B582B000AF0200FB1D1A70FB1D05
:10ED00001B78042B01D19D2300E012231800BD467F
:10ED100002B080BD80B582B000AF0200FB1D1A704A
:10ED2000C046BD4602B080BD80B582B000AF0200D3
:10ED3000FB1D1A70C046BD4602B080BD80B500AF55
:10ED4000C046BD4680BD000080B590B000AF786081
:10ED5000754B1B68BB62744B1B687A681A40724B18
:10ED60001A60724B1B68BB63714B1B687B63714BF2
:10ED70001B683B63704B1B68FB6290E00023FB63E6
:10ED800002E0FB6B0133FB636C4BFA6BD200D35890
:10ED90003A6B1A40644B1B681340F2D0674BFA6B16
:10EDA000D200D3583A6B1A405F4B1B6813407B620A
:10EDB000624AFB6BDB00D31804331B687A6A13408A
:10EDC00007D15E4AFB6BDB00D318043301225242A9
:10EDD0001A605A4AFB6BDB00D31804331B687A6A4B
:10EDE0001340180000F07CF903001A00544B1A601D
:10EDF000524AFB6BDB00D31804331A68504B1B6874
:10EE0000012199400B00DB431A404C49FB6BDB00AE
:10EE1000CB1804331A60EFF31083BB61BB693B620C
:10EE200072B6C046464B1B6801229A401300DA4373
:10EE30003E4B1B681A403D4B1A600223FB6313E0F4
:10EE4000FB6B5A1E3D4BD200D1583D4B1B68012233
:10EE50009A401300DB43FA6B013A1940374BD2005A
:10EE6000D150FB6B013BFB63FB6B002BE8D13B6A92
:10EE70007B617B6983F31088C046314B1A68314B44
:10EE80009200D3589847294B1B68BB63284B1B68DB
:10EE90007B63284B1B683B63274B1B68FB62BB6B88
:10EEA0003A6B1A40204B1B68134004D07B6BFA6A04
:10EEB000134000D162E7224B012252421A601E4BDE
:10EEC0001B687A6B134027D1F2F7D0F9EFF3108368
:10EED0003B613B69FB6172B6C046144B1B68BB6368
:10EEE000134B1B687B63134B1B683B63BB6B3A6B19
:10EEF0001A400D4B1B68134006D10F4B1B687A6BF1
:10EF0000134001D1F2F7B7F9FB69FB60FB6883F3AB
:10EF10001088C04600F0DEF8034BBA6A1A60C0469B
:10EF2000BD4610B080BDC046E00E00205C0A002047
:10EF3000600A0020DC0E0020640A0020EC0A002099
:10EF4000680A00206C0A002080B588B000AFF86025
:10EF5000B9607A60EFF310837B617B69FB6172B605
:10EF6000C046FB68180000F0BBF803001A00074B0E
:10EF700092007968D150FB69BB61BB6983F310884B
:10EF8000C046C046BD4608B080BDC0466C0A0020E1
:10EF900080B586B000AF78603960EFF31083FB6016
:10EFA000FB687B6172B6C0460D4B1A687B681A43DA
:10EFB0000B4B1A600B4B3A68D200D2587B681A434D
:10EFC0001100084B3A68D200D1507B693B613B6924
:10EFD00083F31088C046C046BD4606B080BDC0461B
:10EFE0005C0A0020EC0A002080B586B000AF786093
:10EFF000EFF31083FB60FB687B6172B6C046084B81
:10F000001A687B681A43064B1A607B693B613B694F
:10F0100083F31088C046C046BD4606B080BDC046DA
:10F02000600A002080B588B000AF78601F4B1B6875
:10F03000BB611E4B1B68013302D10023FB6105E05D
:10F040001A4B1B6801229A401300FB61184B1B6886
:10F050007B61174B7A681A6005E07A68FB691100DA
:10F06000180000F029F8134B1B687A681340F4D09D
:10F070000E4BBA691A60EFF31083BB60BB683B614B
:10F0800072B6C0467B68DA430A4B1B681A40094BCC
:10F090001A603B69FB60FB6883F31088C046044B31
:10F0A0007A691A60C046BD4608B080BD680A002073
:10F0B000640A0020600A002080B582B000AF78604A
:10F0C00039607B68DB431800FFF73EFEC046BD4653
:10F0D00002B080BD80B500AFC046BD4680BD000017
:10F0E00080B584B000AF78600F217B1800221A70C1
:10F0F0007B68BB60BA6880235B029A4205D27B18AA
:10F1000010221A70BB681B04BB60BA6880235B04C2
:10F110009A4208D20F22BB18BA18127808321A7015
:10F12000BB681B02BB60BA6880235B059A4208D2A9
:10F130000F22BB18BA18127804321A70BB681B0170
:10F14000BB60BB681B0F084AD15C0F203B183A1804
:10F1500012788A181A703B181B781F22D31ADBB258
:10F160001800BD4604B080BD7426061080B5022884
:10F1700001D9122080BD01F047FC80BD80B501F0AF
:10F1800019FE80BDB0B504460078002801D00428DF
:10F1900001D3122000E000201225002A2A4600D0C8
:10F1A0000246012900D81546002D07D108F08BF83A
:10F1B000002803D12078FD21014021702846B0BDF0
:10F1C000E0B501A90870012208461146FFF7DAFFF1
:10F1D000002800D08CBD01A8007801F001FE8CBD94
:10F1E0001FB51C4608460A9903910999029108998E
:10F1F000019107990091069B1146224601F0D0FE2D
:10F2000004B010BD80B51946104602F03DF880BD2F
:10F2100080B501F035FF80BDF0B593B01F461546AF
:10F220000E4612901C9C08461146224601F08AFEAA
:10F23000002824D122980D901FAB0DCB11901E9861
:10F240000F901D980E901B980C901A991998109772
:10F25000189F089209930D9A0A92009701900291C3
:10F260000C98039004940E9805900F9806901198AE
:10F270000790129831462A46109BFFF7B1FF13B052
:10F28000F0BD80B5FFF7BEFF80BD80B5FFF7C0FFC2
:10F2900080BD80B5042801D9122080BD0CF00CFD82
:10F2A00080BD0000F0B589B0054608462843122409
:10F2B000012836D80E9F072F33D3102F31D80F983F
:10F2C00010282ED8B8422CD30E461099022928D8DF
:10F2D00001910290039304920CF067FF012806D17C
:10F2E000049902291DD8039A012A07D919E0039A23
:10F2F00010460499084301D0112412E005AC01988E
:10F3000020730948E080029860712771E270A17053
:10F310006670257001F02EFD607320460CF002FD32
:10F320000446204609B0F0BD0707000080B5044A36
:10F33000914201D9122080BD0CF01EFD80BDC04657
:10F340003F420F0080B504F067FA80BD80B504F03D
:10F3500029FD80BD80B504F00FFB80BD80B504F0B1
:10F360002BFD80BDBFB51C4602AB089D5D801A8099
:10F37000099A039200930123224604F083FC04B00F
:10F38000B0BD1CB5059C0194049C009404F002FDE2
:10F3900000201CBD00207047F0B587B014460D4614
:10F3A000064669480068002E01D1062D17D0062EAA
:10F3B00001D1022D13D0082E01D1102D0FD0182EFF
:10F3C00001D1102D0BD0282E01D1022D07D02A2ECD
:10F3D00001D1022D03D02C2E09D1012D07D1801986
:10F3E00021462A46FDF758FE002007B0F0BD2E2E1C
:10F3F00007D1062D05D1617989090329EFD21220A1
:10F40000F3E7D02E05D1012D03D12078FAF7B4F916
:10F41000EBE7D22E05D1012D03D12178362281547C
:10F42000E2E7D52E0AD1042D08D102A804222146F4
:10F43000FDF732FE0298FAF792F9D6E704F0B2FE31
:10F44000082D23D1D12E21D101281FD102A801904E
:10F4500002263F4D21463246A847A11C06AF38463A
:10F460003246A847211D05AD28463246384B9847FD
:10F47000A11D04AC20463246354B984723882A8884
:10F480003988019800880AF0DDFBAEE7302E05D1FF
:10F49000012D03D12078FAF7B9F9A6E7D32E05D1CB
:10F4A000012D03D120780AF0DBFA9EE7FF2E0AD166
:10F4B000042D08D102A804222146FDF7EDFD029893
:10F4C000FFF768FF0CE0FE2E0DD1052D0BD102AD2C
:10F4D000052228462146FDF7DFFD284600F09AFB6D
:10F4E000002881D18BE72F2E05D1012D03D1207863
:10F4F00007F028FF79E7322E12D1022D10D102AD8C
:10F50000022228462146FDF7C7FD2888411EC9086A
:10F51000E02900D973E70D4909685A22885263E748
:10F520001220332E00D060E7012D00D05DE702AD40
:10F53000012228462146FDF7AFFD287801F0FAFCAC
:10F54000287807F0C7FE4FE7000B0020080B0020CB
:10F5500099D0041080B5FFF71FFF80BD80B500F083
:10F5600001F880BDF8B50E4605461224FDF738FEB9
:10F57000B04217D3012D15D80B480068817A00914D
:10F580008572477A46722846FDF73AFE0024B74254
:10F5900002D10098A84205D0FF207F2201210B460E
:10F5A00009F094F82046F8BD540B002080B50448BB
:10F5B0000068603000210422FDF77EFD80BDC0465A
:10F5C000540B002070B503460A480468EFF310801E
:10F5D00072B6207D00252575257C0F262E401E70D5
:10F5E000237C1B090B70E1681160411E884162B6E3
:10F5F00070BDC046540B002003480068002101750F
:10F60000418201747047C046540B002010B586B08B
:10F610001548046802A801A96A46FFF7D3FF00282D
:10F620001FD002A80178608AC840C00719D0019A8B
:10F63000009B03A8082484701C0EC4721C0C8472E6
:10F640001C0A44720372C2718171FF2141708221D0
:10F6500001700021417104220271C1700C21F9F77F
:10F660002DFF06B010BDC046540B0020BFB501AC45
:10F67000089D2581E380A28061802080204604F0DF
:10F680009DFD04B0B0BD0000034800688821034A16
:10F69000425000207047C046540B00200000030376
:10F6A000054800688821415C88308078814201D813
:10F6B0000020704701207047540B00200548006867
:10F6C0008921415C89308078814201D800207047CF
:10F6D00001207047540B002010B504460A4800680A
:10F6E000006990210122134600F09CFA002804D002
:10F6F00001464460902000F032FB044800688821F5
:10F70000425C521C425410BD040B0020540B0020DC
:10F7100010B50446007AF721014021720A480068BA
:10F72000006990210022012300F07CFA002804D017
:10F7300001464460902000F012FB044800688921D3
:10F74000425C521C425410BD040B0020540B00209C
:10F7500010B50024C46106F027FC842800D0812461
:10F76000204610BDB0B5096883240022002912D0BC
:10F77000CD690024CC61087AC00603D4002005F0CE
:10F7800019F802E0084604F055FB0122002829463A
:10F79000ECD083240CE0D0070AD0EFF3108072B6CF
:10F7A000044800688921425C521E425462B600241B
:10F7B000E0B2B0BD540B002010B50C68207BC00730
:10F7C00008D000210122204600F0F6F8207BFE211F
:10F7D000014021730E4800682C21405CC00703D112
:10F7E000204604F059FF02E0204604F0EFFA00281A
:10F7F00001D0832010BDEFF3108072B60548006879
:10F800008821425C521E425462B6002010BDC046A0
:10F81000000B0020540B002070B50B4C0125042276
:10F82000204629460BF08CF8084E30600622204610
:10F8300029460BF085F831680860306801680020BF
:10F8400088804880087070BD640B0020FC0A00208E
:10F85000B0B50D460446411E8841511E1F220A4381
:10F86000213291B20AF04AFF002806D08580016853
:10F870008160002C03D1402103E00020B0BD7F2136
:10F88000C9430173001DB0BD80B5411E88410AF017
:10F890009DFF80BD80B5017A8A0901219143001F37
:10F8A0000AF066FF80BD80B50A46017A8B09012106
:10F8B000994340680AF09EFF80BD10B514460A4681
:10F8C0004068194623460BF06FF910BD10B5144679
:10F8D0000A464068194623460BF02DF910BDE0B5E5
:10F8E000022201ABFFF7F2FF002801D0002004E064
:10F8F00001A8017840780002401880B28CBDE0B5C4
:10F9000001AB1A70120A5A70022200F001F88CBD85
:10F9100010B514460A464068194623460BF0D1F844
:10F9200010BD011F00220A6040687047F8B50F48FB
:10F93000006805682878411C29700D4F398A2531E7
:10F940004E09741C002809D1002021460AF08EFFC0
:10F95000388A25304009401C6880B41C01202146AB
:10F960000AF084FFA8880019A880F8BDFC0A0020CE
:10F97000680B0020F8B50E48006806683078401E15
:10F9800030700C49098A25314F097C1C000606D1CC
:10F990000025284621460AF0BDFF7580BC1C0120C9
:10F9A00021460AF0B7FFB088001BB080F8BDC04602
:10F9B000FC0A0020680B002070B591420ED215465B
:10F9C0000E46044640680BF066F9751B60680BF044
:10F9D00037F8281881B22046FFF765FF70BD80B563
:10F9E00000200CF0EBFD80BDF0B58FB009930B92B9
:10F9F0000A9108900AF09EFF0124382120460AF05F
:10FA0000B1FF3349C97A34228154324E3060002725
:10FA1000077030684770306887703068E121C170C6
:10FA20000520C00131688880302008850EAD0DA901
:10FA30000CAA2846FDF761FB0C9800022978090101
:10FA400001430D9800030843001D316848851821C3
:10FA500020460AF087FF2049086007750CF0A4FDD6
:10FA60001C9806901B9C05941A9804901998039072
:10FA70001898029017980190159D009508980A997A
:10FA80000B9A099BF9F71CFFF9F761FE1D9F012CEA
:10FA900001D1F9F7D4FD00F08BF9012F01D100F06D
:10FAA000BBF830682C21405CC0070ED1012C06D178
:10FAB0001698F9F771FEF9F75FFFF9F764FF0A98F6
:10FAC0000B992A46234600F003FF0FB0F0BDC04655
:10FAD000680B0020000B0020A80B0020F0B595B0AB
:10FAE0000120810414912E480160BFF34F8FBFF3B2
:10FAF0006F8FFEF795FBFDF7DBFB00201290C043F4
:10FB0000FEF77AFB04F04EFB139004F04FFB1190CC
:10FB100009F0B2FF109007F0D6FB0F900CF045FBF8
:10FB200004F046FB0E9004F009FD0D9007F0BCFBBD
:10FB30000C9007F0BBFB0B9004F0D8FA044604F0DD
:10FB400033FB0546F9F773FD064607F020FD07462F
:10FB500000F065F8C0B2F9B208910990F0B2E9B2CC
:10FB6000E2B20B9BDBB20C9CE4B20D9DEDB20E9E9B
:10FB7000F6B2129F009701960295039404930592A2
:10FB8000069107901398C0B21199C9B20F9AD3B2D7
:10FB9000109AFFF729FF03481499016015B0F0BDD2
:10FBA00080E100E000E100E0B0B50546C07A122433
:10FBB000802829D8298C172926D31448821D9142E0
:10FBC00022D8298A17291FD381421DD8A87E002850
:10FBD0001AD007F06BFB002808D0E87E002813D06D
:10FBE000802811D8287F401E0E280DD808483422BE
:10FBF0002946FDF751FA0BF0D9F8002803D4FFF796
:10FC00006DFF002400E087242046B0BDFA03000009
:10FC1000680B002000207047704770477047002035
:10FC200070470000FEB515460C460646080614D47B
:10FC300002AA01AF304619463B4600F053F80028AF
:10FC400021D0600638D402988178FC220A40827064
:10FC500001990180718001272FE0EFF3108072B6C7
:10FC600002AA01AF304619463B4600F03BF8002897
:10FC70000BD002998A78FC2313408B70019A0A807A
:10FC80007280012702E0002703E0002762B6002807
:10FC900013D1EFF3108072B6A0060AD410480068A2
:10FCA000016808220A43026000200CF0CDFCFCF73A
:10FCB0002DFD62B600260AE00027029EF570A00026
:10FCC00060210140B078032202405018B070002F2C
:10FCD00004D000200CF0B8FCFCF718FD3046FEBD47
:10FCE000040B0020F8B500924588AC081C80491C24
:10FCF0008AB2A6188788BE4200D9091B0A19920049
:10FD0000BE4200D96D1C0326354052191A80A3004B
:10FD10001B180833009C236092B20588521B1746BB
:10FD2000374084886743354052199208D21995B2FA
:10FD3000C688B54200D9C280A5420AD809B20029B6
:10FD400007D59978FC220A40511C99700830009917
:10FD50000860A54201D90020F8BD0120F8BD80B59A
:10FD6000400605D48878FC220240901C887080BD33
:10FD7000084600F001F880BD80B5011DC278142A44
:10FD800004D8426880788008904780BD3D2A03D817
:10FD9000002000F0E9F880BD3F2A03D8002000F0E1
:10FDA000F5F880BD602A02D8002000F0E4F880BD9C
:10FDB000F8B501201C21294A9047294F3860294D68
:10FDC000A88D401E03263043401C8008C01C04241C
:10FDD0002146224A904739684860E88D401E3043EA
:10FDE000401C8008C01C21461C4DA8472A46396883
:10FDF00088601C4D288E401E3043401C8008C01C6B
:10FE0000214690473968C860FFF7F6FB38684268BA
:10FE100000211180518083681980D180AF8D7F1EB1
:10FE200037437F1CBF0897805980D980EF8D7F1E94
:10FE300037437F1CBF089F80C768398002614361D8
:10FE4000F9802A8E521E3243521C9208BA80798061
:10FE500087612246FDF730F9F8BDC04665A9051057
:10FE6000040B0020680B0020FEB53D4D28681030C3
:10FE70000021062905D004C8528801AB5A52891CBA
:10FE8000F7E7EFF3108072B6286804680027076070
:10FE900062B6E00702D0002000F04AFCA00702D5BD
:10FEA000012000F045FC600702D5022000F040FC74
:10FEB000200702D5032000F03BFCE0064AD50420D1
:10FEC00000F036FC46E0780001A90E5A0097BF000A
:10FED0002868C019006901880288B2422AD08908BE
:10FEE000891C89004418A17803220A40012A02D003
:10FEF000002A03D11EE0817A08300446480603D464
:10FF00002046FFF739FF0AE0E078132807D2800087
:10FF100014490A58211D20469047002805D1286819
:10FF2000C019006921880180D5E700200CF08CFB06
:10FF3000FCF7ECFBEFF3108072B62868C01900697B
:10FF400041880288914202D100210180418062B63D
:10FF5000009F7F1C032FB6D1FFF758FBFEBDC046A4
:10FF6000040B00208426061080B508468978C91C39
:10FF7000F9F7A4FA80BD80B508468978C2781202E4
:10FF80005118091D89B2F9F799FA80BD80B5084664
:10FF9000C978027912025118491D89B2F9F78EFA0F
:10FFA00080BD0000B0B50D460446087949790902C4
:10FFB000081801F03FFB28796979090208180CF04C
:10FFC000B5F8287969790902081804F08BFD00F06A
:10FFD000BAFE2879697909020818FFF7CBFC0848AE
:10FFE00000683621405CC00601D40020B0BD152059
:10FFF000E070A078BF210140A1708420B0BDC04650
:020000041005E5
:10000000540B002010B5044608794A7912021218E0
:10001000C97806200CF010F80748006836214056D1
:10002000002801D4002010BD1620E070A078BF2168
:100030000140A170842010BD540B002010B504466F
:1000400008794A7912021218C97807200BF0F4FFD8
:10005000074800683B214056002801D4002010BD0D
:100060001720E070A078BF210140A170842010BD4E
:10007000540B0020B0B50D460446087900281DD168
:100080006879A97909020818FFF750FC6879A979FD
:10009000090208182A7AE9792B4609330BF08AFEFF
:1000A0006879A9790902081801F0A4FA6879A97990
:1000B00009020818E97904F005FD28796979AA7917
:1000C00012025118EA7900F03FFE094801683D200C
:1000D0000A5C002092060AD53D31497AC90706D04C
:1000E0001820E070A078BF210140A1708420B0BD2D
:1000F000540B0020FEB50D4604460879002823D194
:100100006879A97909020818FFF710FC2A7AE979B9
:100110006879AB792E4615362F460F370097019632
:100120001B0218182B4609330BF0DEFE6879A979FB
:100130000902081801F05EFA6879A979090208181D
:10014000E97904F0BFFC28796979AA79120251187B
:10015000EA7900F0F9FD094801683D200A5C0020B9
:1001600092060AD53D31897A890706D51C20E070B0
:10017000A078BF210140A1708420FEBD540B002057
:1001800070B50446144D28683626805D00280ED1CF
:1001900008794A79120210188A7BCB7B1B029A18C5
:1001A000891D0BF0C9FE2868805D002812D00B481D
:1001B00001683D200A5C002092060AD53D31497A4B
:1001C000C90606D51920E070A078BF210140A170B2
:1001D000842070BD002070BD000B0020540B002057
:1001E00010B504460879491D0BF0E1FF0A48016883
:1001F0003D200A5C0020920604D53D310922895633
:10020000002900D410BD1A20E070A078BF21014061
:10021000A170842010BDC046540B002010B50446C8
:100220000879491D0BF0C4FF094801683D200A5CAC
:10023000002092060AD53D31897AC90706D01B20D5
:10024000E070A078BF210140A170842010BDC0469D
:10025000540B00200020704700207047002070479A
:10026000002070470020704701710023C370090A05
:10027000417111788171517893780372C171D1788D
:100280001279827241727047002202710122C2709B
:1002900041700270090A8170704710B5137883713C
:1002A00053788C1E0472C3710930911CE2B2FCF7C2
:1002B000F3FE10BDF0B585B01746039104465068B3
:1002C000407A04900621164D1046A8470290082156
:1002D0003846A84701900A213846A84706460C210F
:1002E0003846A8472A4605460E213846904760748E
:1002F000290A2174E573310AA1736673019A110A00
:100300002173E272029A110AA1726272039A110AAF
:10031000E171A27104992172000AA07405B0F0BDC8
:10032000DFF804101CB51F2903D801AA118040680A
:1003300005E0406801AC22460AF0B3FB2188401872
:1003400000791CBDF8B515460E4604465068407A43
:10035000009006211046FFF7C2FA074608212846FA
:10036000FFF7BDFAB91EE1726072009A2272320A7A
:10037000E271A671000AA072CAB2A8890C34801D6D
:1003800081B228462346FFF7A1FAF8BD70B51C4696
:1003900005465E88100AE870AA70080A687029701D
:1003A0009889401C81B21846FFF7BCFFB11E0A0AAB
:1003B000AA7169712871A089EB1D8AB2801C81B273
:1003C0002046FFF783FA70BDB0B51C465B88150A5E
:1003D000C57082700A0A42700170591E8A08027143
:1003E000A589431D8AB2681C81B22046FFF76EFAC8
:1003F000B0BD70B51C4605465E88100AE870AA704C
:10040000080A687029709889401C81B21846FFF765
:1004100089FFB11E0A0AAA7169712871A089EB1DB2
:100420008AB2801C81B22046FFF750FA70BDB0B589
:100430001C465B88150AC57082700A0A42700170FA
:10044000591E01710A0A4271A589831D8AB2681C6E
:1004500081B22046FFF73AFAB0BDB0B51C465B88C2
:10046000150AC57082700A0A42700170591E017126
:100470000A0A4271A589831D8AB2681C81B220468E
:10048000FFF724FAB0BDB0B51C465B88150AC570ED
:1004900082700A0A42700170591E01710A0A427183
:1004A000A589831D8AB2681C81B22046FFF70EFA27
:1004B000B0BD70B51C4605465E88100AE870AA708B
:1004C000080A687029709889401C81B21846FFF7A5
:1004D00029FFB11E0A0AAA7169712871A089EB1D52
:1004E0008AB2801C81B22046FFF7F0F970BDFEB5DC
:1004F0001C46174602910546588801909889401C71
:1005000081B21846FFF7EBF90646A089C01C81B2FC
:100510002046FFF7E4F90199491F0A0A6A72297215
:10052000A871320A6A712E713A0AEA70AF70029BA2
:100530001A0A6A702B70000AE871A0890A358AB21B
:10054000401D81B220462B46FFF7C0F9FEBDF8B52D
:100550001C4617460E460546588800909889401C50
:1005600081B21846FFF7BBF90099C91E0A0AEA7161
:10057000A97128713A0AEA70AF70320A6A702E7057
:10058000000A6871A08908358AB2C01C81B2204671
:100590002B46FFF79BF9F8BDF8B51C4617460E46EB
:1005A0000546588800909889401C81B21846FFF78C
:1005B00096F90099C91E0A0AEA71A97128713A0AC6
:1005C000EA70AF70320A6A702E70000A6871A089F2
:1005D00008358AB2C01C81B220462B46FFF776F957
:1005E000F8BD7CB51D46044602728171100A607226
:1005F000080AE071079EB089C01881B2022201ABDF
:100600003046FFF763F90698801E20730199A172A6
:10061000090AE172B1896918891C89B20D34C2B224
:1006200030462346FFF752F97CBDB0B51546044667
:10063000059AC271049860712371A5702170130A24
:100640002372000AA071280AE070080A60700698F8
:1006500081890934C91C89B22346FFF737F9B0BD37
:1006600070B515460446059A02720498A07123716C
:10067000A5702170160A6672000AE071180A60718E
:10068000280AE070080A6070069881890A34491DBA
:1006900089B22346FFF71AF970BDB0B51C465B88D6
:1006A000150AC57082700A0A42700170591E0171E4
:1006B0000A0A4271A589831D8AB2681C81B220464C
:1006C000FFF704F9B0BDB0B51C465B88150AC570CC
:1006D00082700A0A42700170591E01710A0A427141
:1006E000A589831D8AB2681C81B22046FFF7EEF807
:1006F000B0BDB0B51446049AC2704170150A0571B8
:100700000F252D020D40A107890C49199B03C9181B
:10071000090A8170431D05980021FFF7D7F8B0BD85
:10072000017000228270090A4170704700207047F2
:10073000E0B501AAD0700120907010205070042103
:1007400011701046F8F7BAFE8CBD002070470020EB
:10075000704700001CB511480468FFF7F8FF8828AF
:1007600007D00C2805D05D34002808D10220607025
:100770001CBD05200BF068FFFBF7C8FF1CBD002067
:10078000607020787F210140217001A98620487087
:1007900080200870022000F0BFF91CBD080B00206B
:1007A00070477047074909685D228A5C88231A42AE
:1007B00004D0723109884140080501D000207047FB
:1007C00001207047080B002080B5406901490CF0FA
:1007D00072F880BDD907051080B5022807D001281E
:1007E00009D0002806D10020F8F7E3FE80BD0020E4
:1007F000FFF7D7FF80BD002000F002F880BD0000A9
:10080000F0B587B03148046806A904910020019032
:10081000087005AE0120307000F050F95D2003949F
:10082000275C781E3D468541202038404442029096
:1008300044410498314600F051FD002F01D10128B8
:100840003ED12C4038D105A80078002834D0039C34
:1008500020465D30C07B002834D02834029D002D16
:1008600003D021780020FFF770FF06A80078012848
:1008700002D1002000F0F6FC00F0FCFA002804D1C0
:100880000020012100F0CEFA0190002D0AD021783D
:100890000120FFF75AFF002804D00198002801D05A
:1008A00000F02CFA06A80078012809D106200BF0E8
:1008B000CBFEFBF72BFF03E00120014600F0B2FA6C
:1008C00007B0F0BD00200121F8E7C046080B00206A
:1008D000FEB51F460192029105460124782120466B
:1008E0000AF040F8E12189005A228152244E3060FA
:1008F000012D17D1012006210AF034F80146306895
:100900008163012F0ED101250E27284639460AF0B2
:1009100029F83168C864284639460AF023F80146A8
:1009200030680165029901290BD10198012805D190
:100930001C2001210AF016F83168C8621148847E33
:1009400001E00021C162142120460AF00BF8316851
:1009500048650D4C04210122204609F0F1FF316861
:100960000862032502222046294609F0E9FF316882
:100970004862064A0723084629460BF0C3FEFEBD1F
:10098000080B0020680B0020640B0020C90705102D
:10099000B0B50446002108252A46FCF78DFB2078D7
:1009A000DF21014321706078092101436170A17842
:1009B0002943A170114909685C22895C890602D526
:1009C0000F210843607009F057F8012807D16078BB
:1009D000122101436170A07807210143A17006F044
:1009E00063FCC0B2012807D16078E0210143617047
:1009F000A07880210143A170B0BDC046080B002043
:100A000080B509F039F880BDF0B585B0054604A879
:100A1000002707701224012901D9204648E00E461C
:100A20002448006800900CF04DF9002840D100994E
:100A30005C310878C00711D1C87830430E46C870C1
:100A400003A807210170002D12D0022D08D0012D1E
:100A500020462DD104A81021017009E00C2027E0C8
:100A600004A82021017003A900F0A2F900281FD1D9
:100A700000F0D6F900281BD10098603000F0CCF9C6
:100A8000002815D10498012131740843307000F01A
:100A900015F801AC2046FFF77BFF204603F096FADD
:100AA000F843019004480290204603F07FFA38464C
:100AB00005B0F0BD080B0020FF9F0020064800682D
:100AC0005C21415C8906890F04D05C30C178022228
:100AD0000A43C2707047C046080B0020B0B55C28BE
:100AE00006D10C4804685D3400256057002800D406
:100AF000B0BD60780228FBD1557080201070C8B25C
:100B0000114600F009F8657020787F2101402170BE
:100B1000B0BDC046080B0020F8B5002916D00E461F
:100B2000054609780024C80720461FD188070FD43E
:100B300048070FD408070FD4C8060FD488060FD46F
:100B400048060FD408060FD507200FE012243CE01A
:100B500001200BE0022009E0032007E0042005E06B
:100B6000052003E0062001E00020C0433070184853
:100B700000684E214056002827D516482818032122
:100B800001430D31880883B213480068806902214F
:100B90004722FFF747F8002816D00746001D2946D0
:100BA0003246FFF77AFB0420787207203872E81C7F
:100BB000010AF971B871FF20787182203871022022
:100BC0003946FFF7CCF800E007242046F8BDC046C0
:100BD000540B0020FDFF0300040B0020BCB511489E
:100BE0000068446D08F048FF002802D00E48807E5F
:100BF00000E00120C5B21134002D11D0207800286A
:100C00000BD020460F380078800706D560786A46FA
:100C1000107000200121FEF7FBFA14346D1EEBE783
:100C2000BCBDC046080B0020680B0020F8B5044688
:100C300068460025057008F01FFF002805D06D46A6
:100C40002046294600F0FEF92D7808F015FF00280F
:100C500002D02648837E00E0012314267543244FEA
:100C60003868416D4C19A57802222A4002D0A41C94
:100C7000002525701131DBB2002B0AD00C78002C36
:100C800004D00C460F3C2478A40726D45B1E1431F4
:100C9000F2E7002A21D0002421460BF048FD154838
:100CA00000684E21405CC00717D013480068806977
:100CB0004422022529462B46FEF7B4FF00280CD01B
:100CC00001468571C4710472FF2048718220087149
:100CD000042048722846FFF742F8684600784643E9
:100CE0003868406D801900214174F8BD680B002000
:100CF000080B0020540B0020040B00207CB50D4C89
:100D000025685C20285C8006800F12D05C35E8786E
:100D1000022630400DD101A8694600F0DFFA69785B
:100D2000014306D1E8783043E870206801210BF0D8
:100D3000FEFC7CBD080B002080B50020FFF776FF8D
:100D4000FFF7DCFF80BD704780B5002A03D008465E
:100D5000FFF7F2FF80BDFFF723FD80BD0448006868
:100D60005C21415C30200840411E88417047C046EC
:100D7000080B0020034800685F21415C0120084007
:100D80007047C046080B0020084800685C21415CA1
:100D9000CA0606D4890606D45C30C1780120084012
:100DA00070470120704703207047C046080B0020A1
:100DB0001220704780B504F029FD80BD80B5C007C2
:100DC00001D1002080BD0846114603F0D6F980BD50
:100DD00080B5C00701D1002080BD03F0CAF980BDF5
:100DE00070B594B00446FFF7F3FF06466D463E35F6
:100DF00068460AF089FA00280BD1002E09D168460E
:100E000040780121014020462A46FFF7D7FF0646D9
:100E1000EEE7F0B214B070BD80B503F0C3F880BD4A
:100E200000207047B0B502461048006805465A35A4
:100E3000002908D1A97889060024890F14D069797E
:100E400002230B4010D0002A01D0094B03E07D2182
:100E5000C9002B884B430124214622460BF09DFC00
:100E60006879FD21014069712046B0BD080B002062
:100E700030750000BCB50D4D28685F21405C8007CF
:100E800001D40C240FE06C4620460AF04DFB2046AE
:100E9000FFF7C2FF0446002805D12868663069467E
:100EA0000622FCF7F9F82046BCBDC046080B00201E
:100EB000B0B50D4604460F4800685C21405C8006D2
:100EC000800F05D001202870204600F015F80EE0B4
:100ED000FFF75AFF002805D001202870204600F0B7
:100EE0001FF804E000202870204600F00FF80020D2
:100EF000B0BDC046080B002080B5034909686631C3
:100F00000622FCF7C9F880BD080B002080B5034914
:100F100009680622FCF7C0F880BDC046000B00201F
:100F200080B50349096860310622FCF7B5F880BD39
:100F3000080B0020024909686C2288547047C0469B
:100F4000080B0020431E022B09D300280CD00328D5
:100F500009D1012001404942122008407047002A6F
:100F600001D1104670471220704700000146103929
:100F700005290AD80020C0467944097949008F44E0
:100F800002080A09080C032070471D2801D101201E
:100F9000704705207047022070470420704700000A
:100FA000F0B58BB015460F460146FA061220002A0E
:100FB0003FD51C4601239A0395423AD8944238D82B
:100FC0000A93139809901298089011980690109817
:100FD000079019480068466D0020049070703170C9
:100FE000FFF7D2FE05903846FFF7C0FF0246707843
:100FF000202101437170042A08D81721D140C90764
:1010000004D051B20DA3595C08437070069800904B
:10101000089801900798029009980390A8B2A1B28D
:10102000059B02F015FF00280A9902D10498B074BC
:1010300031740BB0F0BDC046080B0020287028703A
:101040003000000070B502460B48847E0B480068F3
:10105000456D1035002003469C4208D02E78002EA6
:1010600008D0AE78964204D014355B1CF4E72346D2
:1010700000E001200B7070BD680B0020080B002001
:10108000F8B5044619480068476D002C0DD0387C2F
:10109000002823D00020014600F02AF80546002849
:1010A00022D1FFF7E7FE064600E00C26204602F0BC
:1010B0002FFF0546002817D10025204629462A463D
:1010C00000F070F8002C0BD001207874002E0BD1AA
:1010D000002528462946FFF7A5FE05E0D32503E0B5
:1010E00000257D74FFF70AFE2846F8BD080B002096
:1010F000F8B5284A927E12258A4225D9002800D1C7
:10110000014614224A4324480068436D99184C78DC
:10111000A006C60F0020002E02D01027274014D1B1
:10112000002E02D1082634400FD19E5C4C6888897D
:10113000214600F0BBF81949884208D0001981788F
:1011400048070BD4D42000E02846C0B2F8BD032ED7
:101150002846FAD8F1001248C840F6E7032E284680
:10116000F3D8C0467E4436797600B74401060D01B7
:101170000320014005D10846E7E70320014001298B
:1011800006D02B20C043E0E7032001400229F8D11C
:101190000020DAE7680B0020080B0020FFFF0000AA
:1011A00000D4D40070B50346002900D10A4629486E
:1011B0000068416D012B0CD114235343CA5C012AF2
:1011C00033D0022A3ED1CA1894780420204390706C
:1011D0003AE014235343C9188E1C8978890721D516
:1011E000002421460BF0A3FA1B4800684E21405C06
:1011F000C00717D019480068806944220225294693
:101200002B46FEF70FFD00280CD001468571C471F6
:101210000472FF2048718220087104204872284619
:10122000FEF79DFD0020307070BDC9184A788B789C
:10123000134302221A438A7000210122084B0BF04B
:10124000ACFA70BDC8188078C9184A7802438A7011
:1012500070BDC046080B0020540B0020040B00207A
:1012600020BF020080B500F001F880BD80B50549BF
:101270000968496D497C012902D102F049FE80BD0F
:10128000002080BD080B0020B0B50C460546C0B25A
:1012900007F0E4FF002800D0B0BD03490968496D9C
:1012A0008D814C60B0BDC046080B0020B0B50A4A25
:1012B00003280FD300239DB24C5D022C03D16D187F
:1012C0006D78012D05D01B195B1C9CB28442F2D3B2
:1012D00000E01A4690B2B0BDFFFF0000F8B5054629
:1012E00000260670012400910C7016480068476DB6
:1012F000FFF786FB002801D01348847EE1B2113746
:101300003046324600290FD03B78002B09D0022B03
:1013100000D101203A460F3A137801229B0700D5ED
:1013200016461437491EEDE7012A01D10121297023
:10133000012802D0F0B2012802D1002000990870E3
:10134000D0B2F8BD080B0020680B002080B501204A
:10135000FFF78CFF80BD0000F8B50120982109F04F
:1013600001FB2B4E30602B4FF87A397B0818142480
:10137000214609F0F7FA326800255563D562F97AFB
:1013800003462F46B9420AD01D615F701F70326854
:10139000D36225467D43451914337F1CF2E70023B1
:1013A00013631C4A127B5218CDB2AA420AD9654374
:1013B000FF27475545192B61697033681D63491C28
:1013C0002B46F1E79006000E411C134C01222046EB
:1013D00009F0B6FA316808620E4DE87A297B0818E0
:1013E0008006010E0222204609F0AAFA34686062E3
:1013F000E87A297B08188006010E084A0723204650
:101400000BF080F900F0F2F90CF0C4FDF8BDC04615
:101410000C0B0020680B0020640B00202114051029
:1014200080B5406901490BF046FA80BD9917051057
:10143000E0B500200090064B0146024600F00AF895
:10144000002804D007200BF0FFF8FBF75FF98CBDF4
:10145000B1140510F0B585B00493019202910746CE
:1014600002203840039001243C4010480568343580
:101470000A9E2D68002D16D0002F0CD0002C03D012
:101480002889029988420CD10398002803D06889E2
:101490000199884205D128463146049A9047002890
:1014A00002D11035E5E7002005B0F0BD0C0B00209F
:1014B000B0B5044680880025C00501D4284606E062
:1014C0006289218902200BF04BFF002800D0B0BDBB
:1014D00020896189042902D100F0ACF8EEE700F020
:1014E00017FB618920890CF046FE00202081094904
:1014F00009684B6BA34205D01A461B69A342FBD176
:10150000103201E00A463432236913600A6B22610B
:101510000C63B0BD0C0B002080B50020FEF7B4F9C1
:101520000D49098A2531490988420FD9491CEEF72E
:1015300075FE0246422000210CF04EF8002804D02F
:1015400008200BF081F8FBF7E1F880BD08200021AE
:101550000BF08CF880BDC046680B0020BCB50C4673
:10156000002813D02588204602F02FFF0146284688
:1015700000F02EF8002809D06088002806D0A18944
:101580001F2908D801A8018060680AE02046FEF7FC
:1015900081F90020BCBD606801AD2A4609F081FADE
:1015A000298840180079C10704D11B2808D01D28BC
:1015B00006D009E01E2803D302210843232803D1C3
:1015C00020460CF0EBFCBCBD204600F027F9BCBD6A
:1015D000074A126834321268002A07D013898342FE
:1015E00002D153898B4201D01032F4E71046704784
:1015F0000C0B0020F8B504460D4E3068C56A296909
:10160000C1622F88002114222846FBF755FD0420D3
:1016100068811720E8802C812F803068416B4563FA
:101620002961204600F070FA20460CF0A0FDF8BDBC
:101630000C0B0020F8B504460AF0A1FE1C48006817
:10164000466B002E32D0374636693889A042F8D131
:1016500000257A89E8B2032804D8214600F02AF848
:101660006D1CF6E72046114600F052FA79892046B3
:101670000CF081FD002038810D480068426BBA42B1
:1016800005D011461269BA42FBD1103101E0014682
:1016900034313A690A607989042903D1C16A396110
:1016A000C762CEE7016B39610763CAE7F8BDC04680
:1016B0000C0B002010B504460846114600F058F8FF
:1016C00080000019C1B2024800680BF030F810BD6C
:1016D0000C0B0020B0B50C4605464888001D81B2B1
:1016E0002046FEF7E0F82846214602F099FF002840
:1016F00004D02046FEF7CEF88120B0BD0020B0BD5A
:1017000009888088084000D0862070470988828830
:101710000A43828000207047098882888A43828039
:10172000002070470749096834310968002904D04E
:101730000A89824203D01031F7E7FF20704708780A
:101740007047C0460C0B002010B5044608461146F1
:1017500000F00EF880000019C1B2034800680022B2
:10176000024B0BF01AF810BD0C0B00203075000076
:10177000084A126834321268002A07D0138983425B
:1017800002D153898B4203D01032F4E7FF20704717
:10179000507870470C0B002080B581080A4800681B
:1017A0003430006800280ED042788A4201D01030D0
:1017B000F7E70121090282880A43828007200AF0A4
:1017C00043FFFAF7A3FF80BD0C0B002010B544893E
:1017D000042C00D0062461188AB201890020FEF78B
:1017E00037F8002800D0848110BD000010B5084CE7
:1017F000206840300BF01AF9206838300BF016F9E9
:10180000044805493C22FBF747FC01F0EFF810BD06
:101810000C0B0020100B0020D0260610F0B587B06E
:101820000446058802F0D1FD01462846FFF7D0FEA8
:101830000546204600F058F8064600F05BF80F28F1
:1018400019D11E2E47D04020304044D105212846D2
:10185000FFF7BCFF002845D007460021062230468E
:101860003B4600F0FDFA68893946FFF733FF07462B
:10187000002834D12FE0019500251E2E2F4616D0CA
:10188000402006402F4612D1019B9888C00718D1EE
:101890005A89198900263046FFF756FF0746002867
:1018A00005D1019A9088012101439180374602A811
:1018B00005800695059501990491039400F054F86C
:1018C0000DE008334220032102220CF0B3FA002875
:1018D00001D0842703E02046FDF7DCFF00273846CF
:1018E00007B0F0BD8827FAE780B5818901F04DF88F
:1018F00080BD0000811E1E2916D800207944097978
:1019000049008F4418170F1719171B171D171F179A
:101910002117231725171717271729171717171711
:101920002B172D000120704752281BD0D22801D13F
:101930000A2070470F20704702207047032070472D
:101940000420704705207047062070470720704725
:10195000082070470B2070470C2070470D207047FF
:101960000E20704709207047F0B585B00446007816
:10197000002807D16068FFF7B7FF6070A568E868C6
:1019800000283CD065782846FFF7B4FF0E2808D819
:1019900080005B490958002903D020468847074644
:1019A00007E0A068C36800210622284600F058FA24
:1019B00086276168002919D0882F03D0842F0CD086
:1019C000072F10D14F48006840300BF033F8092042
:1019D0000AF03AFEFAF79AFE08E04A480068383002
:1019E0000BF028F809E00846FDF754FF862F01D0D8
:1019F000002F02D1A06800F047FA05B0F0BD67687B
:101A00003846FFF771FF0646FFF774FF7988EA88CA
:101A100004230293002391423ED80E283CD8019320
:101A20004200344B9A5A344BC340DB0705D1802324
:101A30009A439142019B03D02EE09142019B2BD30C
:101A4000411E032901D307280DD104A903AA02923C
:101A500038460F4600F049FF3B88029800888342D1
:101A600018D8002B16D066683046FFF73DFF0746B2
:101A70003588304602F0A9FC01462846FFF7A8FD4C
:101A800005461E2F1DD0402038401AD1162F1BD1DD
:101A9000718826E00120029086271E2E89D04020E2
:101AA000304086D1019305212846FFF78FFEE8607C
:101AB00000281DD0034630460199029A00F0D0F963
:101AC00077E70020E8605DE73846FFF713FF0E2850
:101AD00000D96DE740000949095AE888814200D3DE
:101AE00001462846FFF772FEE860002800D049E76B
:101AF00088275EE70C270610CC4F00002A27061027
:101B0000100B00200C0B002080B500F081FF80BD81
:101B100070B50C46054601F021F8074E3268403298
:101B20002846214600F00AF8326838322846214615
:101B300000F004F870BDC0460C0B0020F8B50D464F
:101B4000064600921468002C11D02746E4693888B4
:101B5000B042F8D1384602F038FCA842F3D10098E0
:101B600039460AF077FF3846FDF794FEEBE7F8BDFB
:101B7000F0B585B00F4F386840300AF08BFF04464F
:101B8000200414D06D4600202870386840300AF0D8
:101B900077FF0190068802F018FC01463046FFF7F7
:101BA00017FD02902846FFF7DFFE641EE8E705B048
:101BB000F0BDC0460C0B0020F0B58BB00A93144664
:101BC0000D460746FFF704FD002811D0064604978E
:101BD00080880C2741077FD4022C01D180077BD459
:101BE00002950394109C0A9B012B03D8032503E064
:101BF000122771E09800451CA01C1946002904D04A
:101C0000028855190830491EF8E7F088022B02D3E4
:101C1000A9B2814260D8A9B2814200D30546A9B2D7
:101C200030460691FFF7D2FD00280ED007460398F4
:101C30000228079701960FD1B9891D22384600F076
:101C400089F80A9801280FD04EE008200AF0FCFC21
:101C5000FAF75CFD88273FE0B9890A9801283ED150
:101C60001B22384600F076F82288B889401C81B2E1
:101C70003846FDF744FE6368B889E91E8AB2C01C85
:101C800081B23846FDF744FE07984580039D022D3A
:101C90000CD101200499029AFFF756FD0028019CFF
:101CA0000CD007460798FDF7F5FD15E0E807019C05
:101CB00004D0079A107A08210143117202980799FB
:101CC000FFF708FD0746022D06D1002F04D1A0889A
:101CD00002210143A180002738460BB0F0BD23222A
:101CE000384600F037F80A98A71C0121059500280E
:101CF000CAD00A90079DA8894018089181B2BB1EDE
:101D0000022428462246124EB047A889089E301861
:101D1000801C81B22846099422463B460C4CA047C1
:101D2000311DA88940188EB206998A1B39888A42CB
:101D300000DB0A4609997B5881B294B228462246B4
:101D4000034DA847A11908370A98401E059DCEE704
:101D500011F90410BCB514464068202904D301AD24
:101D60002A4608F09EFE298840180471BCBDF8B5CB
:101D70001D4614460F460646FFF7B6FD0E21C94321
:101D8000D22800D00C317088081882B20699BA4265
:101D900005D90D20087000202880862709E000273B
:101DA0000F702880B089C01C81B230462346FDF7F1
:101DB0008DFD3846F8BD0000F0B589B01F4603928E
:101DC0000E460546FFF704FC002845D00446C068CF
:101DD000002841D002970F9801900E9800901F485C
:101DE000076838373F68002F0FD03888A84204D1E1
:101DF000384602F0EAFAB04201D01C37F2E7174841
:101E00000068383039460AF025FEE068FFF76CFDBF
:101E1000411E0298002813D0C8B21E2807D04022C5
:101E2000114004D1E3680399029A00F019F82046A2
:101E300000F02AF8002F0FD03846FDF72BFD0BE0FD
:101E400004A8009A828141700121017001990891D2
:101E500006940597FFF788FD09B0F0BD0C0B002034
:101E6000BCB5002B0FD01C466B46997058700120F2
:101E700018701A71080AD870A189052520462A46CB
:101E8000FDF746FD6580BCBD10B50446C06800285E
:101E900015D04188091D89B2FDF705FDE16860890B
:101EA000FFF718FC002808D1628921890020FFF77C
:101EB00001FCA08801218843A0800020E06010BDC3
:101EC000E0B501A80221018000900020044B0146EA
:101ED0000246FFF7BFFA8638414248418CBDC046F2
:101EE0000117051010B50A48046838342468002C1E
:101EF00009D02046FFF7F8FC1E2802D040210840F8
:101F000003D01C34F2E7002010BD012010BDC046F4
:101F10000C0B002070B5084D2868846B002C0AD08B
:101F2000E6692868383021460AF094FD2046FDF71E
:101F3000B1FC3446F2E770BD0C0B00207CB50446C2
:101F40008068418904291AD160688189491C89B255
:101F5000FDF7C5FC0546172800D817251D4E308A09
:101F6000854200D30546A368988800070FD41989D5
:101F700002202A460BF02EFC002814D07CBDC3683A
:101F8000022000210622FFF76BFF86207CBDD88847
:101F9000A8420ED008334220032102220BF04AFF50
:101FA0000028EBD105E0A068C580818808220A439B
:101FB0008280308A01AB587003251D70000A98702A
:101FC000A068C468A18920462A46FDF7A1FC658067
:101FD00000207CBD680B0020F0B58FB00146406842
:101FE00001918968CF680DAD0EAC2946224600F0FC
:101FF0007CFC288807900CF0DFFB024620880290CA
:1020000000252B4600950395002A069550D0508850
:102010000790029988424BD8A8B2C01801998968E4
:10202000C988884244D81C4608AD05921046294606
:1020300000F0BAFF2E7C0398000606D00098864276
:1020400039D1C0080490069D16E0B98905223846AA
:10205000FFF780FE102E01D0022200E00122069D33
:10206000B889401C81B238460392FFF773FEAD1C5D
:10207000F0080490841C0096B889401981B2384653
:10208000079AFDF73CFCB8892818861C08A80AF0B6
:10209000C8FC0346B1B20498C2B23846FDF738FC1A
:1020A000E0B22D1805980CF0E9FB02462346ABE799
:1020B0000398000603D006987880002007E0079870
:1020C00081B204200A223B46FFF7CAFE86200FB0E9
:1020D000F0BDF0B591B0074609AC102020747868C7
:1020E0008189491D89B2FDF7FAFBA08178680FAE9E
:1020F0000EAD31462A4600F0F8FB36887868069720
:10210000B9684488C868818907220290FFF722FED7
:10211000E01F298804910121059180B20390019666
:10212000059887B23C1D06988068C08884423CD8D8
:10213000B0B209AA049901F0A7FA002835D00546E3
:1021400010A80090002208AB0698294600F0E0FB9A
:10215000862828D0002836D16E88089843680698CB
:1021600040688189C91D89B2039F3A46FDF7A5FBE6
:1021700008990988B94216D1002814D107AF3E70DA
:10218000300A7870284600F037FF0646B870000A1B
:10219000F87002988189059A891889B204223B4611
:1021A000FDF7B6FB0594761CBAE7012F07D1062090
:1021B0000A220199029BFFF753FE862003E0029852
:1021C00005994180002011B0F0BDF0B597B00446EC
:1021D000406815A914AA00F088FB0A9460688189F8
:1021E000491D428889B2072A05D1FDF778FB0FA95E
:1021F0008881102004E010220FABFDF767FB8020E0
:102200000FA908740A984078102801D0022100E034
:10221000042107910A9A9168CC68CB8805931278BB
:10222000002A04940AD06588022D15D3A089401C89
:1022300081B2204600F0A9FB06460EE015AA1588DB
:10224000102812D10FA801F081F9002800D1B8E0C0
:102250000895A18911221BE00026A089401981B2AE
:102260002046FDF73CFB089018E00BA805810222F0
:102270000271149A42810B910FA90E9101F0A8F9F5
:10228000862802D116A812229DE00895A18909226C
:102290002046FFF75FFD0125658000260598801E1A
:1022A000019014A8008803900996F6B20695AFB283
:1022B000B8190599884274D8089885B20FAA28469B
:1022C000039901F0E1F900286BD00446029516A8A5
:1022D000009000250BAB0A9821462A4600F018FB17
:1022E00000284FD10B98008807990918012F11D1A8
:1022F000FF2900D3FF210198814200D30199099160
:10230000CAB2049EB089401C81B23046FFF722FD5C
:10231000022703E0B142049E069F5CD165882046F7
:1023200000F06AFE0890B089C01981B230462A4692
:10233000FDF7E5FA079809990A1A3C46BF1C0A9866
:10234000407810280AD1B089C01981B23046089D62
:1023500017462A46FDF7D3FA3A46271D2C46B08980
:10236000C01981B20B984368D5B230462A46FDF7B2
:10237000CFFA7D19758002200A990870601C0890B8
:10238000099E91E78628069A16D084280546049867
:1023900021D18189891889B2029AFDF7B0FA842582
:1023A00019E0012F06D116A80A22027015A8058887
:1023B000049C09E000250EE016A80278049C089D04
:1023C00002E016A8102202700A984078A9B22346AB
:1023D000FFF746FD8625284617B0F0BDF0B58BB057
:1023E00005468068C468C7882878002824D02E460F
:1023F0000C36059668688089401C81B2042204ABC3
:102400002046FDF763FA308869787F1E0C2903D1D6
:10241000874253D20499401A80B2874200D30746BC
:10242000BAB27368A089401C81B22046FDF770FAE9
:10243000781C608000204DE068780C28029707D156
:1024400068688189C91C89B2FDF749FA0D2201E04B
:102450000B22002004AF03903880A1892046FFF7AB
:1024600079FC68688189491C89B2FDF738FA06460B
:10247000788007A8068101270771A968079101F0F4
:10248000A7F8862801D1122715E030460CF06CF928
:10249000002810D0014606A8009005AB2846039AF4
:1024A00000F036FA002817D0842818D0862811D1D9
:1024B00006A8077807E006A8077004E006A80B271F
:1024C000077004A84688687831463A462346FFF7E5
:1024D000C7FC86200BB0F0BD059E029F93E7A08944
:1024E000401C81B2042204AB2046FDF711FA84207F
:1024F000F0E7F0B58DB08168CE68C98806910178A3
:102500000029079009D07788B089C01981B2304678
:10251000FDF7E5F9079902460CE040780E2801D056
:10252000212200E00F22B1893046FFF713FC01227F
:102530001746079948688078801AC0B2450808781D
:102540000028029666D0079908460C300190EDB23B
:10255000FF35E8B200230393A84200D1B3E0BCB238
:102560000698A04200D8AEE0486881890592891893
:1025700089B202220CAB0492FDF7A8F907990878FA
:10258000012802D1019808900DE00CA800880CF0F9
:10259000EBF8014607988068008908AA00F0C6FD9C
:1025A0000799842865D00698041B48780E2809D11D
:1025B000B089C11908980288944200DB144689B298
:1025C000A2B213E0B089C01981B2089A30461688C9
:1025D0003246FDF794F9A41EB44200D33446A2B2A9
:1025E000BF1C029EB089C01981B20898436830466A
:1025F000FDF78EF93F197780079948782028059ACA
:1026000004D10698C01B80B202285CD304980870DD
:10261000921C9CE700210592079C88B2A84292D2A6
:1026200004914900606882895118491C89B20222CC
:102630000CABFDF74BF908A8012606710C99018136
:10264000A168089100F0C4FF86282AD00CA8008851
:102650000CF08AF8002827D0079989680989012297
:1026600000F0EEFC00281ED10499491C029E059A38
:10267000D3E70CA80388886842890189002000906C
:1026800002200BF00DF803900028059A1BD17780EB
:10269000B089C01981B292B23046FDF730F984207A
:1026A00010E0122600E006460CA801880798407842
:1026B0000E2801D10E2000E020203246029BFFF7B9
:1026C000CFFB8620039003980DB0F0BDF0B589B024
:1026D00004460078002801D000203BE06068A16833
:1026E000C968069146888189491C89B2FDF7F7F8C7
:1026F0000546F11E6078002752280CD0D2280ED152
:10270000A0684089042824D10F3E0522012700201B
:10271000049005960EE00591042204970AE00591C5
:10272000069EB18913223046FFF714FB0120049066
:102730007080032207AB2046294600F036F9024696
:1027400008A80270002A07D060782946069BFFF788
:1027500087FB862009B0F0BD002F08D06168A06813
:10276000008909F04AFE002801D00022ECE76168E8
:10277000079808AA00F0DAFD0028EBD0842812D1CF
:102780006068A1684A890989059B9BB200950193FD
:1027900002900A20049B0AF0BDFF0028DAD1002035
:1027A00060608420D6E708A80278CDE770B586B0CF
:1027B00004460078002814D0A589A068C188491F64
:1027C000A94200D80D46AAB22369C0688189491D73
:1027D00089B2FDF79DF8681DA168C968488000208E
:1027E00040E060688189491C89B2FDF778F80546A8
:1027F000032205AB2046294600F0D7F8002808D070
:102800000246A068C36816202946FFF729FB8620E8
:1028100028E060688189C91C89B2FDF760F8064626
:102820006068A1684A89098943885B1F9BB200964A
:10283000019302900A202B460BF0D4F9002811D105
:1028400003AB5D70280A9870DE7017201870300A8C
:102850001871A068C06881890522FDF759F8002029
:102860006060842006B070BD10B504460078002872
:1028700001D0002010BD60688189491C89B200F038
:1028800084F80346A0684289018902200BF0D8F938
:10289000002800D010BDA068C06881891922FFF708
:1028A00059FAA068C06801214180842010BDB0B5EC
:1028B000054680684289018942200AF0BFFE04462D
:1028C000002810D1A868428901890120FEF7F2FE94
:1028D000A86881884A0603D500F06CFEA868818844
:1028E0000222914381802046B0BD70B514460D464A
:1028F00006468089401C81B23046FCF7F0FF2880F4
:10290000B089C01C81B23046FCF7E9FF208070BD61
:10291000FEB51F460646089D00242C70007801284D
:1029200007D1306900281FD00C363E600020287087
:1029300029E00292B068008901913A462B4600F0E6
:1029400066FB002812D084281DD101984388B06806
:10295000428901890298009002200AF0A1FE002815
:1029600011D17B20C0430EE00E2005E038680188BD
:10297000029A914203D207202870862003E0416822
:10298000891841602046C0B2FEBD1CB51F2903D87E
:1029900001AA1180406805E0406801AC224608F0B9
:1029A00080F82188401800791CBDF0B585B01E461E
:1029B00014460F46054601A801810271A9680191DC
:1029C00000F006FE862801D112200CE038460BF0FC
:1029D000CBFE3060002805D0A9680989224600F0A6
:1029E0002FFB00E0012005B0F0BD000080B50648D7
:1029F0000089163080B20BF053FE044800685C2159
:102A00000122425480BDC046680B00200C0B002000
:102A1000F0B5A1B0044600F09BF8012814D107A836
:102A2000454914252A460EF012FF02A843492A46BA
:102A30000EF00DFF44200F9001210DAA0CAB204693
:102A400009F03DFC002801D021B0F0BD0CA80178B0
:102A50000DA80FAA10AB08F0D0FC0028F4D10F98F5
:102A60004428F1D80120364D02AA294600F00CFE78
:102A7000002810D006462046FEF754FE10A90A7C16
:102A80003049C97A73681B6A9B68009349084B1CDC
:102A9000042100F008FD2C480168833110A81022A1
:102AA000FAF71AFB00281FD0012007AA294600F0D8
:102AB000EBFD0028C8D000F03FFE0028C4D005463A
:102AC00004212046FEF784FD818840220A4382804B
:102AD00010A8427C2046294600F026FD0B2009F074
:102AE000B3FDF9F713FEAFE701200BF065FE0646D4
:102AF00010AD12350027002EA6D0B8B26328A3D897
:102B00003178042912D171680A7D102A0ED1098A00
:102B10000E4A91420AD1022132222B4600F0B0FC2B
:102B200002462046314600F0FFFC7F1C30460BF089
:102B3000A5FE0646DFE7C046482706105C270610BC
:102B4000FFFF0000680B00200C0B00200229000092
:102B500080B509F0EAFB4142484180BDF0B5A1B023
:102B6000042900D0DEE00746FFF7F2FF6E4C6F4EFF
:102B7000012800D0A0E00BAD6D49142228460EF0CC
:102B800066FE10A83446002644223146FAF794FA2D
:102B9000012021462A4600F077FD00280FD0044688
:102BA0003846FEF7BFFD6168096A8B686149C97ADA
:102BB00049084A1C042100F063FC10A90874042190
:102BC00004973846FEF704FD10A9097C012903D1BA
:102BD00080880006800F06D157480168833110A80D
:102BE0001022FAF759FA012003900BF0E5FD054693
:102BF00010A81230029005964B4C002D34D0B7B27D
:102C0000632F31D8287804280BD0022827D1686890
:102C1000017D102921D1008A494988421DD103989C
:102C20001CE06868017D102919D1008AA04216D1E4
:102C30000498294600F0B0FD044602980090E2B2E4
:102C400002213223384600F02EFC0598012801D1DC
:102C500010A84474761C344C01E0002005902846EE
:102C60000BF00CFE0546C8E7012109AA08AB049F3A
:102C7000384609F024FB00281CD1B0B240002F498F
:102C800040188008133082B208A8017809A810AB58
:102C900008F081FB00280DD0044606AD09A90622E4
:102CA0002846FAF7F9F9AC714220042107222B4695
:102CB0000BF0C0F81D4E1C4C01200BF07DFD0546AD
:102CC000002812D0287804280BD16868017D1029CB
:102CD00007D1008AA04204D100223846294600F0DC
:102CE00023FC28460BF0CAFDE9E710AC104914227A
:102CF00020460EF0ACFD01203146224600F0C4FC17
:102D000000280FD004463846FEF70CFD0949C97A61
:102D10006268126A9268009249084B1C04210022E2
:102D200000F0C1FB21B0F0BD02290000FFFF000050
:102D30005C270610680B00200C0B0020FEFF030030
:102D4000052A0000F0B5D3B000250C950B950A9527
:102D50000995412082000DAC20462946FAF7ACF9CE
:102D6000257110204490169009A80F902046FAF77C
:102D7000F0F9DC34019401200BF01EFD06464EA84C
:102D80000C300290484D002E41D03078032839D0C5
:102D90004EAF3046394600F007F9387C102831D163
:102DA000708804A908804EA880893D4941180529EA
:102DB0001CD33C494118042903D329210902884224
:102DC00020D10DAF022404AA38462146A847384630
:102DD0002146029AA847002005AA314600F0A6F92C
:102DE0000598426801883846A8470BE00DAC0227D9
:102DF00004AA2046394600F0DBFC20463946029AF8
:102E000000F0D6FC30460BF039FD0646BBE70198D2
:102E1000828C002A06D00DA8202101710146E031E4
:102E2000FAF7A4F90DA84EAC04AA2146FAF7AFF9B7
:102E300005AD1026012328462146324609F06AFDD9
:102E40001A4F3968833128463246FAF745F9002887
:102E500019D03868833005A91022FAF71DF903AD9F
:102E60008220288000950024114B204621462246CE
:102E7000FEF7F0FA4020288000950E4B20462146B0
:102E80002246FEF7E7FA38685C21425CFD231340D6
:102E900043540B2009F0D8FBF9F738FC53B0F0BDD0
:102EA000FFD6FFFF00D8FFFFB13705100C0B002045
:102EB000191705100D170510E0B50021009102202B
:102EC0000422074BFEF7C6FA002801D0812800D162
:102ED0008CBD0B2009F0B8FBF9F718FC8CBDC0467F
:102EE000E52E0510B0B58AB004468088400601D4AE
:102EF00000254BE009A88021018021890090012054
:102F00000025244B2A46FEF7A5FAA18889073DD45F
:102F100000283BD104AD2049142228460EF097FC2E
:102F200001201E492A4600F0AFFB002812D00546BA
:102F300000F002FC00280DD00146208900F02CFC96
:102F4000800712D420890021012200F0BDFB054634
:102F500081281BD109A840210180218900900120EE
:102F60000022104BFEF776FA0FE00D48039001AAFD
:102F7000042050806888108003A80290618920890D
:102F8000009202220123FEF717FE054628460AB0EA
:102F9000B0BDC0460117051048270610FFFF00000E
:102FA0000100FFFF1917051080B510220A7402787E
:102FB000042A0DD87A441279520097440A16120254
:102FC00002004068031D142208461946FAF764F807
:102FD00080BD0522D2024068007D012809D18A8186
:102FE00080BD0520C002C01C04E00520C002801C7A
:102FF00000E0501C888180BD80B5017802220A4320
:10300000022A02D10BF04EFC80BD408880BDF8B58D
:103010001C4600920E46074601220846394600F03B
:103020000FF820708625002808D138463146009ACE
:1030300000F07CF8862802D10E2020702846F8BDCA
:10304000F0B585B0154601910146047800270223AA
:103050000E20032C1A463E4612D30BD0042C58D116
:10306000486801788C07C9078A0F002C00D54C32BC
:10307000411C02E04868411C0278801C0E780778E9
:10308000012D03D110461840184642D00320032DCD
:1030900002D1082111403CD0042D02D1042111405D
:1030A00037D0052D02D140210A4032D004A903AA0D
:1030B00002AB019C204609F0DCF8022802D1002F67
:1030C0000FD125E0012D00D0FF08052D0BD104A85C
:1030D0000078022805D102A80078022814D1002027
:1030E00013E00E2015E00020002F12D003A909786C
:1030F000FA0703D0032901D205200AE07A0708D590
:10310000022908D20F2004E0052001210F4000D140
:10311000384605B0F0BD2046314609F020F9B62802
:1031200001D00020F5E70C20F3E70000F0B585B0F2
:103130000D460978042911D81446C0467944097906
:1031400049008F44020D4A697E00734E3068014683
:103150007031C166686809F04FFC57E08626D3E0FD
:103160006D4F386801467031C1666B6801206E4949
:103170000026324600F0D6FA01A90880002800D1C6
:10318000ADE00BF0F1FAFFF737FF02A900910880DC
:103190003868C06E01A902273A46F9F77DFF5E48FC
:1031A0000068C06E801C00993A46F9F775FF5A48CE
:1031B000006868270421C15369680A7C102A00D07E
:1031C00091E0C06E0C31001D0222F9F765FF5248F4
:1031D0000068C15B891CC15385E04F4E30680146D1
:1031E0007031C166696809787022815469884A1C07
:1031F00003A90A8071300222F9F74EFF3068C16ED0
:103200006868001DC91C09F0F7FBC01C3168682202
:1032100088526831216076E069680A7D102A32D1CF
:103220003F4A521C0B8A93422DD13B4801686831BA
:103230002160006868211022425201468331C16634
:1032400061E069688969002945D0334E3168683189
:10325000216069680A7D102A3FD10A8A2F4B9A4261
:103260003BD13168682202248C520A467032CA6609
:10327000294600F091FA04A908803068C06E224601
:10328000F9F70AFF3FE0096A002924D0224E31688D
:103290006831216069680A7D102A27D10A8A204B8B
:1032A0009A4223D13168682201238B520A46703238
:1032B000CA66FEF737FAFF2829D06968096A8B6861
:1032C0001849C97A49084A1C042100F0D9F8316824
:1032D0007022885417E0842616E0886907E0386871
:1032E000682100224252683020600DE0086A0178AF
:1032F000890701D5022100E00421415A8068326823
:103300006823D152D0660026304605B0F0BD306843
:10331000702100264654F7E70C0B0020022900001C
:10332000292B0000680B0020FFFF0000F0B589B0DA
:1033300017460D46064600787488042845D00328B1
:1033400077D17168086A00287DD00A7D102A74D16F
:10335000098A494A914270D10097012107AA08AB16
:103360002846FEF704FD00286ED12888FEF7DAF91A
:1033700007AA117807230B40059313707168096A37
:103380008B683E49C97A49084A1C0421049003927B
:10339000029300F075F8059A01461140814257D119
:1033A0000298009004210498039B00F07CF8706858
:1033B000006A0078C0073AD02E88284601F005F848
:1033C000024608A8008807A94CE0716888690028AF
:1033D00039D00A7D102A30D1098A264A91422CD14F
:1033E0000097022106AA08AB2846FEF7C0FC002879
:1033F0002AD106A8008805907088801E81B202201C
:103400000BF0E8FA002821D005998907890E406859
:1034100000780840884219D106A8028828883146D9
:1034200000F082F8706880690078C00712D100202F
:103430000AE003203870862006E021462A463B46F3
:1034400000F047F800E0842009B0F0BDFD20F1E76E
:103450001320EFE72E88284600F0B7FF024608A8A1
:10346000008806A90090019102203146234609F008
:1034700021FFE9E702290000292B0000680B00204A
:1034800010B54843C408A4B2944201D9002010BD2D
:10349000072210401A5DC2402020411A0020C0437C
:1034A000C840104010BDB0B54843C408A4B29C4207
:1034B0000ED8049B072528402025691A0025ED43D6
:1034C000CD402A4082408540185DA84310431855DE
:1034D000B0BDFEB516460C4605468268818800934D
:1034E00002AB3046FEF743FC002800D0FEBD287832
:1034F000810703D4A98802AA118001E0029969809A
:10350000C00701D10020FEBD3788304600F05DFFC6
:10351000024602A80088A96800900191022039465D
:10352000234609F0C7FEFEBDBCB514460D46FEF7A6
:10353000F9F8696889698B888968009103210C40D2
:1035400002212246FFF7AFFFBCBD000070B58AB074
:10355000044605AD0DA11426284632460EF077F933
:1035600068460FA132460EF072F92046294609F04E
:1035700013FA002807D06946204609F00DFA0146E3
:103580004042484100E001200AB070BDFB349B5F1F
:1035900080000080001000000028000010000000E3
:1035A000FB349B5F800000800010000001280000B9
:1035B00010000000E0B501AAC2211180018900922B
:1035C00001200022014BFDF745FF8CBD19170510A6
:1035D000F0B587B0054602AC2749142220460EF00C
:1035E00036F90120254E3146224600F04DF80027DD
:1035F00000283CD0014628688288520637D52A79AF
:10360000FE2313408624042B32D00089012200F0CF
:103610005BF881282BD0286881880A0625D480276A
:10362000394381802879022822D1288901281FD195
:103630006889B0421CD1EA68107C102818D19089A2
:103640000F49884214D10120314600F01DF80028AE
:103650000ED001A807802968098900900120002464
:10366000084B2246FDF7F6FE02E0FFF7A3FF3C46BB
:10367000204607B0F0BDC0465C270610FFFF0000E3
:103680002A2B00000D170510F0B585B014460D4625
:103690000BF092F806460020002E12D07188A94245
:1036A0000FD86F4630463946FFF77EFC2046394634
:1036B00009F05BF9002803D030460BF0DFF8E9E7AA
:1036C000304605B0F0BD000070B586B014460E4619
:1036D000054601A8104914220EF0B9F8002E07D1B2
:1036E00001200E4901AAFFF7CFFF0646002810D09F
:1036F0002846FEF717F87168096A8B680849C97A85
:1037000049084A1C0421FFF7BBFE204201D00020DB
:1037100000E0812006B070BD5C270610FFFF0000AE
:10372000680B002080B50BF071F8002801D04088AC
:1037300080BD002080BD000070B58AB0054605A898
:1037400010A114220EF083F82878FE2101400024F5
:10375000022914D128460BF091F8054600280ED016
:10376000287802280BD06E4628463146FFF71CFC0D
:1037700005A8314609F0F9F80028EBD12C4620467F
:103780000AB070BDFB349B5F800000800010000019
:10379000022900001000000010B50C46FDF7C2FF22
:1037A000616889698B688A880221FFF769FE10BD0C
:1037B000F0B585B003920C4601210902411804912D
:1037C0000290E0300190200423D004980088102853
:1037D00007D1102202980199F9F7C8FC002004993A
:1037E000088010210D1AA9B2A2B2914200D3254639
:1037F000AFB202990818E030039E31463A46F9F715
:103800004BFC0499088828180880641BF619039655
:10381000D9E705B0F0BD0000FEB5044600F09CF805
:103820000C25002825D01226002C23D0207D401EF8
:1038300001281FD8207C80281ED010281AD1A089EA
:10384000012188430321C902884215D101200AF0D1
:10385000B3FF002810D00178002907D141680A7C05
:10386000102A03D18989A2898A4202D00BF006F876
:10387000EFE72E463046FEBD00200BF095F80028FD
:1038800006D04168C98A002904D04088401804E065
:10389000012002E00BF036F8401C82B200263046D0
:1038A000314623460AF00CFF002820D0F743E18A76
:1038B000491E0291009001947F1C217E8F4218D2F4
:1038C000E18A002904D0029A11043AD0521E0292D1
:1038D000351D401C019CE1698B5982B201200021F9
:1038E0000AF0EEFE00282E46E6D187262EE0872637
:1038F000C0E7184800685C21425C0223134343542C
:103900000A2008F0A1FEF8F701FF606A00260028EF
:10391000B0D02020205C0028ACD02146203102917C
:1039200000252F460195854200990CD2606AC01986
:1039300000F022F8002808D12437029800786D1C86
:10394000F1E7122602E0019E94E70646009800F097
:10395000A3F88FE70C0B002010B5FEF7C3FA002484
:10396000002806D1FEF7ACFA002802D1FEF7D2FA01
:103970000124204610BD0000FEB50E460446FFF7A8
:10398000EBFF002866D01225002C64D0207D802813
:1039900013D010285FD1208A3C4988420DD1206A7B
:1039A000002858D082883A49C97A4908491C8A4275
:1039B00051D380680021F9F77FFBA07824210842C9
:1039C00003D06078C01F092845D830460AF0CCFEE5
:1039D000002840D00646007800283CD1207E811C7B
:1039E000304600F083F80546002834D13046FFF712
:1039F00003FB05460AF0B8FE0146681C86B20227A2
:103A00003846324623460AF05BFEB04225D13046A6
:103A10000AF0AAFE0146A81C82B2032023460AF03F
:103A20004FFE002829D001970296E069002816D0A1
:103A3000207E002813D00026374687420FD2E06947
:103A40008019029900F06CF8002818D11C36207EED
:103A50007F1CF2E70C252846FEBD8725FBE70D48B5
:103A600000685C21425C019B1A4342540A2008F022
:103A7000EBFDF8F74BFE0025EDE7872501E0054655
:103A8000029E304600F0D4F8E5E7C046292B00003E
:103A9000680B00200C0B002010B50446FFF75CFFFC
:103AA00000280AD020460AF05FFE014612200029B5
:103AB00002D00A78002A02D010BD0C2010BD0846A2
:103AC0000AF0F0FE014620460AF02CFF0648006886
:103AD0005C21425C0223134343540A2008F0B4FDE6
:103AE000F8F714FE002010BD0C0B0020B0B50D46F9
:103AF0000446FFF781FA6168C98A002908D0C043EB
:103B000008186188401880B2A84206D30020B0BDD2
:103B100000200AF049FFA042F8D00C20B0BD000000
:103B2000F8B50E460446FFF717FF002875D012259A
:103B3000002C73D0207D802801D010286ED1102851
:103B400008D1218A29221202921C914202D1A16934
:103B5000002963D0A1782422114203D06278D21FB9
:103B6000092A5BD8102815D1208A2F4A8218052AE5
:103B700010D801239340312213420BD02278012A1E
:103B80004CD100294AD129210902884202D1A069D9
:103B9000002843D030460AF0E7FD00283ED0074613
:103BA000007802283AD10025284631460AF012FF53
:103BB000002835D02E460121FFF798FF0546002842
:103BC0002CD13846FFF718FA05460AF0CDFD01461C
:103BD0006D1CAAB2042023460AF072FD854221D151
:103BE000207D10280BD1208A29210902891C8842B6
:103BF00005D1A069828880680021F9F75DFA0B4839
:103C000000685C21425C0223134343540A2008F0FD
:103C10001BFDF8F77BFD354600E00C252846F8BD76
:103C20008625FBE78725F9E700D7FFFF0C0B00206F
:103C300010B50446FFF790FE00281ED020460AF07B
:103C400093FD01461220002916D00A78022A13D1CA
:103C500008460AF027FE014620460AF063FE08489F
:103C600000685C21425C0223134343540A2008F09D
:103C7000EBFCF8F74BFD002010BD0C2010BDC0463A
:103C80000C0B0020F0B585B004911224002839D027
:103C90001D4616460746022B0AD3022E32D00021BB
:103CA00004223846FFF710FD812801D10C2429E0B9
:103CB0000A98022E0390029501960FD26D1C0646BB
:103CC0006D1E17D03288083610233846049900F04C
:103CD0001DF804460398002CF2D013E0022E11D1F7
:103CE000028820233846049900F010F8044603980F
:103CF000002C07D1009038460499019A029BFDF7E9
:103D00005BFF0446204605B0F0BD0000F8B51D4637
:103D100016460446FDF75CFC1227002824D0014615
:103D20001B4800685C22825C812092072CD4898821
:103D3000490629D4701E80B20AF016FD01460028FB
:103D4000384621D04868007828421ED00846FFF740
:103D5000F3FC00280AD0064603222146FFF770F93B
:103D6000002805D0C020F8BD3846F8BD8620F8BD33
:103D7000102D01D0022500E0012520463146FFF735
:103D80000BFD054201D00020F8BD0C20F8BDC04657
:103D90000C0B00201CB5059C0194049C0094FEF7BC
:103DA0000BF81CBD80B50346012002490022FFF735
:103DB000B9FC80BDFFFF000080B503460120024929
:103DC0000222FFF7AFFC80BDFFFF0000F0B585B019
:103DD00004468778781E032104910843093080083F
:103DE00083B2207A0390208802901148006880698D
:103DF00002253E222946FBF715FF002814D006466F
:103E0000009701940498039A0240301D00270299FC
:103E10003B46FCF76EFC357128463146FBF79FFFA9
:103E20002046FBF737FD00E00727384605B0F0BD18
:103E3000040B0020B0B504460188022009F078FF89
:103E40000546002802D12046FBF724FD2846B0BDD8
:103E5000F0B589B01D4616460F4604900220012495
:103E6000214600F0C3F8002850D103971220042EF9
:103E70004CD80290F5F7DBFB012E03D8002801D1C6
:103E8000112043E011980090109801900F990E981E
:103E900005AF3872FD713E710398788004983880C0
:103EA000384609300622F9F7F7F80099B9710198F8
:103EB00078713879042801D0012804D105A9097A3C
:103EC000022902D321E003291FD801280ED100F0D6
:103ED0004EF905A9C979814217D805A8407940074C
:103EE000029813D005A804F09FFE0FE005A80088F3
:103EF00020280AD3A103884207D805AA5288202A7D
:103F000003D38A4201D89042E1D9029809B0F0BDAA
:103F100010B504460220012100F068F8002800D006
:103F200010BD012C03D8204604F002FF10BD122062
:103F300010BD0000F8B5174908680D46242100247B
:103F4000445425301122144F2146B8472868363092
:103F5000FF2605223146B84729683B201F230B5412
:103F60000122550308463B308552C3724731072270
:103F700008462146B847074D28684E30082231468A
:103F8000B84706480068352144542868044901624E
:103F9000C465F8BD540B0020B9D00410000B0020FC
:103FA000BEFDFFFF80B505F0D3F880BD10B536210A
:103FB000054A3E2906D04318363B1B7814686354E3
:103FC000491CF6E7002010BD540B002010B5462117
:103FD000054A4E2906D04318463B1B7814686354A3
:103FE000491CF6E7002010BD540B0020054A12685A
:103FF0003523D35C034201D00C2070473532117059
:1040000000207047000B0020034909683522895CB5
:104010000840411E88417047000B0020F8B500247D
:10402000204600F095FD054601222F4B27460092C1
:1040300018683421405C84424FD22C20285CFE2139
:10404000014002293DD119200601A85B80060CD54C
:10405000698F002004F034F93A28009A10462ED0D7
:10406000A8190188202291430180284603F0BBF95A
:104070000028009A104622D1284605F0E1FD009A5A
:10408000002810461BD1E6B2304603F07AFA009AB7
:104090000028104613D1304603F077FA009A002822
:1040A00010460CD1284603F0F9FB009A0028104670
:1040B00005D1304604F00BFB009A411E88410A4BA3
:1040C00000E00020411E88413906174600D107460E
:1040D0003320C0002D18641CAAE7380603D0122034
:1040E000012108F0C3FAF8BD000B00200020704742
:1040F000F0B58FB00292074607A8019010250C4E2C
:104100002A46B0470BAC204639462A46B04703AF93
:104110000026019821463A46334608F0ABFD029846
:1041200039462A46024B984730460FB0F0BDC0468C
:1041300099D00410B0B50C46054600F061FFFF2889
:1041400005D000202946224603F061FFB0BD0220C1
:10415000B0BD10B5044600F053FFFF2805D0812004
:104160000022214603F053FF10BD022010BD0120A4
:10417000704780B503F036F880BDE0B5022801D362
:10418000FF280DD1002200926B4618700192581C36
:104190000622F8F781FF0199009803F03DF88CBDE5
:1041A00012208CBD0020704700207047002070470F
:1041B000002070470120704700207047F0B587B09D
:1041C00001890491C1880591848846880788002068
:1041D000069006A9384600F09FF8054600285AD1F7
:1041E0000396029406988078C00751D100241022CB
:1041F00020463946FBF72CFB00284BD007462A48BF
:10420000039A911F89B2122581423DD2029E062E49
:104210003AD3801D864237D2B24235D8059A9108EA
:104220007C2931D8511C7143049B9A0091422BD8B0
:104230000A2B29D3834227D2019478681221017274
:10424000786806990979417206210825174C384685
:104250002A46A04738462946039AA0470A213846ED
:1042600032462546A0470C2438462146059AA847E1
:104270000E213846049AA8477C800520394600F074
:10428000CFF900280AD081253846FBF703FB02E06E
:104290000C2500E08825284607B0F0BD06991220BD
:1042A00000F04FF8019DF6E77B0C0000FFF80410CA
:1042B00070B50B49C97A14224A43143209490B6874
:1042C00000210D460C461434A24206D0DE6A755B0E
:1042D00085422546F7D131191439084670BDC046CC
:1042E000680B00204C0B0020B0B50949CA7A094977
:1042F0000B68002421468A4206D0DD6A2D5B854288
:1043000003D01434491CF6E71146C8B2B0BDC0460C
:10431000680B00204C0B0020B0B50C460546FFF79B
:10432000C7FF014620600220002D09D0002907D0D8
:104330000879002803D089780620084000D00C2096
:10434000B0BD88710879C8718878062202438A70E6
:1043500070479071517190780421014391707047BA
:10436000F8B5044614206043144B1B68DD6A2D1811
:10437000A87846078120002E1FD5AE79761C8E4284
:1043800001D0012919D1E979914216D1AE1CAF1D96
:10439000E81D00901846214608F0C9F90020387041
:1043A000009908703178FB220A40327029794A1C42
:1043B000D1B2914200D001212971F8BD4C0B0020EF
:1043C00080B50846FBF766FA80BD80B50221FBF791
:1043D00086FA80BDF0B585B01E4604920D460746AC
:1043E000FFF766FF00280FD0044603964079122697
:1043F000A8420AD10499022907D8A078800707D4D7
:10440000012907D0042006E00226304605B0F0BDA1
:104410000C26FAE70220002900D108460290821DEE
:104420000026304639460192FBF712FA002827D0C1
:104430000746406801210172786845720298801C25
:1044400082B206213846FBF75AFA08213846049D05
:104450002A46FBF754FA002D05D00A213846029A65
:10446000039BFBF755FA019878800520394600F048
:10447000D7F8002806D03846FBF70CFA8126C4E7A7
:104480008826C2E7A671A078FB210140A170BCE795
:1044900070B5044622201049085CA0421BD90F4D7C
:1044A000296830200A5C521C0A54342254433031AB
:1044B0004868001983781B0705D5C378112B02D3F0
:1044C0004B785B1E4B7046890021F8F7F5FD286894
:1044D000406B0019468170BD680B00204C0B00201A
:1044E000FEB50C460546222012490290085C0027C2
:1044F0000326114B0195C1B28F4219D21968496B3D
:104500008A19D21E1288AA420FD1FF2C02D0895DCF
:10451000A1420AD1F8B225461C46FFF7B9FF23464F
:104520002C46019D02980349085C34367F1CE2E763
:10453000FEBDC046680B00204C0B002000207047D9
:1045400000207047704770470020704770477047E1
:1045500080B54069014908F0AEF980BD614505109C
:1045600080B50349C97A814201D300F077FA80BD52
:10457000680B0020F8B505460120682106F0F2F925
:10458000234F3860234EF07A1424214606F0EAF9CE
:1045900001463868C162012D10D15C3008F046FA3E
:1045A0002225705D342106F0DDF939684863705DBD
:1045B0004000102106F0D6F939688864F07A411C71
:1045C000154D0122284606F0BBF939680862F17AD8
:1045D0000222284606F0B4F93D686862F17A0F4A73
:1045E0000723284608F08EF8386817210185318C9A
:1045F000172901D28620F8BD4185F17A4C43C06A63
:1046000000212246F8F758FDFFF79AFFF8BDC04693
:104610004C0B0020680B0020640B00205145051056
:10462000FEB50C46011F0646022921D862880025E6
:1046300020462946FBF763F90227204639463246D1
:10464000FBF75DF92582E581257360686061A061F3
:104650006088001D6080207A384320722046FBF776
:1046600077F8002814D06088001F608081250FE053
:10467000A0253F280CD020385F2809D801A88680C3
:104680002221044A515C81710194FFF75DFF0546C8
:104690002846FEBD680B0020F0B5C3B00446008874
:1046A000FFF706FE00287CD00546207A0327074046
:1046B00028692A460C32022F039208D100282FD0F5
:1046C00011888426042954D30121029131E0002865
:1046D0004AD06688002E26D00021019104A80290BD
:1046E00020463246029BFBF7F1F8286940680090AB
:1046F0002046FBF716F90146009806F0C6FAA9898C
:1047000028693246029BFBF703F9A8898019A88122
:1047100081B22869FBF7C7F8039A0198608002E02C
:104720002C616088A881108804281BD32869002682
:10473000029600210191FBF7D2F8001D81B2AA89EF
:104740008A4216D812D129694880012000F032F837
:1047500000282DD028698426A04226D10198A8815E
:10476000286122E0002618E0002602E002980028D6
:1047700013D0A87810210143A97042200121022200
:104780002B4609F057FB2869002806D0FBF782F872
:1047900000202861039900200880002E05D1012FF8
:1047A00003D12046FBF776F80026304643B0F0BD33
:1047B0000198EEE7BCB50C4605464888001F4880C6
:1047C0000846FFF702FE011F02290CD806281AD05E
:1047D00005281DD0042811D10420A0812846214697
:1047E000FCF7BCFE18E03F2808D020385F2805D829
:1047F0006846057001940AF0E3FC0DE02846214666
:10480000FFF7DEFD0EE02846214607F0D3FC03E06B
:104810002846214600F008F8002803D06188091DC9
:104820006180BCBD0020BCBDF0B585B00C4606461D
:104830000F883846FFF758FD05468048C17A8D42FB
:1048400006D2142068437E4A1268D26A1018029079
:104850006268107A0023012E1CD0002E3CD11E4627
:104860008D4212D219280BD801218140794801428A
:1048700006D0734800680122774B294607F08DFF68
:10488000029A9078FD21014091702046FBF702F8D2
:104890003046D0E08D4200D3C8E0567A13281DD8A8
:1048A000012100918140674A114217D0012821D08F
:1048B0001421634A1268D26A13283ED0122800D00D
:1048C000B4E001930846684310188378DF0766D187
:1048D0004671208800229DE01846ACE001930AF062
:1048E0006DFC002800D191E003A8057103940AF043
:1048F00063FC93E001272846394632460193FFF7CF
:104900002FFD019B002800D090E026884E480068CB
:104910008069422152220323FBF784F9019B00287E
:1049200000D183E005463146061D30462246FBF79E
:1049300009FDF8020A30082158E0694350188078D0
:10494000C00773D11321284632460193FFF708FDB3
:10495000019B00286AD108212046FAF7C0FF019B7D
:1049600006463A4800684F21405C80075ED527889C
:1049700035480068806942214C220323FBF752F935
:10498000019B002852D0054606738772300A68736F
:10499000380AE8722E1D0098C002062126E058074A
:1049A000019B43D46943521812203146FFF7D1FCD2
:1049B000019B264800684F21405CC00736D02788FD
:1049C00021480068806942214D220523FBF72AF91E
:1049D000019B00282AD00546061D3046394622464E
:1049E000FBF768FC0098C002801C0F21FF22727048
:1049F00082223270020A6A7228720020E871A9715C
:104A000042202946FBF7ABF9019B0FE00298467163
:104A10000022384631461346FFF7DCFC019B122882
:104A200009D8012181400A4A114204D020461C467F
:104A3000FAF730FF204605B0F0BDC046680B0020F5
:104A40004C0B002002000C00040B0020540B002033
:104A500005000400400094023075000070B5142475
:104A60004443144D144800684F21405C000713D59F
:104A70002868C06A065B1148006880690622022126
:104A80000B46FBF7CFF8002806D001460C484860DB
:104A90000E810220FBF763F92868C06A0119002221
:104AA0008A718A78F92313408B70005BFF21FFF72E
:104AB00017FD70BD4C0B0020540B0020040B002090
:104AC000FDDD0510B0B50C4605460020FFF7F0FBF4
:104AD000002805D0012181800580614261418170FB
:104AE000B0BD0000F8B50446FFF7FEFB05461048D0
:104AF000C07A85421BD20F4E3068294607F017FE58
:104B000014276F433068C06A0025C553C019006977
:104B1000002809D0FAF7BEFE3068C06AC0190561E6
:104B20003068C06AC01985812046FFF70CFDF8BDCA
:104B3000680B00204C0B002070477047034800684A
:104B400094214058C06B00687047C046540B002049
:104B50003321C90041430448006894228058C06B47
:104B6000406840187047C046540B002010B50146FD
:104B700000200D4A914215D00C4A12683423D25CB1
:104B8000521C0B4B1B6894241B59DB6B5B68521E39
:104B900008D03324E4001C195B8F8B422346F6D1E6
:104BA0000448201810BDC046FFFF0000000B002085
:104BB000540B002068FEFFFFFEB53E4C2068942594
:104BC0004059C06B02683220002616543A484069AA
:104BD000010C192901D319200004106002925060C1
:104BE00000F0BAFA20684059C06B0768FFF7DAFA9C
:104BF000012801D01B2000E0FB203882FFF7D2FA09
:104C000004462920C0000090A9200501FFF7CEFA34
:104C1000012C019507D10128284D009C0CD0284D6E
:104C2000FFF764FA05E00128009C05D0FFF75EFA63
:104C30002546012800D108357D82FFF7B3FA012807
:104C400001D01B2000E0FB20B882FFF7ABFA05463D
:104C5000FFF7ACFA012D07D10128019D17490DD0AE
:104C6000FFF744FA164906E00128019D294605D0C0
:104C7000FFF73CFA2146012800D108317C831B2034
:104C80003883FD81BC817C813881F98201F030FB61
:104C900003F02DFD029802F087FB0A4C20683421B6
:104CA000415CF0B2884203D200F00EF8761CF5E7C2
:104CB000FEBDC046540B0020680B0020904200004F
:104CC00048080000000B002010B53321C900414303
:104CD0001C4A12689423D258D26B526854182E2161
:104CE0001F226254802100226250302160548C21A6
:104CF0006250E32162544121FF2363542F21072393
:104D00006354A285012121850F4961871921090476
:104D1000A165E1652166214690311B224A809023DE
:104D2000E2520A4A0A4B4B608A602922D2008A81E9
:104D300001F024FB204602F04CFB7834204607F0BB
:104D400075FE10BD540B0020FFFF000048011B0042
:104D50001B004801F0B589B0012B00D0A2E000ABE8
:104D600007C30F990E98039029204F4C205C421ED8
:104D700090410843E17F089105F02EF90690E67A0C
:104D8000049601271821494C3846A0472346484C31
:104D9000216894254959C8633821384698472168C5
:104DA0004959C96B08603320C400304621463F4A48
:104DB00090473F4909684959C96B4860089887403E
:104DC00001F0CCFAF8B20821384A9047384909680E
:104DD00008954959C96B0968242200268E54086237
:104DE00024314F700594049844430794069D089C11
:104DF0000798B0421BD001273846294605F0B2FD7E
:104E00002B4909680959C96B496889198422885056
:104E10003846294605F0A6FD254909680959C96B98
:104E2000496889198822885005983618E0E7009863
:104E30000128049C09D10E21204605F093FD1C4950
:104E40000968089A8958C96B88600198012809D1B6
:104E50000821204605F086FD15490968089A8958F9
:104E6000C96BC860029801280FD12021204605F0A7
:104E700079FD0F4D2968089A8958C96B086101208E
:104E8000112105F06FFD296848660398012809D1B2
:104E90001C21204605F066FD05490968089A8958D5
:104EA000C96B486109B0F0BD680B002065A9051009
:104EB000540B0020882140580188024A0A40028091
:104EC0007047C046FFFE000084214058018801223F
:104ED0009143018070478821405801888022914386
:104EE00001807047FEB50C468021415C49060CD418
:104EF0008030218A6288521A93B2458AAB4209D91E
:104F0000207AF7220240227201E0218A257B1020BC
:104F1000019005E0E069431E9841000101901546AB
:104F2000002902D1207A800701D4012000E002206C
:104F300002900E4800688C27C059001DE289511864
:104F40001F260E40A9198AB2A16905F06CFE6061A6
:104F50002573064B1868C05930180199029A1143FD
:104F600081701868C0593018C570FEBD540B002000
:104F7000F8B505462C20285C012403283DD1288F54
:104F800000283AD02846F9F73BFA294628318842CA
:104F900033D12F462C375420385C0006800F2CD19B
:104FA0002846E3300078800727D42846FA30008866
:104FB000002822D138790124214601F023FC06463D
:104FC0003879002101F01EFC304302D1288F441CA7
:104FD00013E0C920400028180188C9070DD0F98ABC
:104FE0004088401A81B2022907D3441EA1B2288FFB
:104FF000401C82B2914200D30446A0B2F8BD00002A
:10500000F8B50446FF250A4884420FD00026094F10
:1050100038683421415CF0B2884207D2FFF798FD2E
:10502000408FA04201D0761CF2E73546E8B2F8BDC9
:10503000FFFF0000000B0020890040188421405829
:10504000801C7047002901D0022100E0032180224A
:105050008258CA400120104070478421405801887E
:10506000012008407047882140580088C005C00FC3
:105070007047882140580088C0B2C0097047882115
:10508000405801880320084070470000FEB50746DD
:105090004124005DF9F73AFC0546385DF9F725FC37
:1050A00092236C1EE1B202979237702503260529E0
:1050B00032460195294605D861B28A0019498958B6
:1050C000194CA258029CE35A7C88401EC5B2052D9B
:1050D00006D840B28000134D2D580195124D2E5820
:1050E0009340581800024721CD0040190F49EBF7B3
:1050F00095F80090B44001982018000240190B491F
:10510000EBF78CF80646FC8804F0AAFF0099081813
:10511000B1B28C4200D821464018CD300299C86601
:10512000FEBDC046882706107027061071020000D9
:10513000F8B50A460146074800689423C058C06B7A
:10514000006802AB019303AB00932030012307F00A
:105150000FFD8FBD540B002080B5054800689421D9
:105160004058C06B0068203007F081FD80BDC0460C
:10517000540B0020F8B50A460146074800689423FE
:10518000C058C06B006802AB019303AB00932030A2
:10519000012307F030FD8FBD540B0020BFB50C4636
:1051A0000546FFF7CBFC3221405C002801D00020EF
:1051B00011E00A48006894214058C06B0168086AF1
:1051C000496A03AA012300930192FE2295432A46CD
:1051D000234607F069FC04B0B0BDC046540B002064
:1051E00070B50D4604461A4800682C21405CC00783
:1051F000C10E01D111220AE0164800683D22825CEE
:10520000920624D53D30C07A800720D51F224E203B
:10521000C0434140104800684069CEB20323314684
:10522000FAF700FD002812D00146847200200873AE
:105230004D7208721220C871062088713E20487194
:1052400004200871200AC8723046FAF788FD70BD44
:10525000000B0020540B0020040B0020F0B58DB093
:105260000446954800682C21405CC007C50E6F209D
:10527000C6436E4002F01AF8904909683D228B5CE3
:10528000202213403D31002866D0002B00D110E1D0
:10529000887BC00763D0002D00D11222A08A0C9019
:1052A000A77DE07D0890608A0B90208A0990A089F4
:1052B0000A902068059060680790A0680690207E9C
:1052C0000390607E0490E589A07E02907C4800688F
:1052D0000069F1B20A23FAF7A5FC002800D1E8E042
:1052E0000446019707461F374572039820730498B8
:1052F000E07202982072280AA07220460D3006251E
:1053000005992A466F4B98472046133006992A463E
:105310006C4B98476B4B2046193007992A469847A3
:105320002120099921542520089A22542046213011
:10533000090A41700A99080A787039700B99080AAD
:10534000787139710C99080A787239720198F8717C
:10535000201D29212222A2E0002B00D1A9E0887A79
:10536000800745D4487AC00700D1A2E00820054351
:10537000E07D0C90608A0B90208A0990A0890A90A9
:1053800020680890207E0690607E0790E789A07EC6
:1053900005904B4800680069F1B206232A46FAF7E7
:1053A00041FC002800D184E00446054613354772CD
:1053B000069820730798E07205982072380AA07248
:1053C00020460D3006220899F7F766FE0999080A6B
:1053D000A07561750A99080A687029700B99080A06
:1053E000687129710C986076201D0121132256E006
:1053F000002D01D01C2200E00D22E07D0A90678A7A
:10540000208A0B90A0890C90206807906068099012
:10541000A0680890207E0590607E0690E589A07EB9
:105420000490274800680069F1B20923FAF7FAFBF3
:1054300000283ED00446039707461F37457205985B
:1054400020730698E07204982072280AA072204601
:105450000D30062507992A461A4B984720461330E7
:1054600008992A46174B9847164B20461930099938
:105470002A46984721200B9A225425200A99215424
:10548000201D21462131120A4A700C9A110A7970A6
:105490003A70039A110A79713A710A211F22042382
:1054A00023713E234370E171A271F0B22146FAF7F5
:1054B00056FC0DB0F0BDC046000B0020540B002080
:1054C000040B002099D00410B0B50D4604461248D4
:1054D00000683D21415C89061CD53D30C07A00073B
:1054E00018D50E4800684069A1212C220223FAF742
:1054F00099FB00280ED00146047285721420C871F1
:10550000042088713E224A710871200A4872A12045
:10551000FAF725FCB0BDC046540B0020040B002058
:1055200010B5A823C150C9214900435A20241C4367
:1055300044524018428010BD10B5A423C150C92167
:105540004900435A08241C4344524018428010BD6D
:10555000882140580188012212020A4302807047C4
:1055600088228058002907D0012903D00188102201
:105570000A430280082100E0102102880A430280C9
:10558000704788228058002907D0012903D001885C
:1055900040220A430280202100E0402102880A4381
:1055A0000280704788214058018880220A43028087
:1055B000704788214058018804220A4302807047BE
:1055C00080B588228058028803239A4302801940BC
:1055D00002880A430280152007F036F8F7F796F89C
:1055E00080BD10467047B0B504463225FFF7A6FAD5
:1055F00044550020B0BD0000F0B587B00446007EE1
:10560000617E09020E18721E082A00D30822A07EAD
:105610000490E07E0390607D0121274F0191B847FF
:105620000546A07DE17D0902081800210691324659
:10563000B8473346029606462E431920C20106217A
:1056400018460592B8473B46054635430398000285
:1056500004994718FF22F4323846069998470646BF
:105660002E43781C02994843800881B20A2900D849
:105670000A21207F627F12021018059A0E4DA8475A
:1056800006432320215C1F20084005211022A84743
:10569000304301D006980CE0204622300078C00646
:1056A00006D11E202228F5D0215C401C0029F9D00B
:1056B000019807B0F0BDC046319C0510FEB5044608
:1056C000C9204200A05AC30725462C35002B7FD0A5
:1056D000A6187288511A0B0404D008B2002877D596
:1056E0002820FEBD41050FD4010716D4800638D40A
:1056F000287902F0F4FF00285FD0287901210022E8
:10570000134602F0E3FF58E028791146FFF714FA38
:1057100030883249014031804FE0606CAF6F79686A
:1057200040186064B9683A682878022802910192AA
:1057300028D1687DF9F7EAF8042801D0062800D1BD
:105740000220029B796999420A4600D31A462265D3
:1057500080002018816501984008616C0818606419
:105760001AE02746E237E96F687DF9F727F93878BC
:10577000012804D1E96FBC34204601F061FC308877
:10578000202118E0FFF7DAF9029B01996163406874
:10579000984200D318462065F86820873869E16C84
:1057A0000A186266A066994203D0E364204601F0BD
:1057B00010FE308808218843308030880221014360
:1057C000012081433180152006F03EFFF6F79EFF51
:1057D000287902F090FF0020FEBDC046FFFB0000CC
:1057E000426E511A4166491E01D400207047802143
:1057F000405C800601D5082070473E20704780B588
:10580000FFF7A6F92C210022425480BD10B50C46AA
:105810000146020A12200E2A11D81A2C0FD8012292
:10582000A240084B1A420AD00846FFF79FF9002809
:1058300006D0112109014018214600F095FF10BD46
:10584000022010BD2000080410B504462D2021546C
:105850002D34207D04F096FE207D04F0E5FE10BD81
:10586000F0B5ABB00746C07AFFF772F90646FFF70E
:1058700065F91E903D682220295C1F221692114076
:105880002954687D1090A87B1F90E87B1890287C95
:105890001A90687C1C90A87C1790E87C1290287D58
:1058A0001590A87D0A90E87D0E90287E1490687E61
:1058B0000F90A87E1190E87E0C90287F1390687F4F
:1058C0000B9028781B90284622304478B87BF9F753
:1058D0001DF8209004F0BEF80D90422000223252B4
:1058E0002D203254F0203250EC203254E4207F211D
:1058F00031542F2007213154099416980440312047
:10590000199434542197B87B41217054F87A30218E
:105910007054882030580260842030580260802003
:10592000089032503746F0371D927A600124348552
:105930000F98000214994018149080B203210F911F
:10594000890241434002F0640B980002139A8018C8
:10595000139080B200037166B06612980002179926
:105960004018159909044018159070650C980002AC
:10597000119940181190308704F03CFB219BED21D8
:105980000C947454708719200001301817901898DF
:1059900000021F9940181A99090440181C99090619
:1059A0004018189030462C301F903246E2321E3597
:1059B0001A950D980128129206D1187C012803D15E
:1059C00020201B99084004D1187BFE2101400229A8
:1059D0001BD101201070987B1A9C2146F8F7EEFF2E
:1059E0003546BC352846214601F02AFB1F98407DEC
:1059F00000220092189901910292294619921346A9
:105A000001F039FB219B1D9001E01D981070344678
:105A100090349F20B877F948B883F9487883179A6B
:105A20001088202188431080D87A02F062FE292055
:105A3000C500A9200701FEF7B5FB0128209916D162
:105A40001E9800891B280DD1042907D11E98C089F2
:105A5000B84207D11B20A08020800EE01E988089CC
:105A6000A84204D0179B1888089A104318801B205E
:105A7000A0802080042900D02F460E98050227819F
:105A8000E780A7811B2060816080678227821E9F3C
:105A9000F88A1C94E081219CE07A01F0FEFEE07A15
:105AA00002F002FEE07A01F06EFD3846314601F068
:105AB00085FCE07A02F0FCFDE07A01F0F9FB30466B
:105AC00002F068FC11200001301800F05DFE209803
:105AD000F9F70FF9217BCB4A12681768032904D024
:105AE00002290BD1381A3E3812E00E21209C2046A4
:105AF00004F07CF8381A3E38219F0BE02199497B4D
:105B0000381A002901D0903002E081214900401864
:105B1000219F209C1B9B0A995A066918042C0F9DF3
:105B200007D03D7BFE232B40022B0C9D00D11D4650
:105B30001B9BDB090D93D20F0E9269184D02291899
:105B40003B68787B00282BD00C911B930998440963
:105B500004F068F807461794204601F04DFC032135
:105B60001F9A1170109949027163C0197085F16C08
:105B70001E9A5268914200D31146316580B229467F
:105B800004F02AF80D304100726B8A181B9B9B1C95
:105B900002210F910E991E91219F1C9C0C9D1AE0D1
:105BA0000D4602211F98017000207085042C00D042
:105BB000214689007118896DF26C8A4200D30A4629
:105BC0003265109909026D18083385210F910D99DE
:105BD0001E9117901C9C7564B06422A800218180DE
:105BE0001B912291874800683D21415C89061092F3
:105BF00006D53D30817BC90704D1807A800701D466
:105C00001E9F38E0786801681D46FE230B4022AADB
:105C1000022B00D01546C9B21E91797B00290CD009
:105C200022A90D9A002A16D039684A7BC023134056
:105C300022AA402B0ED011460DE022A90E9A002A6E
:105C400009D03A68D179C0230B4022A9402B02D158
:105C5000911C00E00831BA7A24AB9A753A899A828D
:105C6000259526911E9AFE2A03D003210A40174645
:105C700000E00127431C1B9D656201203840242160
:105C80006054A56220462430401C062219461C465A
:105C9000F7F702FA24A8857607761799C175139944
:105CA00041821199018214998181718FC181219F53
:105CB000797B41762494FFF7D1FAF87B002803D052
:105CC000B97A708FFFF78CFA12980178708FFFF70E
:105CD000FBFB1C99486A896AFFF72AFA7C7BBF7B29
:105CE0003846F8F724FE1E903846F8F735FE384659
:105CF000209D2946F8F7AFFF38462946F8F73FFFC1
:105D000038461A99F8F75AFE38461899F8F744FEBB
:105D100038461D99F8F7C9FF38461999F8F7A6FED5
:105D200038461599F8F77BFE38463146F8F781FF7B
:105D30003546143538462946F8F70FFF38461E9980
:105D4000F8F79EFFFEF7D2F9002802D13846F8F79F
:105D5000A9FC3846002C02D0F8F7F0FE01E0F8F775
:105D600059FF34462834FEF71DFAFF2101280DD0D3
:105D7000209101F099FA2099012807D001F08AFAC0
:105D8000012801D0169901E01B98C143C9B23846D9
:105D9000F8F757FE304621463A4600F035FA002122
:105DA00028463A4600F030FA3046F8F75AFC2846C2
:105DB000F8F715FC2198817B2091407C34464434CF
:105DC0001CCC1F998D78CF780F4907910F49069108
:105DD0000F4905910F49049103970295D11A01913A
:105DE0000094002801D00D4C00E00B4C109B0F9A42
:105DF00020983146A0472BB0F0BDC046FF040000FC
:105E0000FBF70000540B0020D7F1051065F30510D7
:105E10000DF2051097F205104DA50510E9A005102B
:105E2000F0B589B00446FE26855BC76CF7F7FFF92D
:105E3000E321625C324062543521090146187D43FA
:105E400068003018EFF3108172B6616CC9434018D6
:105E500000D487E007972046E2300890304604F0EF
:105E60007FF9002804D041490968C97B03296FD113
:105E70000690204631300590204642300490606CF8
:105E8000801B002608214AB2002A0CD4CBB22A4635
:105E90009A40904202D301279F40F619821A00D3FC
:105EA0001046491EEFE70899888B4643049A1088EC
:105EB000801B1080B5B2059F387C097801290FD16D
:105EC0001646F8F73AFC36883A7C00230093019096
:105ED00002932146BC311046324601F0CCF810E066
:105EE000F8F7A6FC2521081A0890464338783018A0
:105EF00080B201F095F838700899081880B201F066
:105F00008FF80146387CF8F7D0FE07984543606C5F
:105F1000401B6064608D294603F05EFEA26C8242E5
:105F200004D9121A0D2A00D80D22A264606E4019FD
:105F30006066E06E51000918606C821A387C04F0CB
:105F4000B7F8069800280DD1387C04F02BF909E049
:105F5000089A5078012101435170142006F074FB17
:105F6000F6F7D4FB62B609B0F0BDC046580B00206E
:105F700010B500242046FEF7EBFD0A4909683422DB
:105F8000895C2C30A14207D00278002A06D0332247
:105F9000D2008018641CF5E7FF2401E001210170A4
:105FA000E0B210BD000B0020F8B505460088FEF7F2
:105FB000DDFD002811D0044606462C36EFF3108094
:105FC00072B620467830294606F034FD3078032832
:105FD00005D12046FFF724FF1AE00220F8BD707DAE
:105FE000274D2968497B884212D1F7F720F92968A3
:105FF0000968C943401801218902401808D5706D0D
:106000004021014004D12046FFF733F8002802D098
:1060100062B68420F8BD2046F8F7F2F9054620461E
:10602000283085420AD001212046FFF705F8854235
:10603000EED02878102101432970E9E71148006863
:106040008C214058A66F318AF28951181F220A40CC
:106050001718BD1C20462946F8F70FFA204631468E
:10606000FEF740FF6667F8780028D1D0012120466E
:10607000FEF7E8FF0128CBD16878001D6870C7E7FC
:10608000580B0020540B0020F0B585B00F46044695
:106090004120205CE221615C25462C3501290DD18F
:1060A000F8F74BFBEA8A6E7D002300930190029380
:1060B0002146BC31304600F0DEFF10E01646F8F70E
:1060C000B7FB04970746464368793618B0B200F02C
:1060D000A7FF6871F01B049F80B200F0A1FF01468A
:1060E000687DF8F7E2FD287802280CD12046F8F701
:1060F00069FA2046F8F7D0F9687DF8F78BFD626CF5
:10610000216D687D2DE0A66C608D394603F064FD3D
:106110008019A16C002900D10D30E16C49083E398D
:10612000884201D9082022E0A064616B4000002968
:1061300001D00F1805E0E16E0818276DB84200D8AD
:106140000746264614363046F8F73CFA3046F8F74C
:10615000A3F9687DF8F7F2FC606CA16C421A687DC7
:10616000394603F0A5FF608E401C6086002005B014
:10617000F0BD000070B5044606462C360546AC3529
:10618000FEF714F801280BD130790E2141430E4857
:10619000006894228058C06B80684018C07900E085
:1061A0000120F8F7A6FD09494843000A103028608D
:1061B0003278032A07D1626BA36C5B009A185143B3
:1061C000090A0818286070BD540B002071020000F5
:1061D00070B500242046FEF7BBFC0546094E30682A
:1061E0003421415C8C420CD2E321695CC90703D0A5
:1061F0002846FFF715FE30683321C9006D18641C6E
:10620000EEE770BD000B002070B516460D46044643
:10621000F8F703F92046F8F71BF92046F8F754F988
:1062200020462146F8F78EF92046F8F7BFF92046B8
:106230003146F8F7A3F92046F8F7EDF92046F8F7CC
:10624000C1F92046F8F728F92046F8F76EF9002D35
:106250000DD0942000210A46F7F772FF0146204630
:10626000F8F7CAF920462946F8F707F970BD124831
:10627000006890214558962001210022F7F760FF21
:1062800001462046F8F7B8F92046F8F729F92046E4
:10629000F8F73EF92046F8F72FF92046F8F708F905
:1062A000A91C2046F8F7E9F82046F8F772F92046CD
:1062B000F8F7CAF970BDC046540B002003480068C7
:1062C00094214058C06B006834307047540B002054
:1062D0003321C90041430548006894228058C06BAF
:1062E000406840181121090140187047540B0020E4
:1062F00010B501201249134CA04703201249A047B2
:1063000005201249A04708201149A0470020114943
:10631000A04702201049A04702F00DF802F0E1F971
:1063200000F0C7FF01F0B3FA02F0D3F901F031F940
:1063300001F03BF901F059F801F030F810BDC0460A
:10634000A5780510AD67051065800510F986051064
:1063500031860510C17505107574051080B51220C1
:10636000042104F0FFFA0449096894228958C96B92
:106370000968486380BDC046540B00203321C90022
:1063800041431048006894228058C06B4068401810
:106390001121090141180222002A09D00023CB80D3
:1063A000FF234B717D235B040B604031521EF3E7EA
:1063B000CB214900FF2242541921090100224250F9
:1063C0007047C046540B0020491C514306224A43E3
:1063D000101880B2704700002A2804D803214143D6
:1063E0000248405C704714207047C046A027061042
:1063F00010B50C46FFF76CFFA1014018007910BDE5
:1064000010B5002306A11A46042B03D08C5C531C44
:106410008442F8D1042A01D3002010BD012010BD10
:106420000100161F41424841704700002A2805D844
:106430000321414302484018807870471420704778
:10644000A027061070B50D460446164800682C219A
:10645000405CC007C10E01D1052206E01248006869
:106460003622805CC0061CD515226F20C0434140F7
:106470000E4800680069CEB202233146F9F7D2FB1C
:1064800000280ED00146047285720020C8710420D5
:10649000887105224A710871200A48723046F9F75E
:1064A0005EFC70BD000B0020540B0020040B00208C
:1064B0004B424B41990140188179CB070020002BBA
:1064C0000BD0022A05D0012A05D0002A05D1880761
:1064D00002E0080700E04807C00F7047B0B5144657
:1064E0000D46FFF7F5FE022C08D8A9014018801DC3
:1064F000E100034ACA40017811430170B0BDC046B3
:1065000002040800B0B5034600202A2B67D80324F4
:106510005C43364D2C1964788C4260D1D11E4842C0
:1065200048412A2B5AD89A0001A39A589746C04648
:10653000DF650510DF650510DD650510DF650510F9
:10654000DD650510DD650510DD650510DD650510EF
:10655000DF650510DD650510DF650510DD650510DB
:10656000E1650510DD650510E5650510DD650510C3
:10657000DD650510DD650510E1650510DD650510BB
:10658000E1650510DD650510E1650510DD650510A7
:10659000DD650510DD650510E1650510DD6505109B
:1065A000E1650510E1650510DD650510DF65051085
:1065B000DD650510DD650510E1650510E165051077
:1065C000DD650510E1650510E1650510E165051063
:1065D000E1650510E1650510E16505100020B0BD1D
:1065E0000120B0BD481E81410846B0BDA02706105D
:1065F000B0B5034600202A2B00D9B2E003245C4347
:10660000584D2C1964788C4200D0AAE0D41E604208
:1066100060412A2B00D9A3E0990001A251588F466E
:106620006367051063670510CD6605106367051085
:10663000D1660510D1660510CD660510CD66051032
:1066400063670510CD66051063670510CD660510FC
:10665000CD660510CD660510D16605106167051081
:1066600061670510CD660510CD660510CD66051075
:10667000DF660510DF660510F1660510F766051088
:106680000167051061670510E5660510E5660510F0
:1066900007670510CD660510CD660510EB66051081
:1066A0000D670510EB66051017670510D966051014
:1066B000D9660510D96605101D67051027670510F6
:1066C0002D6705103F6705104F6705100120B0BD0D
:1066D000601E84412046B0BDFDF766FD3DE0FDF73C
:1066E00061FD3AE0FDF702FD37E000F0D3FD1FE069
:1066F000FDF75CFD31E0601E8441FDF757FD22E0AF
:10670000FDF754FD14E000F0CFFD22E0601E84414F
:1067100000F0C0FD17E000F0BDFD1EE0601E8441EA
:10672000FDF74AFD0FE0FDF747FD01E000F02FFF08
:106730000146401E8141604260410840B0BD601E7C
:10674000844100F024FF411E88412040B0BD00F08C
:10675000ADFD002804D0FDF72BFD411E8841B0BDE2
:106760000020B0BDA027061080B58022825A920773
:1067700008D480308171152005F066FFF5F7C6FF5B
:10678000002080BD3A2080BD0021802908D07D22D4
:1067900052044250421801231B02D3804031F4E7D7
:1067A0008021425A0123134343527047B0B50C462F
:1067B0008500FFF783FD00684451B0BDB0B51446B5
:1067C0000D46FFF785FDAA0181180B79A34204D17C
:1067D0007D235B04835000208871B0BD70B51C46DA
:1067E00015460E46FFF774FDB10140180571002CE7
:1067F00001D0212100E001218279DE231340C91854
:10680000817170BD10B50C46FFF762FDA101401803
:1068100081790120084010BD10B50C46FFF758FDE6
:10682000A1014018083010BD10B50C46FFF750FD0F
:106830008221425A012313434352A1014018817916
:1068400040220A43827110BD10B50C46FFF740FD8F
:10685000A1014018817910220A438271152005F0A8
:10686000F3FEF5F753FF10BD10B50C46FEF770F9B7
:10687000A10141188B2252008B5C40241C438C5494
:10688000FEF797FE10BD10B5FEF762F90446002131
:10689000FEF7D2FB8078FF21983160541920000167
:1068A000215A10220A43225210BD70B502467D20A3
:1068B000430400200446802C12D01519AE79F60747
:1068C0000BD02D79FD26354207D015596E1E06D402
:1068D0009D421E4600D86E1A16514034EBE7222026
:1068E00070BD000070B500242046FEF731F9054662
:1068F000094E30683421405C84420CD2284600F0B6
:106900000DF8002802D0284600F008F83320C00017
:106910002D18641CEDE770BD000B0020F0B58DB0A4
:106920000746ED20385C39462C310028079161D0AC
:10693000FF2403945634192000013D183846FEF711
:106940009EFB03280AD12888010707D50021E97199
:106950000822904328803846FEF732FE0B953819FE
:106960000490384600F01EFA00280A9774D01120CF
:1069700000013D1807980479012100262846324677
:10698000FFF796FD0746284631463246FFF790FD51
:1069900038430A9F60D10C9400213846FEF74CFB27
:1069A0000646417884780798027820460991FFF7D7
:1069B0001FFE00284AD00498807804280AD1049841
:1069C0000078A04248D001223046294600F0F9F96B
:1069D000002841D10398163038188178042900D155
:1069E000D3E1012935D10798027820460999FFF7AC
:1069F00089FDD3E148780024002800D1C2E13E4659
:106A0000B436B86F3D467835497D0C91002801D0E9
:106A1000F8F77EFE284606F009F803CEFEF7AAFB3B
:106A2000079D6978788FFFF70DFD384601F0E8FD86
:106A30002879FEF749F9287900F078FC002800D180
:106A4000A0E1012028700C9868759BE10C98FFF775
:106A50001AFF3846FEF738FA452080003C1811200E
:106A600000013818069000200890C5430B9E012DA8
:106A700000D186E1681C0C90308803210991084000
:106A8000012808D1B079FF2805D03846FEF7F7FA7B
:106A9000002800D1ACE0E078401E042800D93AE19B
:106AA0007844007940008744022B617D9200002DDC
:106AB00000D1BCE00A9800F075F9002800D12AE165
:106AC00004988078042804D10B980088400700D4EB
:106AD00021E1002101220A9800F090F900280B9D85
:106AE00000D111E1079800790021FFF78BFE002803
:106AF00000D109E1A078400600D403E1052002E1BD
:106B00000A98FEF7BCFA05900C98C6B20122069FBF
:106B100038463146FFF7CCFC054600223846314660
:106B2000134600F057FAA178C90600D4F3E005999E
:106B3000002900D0EFE0002D00D0ECE0002800D0CC
:106B4000E9E0207800F05EFA074601250A98294618
:106B5000FEF772FA034607980079062231461E4670
:106B6000B847A078C1076AD1E570D4E00A98FEF76B
:106B700086FA032800D0CEE0207800F043FA0646DB
:106B8000079800790C99C9B200252A462B46B047D0
:106B900060700A982946FEF713FDA078C10768D1F6
:106BA0000120B7E00A9800F0FDF8002800D1B2E01B
:106BB0000C98C5B203220A9E3046294600F01EF901
:106BC00000285DD0A078C10776D1012093E00B9812
:106BD0004088800700D49EE0207800F013FA002857
:106BE0007BD006460B98408840076DD508226CE0A4
:106BF000012638463146FEF71FFA022181704170A6
:106C0000099A02700B9A9279C2700B980088084317
:106C10000B99088038463146FEF7D2FC0798007978
:106C20000422002331460B9EFFF7D8FDA6E004980E
:106C30004078C0076FD00220049988706BE00999F2
:106C4000E17003996170EF210840A07001250A9856
:106C50002946FEF7B5FC70780821801CC0B200916F
:106C600001900296002029462A462B46F8F7D5FFC8
:106C700051E040063CD46078FF284AD0042049E027
:106C80002846FFF7CFFB0B9909884A072BD48201CE
:106C9000B218039B1833D25C042A03D0002822D1F7
:106CA000012A20D1042001430B980180152005F012
:106CB000CBFCF5F72BFD2EE040061BD46078FF28B7
:106CC0000B9A1AD1022017E00722079800790C9935
:106CD000C9B20023B0470120E0700B9A508806210A
:106CE0008843508017E0042081430B98018012E014
:106CF00005200FE005200B9AE070108804218843DE
:106D0000108008E00220E070288804218843288051
:106D100001E00220E0700B9E3088C0060A9F26D555
:106D20003846FEF7ACF9002821D10021012206984F
:106D3000FFF7BEFB00281AD1012638463146FEF780
:106D40007BF90721817002214170099901700B992B
:106D5000C979C1700B980088082101431020814334
:106D60000B980180384631460B9EFEF729FCE078EF
:106D7000FE210140022901D10120089040340C9DE0
:106D800075E6089CE0B20DB0F0BD0078A04200D1DD
:106D900062E600223046294600F013F8002800D0B1
:106DA0005AE656E610B50446FEF757F9002804D017
:106DB0002046FEF764F9032801D1002010BD012010
:106DC00010BD70B5920189180E794088C1B20124B6
:106DD0000D2901D1012E0FD0112901D007290AD187
:106DE000050A2846FFF7F8FA864204D12846FFF73D
:106DF0001DFB002800D10024204670BDF0B58DB0E9
:106E000005920E4604463020205C0C9000210A9129
:106E10002046FEF711F941780491112109010794E8
:106E2000641809904788FAB2012520463146089235
:106E30002B4600F0CFF80A9A0B90F81FC0B20B282F
:106E400000D31546624FC7402F4020463146FFF71A
:106E50002FFB0546B00120180690407903900A9652
:106E60003046FFF7DFFA0646800121184879C979D4
:106E70000B9A002A07D0042911D1089988420ED113
:106E8000002D04D114E0002D12D004293BD1002F95
:106E900033D0099821463246FFF793FF31E00C9832
:106EA0003146FFF7A5FA054601200B90042432E095
:106EB00000250598032854D001284DD1079F384656
:106EC0002C30027808980499FFF71CFB0028099ED3
:106ED00042D001240C982146FFF794FC00280B9423
:106EE00071D0AB204000381805780898FFF788FA71
:106EF0000121002863D10C4662E00899401A411E26
:106F0000884100282BD00C983146FFF771FA0546CE
:106F100001200B900524079F099E70781021801C8A
:106F2000C0B2009101900296012100200A4603465A
:106F3000F8F773FE284600F065F8002808D00546EB
:106F400033460698461D0C980A992246A847307089
:106F50003846FDF7B9FF0B9D28460DB0F0BD002562
:106F6000FAE70B950C980A9D2946FFF741FA059020
:106F7000002F0CD0099E304621462A46FFF721FFFC
:106F80000028079F0B9DE7D003240B9008E008988A
:106F900003998142079F099E04D101200B9003248D
:106FA000059DBAE705980128D5D13846FEF75BF86C
:106FB00000280B9DD0D0012505240B95ADE70224B8
:106FC000A80600D40C460898FFF706FA0546A4E781
:106FD00041040000B0B50C460546002B03D0104616
:106FE000FFF70EFA04E0A001281880798006C00F90
:106FF000002805D0022228462146FFF759FAB0BDE5
:107000000020B0BD10B501461239032901D200207D
:1070100010BD8400FFF752F90068005910BD000050
:1070200006494143090C2422D2434A43101881B235
:10703000242900D92538C0B27047C046EB060000AD
:1070400070B50D460446401C002625223146F6F751
:1070500033F83046252E0CD207213140F208AA5CC5
:10706000CA40D10703D0C1B261184E70401C761CD3
:10707000F0E7207070BDF0B58BB0059317460D4654
:1070800009A9F7F76AFB119C10980690002818D000
:107090000495129E00250698A84210D004980390EB
:1070A00009A8029008A8019007A80090EBB220461A
:1070B0003946059A00F012F870556D1CEBE73078F0
:1070C0000AE0039509A8029000220192009220464E
:1070D0003946134600F002F80BB0F0BDF0B589B0A8
:1070E000154608AA00261670002D06931A4600D1F0
:1070F0002A46070C474011980790002D04D1002321
:10710000069801281C4638D81098059079405140BF
:107110000C46022E07D8A0B200F042F811214143DC
:10712000CC19761CF5E72046784086B23046FFF74A
:1071300077FF242815D8C108059A525CC900411A66
:10714000C9B2CA40D1070CD008A90870079A511CCF
:10715000127800239A420DD0CE5C86420BD05B1C85
:10716000F8E7079908784643330CC818407808A90F
:10717000087000E02523002D0ED10F990E9808AD60
:10718000BAB200900192079802900395A2B2DBB2C6
:10719000069800F003F8287809B0F0BD70470000A9
:1071A00041000A4A0A404008094901408818810004
:1071B000084A0A4080080849014088180101074A26
:1071C0000A4000090649014088187047AAAA010030
:1071D00055550000CCCC070033330000F0F0000020
:1071E0000F0F0000B0B50124204601F099FC0546C0
:1071F000204600F0BAF828430AD1064800689421D6
:1072000040580C3005F033FD00F060F80020B0BDB0
:107210000C20B0BD540B0020F0B587B00C460546DD
:10722000069105900126304601F07AFC074630466B
:1072300000F09BF838431DD1E8B2FF2805D1059036
:10724000FF2109060C400694054610480068942169
:10725000405803A9019104A900910C30012329464B
:10726000224605F085FC002806D005A8012100F083
:107270002CF805E00C2006E003A80078002801D0D7
:10728000002000E0072007B0F0BDC046540B0020EE
:107290000020704700207047704700207047002092
:1072A00070470020704770470020704700207047EB
:1072B000704780B509200021FFF778FA80BD70473C
:1072C000704770477047002070477047704770479D
:1072D00070477047704700008C21414304480068A4
:1072E000942280584068806B00680068401870479E
:1072F000540B0020704770477047000010B50128FC
:1073000010D101290ED1012A0CD100242046FFF70B
:10731000E3FF14300449897F002903D004608C30D6
:10732000491EF9E710BDC046680B002000207047D9
:10733000024800689421405840687047540B002070
:107340007047704710B50446FCF732FF012808D19A
:10735000601E062807D8FFF7EBFFEF2144540020FA
:1073600010BD112010BD122010BDB0B5054600247F
:10737000FCF71EFF01280DD1FFF7DAFFEB21415C7E
:10738000C90707D0002D04D0EA300078012404405A
:1073900000E001242046B0BD0020704780B51120D8
:1073A0000021FFF703FA80BD0021034A8162C26217
:1073B0001921C901018670470100010080B503460B
:1073C00001200002081828330A221946F5F764FE46
:1073D00080BDF82100224250F830012109044160AB
:1073E0007047704770470020704780B5102000211B
:1073F000FFF7DCF980BD00004007000F0149085A83
:107400007047C04622280610801EC0B2032801D350
:10741000002002E0C1000248C840C0B27047C04628
:1074200001040600B0B5014600791F2811D80020DC
:1074300002460346252A0FD007241440D5084D5D87
:10744000E540EC0703D05B1CDCB2022C03D0521CDD
:10745000F0E70020B0BD0120B0BD000080B50449B8
:1074600009689422895848310522F5F715FE80BD38
:10747000540B0020F0B585B01F4614460546039115
:10748000FFF7CAF902902846FDF762FB611E062944
:1074900074D806462C30C0467944097949008F4497
:1074A00003036D2F6D345F000078032866D1FC1C48
:1074B0002046FFF7B7FF012858D1387A01907F7A2C
:1074C00005222046029C214605F046FA3802019921
:1074D000401882B230462146FEF722F800240226E8
:1074E000284621463246FEF7F9FF01232846214669
:1074F0003246FFF773F928460399FFF795F93DE007
:10750000B878012836D02A2135E03146FE310A8884
:10751000318FC08AFEF758FF04A901910880029CB0
:1075200020462946FFF79AFF0120B870082078709E
:1075300003203870F91C0522204605F00DFA0837A3
:107540000222019C2046394605F006FA2288304680
:107550000299FDF7E5FF28460399FFF785F90DE04D
:10756000022228460399FFF729F907E02846FFF78A
:107570008AF903E023213046FEF766F9FF2005B0C3
:10758000F0BD002070477047704700207047002012
:10759000704710B50C2000242146FFF707F90D2095
:1075A0002146FFF703F910BD704710B50E200024E7
:1075B0002146FFF7FBF80F202146FFF7F7F810BD33
:1075C000F0B591B00C93144605460B91FFF724F9E2
:1075D0000A902F462846FDF7BBFA611E072900D9FD
:1075E000D6E005462C350646FE36C0467944097974
:1075F00049008F440303CD1FCD2C7BC82978032974
:1076000000D0C5E009900C9C63892289E18830880C
:107610000E460021009101910290304631460892B9
:107620001D4600F00DF9002800D1B4E03846FFF700
:107630002AF9ADE00C998B7823210F2B0A4600D054
:107640002A22002B00D01146FEF7FEF8A0E00C998C
:10765000891C07910446FDF771FA08903288099455
:10766000218FE88AFEF7B0FE054628200121069109
:107670000A9C2154208B618B081840081090A08B25
:107680000490E68B0DA8077110A90F910D9400F0DE
:10769000FCF810982083059529048919664A049DF1
:1076A0002B04034307980CC0016064480C990880C0
:1076B0000320400232032146E5602261069A52020D
:1076C00005C408980068628B1202083C904200D3FF
:1076D000104648611098400288600998059AFDF7A5
:1076E0002BFF38460B99FFF7BFF851E028210A9E7F
:1076F000715C01293D4643D104460DA805710D96E4
:1077000000F0C4F84A4800683D21415C890632D542
:107710003D30407A40072ED5F08B0C90B08B09900D
:10772000378B668F43480068006980212422042437
:107730002346F8F777FA00281DD001460B304E7229
:1077400007700A97099F4F730C9B037100220A72FE
:107750000322CA710A228A713E224A710C71320ACE
:107760008A720A9A120A42703A0A8A731A0A427193
:107770008020F8F7F4FA002128460A4600F0E1FDDF
:107780000022284601E0002238460B99FFF716F840
:10779000FF2011B0F0BDE078002800D146E7711E4F
:1077A000082900D3082181420C9900D23EE78A883B
:1077B000B24200D93AE733460A9E2946F583089D2E
:1077C000B5833383738309031C465B025202400274
:1077D0002DC63160099EF26C01209A4206D1B26E2C
:1077E000914203D1308F281A411E884128210A9DD9
:1077F000685410940DA8077110A90F910D9500F011
:1078000044F8022238460B9C2146FEF767FE002210
:10781000012338462146FEF7E1FF0C988289304665
:107820002946FDF789FE38462146FEF7FDFFAFE702
:10783000540B0020040B002000030100030C000087
:1078400070B504461220062C1CD31925ED01AC425C
:1078500018D8062916D3A94214D8A14212D39408E5
:107860007C2C0FD8059C049EB4420BD30A2B09D361
:10787000AB4207D80698521C4A43424390088342C1
:1078800001D8122070BD002070BD7047704780B5D0
:107890000A200021FEF78AFF80BD70470020704754
:1078A00070470000F0B58DB0099316460F460446A8
:1078B000FEF7B2FF054608942046FDF749F9034656
:1078C000052E07D13D211846FDF7BEFFFF263046A5
:1078D0000DB0F0BD044607952A46283205462C35E2
:1078E000287802282AD11078401EFF260B28EED8CF
:1078F0004000C04678448088400087440B00A200C6
:10790000A500C000CA00CE0028012C01540164016A
:10791000730176010A2009998870FF2630460430E9
:1079200008800121089815460A461C46FEF7D6FD38
:107930002046FDF737FE02202870C8E7012E2ED121
:1079400000205070069200251F4618462946FDF774
:1079500079FB09998978032955D100283B46079E70
:10796000B0D1099CE01C3146303108220492184BFA
:10797000984720460B3031462E310222144B98474F
:1079800020460D303146049A114B98471534203665
:107990000422204631460E4B9847052039E05078A6
:1079A000FF260D2893D8EC344000C04678448088E8
:1079B000400087440F0010005D0165016E019201D7
:1079C000D2011C02E5013C02E901F901100230027A
:1079D00059C90510B6E70B2009998870022050702C
:1079E000FF263046043008800024012208982146F2
:1079F0001D46FEF773FD2846FDF7D4FD28462146B7
:107A0000FDF7BFFD63E701283B4600D05AE701259B
:107A10002846089E069C6070257100243046214649
:107A20002246FEF75BFD3846FDF792FD30462146C3
:107A3000FEF70AFF0122304621462346FEF7CEFE1E
:107A400044E70320107019E1099880780B2800D0D2
:107A500038E704201070022118461D46FDF791FDFD
:107A60000124089F38462146FEF7EEFE00223846E4
:107A70002146FEF733FD2846FDF76AFD27E70B2078
:107A80000999887005201070FF2630460430088060
:107A90001DE7062010700121D1E10496099FBE1C4C
:107AA0000025F949284605930692884704460B901D
:107AB0002846F54988470C902846F34988470390A3
:107AC000F24939800A90069D287A0002697A0904F1
:107AD0004018A97A09064018C01C3060079F384634
:107AE000333000F011FA70602006F98D0902081891
:107AF000E97B4018B0600BAC601C00F005FAF06048
:107B00000398000661794018A17909024018E179CB
:107B10000904401830610AAD6878A978090208188C
:107B2000E978090440187061049E0822204639460D
:107B300004F012FF203704222846394604F00CFFD7
:107B4000072006990870012108980A46FFE00820DE
:107B500010700426BBE609988078112861D00728A8
:107B60005FD00D285DD00428079E00D0AAE609202A
:107B70001070099FF81C3146083108221C4604F099
:107B8000EBFE0B37314624310422384604F0E4FE84
:107B90002E66012100220898FEF7A0FC2046FDF782
:107BA000D7FC052693E609988078112846D00D2841
:107BB00044D0052800D085E6144601210898FEF738
:107BC00043FE0A200CE0062009998870FF26304603
:107BD00004300880022118461446FDF7C1FC0B2032
:107BE000207074E60C201070CCE00998807806288C
:107BF00000D067E6002015461070BE4800682C21B2
:107C0000405CC007C10E6F20C04348401C465A8FDD
:107C10002979C0B2012900D015E1114600F0B2F96E
:107C20001CE0B44800682C21405C0001C043802166
:107C30000143902008405A8F1A210BE0AD4800689C
:107C40002C21405C0001C04380210143902008406A
:107C50005A8F06211C46002300F062F92046FDF7EA
:107C60003AF92046FDF726F9012108980A46FDE079
:107C70000320507001211846FDF783FC0B2626E6F1
:107C8000099880780B2800D01CE604205070032649
:107C90001DE6099880780328079F00D012E605208A
:107CA0005070099CE01C3946303108252A46954B16
:107CB000984720460B3039462E310222914B984787
:107CC00020460D3039462A468E4DA84715342037B8
:107CD000042220463946A847B0E000250395884C89
:107CE000284605930692A0470B902846A0470C9083
:107CF0002846A04704210291099CA1700D216170C2
:107D0000032121700A90E11C0BA80190049608261B
:107D10007C4B324698470B340AAF38462146029DC9
:107D20002A46784B9847079C2146083101983246ED
:107D3000049E744B9847734B2434384621462A4698
:107D40009847062006994870012208980399FEF783
:107D5000C5FB0598FDF726FCB9E5674800683D219D
:107D6000415C890604D53D30407AC00600D580E0EC
:107D7000002108981446FEF767FD20460D27B7E05E
:107D8000092050700626A2E50620099988700B206C
:107D90005070FF26304604300880012518462946D9
:107DA000FDF7DEFB257092E50020099050705148E8
:107DB00000682C21405CC007C10E6F20C0434840C2
:107DC00011465A8F097901290593C0B23ED1114657
:107DD00000F0D8F83EE018461546FDF77CF8002480
:107DE000012208982146FEF7E9FC6C706FE5D07817
:107DF000012810D105200999887007982866FF2668
:107E0000304604300880002118461446FDF7A8FBD0
:107E1000082060705BE5099819461C46154600F07D
:107E2000E3F80C2068702046FDF744F84FE5099808
:107E30008078062800D045E50A2050700021089877
:107E4000FEF702FD43E50021012305E700210123A0
:107E500000F066F80598099921700446FDF73BF893
:107E60002046FDF727F8012208983946FEF7A6FCC0
:107E70002DE5204800682C21405CC007C00E049608
:107E8000069205D0192204E08BCC051003170000E0
:107E90000A22079F6F21C9434840C1B2F88D08905C
:107EA0005C8F164800680069042509912B46F7F796
:107EB000B9FE39460727002818D006460472200A62
:107EC000707230460A3030310822F5F7E5F808992B
:107ED000080AF074B1740520F0710D20B0713E20D5
:107EE0007071357109983146F7F739FF049E06988D
:107EF0004770ECE4000B0020540B0020040B002022
:107F00008BCC051059C9051001784278120251181E
:107F1000827812048918C07800060818704700009B
:107F2000F8B51E4615460F460446C00606D413484B
:107F3000006836214056002804D4F8BDBF20044014
:107F4000062200E016220E4800686107C90E40189C
:107F5000006902232146F7F765FE0028EDD00146AF
:107F600005728672C7710420887108224A710871EF
:107F7000280A48722046F7F7F2FEF8BD540B00209D
:107F8000040B0020B0B50D460446C00606D41448C4
:107F900000683B214056002804D4B0BDBF200440F7
:107FA000072200E017220F4800686107C90E401839
:107FB000006902232146F7F735FE0028EDD001467F
:107FC00005720020C8710320887130204871042098
:107FD0000871280A48722046F7F7C1FEB0BDC046B6
:107FE000540B0020040B00200322027085235B0049
:107FF000C95C490703D406230D21022203E00621B0
:10800000017111211346C370817042707047F8B539
:10801000144606460846FCF7A9FD302141560029C2
:1080200005D42C300078022803D1122518E002254F
:1080300016E0CFB2002538462946FEF705FC384643
:108040002946FEF7E9FB01462B30002E01D00570D2
:1080500006E00122027010311022204604F07CFC60
:108060002846F8BDF0B585B01C4615460F460646B5
:10807000FEF7D2FB039002963046FCF769FD0646F8
:10808000FF20062D00D99EE0049785214900731832
:1080900037462C377D442D796D00AF440308942A70
:1080A00094944F000499012965D109208BE0A178AF
:1080B0000E2902D0082900D085E0E41C039908317C
:1080C0000546082220461E4604F046FC052230469E
:1080D0002146F4F7E1FF029E3046049C2146FEF75C
:1080E000B3FB0322002330462146FEF777FB2846E8
:1080F00069E0A17807294AD0092964D107461920E7
:1081000000013518E41C052218462146F4F7C4FF87
:108110000398407C002805D0728F802000212346E0
:1081200005F02AFE0120400229880143298003220C
:1081300002980499FEF742FB384644E00290092079
:108140000190607003202070E61C304600F03EF87D
:10815000A079F7210140A17108253046039E3146E0
:108160002A4604F0F9FB0498012808D1387802283F
:1081700026D1A57026E00446032202981CE001984F
:10818000A070E078317A0140E17031741AE03978FA
:10819000032918D104461878F72101401970039B70
:1081A000587C002805D0728F083380201A2105F0F2
:1081B000E3FD032202980499FEF700FB204602E04B
:1081C0000E20A070029805B0F0BD0000FEB5009032
:1081D000FBF7E8FF0546FFF776F8C0B2C021414340
:1081E0002806C50C0D4309200602FBF7DFFFC7B2C6
:1081F00077432F4301F040FC05033D432C4EB0472D
:10820000C0B22C4F47432F430D208506FFF742F89D
:10821000C4B26C433C4373204504FBF767FFC7B20D
:108220006F432743FBF762FF0546B0472840C0B2C3
:108230000325EC0444433C43FFF72AF880074742F8
:10824000274301F007FC800338431B490143019198
:10825000FBF7AAFFC0B20E244443FFF798F90006CB
:10826000470C2743B047F921090104010C403C4366
:108270002E0201F001FC0546754325430120C4028E
:10828000FBF796FF0006000B0419FFF70FF8C0B2CA
:10829000604328436121014308480068006A0840A0
:1082A000029001A908220098F4F7F6FEFEBDC04630
:1082B000A9720510002000031D000008540B0020C7
:1082C00070B504460846FCF751FC00281CD0064651
:1082D0002C363178032907D18521490040180078D0
:1082E000000701D41A2424E030790121FEF78AFA2C
:1082F00000280DD0002C09D130790121FEF778F843
:10830000032803D1002414E0022412E03A2410E0F0
:10831000307901252946FEF77FFA447430792946E1
:10832000FEF792FA30790322002429462346FEF70D
:1083300055FA204670BD80B506200021FEF736FABA
:1083400080BDB0B515460C46FCF702FCE621435A49
:10835000002D1A4600D02246C46C0146E6310D8B32
:108360006543008F0A306843000B84B2641D944259
:1083700000D3224694B2A3420BD048800A800879E9
:10838000012806D002200871132004F05DF9F4F7EB
:10839000BDF9B0BD10B5C26C0146E6310B8B53433D
:1083A000028F0A325A43120B93B2084CA34200D8F0
:1083B00023465B1DE6240353012008714A801320E5
:1083C00004F042F9F4F7A2F910BDC046B30B000067
:1083D000F0B589B000242046FCF7BAFB00900120DC
:1083E0000890414800683421405C84427AD23320AE
:1083F000C0000594604300990D182C20285CFE21D4
:10840000014002296BD10121009C20460791FCF715
:1084100019FE0646002120460191FCF713FE411E7D
:108420008841002E0899049100D104902B462846DB
:10843000E83003902846E6300290EA33089F06931E
:108440001C78F02626400F252540032D1FD0022D35
:108450000BD0012D2BD1049800282CD01320012102
:1084600004F004F9069B022525E003980088029990
:108470000988081A0A2343431C4800680599C9B2B1
:10848000A830012204F089F9069B032513E0A00619
:1084900011D5049800280CD00598C0B200F028F837
:1084A000002801D0D02626400898069B04E00198B9
:1084B00002E0D02626400898EFF3108172B61978B2
:1084C0008C4203D12E431E70002102E007990F4019
:1084D00039464A1E914162B600270842B0D1059C38
:1084E000641C7EE709B0F0BD000B0020540B002097
:1084F00070B505460121FEF785F90446012804D12F
:108500001320012104F0B2F80AE001262846314682
:10851000FEF79AF90822002328463146FEF75EF955
:108520006042604170BD0000FEB50446FCF710FBE0
:1085300005462C20285CFE21014002295AD10294D4
:108540002F46E6373A79D00619D4F0240192144028
:1085500001212846FCF776FD064600212846FCF757
:1085600071FD304306D00298FFF7C2FF012801D009
:1085700020200443019A10262643788827E0C0264D
:108580001D4800684021405600281CD5688F019086
:108590001A480068806942211446232202252B468E
:1085A000F7F740FB224600280DD00146019AC27120
:1085B00085715720487104200871100A0872422002
:1085C000F7F7CDFB2246164078883988081A0A2327
:1085D0004343EFF3108072B638798242029902D198
:1085E000032006433E7162B603480068A8300122AA
:1085F00004F0D3F8FEBDC046540B0020040B00204D
:1086000010B50446EA20205C01280DD02046303009
:10861000017806480068A83004F089F8E6200021B7
:108620002152E6346180217110BDC046540B0020F8
:1086300070B5FF24062A35D80546900001A21058CF
:108640008746C0466186051069860510A586051017
:1086500081860510A5860510A5860510858605105E
:10866000012917D113241DE0002628463146FEF7C4
:10867000EBF80822284631463346FEF7AFF811E002
:10868000012108E00120587003201870012907D04B
:10869000132006E0002108222846FEF78FF801E0AB
:1086A00012209870204670BD704770477047704721
:1086B00080B5FCF74DFA4121405C03490968497ACD
:1086C000F6F7DEFA80BDC046540B0020704700204C
:1086D000704780B50B200021FEF768F880BD0020B0
:1086E000704780B507200021FEF760F880BD0020AC
:1086F0007047002070477047F0B587B01E4614469B
:108700000F460546FEF788F804902846FCF720FA45
:10871000FF22062C00D9A2E00346C0467C442479FF
:108720006400A74403199C449C9C5F00012F6AD1FC
:10873000192000011C18185AC10404996FD5284645
:1087400000F0A4F8012105222846FEF737F8218819
:108750004C480840FF2263E002930392284600F051
:10876000CFF800287AD1F01C05220192049C214602
:1087700004F0F2F8029E31463C312046019A04F0A2
:10878000EBF8192001017018715A0A056AD5012207
:10879000120311430180052228463946FEF70EF8E0
:1087A000708F214600F084F82846214617E0B07803
:1087B0000C2854D1F01C0524049E31460392224615
:1087C000029304F0C9F8284639462246FDF7F6FF21
:1087D0000298408F314600F06BF82846314600F091
:1087E00055F83BE0039206A830210180012F20D1EB
:1087F00019200101585A820416D501210522284664
:10880000FDF7DCFF15E01446052228463946FDF742
:10881000D5FF2846049900F039F822461FE00C22C3
:108820001949014021801AE059180122D20210434F
:1088300008800D20F0700C20B070062070700320AE
:108840003070311D06A80224224604F085F805A8E0
:1088500004210180B11D224604F07EF8039A1046DF
:1088600007B0F0BD0122520311430180284639466A
:10887000FDF7EAFF0522002328463946FDF7AEFF43
:10888000ECE7C046FFEF0000FFF7000010B50C4614
:10889000FCF75EF90146192000010A5A01231B0268
:1088A00013430B523C310522204604F055F810BD0D
:1088B00070B50C460546104800683721405C00073B
:1088C00019D50E4800688069022121220323F7F799
:1088D000A9F900280FD00646001D29462246F7F7C1
:1088E000C3FC0820B0710C2070710420307102208C
:1088F0003146F7F734FA70BD540B0020040B00200A
:1089000080B5FCF725F9FF219231415C0120084038
:1089100080BD00000248006894214058006D7047F7
:10892000540B0020704770477047002070470000CC
:10893000B0B50E480068A4214458FF20A077002558
:10894000E577FBF7D3FB01280FD1FFF7E3FF2422E4
:1089500007498A5C002A2A4600D00268A2622322C4
:10896000895C002900D04568E562B0BD540B002049
:10897000680B002010B5017C022909D10124047480
:1089800001688268C3680CC0A12005F08DFA00E080
:108990000024204610BDF8B51E4617460D46044675
:1089A000F5F73BFD2046F5F746FD2046F5F7BDFD02
:1089B00020462146F5F7C6FD20463946F5F75DFD10
:1089C00020463146F5F718FE069F002E02D02046BD
:1089D000F5F721FE2046F5F7FAFC2046F5F774FD81
:1089E0002046F5F73EFE2046812F09D12946F5F7AE
:1089F000C5FD2046F5F7E6FD2046F5F718FEF8BD63
:108A0000F5F722FE2046F5F7ACFDF8BDF8B51E4699
:108A100017460D460446F5F700FD2046F5F70BFD19
:108A20002046F5F782FD20462146F5F78BFD2046CE
:108A30003946F5F722FD20463146F5F7DDFD079F63
:108A4000002E02D02046F5F7E6FD2046F5F7A1FD01
:108A50002046F5F7BCFC2046F5F736FD2046F5F735
:108A6000F3FD2046F5F73CFD2046F5F7B8FD812FD4
:108A700007D120462946F5F781FD2046F5F7B3FCDE
:108A8000F8BD2046F5F79EFDF8BD0000F8B51D467F
:108A900016460F460446F5F75FFF11492046F5F7E5
:108AA0007BFF10492046F5F7BAFF20463946F6F716
:108AB000E7F820463146F6F7BCF820462946F6F797
:108AC0004CF80698812803D12046F6F7A3F8F8BDA4
:108AD0002046F6F733F801212046F5F7C7FFF8BD29
:108AE000D6BE898E5555550070B5044601F07AFA08
:108AF0004D21415C094D0022BE2391420BD00668F6
:108B0000F65AA642164600D02E4601252D025B19C4
:108B1000521C3546F1E7A8B270BDC046FFFF000009
:108B2000F8B5044601F05EFA01464D20085C0202E9
:108B300000200D4B0546AA4213D00E687619BE27B9
:108B4000F75B9F4203D0CE27F75D012F03D00126AC
:108B50003602AD19EFE7002C04D0C320305C411E73
:108B60008841F8BD0120F8BDFFFF0000B0B5044604
:108B7000D620205C800701D40020B0BD2546843576
:108B80002846FEF7A6FBA16F2846FEF79AFBA06FCA
:108B900008300021FEF793FB606FA16F6167A0674B
:108BA0000120B0BDF0B585B004920E4605464D24B7
:108BB00001F018FA0555066003904D30012102902E
:108BC00041700191CB0400267C27049AE8B28642CA
:108BD00026D203980068C351C5195420114929525F
:108BE000522400202853422429535E2428555C2413
:108BF000FF2129555A216854462107246C522861C7
:108C000068616B600499002902D050652C3D2A6090
:108C1000019800023F185C3202980578761CD5E76F
:108C200005B0F0BDFFFF000070B5044601F0DAF9B1
:108C30000546304E3046FFF757FF2F49884212D184
:108C400000F060F8FF2834D0000229680818BE211F
:108C500046524C210022425438214254C2630264DD
:108C60008262C26208E0000229680818CE21415CD5
:108C7000012901D10C253AE06179C22281540646CE
:108C8000C2360025F5720121F170A1797170218839
:108C90000902C167014684312279042A15D8C046E9
:108CA0007A4412795200974402060A0C0E00F3200F
:108CB0000AE007251BE0114AC267FD2004E0F2200C
:108CC00002E0F02000E0F5208886207AE2790D604D
:108CD0004D6032757075207A0870481C0934062280
:108CE0002146F4F7D9F906480068407AB070284662
:108CF00070BDC046FCFF0000FFFF0000DC05000067
:108D0000540B002010B501F06DF94D21425C00219B
:108D1000BE238A4208D00468E45A240B05D10124FA
:108D200024021B19491CF4E7FF21C8B210BD000042
:108D3000BCB5044600F016F8002300930121074D4E
:108D400020462A4600F02CF80446054801685631B2
:108D5000284600F08FF92046BCBDC046FCFF00004D
:108D6000540B00201FB50C48FFF7BEFE0B4988428C
:108D700010D16C46002121720120C0022080072002
:108D800000020190204609300622F4F795F92046AA
:108D9000FFF74AFF1FBDC046FCFF0000FFFF0000B9
:108DA000F0B58FB00E9317460D460646054301F009
:108DB00019F90446002D07D03846FFF795FEA7495C
:108DC000884218D142204AE025464D3500263746D4
:108DD0000E96287886420CD22068C019CE21415CBC
:108DE000012901D100F092F9012000023F18761C00
:108DF000EFE70E9833E0010222685418CE21615C3F
:108E0000012E24D100021518D620285C01273840F5
:108E1000002926D000280AD08C202858A96F2A467D
:108E20008C32526805C1686FA96F6967A867942082
:108E300028580026002808D094357D2044010E983B
:108E40004443F4F7F4F920182860304607E0002086
:108E5000012904D10546204600F058F928460FB0F4
:108E6000F0BD002807D08C202858002803D190207E
:108E70002858002806D0B820285AC10704D0E98D08
:108E8000F52901D91220EAE7122301461A461940B2
:108E9000022903D14221695A002940D000070FD589
:108EA0006D48BE21695A814201D00E9800E08020B1
:108EB000802801D91046D2E70E9000281046CED067
:108EC0001498BA2168527D2671010E9A514394225A
:108ED000A950002801D0CF216F54BC2168522046F0
:108EE000F0F7E1FC0028BAD12946D6312846643093
:108EF0002A4654326A67A8672B4678330978C9072F
:108F00000D930ED100210160A966554801682046E5
:108F100065300622F4F7C0F80D98006808E00C20D0
:108F20009DE78C2169582A468C32526806C0083861
:108F3000294694310E91842169582A468432526818
:108F40008160C2602046FFF711FE00280C9602D017
:108F5000FEF7BDF906E02846743001680D9B1A68DB
:108F6000026019600E992646CE362846B8300D901C
:108F70000868002805D0F4F75AF90E9A1168081805
:108F800010603770C420295CD027E85D81220E92E2
:108F900000922E46143622463346FFF777FDE85DF1
:108FA0002521F5F74EFD2F46D0370D980088C006D5
:108FB00003D4204600F05FFD42E0F4F738F99C212D
:108FC0000B91685000F0F8FF099000F0FDFF0A9047
:108FD00038780890942000210D910A46F5F7B0F8F2
:108FE00003460E98009020460899099AFFF7D3FC93
:108FF00038780990962001210D9AF5F7A1F80346DB
:109000000D9800900E980190304609990A9AFFF742
:10901000FDFCE96F0B982A583878124B0793124BD6
:109020000693124B0593124B0493142303931F23AF
:1090300000AE0EC60C99CB0021460E9A01F054F8F2
:109040009C242959387801F02BF82859397801F0F7
:10905000DBFA002003E7C046FCFF0000FFFF000032
:10906000000B0020A992051031970510A19505105D
:10907000B1920510F8B50C460646FFF735FD0546DA
:10908000184885422BD000942C0200F0ABFF0768F3
:109090003819BE214652B821405CC00707D02802CB
:1090A0003818CE21405C012801D10C2518E00E486B
:1090B000006856300626009C21463246F3F7ECFF46
:1090C000280238188C210122425001468C3100259B
:1090D0004D608D3021463246F3F7DEFF00E0122569
:1090E0002846F8BDFFFF0000540B002010B50446D1
:1090F000002003F0C3FD044901402088401A424289
:1091000042414A40228010BDFF0F0000B0B5044626
:10911000EFF3108072B62546CE35A87800F0D2FF66
:10912000D120205C00F0CEFF62B6A87801F07CFA76
:10913000CE2000212152A87AFF2801D0FCF75FFB46
:10914000FF20A872287A800701D5FEF7C1F8B0BDCC
:1091500010B50446FBF72CF8012805D1FEF7E8F816
:10916000EB21405CC00706D1FFF7FCFD0348214618
:10917000FFF780FF10BD0C2010BDC046FCFF0000B3
:10918000FEB5029314460F46054600F02BFF064637
:109190003048854201D11F2007E001200221FAF763
:1091A00025FF002800D0FEBD2B481221A04201D28D
:1091B0000846FEBD01912846FFF796FC0002316883
:1091C0000E182046314600F054FC0028EBD1CE208A
:1091D000315C3820305C042F12D1002938D00028AF
:1091E000019A1BD01B48854218D1F08D002815D05C
:1091F000B820305A1021014021431046D3D10FE04E
:1092000035463835002911D0032F09D102202870A6
:10921000F4860020B08602993163FEBD1046FEBD83
:10922000B6363046FFF762FF0020FEBD37462837CE
:109230000028029A05D03968A120029A04F034FE71
:10924000029A3A6001202870F4850020B085FEBDA6
:109250000198FEBDFCFF000072060000F8B50C4648
:10926000054600F0BFFE0746FFF77CFD0C4E30467A
:10927000FFF73AFC0B49884208D1FFF743FDFF286E
:109280000BD0000239680818BE214652032130462F
:109290002A462346FFF774FFF8BD0120F8BDC046FB
:1092A000FCFF0000FFFF0000D021FF224254704766
:1092B000F0B58FB00746D020385C2C235843684A5D
:1092C00012681018807D3C4694343A46B4320592B8
:1092D0003E46D6361428049602930AD1F3F7A7FF28
:1092E000054600F0BDFE059B28183230A060012520
:1092F0001BE0A268561800253046114600F0ACFE6F
:10930000002805D0F86FA1680A18A2606D1CF3E769
:10931000059B9888000708D4012003F0B6FC059B44
:1093200050490140A0684018A0609888032101407E
:10933000481E814148001880987B01220146019215
:1093400011408207D20F89184007C00F0818401E2D
:10935000987738461E4600F08BF80146307FF5F7C7
:109360009AFB307FF5F756FC002003900499487172
:1093700038462830FFF7FEFA064638463C30FFF7FD
:10938000F9FA002E049E02D03179C90704D10028D1
:1093900005D03079800702D53846FFF7E7FBA16892
:1093A0002068059BDA88002A02D1DA7E012A03D0E0
:1093B00088424CDA00284AD0987E002847D0988806
:1093C000000720D50DA80090039981800D9106A873
:1093D000019A42763C228276FF228275C181224A1E
:1093E00082827A6F137A03768181C175009B07931D
:1093F000093206920A910893FBF730FF3078800714
:1094000001D5FDF765FF0220FAF7FEFD012819D10D
:10941000059BDA88002A01D03C2000E0432001901F
:10942000124800680299405C0001C0431946A1231C
:109430000343B12018400B7A9A1AD3B28A7A019961
:1094400000F05EF8384600F095F8A168059B187F9B
:1094500000F026FE0398707128460FB0F0BDC0469C
:109460005C0B0020FF0F0000FFFF0000000B00203E
:10947000FEB50446C220275C01253D40BA07D00F47
:1094800028187907C90F4018401EC0B2C234267C84
:10949000B0420FD101920120029003F0EFFB012EA8
:1094A0000AD0022E0ED1C0B20621E6F73DFF12A06F
:1094B000405C12E0607C11E002990840002D04D16C
:1094C0000CA108E0B808381A07E00199002901D476
:1094D00007A100E005A10818007860747100C2B20D
:1094E000CA40032010402430FEBDC04606090000DB
:1094F000070D00000B0E00001B1E272D3639000043
:10950000F8B51F4616460D460446C0060BD417484C
:1095100000683D21415C890627D53D30C07A80072F
:1095200023D51F2202E0BF2004401122104800680A
:109530006107C90E4018006903232146F6F772FB44
:10954000002812D001460F20C872FF2088720F73C6
:109550004E720D721220C871062088713E2048712B
:10956000042008712046F6F7FAFBF8BD540B0020E2
:10957000040B0020B0B50446D120205C00F0A2FD11
:109580002546CE35A87800F09DFDCE200021215241
:10959000A87AFF2801D0FCF732F9FF20A872B0BDED
:1095A00070B50446C520205CFDF72EFF0546264613
:1095B000C536F07A2946F5F74EFBF07A2946F5F7DD
:1095C000DEFAF4F734FE00F0F7FC0246B07D2146E7
:1095D00000F001F870BDF8B514460D4606460F467A
:1095E000B8370420002E01460DD139884A0707D428
:1095F000032211404A424A41022903D0510002E0AD
:10960000012100E006212170002E07D13988014098
:1096100004D12E20285C801D60700FE0002E04D045
:10962000284642300078801D00E00C206070204603
:109630000830696F09310622F3F72EFD696FA01C0F
:10964000491C0622F3F728FD20782F2101402170C4
:10965000686F0078C007400E40182070696F097A63
:10966000C9010818207000F0F5F92178400108437D
:1096700020707142714138880422024090080840ED
:1096800001D1082700E00E27002801D00C2011E0AE
:10969000002E01D03C2000E028202958002E01D0C7
:1096A000422000E02E202D5AE0192A46F3F7F4FC60
:1096B0007819801E60700020F8BD0000F0B585B0FC
:1096C00016460D460446F4F78EFEF3F7F1FD03202F
:1096D000C043C11C68460181012101824173BE2142
:1096E000615A81722746BE37BA7EC272BA7C8273D3
:1096F0000E4A891A4A1E9141C17301730196009561
:10970000FCF7AEF820462830FFF734F93C34204609
:10971000FFF730F900203874B87C00F043FD387E44
:10972000800701D5FDF7D4FD05B0F0BDFCFF0000BA
:10973000F0B58FB0044600F047FC06908B4D2868CA
:10974000F4F70FFE06462868F4F722FE0546D027F8
:10975000E05D2C214143864A12685118897D142905
:1097600003D10A21032200F0E3FE2046B430079023
:109770000894DB340594002E39D000250E950D9504
:10978000069C2078C0090DA908707A480068C05D61
:109790000390481C2146083106263246F3F77CFC2C
:1097A0000C9504950B9520784006C00F0BA9087006
:1097B000481CA11C3246F3F76FFC20780F260640A8
:1097C000052E01D1F3F774FD079FFB7B3A79049CCA
:1097D000029409AD01950898843000900BA8314699
:1097E00006F08CFB41087E2908D8014607E00126D7
:1097F0000024002D5AD0089D079F5AE001212970AE
:10980000089D696F0A680D9B9A422DD149680E9A8E
:10981000914229D10446FF3C611E8C41032E23D185
:10982000FF2821D0B888012480071DD5039801287E
:109830001AD12846F4F7D7FD787E012809D1788916
:109840004D49884205D009AA1178C0B2521C00F0D7
:1098500097F8387FF5F7DEF901200599087028465A
:10986000FFF79EFE002624E0B888C0071AD0052E18
:1098700018D10698FBF7C0FE012813D10A99099860
:10988000FBF78CFC41424141214001290AD1039858
:10989000012807D109AA28460699EFF7F4FF012607
:1098A000002406E000243C80012602E0079F3C8063
:1098B000089D3988B87F002822D0002922D1401E77
:1098C000B877B88803210140481E8141480038809C
:1098D0002846FFF7CDFD0146387FF5F7DCF8387FE5
:1098E000F5F798F92846F4F76DFEF3F7E1FC002050
:1098F000059908702846FFF753FEF3F7F1FC2AE0BC
:10990000002919D019480068F4F742FD002822D038
:109910002846F4F757FE787C012801D0174900E06B
:10992000462114352846F4F7AEFE3888401E3880AC
:10993000F4F77DFC00260EE0F3F7BAFC2846F4F7B6
:1099400041FEF888401EF88000212846FFF7B0FC51
:10995000387F00F027FC002C02D03888401E388069
:10996000F6F75CF930460FB0F0BDC046500B002052
:109970005C0B0020540B0020FCFF0000EE020000F6
:10998000F8B50E460546154800683D21415C89063C
:1099900022D53D30C07A40071ED5144610480068D5
:1099A0004069A1212B220323F6F73CF9002813D0AC
:1099B0000746467205720A3006222146F3F76CFB11
:1099C0001320F8710920B8713E2078710420387195
:1099D000A1203946F6F7C3F9F8BDC046540B002064
:1099E000040B0020F8B50446D820FF212154B820EC
:1099F000255A01272F402646D836002F04D0FCF7E1
:109A0000B7FA3070FF2822D0B83400F0CFFD2076AE
:109A1000FF2813D00021E8061AD40D4600F0C6FD39
:109A200029466076FF2813D1002F02D03078FBF74B
:109A3000E6FE207E00F0DCFD072109E00721002F73
:109A400006D030780C46FBF7DAFE214600E00C2108
:109A50000846F8BD80B500F0C5FA4E21405C80BDD7
:109A600010B54442444100F0BDFA4E214454002058
:109A700010BD0020704770470020704770470000FD
:109A8000F0B583B004464C4804602046F4F745FC2A
:109A900005462046F4F711FC06466846F3F711FC2C
:109AA0000099091A4B0B45490A681146D031002B21
:109AB00002D11060012000E00020087040480068DA
:109AC000447B0021FF2C0AD02C2060433D4A1268C1
:109AD0001018827C002A02D0416AC068FFE7012783
:109AE000002E03D0002D01D1002911E0002D15D04A
:109AF000354A8B1A5A425A41344BCD1A6B426B414C
:109B0000334D4E1B75427541002907D013431D4349
:109B10002A4E294D04D08847002701E0274E264DC4
:109B20002868F4F7EEFB002801D0042520E028681F
:109B3000F4F7A2FB002801D0012519E02868F4F70A
:109B4000A7FB002801D0022512E02868F4F7F1FBFA
:109B50002946052500280BD10868F4F7F6FB0028F4
:109B600006D115480068F4F779FB002820D00025BD
:109B70000120A840174909680A6802430A600020CA
:109B800002F062FDF2F7C2FDF3F792FB204600F00F
:109B900009FB3468607D012808D1217C0F20084032
:109BA000E2680909FFF76AFF0020607503B0F0BDA5
:109BB000002FE9D1EDE7C046500B0020540B0020E8
:109BC000580B00205C0B0020190006101500061031
:109BD0001D000610040B0020FF220E324243100A23
:109BE00089084143880C401C70470000042805D0B8
:109BF000012806D1FF20A430074A04E0044A0548A2
:109C000001E0064A064841438818000A7047C046EA
:109C1000E9260100381A000006120000C6200000E4
:109C20004703000001480068008B7047540B002078
:109C3000904201D8884201D212207047002070471C
:109C4000002070471220704780B54069014902F03A
:109C500032FE80BD599C051080B50349C97A814206
:109C600001D9FEF761FC80BD680B0020F0B591B012
:109C700005930B920D910C90A848017F0891C17E2D
:109C80000991817E0791C17A0A91C57F0126E02161
:109C9000A34C3046A047A34F386058213046A04718
:109CA0003968942206928850284606F04FF9072119
:109CB0002940059806F05EF91798059001901C98C8
:109CC000009019AB0ECB0D9804910D93EFF774FD36
:109CD0002C250A982946A04739689C2288500B9960
:109CE000012900D007960020012900D00990012900
:109CF00000D0089041208600012909D13146203149
:109D0000012000F02FFE874909688C22885036E038
:109D1000252182480A91415C30462030002901D03B
:109D2000014600E044212C4626277C4AD25D002AC9
:109D300000D001462925794A525D002A00D001460B
:109D40000C9A012A00D10146012000F00BFE754952
:109D500009688C2288500C980128314610D06F4831
:109D6000405D002831460BD16C48C05D002831466B
:109D700006D16A480A99405C0028214600D0314645
:109D800018980A901698029001273846644CA0470C
:109D9000644D29689022885010213846A0472968D0
:109DA00098220392885004213846A0472968A022AF
:109DB000885034210C973846A0472968A42288503F
:109DC0000798C5B2311F2846A04706460B9C012CB8
:109DD00005D15C21284600F0C5FD024600E00022C6
:109DE00028463146FEF7DEFE10AB0898D870099879
:109DF00098700D9F5F700A9818702046059E314636
:109E00002A4606F0B3F8029D28462146FDF799FA46
:109E1000284621463246FDF76EFA2846214632464C
:109E20003B4606F0A5F800972846214632460A9B95
:109E3000FDF764FAFDF737FA012C07D1012E05D1A1
:109E400005F0C6F9012D01D105F0C3F90D980128DF
:109E500001D105F0BFF9FDF71FFA04982946224603
:109E60003346FEF760FD2D4FF87A411C2E4D2846F3
:109E70000C9A00F065FD2B4F3968C822885027489E
:109E8000C17A0222284600F05BFD39680A46983202
:109E900050630398085878605068B8602046FDF712
:109EA0004FFAFDF727FA00F0E1F8FEF741FD06F062
:109EB0005EF8FEF737FDFAF73DF8F3F799F93968E0
:109EC00000248C7248722046F3F79AF9F5F76EFB7E
:109ED0003868406EFEF7E9FB3868069D40590C3043
:109EE00002F0C5FE0C9E3046FDF7EAF9386841598C
:109EF00040228C54094A128B02831F200F90E043AA
:109F00000E9048310EA8052202F026FD386840590F
:109F1000F1025422815211B0F0BDC046680B0020FE
:109F200065A90510540B0020640B0020B0B588B063
:109F3000129C0694119C0594109D04950F9D039509
:109F40000E9D02950D9D01950C9D0095FFF78EFECF
:109F5000012C10D1FDF7D0F9FAF72EFE0748C17A8F
:109F600007480068A830074A052302F0CBFBF5F745
:109F70008BFBFDF709FB08B0B0BDC046680B0020A5
:109F8000540B0020499C051000210A46062905D0E3
:109F9000435C002B00D00122491CF7E7D0B2704788
:109FA000044800685E21405E0D2141434031C811E4
:109FB0007047C046540B0020024800688C2140586E
:109FC0007047C046540B002002480068902140585A
:109FD0007047C046540B0020002801D03020704745
:109FE0002020704702480068942140587047C046BE
:109FF000540B0020FEB51548006894210291415889
:10A0000054200190085ACF6B124C451CA9B2090A82
:10A010000E2901D90E494518002F0FD000262068BF
:10A020003421415CF0B2884208D2FAF791FD761CE7
:10A03000A9B2408F8142F2D12846E6E70348006882
:10A040000299405801994552A8B2FEBD540B002018
:10A0500002F1FFFF000B0020C0434018C00F704703
:10A060000148006880687047580B00200948C07A92
:10A07000094909681231002804D000220A802C31D5
:10A08000401EF8E7054800680021C173FF2109025E
:10A0900081817047680B00205C0B0020580B00206A
:10A0A0002C22424301480068815070475C0B00201D
:10A0B0002C23434302480068C250C01841607047D7
:10A0C0005C0B0020FF280BD02C2141430548006881
:10A0D0004018817C082901D0102100E020218174E2
:10A0E0007047C0465C0B0020F0B588B007932C2762
:10A0F00047431A480668F019847C012C2BD103468B
:10A100001233149D0695139D0595129D0395119D7F
:10A110000295049110990F9D0E9C009401920D9A46
:10A12000079C44608260009AF2511F2215404575D9
:10A130001140817501210175019AC2740182029951
:10A14000C16103990162059941620699816204998E
:10A15000C1600220187008B0F0BDC0465C0B002042
:10A1600080B50A4909680A7B012A06D1CA7B032AFD
:10A1700005D10020FDF710F980BD002080BD0968E1
:10A18000081A03494018C00F80BDC046580B002074
:10A190000BFEFFFF024909684A680260887B70472E
:10A1A000580B0020F0B5B3B00746DC4800680B90B0
:10A1B00001200190099000210B988173D848036811
:10A1C0000A911972FF20089002309882187CF021C1
:10A1D00001400A0988181874598AD140C907D14921
:10A1E00009680791059306D0002002F02DFAF2F7D6
:10A1F0008DFA059B187C0F21029108401874962156
:10A20000099841430B981291816001200490C0434A
:10A2100079B2814210DC7F2007402C257D43079CCA
:10A2200060190A906659F3F702F8301ABE494018CF
:10A2300000D5EFE0384604E0F8B2FF280ED0002148
:10A240000A912C2141430798401801210175817C16
:10A25000082902D11230042101700897F2F7E7FFB4
:10A2600012990C18AF480768283700252846AF49CF
:10A27000CA7A95423AD23E46163E31780A07520FC4
:10A280001ED004213170394628390968CA43A21802
:10A2900029D4611A38461C3800683A460C3A1268CC
:10A2A0009047394618390A8812180A8039461439F5
:10A2B0000A7880187F2800D37F2008703178012029
:10A2C0008906890F0FD03968002906D038461C3816
:10A2D000006888473078012804D000203070394663
:10A2E0001539087001202C376D1CC0E70028B5D146
:10A2F0008C4800680346123300242146A24209D04C
:10A300001D78042D03D1CDB213AE7455491C2C33E6
:10A31000641CF3E70A0674D0CAB20E9200220692B9
:10A320000C46039216460D910E9A96426ED01296E6
:10A330001094E3B200272C463E46BB420DD013AA30
:10A34000D25D2C2555434559002F02D0F243AA185F
:10A3500001D53C462E467F1CEFE7129D4A1BD2B228
:10A36000511E13AA535CE4B2175D575413550F9155
:10A37000CBB2D35C002D2ED01D461199CAB213ACBE
:10A38000A45C2C277C430259911B04196368C918EB
:10A3900095314AD4D1430C9A511849D46F43C1190D
:10A3A0008A7D0B7D9340497D012632468A409A4240
:10A3B00000D81346A17D277D8F40617D8E40BE422F
:10A3C0000F9D00D837469F422B460D99109C00D315
:10A3D000119B129E11E00D990E9A012A01D10222C1
:10A3E0000692109C129E0F9D2C225A43835882186D
:10A3F00052689A1896320C922B46641E761C119362
:10A4000092E700200B99486088732DE0039A164666
:10A41000069B13E06019807C102800D10AE72028F1
:10A4200000D107E700243D4621E0963E049B04E06E
:10A430000D98401E119000263346039A1198C0B221
:10A4400013A90D5C0B9842608373FF2D0CD02C2058
:10A45000684307990918D8B201280A9105D10868FC
:10A46000301A0B99486000E0FF25019C089FF3F724
:10A47000CFFE2A480068FF2D2FD011971294044672
:10A4800008200A9FB874FEF750FA65733A6AF868B4
:10A49000796890473E680B9426602846F3F7CEFE15
:10A4A000F3F7C5FE1298002823D0F87CC1090122D9
:10A4B0003046F2F7E3FE00281DD0099840000990CD
:10A4C0001028119F00D276E6FEF72EFAA120062171
:10A4D0000022134603F0AEFC09E00446F2F7E8FE62
:10A4E000F3F79EFE0020E073FF200002A081049994
:10A4F0000FE0F2F7F5FE049B0B990B73F87CC87321
:10A50000059AD660117C029C21400001081819466A
:10A51000107403480068017233B0F0BD580B00207E
:10A52000540B00205C0B0020D4FEFFFF680B0020C2
:10A5300010B51F231A402C24444303480068001917
:10A5400082751940417510BD5C0B0020B0B52C24FC
:10A5500044430B480068059D05510019049C846024
:10A56000C1600B9981620A99416209990162089957
:10A57000C1610799817506994175C2744360B0BD88
:10A580005C0B00202C214143024800684018102138
:10A59000418270475C0B00202C2242430248006835
:10A5A000801881747047C0465C0B002010B50E48BF
:10A5B0000168283100200D4AD37A98420BD2EFF37C
:10A5C000108372B60B46163B1C78002C05D062B681
:10A5D0002C31401CF0E7FF2004E000220A6001213A
:10A5E000197062B6C0B210BD5C0B0020680B002071
:10A5F000FF2806D02C214143024800684018002162
:10A60000418270475C0B002010B50C46EFF31081BF
:10A6100072B6FFF7A5FD62B6002800D010BD204637
:10A62000FFF7C0FD10BD0000B0B504461348C07A66
:10A63000A04222D9EFF3108072B6FF25EC35F2F775
:10A64000F6FD4019FFF78CFD0D4A136800211972C1
:10A6500062B601280CD1106841600A4A43689342EF
:10A660000BD8037A002B07D143685B1C4360F5E7E6
:10A670002046FFF797FDB0BD0172B0BD680B00200A
:10A68000540B0020FFE10400F8B5184C012504220A
:10A69000174E20462946B047164F386010222046F4
:10A6A0002946B047396808600C2220462946B04741
:10A6B00039680968C860104DE98924222046B047EE
:10A6C000014638680268D06881600021082903D0FB
:10A6D00000235352891CF9E7E989D18000211181B7
:10A6E000E989418000F048F9F8BDC046640B0020BC
:10A6F00041A90510600B0020680B0020FEB51A4A26
:10A7000012681368EFF3108272B606229C5EE2179D
:10A710002746974340000090185E144A029189181A
:10A7200049094D1C0128019505DB421B564212B216
:10A73000D51335403F18D8680022865E09B28E4294
:10A740000EDD3EB28E420BDD00995918621BDA8095
:10A750000A88019BD21A0A80029900F043F9024646
:10A7600062B61046FEBDC046600B0020FFFF1F0012
:10A77000B0B50D46044600F05BF90146284600F0EE
:10A780000BF8044800680068C068214600F00FF923
:10A79000B0BDC046600B002010B50B4A12681268AD
:10A7A000EFF3108372B64300D05E4418D4520BB25C
:10A7B000C318012B02DB4342C10B1940D088081893
:10A7C000D08062B610BDC046600B00200849096801
:10A7D0000A68EFF3108172B60621515ECB179943D8
:10A7E0004000105E002800DD091888B262B670478C
:10A7F000600B0020FEB58124002832D0064602916D
:10A8000001941948006800680090501E1F21014300
:10A810004C1CA7B2304600F013F9054687420CD90C
:10A82000601B81B20298FFF769FF0028019C18D0D5
:10A830000146304600F029FA12E0AF4210D20098EB
:10A84000C06831463A4600F007F90446781E4009D0
:10A85000691E4909081A81B20298FFF79DFF00E0BE
:10A8600000242046FEBDC046600B0020BCB50C464F
:10A8700001461C48006805682889EA685288131A4E
:10A88000A34226DAA11A081801A908801648006810
:10A890008069422140220323F5F7C4F9002817D02C
:10A8A00004460222C2720920A07220460C3001A97F
:10A8B000F2F7F2FB0020607206212172E071A171B3
:10A8C000FF2060718220207142202146F5F747FA6F
:10A8D000BCBD0320224600F009F828890019288110
:10A8E000BCBDC046600B0020040B002010B5084B17
:10A8F0001B681B68EFF3108472B640001C5AA41A40
:10A900001C524800195A8918195262B610BDC04627
:10A91000600B0020B0B50C46054909680D6803219D
:10A920002246FFF7E3FF2889001B2881B0BDC046FF
:10A93000600B00200148416801607047640B0020F3
:10A9400070B5144605464C430068401E0321014380
:10A950004E1C002130462246F2F7AEFB301928602B
:10A96000304670BD80B50A4601460248FFF7E8FF51
:10A9700080BDC046640B0020F0B581B0054640881C
:10A980008624002810D0AE68002E0DD000246C6004
:10A990002C80274634602846314600F008F82436DB
:10A9A0007F1C68888742F5D3204601B0F0BD10B502
:10A9B000002915D000220C462346521C2468002C86
:10A9C000FAD1EFF3108472B6446841601C600188CC
:10A9D0008918018062B6002001F05EFEF1F796FE54
:10A9E00010BD0000F0B5114A891849094A1C94B2FB
:10A9F000EFF3108172B60021002C13D003889C4223
:10AA000010D8641E41680D4606D000260D462D68FC
:10AA1000761CB7B2BC42FAD82C68446000242C6083
:10AA20009A1A028062B60846F0BDC046FFFF1F00BA
:10AA30000021002802D00068491CFAE788B270475C
:10AA4000002806D000210068491C0028FBD14801DD
:10AA500000E0002080B2704770B5002400290AD0C1
:10AA600000260D460968334620339EB296420ED228
:10AA70000029F6D101E023462546D11A89B2FFF715
:10AA8000B1FF286000280AD17920C44307E00029DB
:10AA900004D0FFF78CFF00242C6000E00024E0B21B
:10AAA00070BD002908D0002809D08BB2202B04D318
:10AAB000006820390B04F6D1002111807047002076
:10AAC0007047F0B581B006465009040604D0002E48
:10AAD0002DD03668401EF8E71C465B1E2046984184
:10AAE000002C1FD0002E1DD01F2002402020851AD0
:10AAF000A8B2A3B2984200D325460095AFB2B018D1
:10AB0000001D3A460D46F2F7C7FA0098241AA1B282
:10AB10004A1E08469041002904D0E91936680022EF
:10AB2000002EE3D1002803D07E20C04300E0812026
:10AB3000C0B201B0F0BDF0B581B00D460646002AA6
:10AB400008D0002E2AD090B2202806D33668203AAA
:10AB50001004F6D1002E21D00022002B20D020207E
:10AB6000841AA0B299B2884200D31C46A7B290B210
:10AB70003018011D28463A460093F2F78DFA009BE3
:10AB80001B1B180404D0ED1936680022002EE6D1F4
:10AB900098B2002805D07E20C04302E0812000E06A
:10ABA0000020C0B201B0F0BDF0B583B002910646FE
:10ABB000002A08D0002E33D090B2202806D3366861
:10ABC000203A1004F6D1002E2AD00022002B019347
:10ABD00020D000271D4690B21F2814D820218C1A9F
:10ABE000A1B2AAB2914200D32C46A2B2B9B2029B42
:10ABF00059183018001DF2F76FFA00280FD12D1BDD
:10AC0000E719002200E0203A280404D03668002E1C
:10AC1000E1D100E00027B8B2019B1B1A00E0034617
:10AC2000184603B0F0BD10B5521E1F2313439AB24D
:10AC3000531C9AB29A4201D000220DE053090A46F1
:10AC40000021541864684450091D2029F9D1116865
:10AC500020305B1E1C04F2D1104610BDB0B5521E50
:10AC60001F2313439AB2531C9AB29A420CD1520931
:10AC7000031D00240D591D51241D202CFAD10068FC
:10AC80002031521E1304F3D1B0BD024600680028E3
:10AC9000FBD111607047F0B58DB0914200D383E0D5
:10ACA0001346064600290CD00C463546002D0BD025
:10ACB000A0B2202809D32D68203C2004F6D100241E
:10ACC00003E00024354600E000251F463246002AF6
:10ACD00008D0B8B2202806D31268203F3804F6D135
:10ACE000002700E0002220040AD00291291D0492CE
:10ACF000A2B205A80393F2F7CFF90299039B049A35
:10AD0000002E019506D000203668401C002EFBD195
:10AD1000400100E00020002A3DD0C91A0D18280487
:10AD200039D004922021C81B82B2ABB29A4200D320
:10AD30002846029582B20D1BA9B2914200D3054666
:10AD4000AAB2A0B205A90818B9B2049E7118091DCB
:10AD5000F2F7A2F92C19EF190397B8B2202803D102
:10AD600032680020039000E03246A0B220280AD1C9
:10AD7000019C201D05A904922022F2F78DF9049A66
:10AD8000246801940024039F002A07D00298451BE1
:10AD90002804C6D102E0A0B2202805D00198001DE9
:10ADA000A2B205A9F2F778F90DB0F0BDF0B597B0F1
:10ADB000E54C6720C543EEF73AFCE44E012802D08B
:10ADC000F07A002810D027462C463834EEF72FFCB6
:10ADD000F17A6143784338184418EEF728FCF17A89
:10ADE0004143DB48484324182634EEF720FC012871
:10ADF0000ED1284660303189414328464430B27A2A
:10AE00004243501829464831327B4A43801800E0BB
:10AE100000200390F0890A90F9F7C4F9012801D0C5
:10AE2000FEF72AFEF9F7C2F90128119409D12C4640
:10AE30003834EEF7FCFB6043F17A4143083909915D
:10AE400001E000200990F2484C301390FEF714FE08
:10AE5000012815D0F9F7A6F9012811D02920305C76
:10AE600000280DD12520305C002809D12620305C37
:10AE7000002802D0E6484C3001E0284624301390E8
:10AE8000E3486C301290FEF7F7FD012815D0F9F772
:10AE900089F9012811D02920305C00280DD1252006
:10AEA000305C002809D12620305C002802D0D84828
:10AEB0006C3001E028463C301290FEF7DDFD10902A
:10AEC000B07E0090F07F0F90EEF7B1FB0790F07F1F
:10AED0000190FCF7F8F90890F07F029001F065F915
:10AEE0000027F9F765F901283846159516974FD1CF
:10AEF000707F0A2800D30A202C4638344443C03CD3
:10AF00000025FCF7D1F901282F4620D1EEF78FFB61
:10AF100001280E9503D0159B1846543002E0159B6E
:10AF200018464830BA49E431B27F4A4310183546D2
:10AF30001E466036E97F32468A408718EEF777FB77
:10AF4000012802D1E87A4643BF192E460E9DE0192A
:10AF50001490FCF7ABF90746FCF7A6F904463C4011
:10AF6000EEF765FB2040012808D1F07E401E03214A
:10AF70000143B07FB0224243D043451A149844198C
:10AF8000FEF77AFD6043A24908182C30159D169FE4
:10AF90000690EEF74CFB0128394609D1F9F7CEFAB5
:10AFA0000128394604D12220305C2946143141431E
:10AFB0000591FCF779F90128384621D19448D4301D
:10AFC000B17E414328464830F27A42435418002764
:10AFD000FCF76CF9012810D1EEF729FB01280CD100
:10AFE000159A10465830317F414310466030F27E4A
:10AFF000424350188438B77E4743E019159D169F89
:10B000000E90F9F773F80128384633D1EEF70FFBAD
:10B01000012802D02F465C3704E028466030F77ADA
:10B0200047430C3F2325705D00240028204605D0AF
:10B03000EEF7FDFA705D404203218843C0192427D2
:10B04000F15D159A64324A438518F9F7B1F8012881
:10B050000DD1FEF711FD012809D1FCF725F90128D2
:10B0600005D1F45D002C159801D004465034281900
:10B07000159D169F0D90EEF7DAFA0128394609D191
:10B08000F9F792F80128394604D128464830F17A78
:10B09000414314390C91EEF7CAFA01283A4608D117
:10B0A000FCF775FA01283A4603D128464C30F27A6B
:10B0B00042432620315C2520345C63182920305C13
:10B0C0000493002B149010D02820335C2846603065
:10B0D0005843F83848432723F35C54355D434C4BC1
:10B0E0005B19483363431F181498002816970B9276
:10B0F0000DD002462A20305C454D2B46B0334343E9
:10B1000037462E46C8365643F318483B03E02A20FC
:10B11000305C002337462826BE5D71430918272678
:10B120003D46BE5D74432418601813D0159F3E46FB
:10B130004C3666433C4634344C43A1193C465C349F
:10B1400044430C19143C07E010FCFFFF680B00207F
:10B150007CFDFFFF0024159F03990A9E1198081893
:10B1600039464431714340180999401813994018E1
:10B17000129941183846603006460F9A9640891950
:10B18000109A012A06D1224E009A5643711845267C
:10B19000B60089192E46079D059A012D02D1019D01
:10B1A000A84009180898012805D138461830029D92
:10B1B000A840411870390698049D081880180E9907
:10B1C00040180D9940180C9940180B994018149983
:10B1D000CD4201D03818583016994018C0180419BB
:10B1E000F4F71DFD012800D1E4197068201803212F
:10B1F000C943F28DD21C0A40B38DDB1C0B409A1858
:10B20000338EDB1C0B40D118401A17B0F0BDC0467E
:10B2100090FEFFFF80B501F096F980BDB0B594B007
:10B2200004464178012529403E306A4600F019F86D
:10B2300000280CD1694650222046F1F74DFF002826
:10B2400008D06946487828403E3100F03BF86078E5
:10B25000102801D2002002E0204601F069F914B064
:10B26000B0BDFEB51446064601250291012905D15F
:10B270007079C0210140402900D1002501F040F93A
:10B2800020463E30019027461E37204601F03EF909
:10B29000002815D1002D0BD06078012101400298C3
:10B2A0008142F2D1062201983146F1F715FF03E001
:10B2B0003046394600F080F90028E6D10020FEBD76
:10B2C000B320FEBDF0B595B00C46054601F018F967
:10B2D00001AE3E36B32701A801F018F9002810D1BD
:10B2E000062230462146F1F7F7FE01A949780122EE
:10B2F0000A40AA42EFD10028EDD101F037F900272A
:10B30000E9E7F8B215B0F0BDB0B50446074D2878AE
:10B31000002803D101F0F4F801202870204601F044
:10B32000F5F8002801D000212970B0BD9C0B002049
:10B33000BFB50D46044601AA0846214600F07FF835
:10B34000002801D101F012F928462146FFF7BAFF83
:10B3500004B0B0BDFEB514460191064601F0D0F828
:10B3600027464437204601F0D1F8002811D16078F3
:10B37000C006F7D502AD384601992A4600F07AF8A2
:10B38000022228463146F1F7A7FE0028EAD1002024
:10B39000FEBD8120FEBDF0B585B01E4617460D46A8
:10B3A000044602AA0846214600F049F800280BD1BD
:10B3B0000498B84206D1BAB20C203146F1F71CFE0F
:10B3C000002816D001F0D2F8019602AE3570701C3C
:10B3D00006222146F1F760FE04973046019901F0FC
:10B3E00082F8002805D0064628462146FFF76AFF66
:10B3F00000E00026304605B0F0BDB0B598B01C4660
:10B40000154601AAFFF72DFF002816D101A94A7899
:10B41000012010403E3115AA00F011F8002801D09B
:10B42000B3200AE029681798884201D9872004E0F0
:10B43000286081B2204601F04BF818B0B0BDF8B5D5
:10B4400014460D46064601F01DF8671C204601F023
:10B450001FF800280BD1062228463946F1F73CFE9A
:10B460000028F3D12078B042F0D10020F8BDB320FD
:10B47000F8BD0000F0B591B001920091054608A911
:10B480000320088007AA002414801448006818309C
:10B4900003AF3B4600F024F80DAE102230462146A3
:10B4A000F1F70AFE082230460099F1F7F5FD09ACE4
:10B4B000384631462246F8F71BFE02AE02223046DD
:10B4C0002146F1F7E9FD287802994140019A11706F
:10B4D000707869784140517011B0F0BD000B0020C8
:10B4E000BFB50D786C462570497861701178A170F0
:10B4F0005178E170002103910291019121461A4691
:10B50000F8F7F6FDBFBD0000E0B5034601A9012034
:10B5100008806A4600201080024800681830FFF753
:10B52000DFFF8CBD000B0020F0B587B0009003AEAC
:10B530003046FFF7E9FF0027384601F09FFB010A7C
:10B5400002AD69703F2404404034384601F096FB58
:10B55000AC70287001AF304629463A4600F00EF82C
:10B560000326009C204639463246F1F795FDE01C43
:10B5700029463246F1F790FD07B0F0BDF0B589B02D
:10B5800000920F46054605AE002110223046F1F725
:10B5900093FD0324304639462246F1F77DFD01AF85
:10B5A000284631463A46F8F7A3FD00983946224628
:10B5B000F1F772FD09B0F0BDBCB50A460446C11CE6
:10B5C00001AD10462A46FFF7D9FF0322284621463F
:10B5D000F1F782FD002800D08120BCBDF0B585B018
:10B5E00000931746054601AE30460830082422462F
:10B5F000F1F752FD304639462246F1F74DFD284617
:10B600003146009AF8F774FD05B0F0BDE0B50B4681
:10B61000014601AA01201080024800680830FFF7A7
:10B620005FFF8CBD000B0020F0B595B0019317466D
:10B6300003910025149513951295119511A90DAC40
:10B6400004902246F8F754FD0F200290265609A9CF
:10B65000204600F085F8002E67D409A802994456C8
:10B6600005A900F07DF8002C6CD411A8002410224C
:10B670002146F1F721FDFDB2112D21D3201D81B20C
:10B6800010220DAB0398F4F721F90020102807D001
:10B690000DA9095C11AA135C4B401354401CF5E73B
:10B6A00011AD0DAE049829463246F8F721FD10225F
:10B6B00028463146F1F7F0FC103F1034A4B2DAE727
:10B6C000102D08D1201D81B210220DAB0398F4F784
:10B6D000FDF809A814E00DA800211022F1F7ECFCF8
:10B6E000380608D00DA8431B1033201D81B20398E3
:10B6F0002A46F4F7EBF80DA8401B8021C17305A87A
:10B70000019A0021102909D00DAB5C5C435C6340B9
:10B7100011AD6C5C5C406C54491CF3E711A90498B2
:10B72000F8F7E6FC002015B0F0BD11A887210170E4
:10B730000F2D92D009A8415D11AA525D4A40425591
:10B740006D1CF5E711A88721017000200F288CD00F
:10B7500005A90A5C11AB1B5C53400B54401CF5E778
:10B7600010B5027852000A70491C00220F2A0BD033
:10B7700083185B785B008B548456002C02D501241F
:10B7800023438B54521CF1E710BD0C20704700007E
:10B79000F8B500276B4B6C4A3D4618683421405C75
:10B7A000854200D3CDE01068A4214058002800D184
:10B7B000B2E0C4192089002800D1ADE0A07A01468A
:10B7C000D13905295DD3002800D1A5E0FE2800D19C
:10B7D0008AE0A22859D0AA2800D181E0B22854D00A
:10B7E000B42800D18AE0BA287AD0BF2800D189E0F5
:10B7F000F02800D18BE0102800D090E001212046F5
:10B8000004F0E8FC002800D196E00026A672F5F7C7
:10B81000A5FA00284B4B4C4A7ED06020205CC00724
:10B820007AD004F048FC484A464B002874D0E079AE
:10B83000C021014040296FD1444800684F21405C3D
:10B84000000769D52489424800688069482202219E
:10B850000B46F4F7E7F93C4A3A4B00285CD0014626
:10B860000420487208220A72CE7188718C72FF20FF
:10B87000487182200871200AC8720220F4F76FFA1A
:10B8800048E0204605F05CFA44E0E07D0126000730
:10B89000304613D5204605F058FD002806D0122862
:10B8A00004D00E2000F0D0FEF0F730FFE07D6021E4
:10B8B0000140603948424841224B234AE17C022939
:10B8C00004D1E17B10220A4016091F4A002823D028
:10B8D000002E21D06020205CC00724D04B2023E024
:10B8E000204600F037F815E060202056002813D5D8
:10B8F000002170222046F1F7DFFB0BE0204605F027
:10B9000089F807E00021204605F0D1F902E0204641
:10B9100004F0E2FC0C4A0B4B70376D1C3DE72046EF
:10B9200000F019F80AE05B20C043A0720E2000F07E
:10B930008BFEF0F7EBFE01E0F120A072014B024A12
:10B94000EAE7F8BD000B0020A00B0020540B0020FC
:10B95000040B002070477047FEB5604F604C38689C
:10B960000168002900D1B8E001F08AF80546008896
:10B9700005F07CFC0028F2D006463868B021405C17
:10B9800000280ED0082100220123304604F05CFD7F
:10B9900000280ED0FD2800D096E02846F3F77AFF65
:10B9A000DDE76868007A05280CD12846314604F0A6
:10B9B0001FFD2846F3F76EFF0E2000F045FEF0F75E
:10B9C000A5FECCE7B17AF12901D000290AD1602186
:10B9D000725C0121114001D10B28DED1002901D078
:10B9E0000128DAD1F07D000706D50296019501A85D
:10B9F00000F094F8FC28CBD16020305CC00707D160
:10BA00000296019501A800F08BF8FC28C0D122E035
:10BA10006868007A042831D0032837D001281AD169
:10BA2000B07A002803D0FB2847D0F128B5D130895F
:10BA300005F0FCFB024600200146234600F08EF88C
:10BA4000307E810702D503210843307628463146EF
:10BA500004F0CEFED9E72846314605F03FFAFC282F
:10BA600003D0862899D0842892D1F07D000794D500
:10BA70000296019501A800F04FF889E7B07AB62840
:10BA80008BD12846314605F07DF8BEE7B07AB22862
:10BA900009D0B42807D0B52800D07EE72846314623
:10BAA00004F07AFFB1E7F07C022800D075E738682F
:10BAB0004021415C032908D16FE7092100220123BD
:10BAC000304604F0C1FCA0E73868294600F0B9FF11
:10BAD0000F2000F0B9FDF0F719FEFEBDA00B00200D
:10BAE00030750000F8B50A4D05400A4E3068076809
:10BAF000002F0CD03C46FF692088A842F8D130685E
:10BB0000214600F0A7FF2046F3F7C4FEF0E7F8BD9A
:10BB1000FF0F0000A00B00201F2070471F20704760
:10BB20001F20704780B50648C17A06480068083073
:10BB3000C91CC9B2044A072300F0E4FD80BDC04619
:10BB4000680B0020A00B00204DBB051080B540699C
:10BB5000014900F0B0FE80BDF5BB051010B500290D
:10BB600006D0862401291BD1022A19D8002100E021
:10BB7000032101280AD0002811D18818C1B2094830
:10BB800000680830012200F008FE06E08818C1B203
:10BB900004480068083000F0CAFD044600E00024B4
:10BBA000204610BDA00B0020FEB505467020029077
:10BBB00045430F480068A42101914058471939892D
:10BBC0000220012400262246334602F0A7F9384617
:10BBD000214604F0E9FB3889FFF784FF0448006838
:10BBE0000199405840193146029AF1F765FAFEBDB5
:10BBF000A00B002080B5022802D805F087FA80BD8E
:10BC00000449C97AC91C814203D9C01EC0B2FFF7DA
:10BC1000CBFF80BD680B0020F8B52920C1000124AE
:10BC2000204D2046A847204E3060204FF87A7021E2
:10BC3000A8473168A422885005F0F0F92821204651
:10BC4000A8473168AC228850F87AC01CC0B2411CA9
:10BC5000174D28462246FEF773FE31688862F87A4F
:10BC6000C01CC1B202222846FEF76AFE3168C862D3
:10BC7000084600F0DBFEFFF755FF30684221002543
:10BC800045524021032242540A49046341638563BB
:10BC9000443010212A4600F0FEFF284605F052FBF2
:10BCA000F8BDC04665A90510A00B0020680B002058
:10BCB000640B00200710070710B5044600F00CF8CD
:10BCC000002801D00C2010BD0248006840214454D7
:10BCD000002010BDA00B002070B510480068342172
:10BCE000405C702141430E480268A43200200346A4
:10BCF000994212D01468E518AC7A6026AD5DED0764
:10BD000004D16034E4B2512C04D205E05034E4B2E2
:10BD1000412C01D37033EBE7012070BD000B0020F4
:10BD2000A00B002010B50446FFF7D6FF617801296B
:10BD300003D1002805D1024604E000280FD00C22D0
:10BD400016E00C220B4909684023CB5C032B01D180
:10BD50006E22D243032B0BD0002802D008E0054806
:10BD600001683031102208462146F1F795F900228A
:10BD7000D0B210BDA00B002010B50C4605F076FA2D
:10BD8000002810D0C17C02290FD1094909688C63B1
:10BD9000C17B10220A43C2730E2000F055FCF0F75D
:10BDA000B5FC002010BD022010BD0C2010BDC04607
:10BDB000A00B0020F0B589B0049315460591074605
:10BDC00006AE08AC30462146F5F772F8227800201E
:10BDD000009504990191029038460599334600F088
:10BDE00003F809B0F0BD0000F0B587B002930092EF
:10BDF00001913A4909683423CA5C702757430025EA
:10BE0000EC43374B1E68A4360C9906910E990391AA
:10BE10000D9905910494AF425ED033685919098990
:10BE20007035641C0029F6D1944255D25F19394609
:10BE300068390880384670380521017038460F3857
:10BE40000099017038461038009001990170384609
:10BE50000E380622234B029916469847FE20069A72
:10BE6000104001210A40022800D0114606923C46AB
:10BE70006F3C217002280598039900D001463D4689
:10BE80006E3D28463246174B984738461738069974
:10BE900001703846163805993246124B9847384695
:10BEA000583800210422F1F707F9381F663F1021A6
:10BEB0003970049901602078294605F097F9002827
:10BEC00005D000980078C00701D0FB2038700E2004
:10BED00000F0BAFBF0F71AFC07B0F0BD000B002031
:10BEE000A00B002099D00410F0B589B00493174638
:10BEF000059106460E9C2046FEF746F80F9D002849
:10BF000008D007A806222146F1F7C6F806A80122A4
:10BF1000027005E007A806AC2146F4F7C9FF2278B5
:10BF2000009704980190029507AB30460599FFF7FA
:10BF30005BFF09B0F0BD0000F0B589B015460E46B4
:10BF400005F094F9002870D00446807ABC2806D108
:10BF5000278908A8002101802646283656E0274672
:10BF60003037E17D090709D42046283008223146C0
:10BF7000F1F792F83D70280A7870A07A2189029131
:10BF800008A900220A8026462836BC283DD025462E
:10BF90001C35F1280FD1E07D000736D407AA0192A5
:10BFA00028463146FFF766FA022201983946F1F732
:10BFB00093F8002821D038463146224604F079F91A
:10BFC00000281AD0029D2846F8F7C3F8207E800783
:10BFD0000CD0284605F02AF9024601200021154B15
:10BFE000FFF7BCFD207EFC210140217602200322C8
:10BFF0000023294601F092FF17E00D480068083041
:10C0000008AA29463346FFF76BFA029F03AD0021C9
:10C0100010222846F1F750F8227C28463146F1F7E5
:10C020003BF838462946F8F785F809B0F0BDC04618
:10C03000000B002030750000F8B50E46054610468E
:10C0400005F014F9002856D004460746002E0BD000
:10C050000020B87208340122062D32D139891546E4
:10C06000062E0ED005220DE0F97A01200843F87261
:10C07000F97C891E022910D8F97D090708D5042109
:10C0800007E004220220002301F048FF2A4618E0BE
:10C090000221F92210404018F872B87AAD2805D074
:10C0A000AE2805D0BC2827D1BF2002E0AF2000E099
:10C0B000F020B87208340E2000F0C6FAF0F726FB24
:10C0C00000226020385CC0070BD1B87EC10605D5C0
:10C0D000EF210140B97641B2002918D4002A19D1C4
:10C0E00009E0387EFC210140397603210140481ED9
:10C0F00081410A430ED1F8BD062DDBD1F128D9D1FB
:10C10000398902200022134601F008FFD2E76F218F
:10C110000840B876208805F089F802460120002101
:10C12000014BFFF71BFDF8BD3075000010B505F0A1
:10C130009DF8002825D00446008905F077F80246CE
:10C14000012000210F4BFFF709FD2089FFF7CAFCF2
:10C150006020205CC007A07A04D16030C0B25128B2
:10C1600004D307E05030C0B2402803D80221204653
:10C1700004F01AF9FE20A0720E2000F065FAF0F724
:10C18000C5FA10BD30750000B0B505460024204644
:10C1900005F0B8F8002801D00C2404E0012D02D1EC
:10C1A000012005F0CFF82046B0BD00207047704751
:10C1B00070470000B0B50C460546088805F056F8F3
:10C1C000002825D0002D0FD0012D21D160884128D5
:10C1D0001ED812480068214600F02CFC0F2000F009
:10C1E00033FAF0F793FA16E06168097A0B2909D15E
:10C1F000017E03220A40012A0AD1FC221140891C37
:10C20000017605E08A1FD2B2042A01D804F03CFE70
:10C210002046F3F73FFB0020B0BDC046A00B002036
:10C2200010B5C37A5C07A20F09D0012213405A420D
:10C230005A41037C0320102B09D0034608E0DA079B
:10C240000AD1807A0122F12809D0134608E004239C
:10C25000002C05D4034603E00223002200E0022361
:10C26000002A01D1184600E00120002900D018461C
:10C2700010BDF8B51C4616460D46002129701170F8
:10C28000197004F0F3FF002817D007460121297028
:10C29000807AF12810D1009100213846FFF7C0FFC5
:10C2A0003070012809D102202870F97A4907890FD6
:10C2B00000D10098207000E031700020F8BDF8B582
:10C2C0001C4615460F4604F0D1FF002816D006463E
:10C2D000811C06222846F0F7DFFE70786946087058
:10C2E000002F1FD000281DD0012809D1F1798A091B
:10C2F0000120022A16D8402903D213E00220F8BDFB
:10C30000F179C0200840402808D1694630462A46C5
:10C3100003F0B8FF002803D08120F8BD8620F8BDC7
:10C320006846007820700020F8BDB0B504F09EFF8C
:10C33000002811D004460025294603F04BFF0028B1
:10C340000BD0A17AF12905D1A17BCA0702D08907B8
:10C3500000D50020054600E002252846B0BD10B5F6
:10C360000C4604F083FF002805D0817AF12902D120
:10C37000007CA04201D2B62010BD002010BD80B5C7
:10C3800004F074FF002806D06021425C8023134330
:10C390004354002080BD812080BDF0B589B00E4699
:10C3A00004F064FF002825D005461C3005A9009143
:10C3B000FFF72CF974882B466833271DB9B2042285
:10C3C0003046F3F7A5FAFAB201AF009831463B4682
:10C3D000FFF72AF908372046083081B20822304694
:10C3E0003B46F3F795FA0C347480A86E401CA8669F
:10C3F000002000E0022009B0F0BDF0B58DB00D4680
:10C400004F8804F033FF002805D00446407C4006E6
:10C4100003D4B12034E0022032E02146483105A89F
:10C420001022F0F739FE083FB9B20C2202AE2846BE
:10C430003346F3F74BFA3078717809020818B1786F
:10C4400009044018F17809064118E06E814201D8CC
:10C45000401C10D10191FAB205A809AE2946334615
:10C46000FFF7E2F802A8001D083608223146F0F76F
:10C4700033FE002801D0052002E00198E06600208C
:10C480000DB0F0BD0148002101707047A40B0020E1
:10C49000BCB50346064D28780C21009101240022EA
:10C4A0002146F0F731FD2C7000F004F8BCBDC04609
:10C4B000A40B0020C01CC0B2042802D37E20C043BD
:10C4C00002E0C1000148C840C0B27047B3B7B40031
:10C4D000E0B503460091022001210C22F0F714FD83
:10C4E000FFF7E8FF8CBDE0B50B46014600890090E0
:10C4F00001200C22F0F7BAFCFFF7DCFF8CBD000036
:10C500000148002101707047A50B00201CB50346AF
:10C51000064C20785021009100210A46F0F7F4FCE7
:10C5200001212170FFF7C6FF1CBDC046A50B0020EE
:10C53000E0B501460020009050220346F0F796FC3B
:10C54000FFF7B8FF8CBDBCB50024214620460D4640
:10C550000094C0B2214622462346F0F7D5FCC21C07
:10C56000691C0120002AF2D1E8B2BCBD80B50220CE
:10C57000F0F76CFD80BDE0B5034626200090022157
:10C5800000200246F0F7C0FC002800D081208CBDBE
:10C59000E0B501460023009302202622F0F766FC56
:10C5A000002800D081208CBD0348006800218160F4
:10C5B000C160016101607047A80B002070B5204D7B
:10C5C0002968EFF3108272B60A6800260E604B6885
:10C5D00013434B6062B600280ED028684168CA0732
:10C5E0000AD0012251404160EFF3108072B62868F2
:10C5F00001681143016062B62C681034206800287D
:10C600000FD0204600F05CF8800029680818EFF38E
:10C61000108272B68268866048681043486062B6CD
:10C62000ECE72868041D074D2068002806D0204646
:10C6300000F046F8810069588847F5E770BDC046AC
:10C64000A80B0020342806101F21014001228A4037
:10C65000EFF3108172B604490968400980000B5855
:10C6600013430B5062B67047A80B00201F220240F4
:10C6700001239340EFF3108272B68900054A1268D5
:10C68000511840098000081881681943816062B61A
:10C690007047C046A80B00201F21014001228A409C
:10C6A000EFF3108172B60549096840098000081847
:10C6B00001691143016162B67047C046A80B0020B2
:10C6C000EFF3108172B601684A420A40514001609E
:10C6D00003485043C00E03A1085C62B67047C046D1
:10C6E000DF3A650400010206030B0710040E0C1567
:10C6F0000817111A1F050A0F0D1416191E09131811
:10C700001D121C1B10B5122400280ED0002A0CD0BC
:10C710000B2B0AD841700370036A5954491E4B1CF5
:10C72000FAD3026100240475C061204610BDF8B53B
:10C7300005461220002D1BD00C466A788A4217D974
:10C740002B6A195DA14201D10020F8BD17463E4673
:10C75000DF5D974201D0A742F9D10020974205D072
:10C760009955964202D1284600F003F8296A0C55E3
:10C77000F8BD10B542788A4207D1017D0024002916
:10C7800009D00830F0F76EFD05E04900426A515EBD
:10C7900000F06AF80446204610BDF0B585B01226B8
:10C7A00000285ED01F460D46044643788B4258D978
:10C7B00020780521090381408F4252D804920293C8
:10C7C000F0F735FD02462378206A405DA8420CD080
:10C7D0000498002845D02046039129460493164624
:10C7E000FFF7A5FF03993246049B332078430E469A
:10C7F000010A0818010C08187107D20851184218CC
:10C80000581DC0B2C24001956800616A04920A5284
:10C81000F0F70DFDC00803906278206A17463B468A
:10C82000C75D97420DD07D00666A755B2678761DE0
:10C830000399F1406D1A2DB2049E711A09B28D420E
:10C84000EDDDC15C019A8154206AC2540298834292
:10C8500006D1049801B2204600F006F8064600E032
:10C860000026304605B0F0BDFEB5019104460746EE
:10C870000837F0F7DCFC02900D462678207D002872
:10C8800004D03846F0F7EEFC227800E03246701D06
:10C89000029CE108C1400198401A00B2401EC11735
:10C8A0000832E3F731FE02194D4138462B46F0F7C6
:10C8B000C8FCC0B2FEBDFEB5029105464778006ACD
:10C8C000C45DF0F7B4FCC00801902046C2B2BA4281
:10C8D0000DD053006E6AF35A2E78761D0199F140FF
:10C8E000591A09B2012903DC286A805CEEE7384650
:10C8F000296AC855C6B228463146FFF73AFFE0B26A
:10C90000B04206D0296A0F5C0C54029988473C4615
:10C91000F5E7FEBDF0B5002A0BD00024E543002B5F
:10C92000264600D056190F5D87556D1E641CA24225
:10C93000F5D1F0BD70B503460120002909D00024CF
:10C9400026462546965D9E4204D16D1CEEB28E426F
:10C95000F8D370BD204670BD002A05D003780B7057
:10C96000521E491C401CF7E7704780B5027C0B7CC7
:10C970009A4206D1202A07D0102A09D189898089B4
:10C9800008E00020C04380BD1022F0F7A5FB80BD69
:10C99000C968C068401A80BD70B58AB00C460146AF
:10C9A00005AD142628463246F0F776FB6846214648
:10C9B0003246F0F771FB287C802807D005AC0D4982
:10C9C0000C222046F0F768FB0020E0816846007CDE
:10C9D000802807D06C4607490C222046F0F75CFB04
:10C9E0000020E08105A869461022F0F775FB0AB027
:10C9F00070BDC0468C28061010B50A460146007C62
:10CA0000202804D0102805D10C31022403E00C3179
:10CA1000042400E0102410462246F0F73DFB204697
:10CA200010BD017C802900D00C30704700210160CE
:10CA3000406070470022CA61426811601C31416049
:10CA400070470268CA61002A02D10A461C3242605D
:10CA50000160704703688B4209D01A46DB698B423C
:10CA6000FBD1CB69D361002B07D11C3204E0CA692A
:10CA70000260002A01D1024642600020C86170476E
:10CA800001460068C2690A60002A00D1496000219D
:10CA9000C161704700210068002802D01C30491C89
:10CAA000F9E788B270470000F0B587B00446080681
:10CAB0000D9D52D00195FF20154685430126059313
:10CAC0000C9B1F460096374003977E421640F2B2F9
:10CAD00052190692254D059F3A462A401E469D074B
:10CAE000ED173D40049003062B409B180220304078
:10CAF0000290481E0590C8B241080026C8B2C20084
:10CB0000A01845680298002801D118480540A0588F
:10CB10000246049FBA43039F002F01D1384600E02C
:10CB2000C0B282180698904201D1AB4218D0AB42F5
:10CB300003D804D10698904201D94E1C01E0481E4A
:10CB400005900598801BC0B2401CC2B251088919DB
:10CB50008242D3D00020019D04E00021084601E07C
:10CB6000019D0098297007B0F0BDC046FFFFFF008F
:10CB7000F0B589B015460F4604460679006861682D
:10CB800008AA009301923A462B46FFF78DFF002139
:10CB90000F9B0E9A0028079226D106976779BE420E
:10CBA00022D202930390049508A90878059686423C
:10CBB0000DD0059F2268FDB2ED0056193346083BA3
:10CBC0000ACB515173607F1EF9B28142F2D12168C4
:10CBD000C000069A0A500818049941600598401C44
:10CBE000207101210398029B089A079C22701870FB
:10CBF000084609B0F0BDF0B587B00F460146007990
:10CC000000260C9C00282FD00390086804914968E6
:10CC1000059206AD009301953A46059BFFF744FF48
:10CC2000002821D0029005940D9A049C236806A93F
:10CC30000978CD005B19DB7913700398401E0390CF
:10CC4000C0B2814223460BD01D68CEB2F600AF19A8
:10CC5000BA68FC68AA517C60491CCAB28242F3D10E
:10CC600003981871029E059C267007B0F0BD002144
:10CC70000171704780B5F0F75CFA80BD1CB501AC5E
:10CC80002046F0F795FA20881CBDE0B501A8F0F722
:10CC90009BFA01988CBD7CB50C4605460020C6B2B7
:10CCA000A6420ED20020FFF7E9FFA85501A908709F
:10CCB000000A69460870711CA14200D26854B01C79
:10CCC000EDE77CBDF0B595B03948006800900BA841
:10CCD000FFF751FC002831D001AF06240025354B69
:10CCE000384621462A4698477879C0210143797110
:10CCF0000BAE30462030304B39462246984707ACC1
:10CD00001027204639462A462A4B98473046214666
:10CD10003A46294B984703AC204639462A46254BCC
:10CD200098473046103021463A46234B98473046C4
:10CD3000FFF72EFC002803D1054603E0002501E0A3
:10CD40000E20C5431D4C22682E3200260627304691
:10CD50003946FFF7EFFD0BA9002801D0203101E093
:10CD600021682E31009860303A46F0F795F9226834
:10CD7000083210213046FFF7DDFD002805D020687D
:10CD800008300BA91022F0F787F92268183200202A
:10CD90001021FFF7CFFD002806D00BA91031206825
:10CDA00018301022F0F778F9E8B215B0F0BDC0469F
:10CDB000080B002097CC051099D00410000B002020
:10CDC000B0B5FFB083B01C466D462B73AA722972B2
:10CDD000A8711B0A6B73120AEA72090A6972000AC7
:10CDE000E87128460E3086992246F0F755F920461C
:10CDF0000A30A870000AE8700F202871FF206870C0
:10CE0000822028700C2068710E34A1B22846ECF7FD
:10CE100055FB7FB003B0B0BDB0B5FFB083B00C46DA
:10CE200005468B68CA8889886846801DF3F78FFBA2
:10CE3000280702D5A068F2F72DFD03990A460A32A9
:10CE400068468270120AC2700E220271054A028080
:10CE50000C2242710E3189B2ECF730FB7FB003B087
:10CE6000B0BDC04682FF0000B0B5FFB085B00C4633
:10CE700005468B68CA88898802A8801DF3F78CFB59
:10CE8000280702D5A068F2F705FD02ACA3896289E4
:10CE90002189E0880E340094FFF792FF7FB005B03F
:10CEA000B0BD0000F0B5FFB086B00C4605460B7A69
:10CEB000CA8889886089A6892769009001960297A7
:10CEC00003A8801DF3F7B1FB280702D52069F2F70C
:10CED000E1FC03A8417B827B120251180A460B3207
:10CEE0008270120AC2701A220271054A02800C2254
:10CEF00042710F3189B2ECF7E1FA7FB006B0F0BDB4
:10CF000082FF0000F0B5FFB08CB00C4605468B6880
:10CF1000CA88898807A8801DF3F7BFFB280702D5B8
:10CF2000A068F2F7B7FC07A8418905910189039130
:10CF3000C18802910C3004900025049EA8B2059986
:10CF400088421CD231188AA8069002242246F0F7A3
:10CF5000A3F8A81C80B2311889AF38462246F0F7F2
:10CF60009BF8281D84B230193B8806990A880090E6
:10CF700002980399FFF724FF38882518DEE77FB071
:10CF80000CB0F0BDB0B5FFB083B00C4605468B6861
:10CF9000CA8889886846801DF3F7F8F9280702D502
:10CFA000A068F2F777FC6846C17A039A120251181A
:10CFB0000A4609328270120AC27004220271054ABE
:10CFC00002800C2242710D3189B2ECF777FA7FB002
:10CFD00003B0B0BD82FF0000B0B5FFB083B00C4617
:10CFE00005468B68CA8889886846801DF3F7ECF986
:10CFF000280702D5A068F2F74DFC6846817A8900BF
:10D00000CA1D8270120AC27005220271044A02808F
:10D010000C2242710B31ECF751FA7FB003B0B0BD76
:10D0200082FF0000B0B5FFB083B00C4605468B68A8
:10D03000CA8889886846801DF3F7DBF9280702D57E
:10D04000A068F2F727FC6846C17A039A12025118C9
:10D050000A4609328270120AC27006220271054A1B
:10D0600002800C2242710D3189B2ECF727FA7FB0B1
:10D0700003B0B0BD82FF0000B0B5FFB083B00C4676
:10D0800005468B68CA8889886846801DF3F7CFF902
:10D09000280702D5A068F2F7FDFB684641890A46D9
:10D0A00008328270120AC27007220271054A028099
:10D0B0000C2242710C3189B2ECF700FA7FB003B058
:10D0C000B0BDC04682FF0000B0B5FFB083B00C46D3
:10D0D00005468B68CA8889886846801DF3F7BDF9C4
:10D0E000280702D5A068F2F7D5FB684641890A46B1
:10D0F00008328270120AC27008220271054A028048
:10D100000C2242710C3189B2ECF7D8F97FB003B030
:10D11000B0BDC04682FF0000B0B5FFB083B00C4682
:10D1200005468B68CA8889886846801DF3F7ABF985
:10D13000280702D5A068F2F7ADFB684641890A4688
:10D1400008328270120AC27009220271054A0280F6
:10D150000C2242710C3189B2ECF7B0F97FB003B008
:10D16000B0BDC04682FF0000B0B5FFB083B00C4632
:10D1700005468B68CA8889886846801DF3F799F947
:10D18000280702D5A068F2F785FB6846C17A039AA2
:10D19000120251180A4609328270120AC2700A221B
:10D1A0000271054A02800C2242710D3189B2ECF7FE
:10D1B00085F97FB003B0B0BD82FF0000B0B5FFB00D
:10D1C00083B00C4605468B68CA8889886846801DEE
:10D1D000F3F78DF9280702D5A068F2F75BFB6846E4
:10D1E000C1890A460C328270120AC2700C22027186
:10D1F000044B03804271103189B2ECF75FF97FB0C4
:10D2000003B0B0BD82FF0000F0B5FFB086B00C46A1
:10D2100005460B89CA8889886089A6892769009094
:10D220000196029703A8801DF3F71AFA280702D582
:10D230002069F2F72FFB03A8C1890A460C328270DD
:10D24000120AC2701B220271054A02800C2242712E
:10D25000103189B2ECF732F97FB006B0F0BDC046AC
:10D2600082FF0000B0B5FFB083B00C4605468B6866
:10D27000CA8889886846801DF3F725FA280702D5F1
:10D28000A068F2F707FB684641890A4608328270B7
:10D29000120AC2701E220271054A02800C224271DB
:10D2A0000C3189B2ECF70AF97FB003B0B0BDC046CB
:10D2B00082FF0000F0B585B00546C00645D426487B
:10D2C00000685024005D0024C0073FD00293039201
:10D2D00004910A9E214800686907C90E4018006938
:10D2E000711E03220A43113291088BB2562229463D
:10D2F000F2F798FC00282CD007460B9801903E745A
:10D300000299B973039B3B73049ABA72300A78741A
:10D31000080AF873180A7873100AF872384612303F
:10D3200001993246EFF7B8FE0C207872012038726E
:10D330000A36300AF871BE71FF2078718220387188
:10D3400028463946F2F70BFD00E08624204605B05A
:10D35000F0BD0724FAE7C046540B0020040B002060
:10D36000F8B50446C00608D40D4619480068502197
:10D37000405C800703D4002727E0862725E0164677
:10D38000144800686107C90E40180069572203233A
:10D390002146F2F747FC002816D001460673857235
:10D3A0000C204872022008720027CF710620887175
:10D3B000FF20487182200871300A4873280AC87219
:10D3C0002046F2F7CCFC00E007273846F8BDC046FF
:10D3D000540B0020040B0020F8B50546C00621D4EC
:10D3E0000E46134800685121405C002480061AD57F
:10D3F000174600930F4800686907C90E4018006976
:10D400000F2203232946F2F70DFC00280DD0014618
:10D410000098C8604F810E81074848602846F2F79F
:10D420009EFC00E086242046F8BD0724FBE7C046AA
:10D43000540B0020040B002019CE0510F8B505464A
:10D44000C00621D40E46134800685121405C0024D8
:10D4500040061AD5174600930F4800686907C90EA1
:10D4600040180069102203232946F2F7DBFB00284D
:10D470000DD001460098C8604F810E810748486072
:10D480002846F2F76CFC00E086242046F8BD07240D
:10D49000FBE7C046540B0020040B002069CE0510AA
:10D4A000F8B50446C00608D40D461E480068512150
:10D4B0004056002804D4002700E086273846F8BDEF
:10D4C0001F461646184800686107C90E40180069D3
:10D4D0005B2204232146F2F7A5FB002820D0014659
:10D4E000079A06980090C8730E738D720C234B72C6
:10D4F00011230B7238460027CF710A238B714A74AF
:10D500008873FF224A7182220A710098000A087407
:10D51000300A4873280AC8722046F2F720FCCDE78B
:10D520000727CBE7540B0020040B0020F0B587B091
:10D530000546C00643D40E46244800685221405C8C
:10D54000002480073CD5049205930C9A204800687B
:10D550006907C90E401800691E4906925118032236
:10D560000A43113291088BB25C222946F2F75AFB2A
:10D57000002828D007460D99069800900391019144
:10D58000381D3146049A059BF3F72BF8280704D57C
:10D590000398F2F77FF9F72005400C2078721220EB
:10D5A0003872FF207871822038710698C01DB871DA
:10D5B000000AF87128463946F2F7D1FB00E08624CC
:10D5C000204607B0F0BD0724FAE7C046540B002000
:10D5D000040B0020FDFF0300F8B50446C00625D467
:10D5E00016460D46144800686107C90E40180069C8
:10D5F0005D2203232146F2F715FB002818D00146CF
:10D60000067385720C204872162008720027CF71AD
:10D6100006208871FF20487182200871300A487303
:10D62000280AC8722046F2F79AFB02E0862700E03B
:10D6300007273846F8BDC046040B0020F8B504465D
:10D64000C00625D416460D46144800686107C90E69
:10D65000401800695E2203232146F2F7E3FA00280E
:10D6600018D00146067385720C2048721720087284
:10D670000027CF7106208871FF2048718220087131
:10D68000300A4873280AC8722046F2F768FB02E0A5
:10D69000862700E007273846F8BDC046040B002067
:10D6A000F8B50446C0062ED41F4616460D46184847
:10D6B00000686107C90E401800695F2204232146F3
:10D6C000F2F7B0FA002820D00146069808748F734C
:10D6D0000E738D720C224A7219220A722B46002593
:10D6E000CD710A228A71FF224A7182220A71000AD0
:10D6F0004874380AC873300A4873180AC87220463A
:10D70000F2F72DFB02E0862500E007252846F8BD4C
:10D71000040B0020F8B50446C00620D41F46164668
:10D720000D46114800686107C90E401800691122B2
:10D7300005232146F2F776FA002812D00146089810
:10D74000079A069B48610A82CB810F734E810D8137
:10D75000064848602046F2F702FB0020F8BD86200C
:10D76000F8BD0720F8BDC046040B0020A5CE05106B
:10D77000F8B50546C00621D40E461348006852216C
:10D78000405C002400071AD5174600930F48006834
:10D790006907C90E40180069142203232946F2F7CD
:10D7A00041FA00280DD001460098C8604F810E81D3
:10D7B000074848602846F2F7D2FA00E0862420465F
:10D7C000F8BD0724FBE7C046540B0020040B0020E3
:10D7D00005CF0510F8B50446C00608D40D46194813
:10D7E00000685021405C400703D4002727E08627CB
:10D7F00025E01646144800686107C90E4018006904
:10D800005822032721463B46F2F70CFA002815D090
:10D810000146067385720C2048720F720027CF7183
:10D8200006208871FF20487182200871300A4873F1
:10D83000280AC8722046F2F792FA00E00727384615
:10D84000F8BDC046540B0020040B0020FEB5044672
:10D85000C00624D41646134800685022805C002578
:10D8600000071DD51F46019102950F48006861070A
:10D87000C90E401800690725032321462A46F2F7FE
:10D88000D1F900280CD00146C76046810198088173
:10D89000064848602046F2F762FA029D00E08625BD
:10D8A0002846FEBD540B0020040B002085CF051038
:10D8B000F8B50546C00621D40E461348006850212D
:10D8C000405C0024C0061AD5174600930F48006834
:10D8D0006907C90E40180069082203232946F2F798
:10D8E000A1F900280DD001460098C8604F810E8133
:10D8F000074848602846F2F732FA00E086242046BE
:10D90000F8BD0724FBE7C046540B0020040B0020A1
:10D91000D9CF0510F8B50546C00621D40E461348E8
:10D9200000685021405C002480061AD517460093F9
:10D930000F4800686907C90E4018006909220323CF
:10D940002946F2F76FF900280DD001460098C8600B
:10D950004F810E81074848602846F2F700FA00E040
:10D9600086242046F8BD0724FBE7C046540B002060
:10D97000040B002025D00510F8B50546C00621D4BB
:10D980000E46134800685021405C002440061AD51A
:10D99000174600930F4800686907C90E40180069D0
:10D9A0000A2203232946F2F73DF900280DD001464B
:10D9B0000098C8604F810E81074848602846F2F7FA
:10D9C000CEF900E086242046F8BD0724FBE7C046D8
:10D9D000540B0020040B002079D00510F8B5054643
:10D9E000C00621D40E46134800685021405600243A
:10D9F00000281AD5174600930F4800686907C90E1A
:10DA0000401800690B2203232946F2F70BF900287E
:10DA10000DD001460098C8604F810E8107484860CC
:10DA20002846F2F79CF900E086242046F8BD07243A
:10DA3000FBE7C046540B0020040B0020C9D00510A2
:10DA4000F8B50546C00621D40E461348006851219A
:10DA5000405C0024C0071AD0174600930F480068A6
:10DA60006907C90E401800690C2203232946F2F702
:10DA7000D9F800280DD001460098C8604F810E816A
:10DA8000074848602846F2F76AF900E086242046F5
:10DA9000F8BD0724FBE7C046540B0020040B002010
:10DAA00019D10510F8B50546C00621D40E46134815
:10DAB00000685121405C002480071AD51746009366
:10DAC0000F4800686907C90E401800690D2203233A
:10DAD0002946F2F7A7F800280DD001460098C86043
:10DAE0004F810E81074848602846F2F738F900E078
:10DAF00086242046F8BD0724FBE7C046540B0020CF
:10DB0000040B002069D10510F8B50546C00621D4E4
:10DB10000E46134800685121405C002400071AD5C6
:10DB2000174600930F4800686907C90E401800693E
:10DB30000E2203232946F2F775F800280DD001467E
:10DB40000098C8604F810E81074848602846F2F768
:10DB500006F900E086242046F8BD0724FBE7C0460E
:10DB6000540B0020040B0020BDD10510F8B504466D
:10DB7000C00608D40D46194800685121405CC00613
:10DB800003D4002727E0862725E0164614480068BE
:10DB90006107C90E40180069592203232146F2F794
:10DBA00041F8002816D00146067385720C20487291
:10DBB0000D2008720027CF7106208871FF20487160
:10DBC00082200871300A4873280AC8722046F2F78A
:10DBD000C6F800E007273846F8BDC046540B0020C1
:10DBE000040B0020F8B50446C00620D41F46164694
:10DBF0000D46114800686107C90E401800691222DD
:10DC000005232146F2F70EF8002812D001460898A5
:10DC1000079A069B48610A82CB818F814E810D81D4
:10DC2000064848602046F2F79AF80020F8BD8620A2
:10DC3000F8BD0720F8BDC046040B002009D205102E
:10DC4000F8B50446C00628D41F4616460D461548AA
:10DC500000686107C90E401800696022032321464D
:10DC6000F1F7E0FF00281AD00146067385720C20F8
:10DC700048721C2008723A460027CF71072088712D
:10DC80008A73FF20487182200871300A4873280A7D
:10DC9000C8722046F2F763F802E0862700E0072703
:10DCA0003846F8BD040B0020F8B50546C00621D45F
:10DCB0000E46134800685221405C002440071AD5E4
:10DCC000174600930F4800686907C90E401800699D
:10DCD000132203232946F1F7A5FF00280DD00146A2
:10DCE0000098C8604F810E81074848602846F2F7C7
:10DCF00036F800E086242046F8BD0724FBE7C0463E
:10DD0000540B0020040B002065D205101CB5898837
:10DD10006C46E01CF2F7B8FA0520A0701320607082
:10DD20000420207008212046EBF7C8FB1CBD000032
:10DD3000B0B50446C00616D40D460D48006861070C
:10DD4000C90E40180069022221461346F1F76AFF06
:10DD500000280AD00146074848600D812046F1F7A7
:10DD6000FEFF0020B0BD8620B0BD0720B0BDC0467C
:10DD7000040B00200DDD0510FEB50546C00633D4AA
:10DD800017461C4800683D22825C002492062CD570
:10DD90003D30407A000728D501910293164800686B
:10DDA0006907C90E401800692522042329460093FB
:10DDB000F1F738FF00281AD00646477201983072F2
:10DDC000380AB07230460B3008220299EFF764F936
:10DDD0000099F1710C20B0713E20707131712846AC
:10DDE0003146F1F7BCFF00E086242046FEBD072443
:10DDF000FBE7C046540B0020040B002010B5FFB019
:10DE000083B089886C46A01DF2F78AFC217A481DF0
:10DE1000A070000AE07001202071FF206070822055
:10DE200020700820607109312046EBF747FB7FB076
:10DE300003B010BDF8B50446C0062DD415460F46F4
:10DE40000093184800686107C90E40180069511E08
:10DE500003220A43093291088BB240222146F1F78E
:10DE6000E1FE00281AD00646C57287720C30009970
:10DE70002A46EFF711F90027777206203072281D25
:10DE8000010AF171B071FF2070718220307120465B
:10DE90003146F1F764FF02E0862700E007273846A5
:10DEA000F8BDC046040B0020F8B50446C0062DD4CA
:10DEB00016460D46184800686107C90E40180069EB
:10DEC000412204232146F1F7ADFE002820D001466F
:10DED0000A300671057000274F7210220A72CF7146
:10DEE0000A228A71FF224A7182220A71320EC2719D
:10DEF000320C8271320A42712A0EC2702A0C827070
:10DF00002A0A42702046F1F72AFF02E0862700E045
:10DF100007273846F8BDC046040B0020F8B5044674
:10DF2000C00608D40D46194800684E21405C8007A1
:10DF300003D4002628E0862626E01F46164614480D
:10DF400000686107C90E4018006945220323214675
:10DF5000F1F768FE002816D0014685720420487249
:10DF60000120087232460026CE71062088714F7358
:10DF70000A73FF20487182200871280AC87220465F
:10DF8000F1F7EDFE00E007263046F8BD540B002007
:10DF9000040B002080B500F035FD80BDF8B50446C7
:10DFA0000588F6F712FA01462846F3F711FB0546F5
:10DFB000204600F0D7F81D2803D0232801D01B28C5
:10DFC0000ED16188EA88914205D8032903D323281A
:10DFD00067D1042965D82046F1F75CFC0020F8BD24
:10DFE000204600F0BFF8A988CA066ED5012802D0E5
:10DFF000AA78904269D110208143A9806A89298931
:10E0000003263046F3F756FB6188E8880091814289
:10E0100000D99AE0204600F0A5F8421E0121CA412D
:10E020000023102A00D988E092001F4601A39A58C5
:10E030003B469746EBE00510EFE00510FBE00510CE
:10E0400019E1051079E0051041E1051041E10510E5
:10E0500041E1051079E00510E7E005103BE105100E
:10E06000F3E00510E7E005103BE105103BE105108A
:10E070003BE1051041E10510092802D1009904296E
:10E080005BD3112802D10098062856D3A089401CE2
:10E0900081B2204600F047FA3B4600284DD00146A9
:10E0A00043E01D280DD1A888800612D46A892989E9
:10E0B0000220F3F749FB00284CD1A8882021014316
:10E0C000A980204600F0B7FFF8BD204600F0B7FA5F
:10E0D000F8BD08354220032102222B46FFF7AAFE95
:10E0E000002837D177E70B4627E0052325E03346A4
:10E0F00023E0009B042B1FD91FE0009806281CD3A7
:10E10000A089401C81B2204600F00DFA01280BD0F6
:10E1100002281AD1122108E0009802280DD3009B92
:10E12000581E800708D108E00421009EB01EE2F7C7
:10E13000FBF80029334600D000230098984204D110
:10E14000074801682046884702E0204600F05EFF4D
:10E15000842801D18420F8BD0020A870F8BDC046F5
:10E16000E40E002080B5818900F0DDF980BD80B526
:10E1700000F070FC80BD80B500F06EFC80BD00003A
:10E18000F8B5054681884088F3F722FA002808D0C0
:10E19000044629781E2906D1A088800639D40C2689
:10E1A00093E1122691E1480606D4CA48CA4A0260A1
:10E1B000A088C00600D56DE1E0888A1E86261E2A4A
:10E1C00000D991E0032752007A4492885200974484
:10E1D00022007C011E007C019F007C01A2007C01CA
:10E1E00022007C011E007C0194007C012D017C0139
:10E1F00090007C017C017C01A9007C01AC007C01C9
:10E200007C017C017C017C0121007C0194000527BC
:10E2100001E0E0880127B9B2814200D307460097A8
:10E22000BFB220463946F3F7D1FA00282FD0064670
:10E230002A78818900F054F92878811E16292DD872
:10E240004900C0467944898849008F4416000D0171
:10E2500070000D0177000D0193000D01A1000D016B
:10E26000AA000D01BA000D01C0000D012F000D0123
:10E270000D010D01CE000D01E6009848028AB0891B
:10E28000401C81B23046F1F73AFB0320EBE0082056
:10E29000FEF7DAF9EEF73AFA882616E1202800D1DF
:10E2A000CAE0522802D0D22800D0DDE02A89B08905
:10E2B000401C81B23046F1F722FBEB686A89B089D5
:10E2C000C01C81B23046F1F723FB2878122800D118
:10E2D000B8E0D22800D0C7E000980C3870802089C0
:10E2E0003146FEF75AF8BFE0522902D0D22900D0B9
:10E2F000EBE0D22908D0032107E0297A49004F1C1E
:10E30000874200D887E7E0E00F216A89571882E743
:10E31000E989CF1D7FE7E968097C802900D089E081
:10E32000152778E7A9894F1D75E7022773E76A89E2
:10E330002989304600F0A2F9052094E06A892989EC
:10E34000304600F09BF9AA89B089401D81B2304661
:10E35000F1F7D5FAE889C01DB84200D80746F81F82
:10E3600082B22B69B089C01D81B23046F1F7D0FA74
:10E37000072078E06A892989304600F07FF9B08962
:10E38000401DEB68197C80295ED181B210225EE0CD
:10E390002A89B089401C81B23046F1F7B0FA0B20CF
:10E3A00061E02A89B089401C81B23046F1F7A7FAB2
:10E3B0006A89B089C01C81B23046F1F7A0FA0D20FD
:10E3C00051E02846314600F04DF90F204BE06A89B4
:10E3D0002989304600F052F9B089401DEB68197C5C
:10E3E000802939D181B2102239E02A89B089401CB4
:10E3F00081B23046F1F783FA6A89B089C01C81B2D4
:10E400003046F1F77CFA2B69AA89B089401D81B2A8
:10E410003046F1F77DFA172025E02A7AB089401CB2
:10E4200081B2304600F05CF819201CE0E968097CF4
:10E4300080294CD00727EEE62846314600F012F935
:10E44000212010E013200EE081B20C33022230466E
:10E45000F1F75EFA092006E081B20C330222304661
:10E46000F1F756FA1120A070009870802A78B189CF
:10E47000304600F035F82878410611D41E280FD018
:10E48000628921890320F3F75FF9002804D0304620
:10E49000F1F700FA842618E0A08810210143A1803A
:10E4A00060893146F3F716F9002801D081260CE087
:10E4B000287800261E2808D1628921890220F3F7D6
:10E4C000F9F8A08820218843A0803046F8BD1127A4
:10E4D000A1E6C046E40E0020D9EA0510680B002032
:10E4E000BCB514464068202904D301AD2A46FCF788
:10E4F000D8FA298840180471BCBDBCB5044680898F
:10E50000401C81B2204600F00EF86188081AA189EB
:10E510004018801C81B2022201AD20462B46F1F743
:10E52000D5F92888BCBD1CB51F2903D801AA1180C4
:10E53000406805E0406801AC2246FCF7B2FA218849
:10E54000401800791CBD1CB5818942885118891E6C
:10E5500089B2022201AC2346F1F7B8F920881CBD2C
:10E56000FEB50E464188052912D11C461546818903
:10E57000052201AF3B46F1F7A9F978783070B878F9
:10E58000F978090208182880029820700020FEBD42
:10E590008620FEBDBCB504468089401C81B2204661
:10E5A000FFF7C1FF6188081AA189401881B20222D1
:10E5B00001AD20462B46F1F789F92888BCBD70B51E
:10E5C00014460E4605468089401C81B22846FFF756
:10E5D000AAFF02464643B01C6988884208D2A9892E
:10E5E000081881B228462346F1F770F9002070BD63
:10E5F000862070BDBCB504468089401C81B220468F
:10E60000FFF791FF1121C943012800D10E31608825
:10E610004018A189081881B2022201AD20462B467C
:10E62000F1F754F92888BCBD80B50B464288818932
:10E63000491D89B2521F92B2F1F73FF980BD1CB556
:10E640000446008801AB1880422002210A46FFF7E9
:10E65000F1FB002801D084201CBD2046F1F71AF9F7
:10E6600000201CBD10B50C46C3688989007A4200A1
:10E67000481C81B22046F1F74BF910BDB0B51446E5
:10E680000A4605468089401C81B22846F1F737F9D1
:10E69000A889C01C81B228462246F1F730F9B0BDE6
:10E6A00010B504460821FCF75DF9044909686022A9
:10E6B00000238B52486660314C8010BD0C0B00204B
:10E6C000F0B585B0174604901C4D28686024065BA1
:10E6D000024660325288964217D202940393002970
:10E6E00017D00197084600F02BF8441C2868B1B2F7
:10E6F000A2B291420BD3C900406E401801460839BE
:10E700000822EEF7C9FC761EF0E7002712E0019F11
:10E7100000E03446406EA1B2C900049A4254401849
:10E72000039A42602868029BC25A521CC252406E31
:10E7300040184780384605B0F0BDC0460C0B00209D
:10E7400008490A68516E6223D25AD2005218083A18
:10E75000824202D3401AC00801E00020C04380B2C8
:10E760007047C0460C0B002080B500F00FF805493B
:10E77000884205D0C00004490968496E081880BD68
:10E78000002080BDFFFF00000C0B002010B50446E8
:10E7900000F024F80649884207D0C200054B1B68E8
:10E7A0005B6E9A185288A24200D0084610BDC0463F
:10E7B000FFFF00000C0B002080B500F00FF80549AA
:10E7C000884205D0C00004490968496E081880BD18
:10E7D000002080BDFFFF00000C0B002070B5094930
:10E7E0000A686021535A00210225074C8B4206D04B
:10E7F000566E765B864203D20835491CF6E7214601
:10E8000088B270BD0C0B0020FFFF0000FEB5029324
:10E8100015460022884223D80C4616490F6860210D
:10E82000795A00291CD000920191FFF7D7FF0646C4
:10E830002046FFF7D3FF0199491E814200D30146CC
:10E8400089B2B2B28A420DD8786ED300C45CAC42B1
:10E8500004D1C0184368029CA34205D0761CF0E79F
:10E860001046FEBD0098FEBD03498A4200D100203B
:10E87000FEBDC0460C0B0020FFFF000080B5FFF777
:10E880005FFF0749096860228A5A401C80B29042A3
:10E8900003D2496EC000081880BD002080BDC0466C
:10E8A0000C0B002080B500F003F8408880BD00000C
:10E8B000F8B5047802252146294302291ED1FFF725
:10E8C0003FFF0F49096860228B5A401C82B29A426E
:10E8D00010D2002C08D0022CF7D1D7004E6EF75D75
:10E8E0002F43022FF1D106E0D7004E6EF75D002FC7
:10E8F000EBD100E04E6ED00080190838F8BDC0465C
:10E900000C0B0020064800686021415A002905D000
:10E91000406EC9000818801F0088704700207047AB
:10E920000C0B0020FEB50D460446FFF7EBFF002858
:10E9300034D0AC4232D80646A0422FD32046FFF74F
:10E9400025FF04461648844228D0AE4200D32E4606
:10E950003046FFF71BFF13490F686026B95B4A1E5C
:10E96000824217D90190054602948BB26D1CAAB25F
:10E970009A420DD2796EA0B2C0000818D200891850
:10E980000822EEF789FB07480768B95B641CECE7CF
:10E99000029C0198C243A2185118B953FEBDC0464B
:10E9A000FFFF00000C0B002010B509490A68602128
:10E9B000535A190409D0516E9CB2E4006118083909
:10E9C0000C785B1E8442F4D100E00021084610BDA3
:10E9D0000C0B002010B504460846FFF7FFFE08495F
:10E9E0000968496E82B2D2008B5CA34205D0421EF8
:10E9F00000041046F6D1002010BD881810BDC04696
:10EA00000C0B002070B5114CA07A2421FBF7AAFF53
:10EA10000F490B6800221D4650351E4648369A6441
:10EA2000DE641A655D65A47A002C0CD002620B6866
:10EA30005B6D186001230370054620350B685D652A
:10EA40002430641EF0E79A6570BDC046680B002054
:10EA50000C0B002070470000F8B50D460446194E17
:10EA6000376848373F68002F10D07888A0420BD114
:10EA7000B888A84208D138781821014339700C2091
:10EA8000FDF7E2FDEDF742FE2037EBE7042D17D14D
:10EA90003068816D0B46002B0BD01A469D68002311
:10EAA000002DF8D0AB88A3422B46F4D1AB6893601D
:10EAB000F1E7002904D08A88A24201D189688165E2
:10EAC000F8BDC0460C0B002080B5024800688047A6
:10EAD00080BDC046E80E0020F0B595B0054604881C
:10EAE000F5F773FC0146204600F06EFA86260028F2
:10EAF00000D108E204462F882846F5F766FC014657
:10EB00003846F2F765FD08902078FB21014021701E
:10EB10000C273846FDF798FDEDF7F8FD284600F084
:10EB200065FA012807D16088F1F73CFE002860D023
:10EB3000204600F060FA20780022010757D4A3791C
:10EB4000591E112900D9DEE10792490079448988CC
:10EB500049008F44C50002010F01990099001F016F
:10EB6000640175017C01B901A600A600B80011007E
:10EB7000B00011001100B000C00600D5A7E0A288C7
:10EB800061880A202B46FEF7BFFF002800D0B4E1C1
:10EB9000A079112800D1B2E1637A21690891102887
:10EBA00000D0D0E10693A889401C81B22846F0F736
:10EBB00096FE0590A889C01C81B22846F0F78FFE0A
:10EBC0000026A2896988491F9142049000D0CFE1B4
:10EBD000384606994843089A101880686189411898
:10EBE00028461546FFF720FD069B0390C4E1164614
:10EBF00089E109A90FAA0EAB2846FFF7B1FC00284E
:10EC00002BD02846F0F746FE0EA80078122808D12F
:10EC100060880421F2F7DCFC8188012252020A4359
:10EC20008280A079012804D1089B9988042291430D
:10EC300099800EA909780A2908D0072902D10A2843
:10EC400000D175E7217810220A4322700E2800D1E6
:10EC500071E7102800D16EE76AE709A800780790ED
:10EC6000A38862880FA8008821460EAC2478009003
:10EC700001940C46022011461A46079BFEF710FC31
:10EC80000028BED006463EE1A28861880A202B46B5
:10EC9000FEF740FE002800D02FE12846FFF77AFC5F
:10ECA000C8E0A28861880A200B2B00D020E12B4607
:10ECB000FEF7C6FE1FE1A28861880220FEF756FF1C
:10ECC000002800D019E12846F0F7E4FD17E160893B
:10ECD000002800D113E1002626720F20A07112E156
:10ECE000A889401C81B22846F0F7F9FD064617288E
:10ECF00000D81726B348008A8642089F00D30646EC
:10ED0000B888000714D5F888B04211D03B460833C4
:10ED1000422003210222FFF78DF8002800D0ECE00A
:10ED20002078102101432170B88808218843B880D9
:10ED30002078C00600D5FE88618802203246FEF7A2
:10ED400049FD002800D0D8E0FE80B88808210143A2
:10ED500004208143B9802046DCE0A28861880A2033
:10ED60002B46FEF79FFE002800D0C6E02846FFF79E
:10ED7000C4FB0BE0A28861880A202B46FEF798FDB1
:10ED8000002800D0B9E02846FFF7DDFB8C49884217
:10ED900053D1B4E0284600F008FA089060890EA923
:10EDA000088020460C30079009A80C3005900FA869
:10EDB000401D06900026F7B20FAA28463946FFF7F5
:10EDC000FEFB002800D0A1E00898072805D109A87B
:10EDD000102101740222059803E009A88021017422
:10EDE00010220699EEF758F90EA80FA90222EEF7A5
:10EDF00053F909A80799FDF7CFFD00280DD1A28886
:10EE000061880898009001954743B81C83B202209E
:10EE1000FEF78CFB002800D082E0761CCBE7A288AE
:10EE200061880A202B46FEF711FD002865D128468F
:10EE3000FFF7E0FB6189884261D2401C208161E0DC
:10EE4000A28861880A202B46FEF796FD53E02846EB
:10EE500000F0ABF9064606946088F1F7A3FC089031
:10EE600002246888A3B2834253D2089801280ED1A5
:10EE7000A889001981B20FAF284632463B46F0F709
:10EE800025FD5C2031463A46F1F728FE1AE0069F40
:10EE9000BA887988009601950220FEF747FB002882
:10EEA0002BD1387F10280DD10698008B424988421B
:10EEB00008D1069840880421F2F78AFB81883F4AEE
:10EEC00011408180A419CCE7A28861880A202B46D2
:10EED000FEF784FD002810D10898C088411E68887C
:10EEE000401E82B291420AD861890818608109E007
:10EEF0002B46FEF7D9FE002801D0842603E02046E9
:10EF000000F079F8079E304615B0F0BD0EA80088D5
:10EF10000AE0069800F06FF82846F0F7BBFCF1E72E
:10EF20000E98401E0EA90880618982B28A4202D2E0
:10EF3000401C208102E0204600F05DF82846F0F7F2
:10EF4000A9FC0026DFE76189089AA0894018608142
:10EF500080B25F43D11989888842D3D1207A401E7C
:10EF6000984224D900266681607A401C6072CAE704
:10EF7000F0430390069B089D394659436A5A284638
:10EF8000059D95420BD1024641184A8861898A182D
:10EF9000049DAA4203D1024603980028D5D02672C8
:10EFA0000F20A0712078102101432170ABE70120D0
:10EFB00020720F20A071A5E72A2B0000FFFD0000A2
:10EFC000FFFF0000680B0020074A126848321268F1
:10EFD000002A07D05388834202D193888B4201D004
:10EFE0002032F4E7104670470C0B002080B5818971
:10EFF00000F0CBF880BD80B5017808220A4302708A
:10F000000C20FDF721FBEDF781FB80BD10B50488D6
:10F01000F5F7DBF901462046FFF7D6FF002808D0B8
:10F02000017818220A4302700C20FDF70DFBEDF762
:10F030006DFB002010BDF0B585B0044605888089C1
:10F04000461C2046FFF7D2FF232810D0B1B21B2860
:10F0500022D12046F0F743FC0146284600F05CF838
:10F0600000283DD02046F0F715FC002550E06788C9
:10F07000B1B22046B9422AD2F0F731FC0146284607
:10F0800000F04AF80028EDD1B01C81B22046F0F71C
:10F0900026FC3018061DEBE72046F0F720FC014661
:10F0A000284600F039F8002824D06E4675802046A6
:10F0B000F5F78BF9B0801E2030703046FFF760F80E
:10F0C0000546002820D12046F0F7E4FB1CE0F5F7C8
:10F0D0007CF902460A2029462346FEF749FB12E046
:10F0E0002046F5F772F902460A2029462346FEF724
:10F0F000A5F908E02046F5F768F902460A202946F6
:10F100002346FEF769F90546002D01D07B20C54353
:10F11000E8B205B0F0BD0000BFB5044600F022F82B
:10F120000546002806D10E48014600F01BF80546AA
:10F13000002802D02878022801D200200DE003A97F
:10F1400002AA01AB2046FDF794F8002804D12878E4
:10F1500002A909788142F0D2C02004B0B0BDC046F7
:10F16000FFFF0000074A126858321268002A07D0D1
:10F170009388834202D153888B4201D00832F4E74E
:10F18000104670470C0B002070471CB51F2903D890
:10F1900001AA1180406805E0406801AC2246FBF7F7
:10F1A00080FC2188401800791CBD80B58189491CEC
:10F1B00089B2FFF7EAFF80BD00207047002070474A
:10F1C00080B541680078F5F7FBF8002080BD7047F6
:10F1D000704770477047B0B504463020255C608F9B
:10F1E000F5F7ABFC2846F8F7A1F82546ED350028E1
:10F1F00004D03034607C0121FBF7CEF90020287068
:10F200001520FDF721FAEDF781FAB0BD7CB5044673
:10F21000EFF7F6F8054601212046F5F70DFF2646E3
:10F220002C36214628318D4210D085420ED0616F98
:10F230002046F5F757FE01212046F5F703FF012888
:10F2400004D16878002801D0001D68702546AC35CF
:10F250003078032813D101A8FAF79CFF012806D0C3
:10F2600000280AD1E06EA16C4900081806E0216D63
:10F270000198884202D3084600E0206D686020466D
:10F28000F5F704FF2046F6F775FF29681434204689
:10F29000EFF7F9F97CBDF0B589B002464220155A66
:10F2A000506C019040180690C9204000101804903E
:10F2B00010464230059010462D3003900792FE32E2
:10F2C000029200200890A9B20122079E3046F6F76C
:10F2D00088F9F16C4143726C5418746408994118B0
:10F2E00008912D18AFB230463946F6F7E7F90646D1
:10F2F000002802D10698201AE5D4059C2088B8423F
:10F3000005D9029800880799FC31F8F76AF825803A
:10F31000002E089D1BD10798416C019A8F1A39461F
:10F32000F6F75EFA0646002811D111200001079970
:10F3300008183946F7F7B9FA0646002807D10798A2
:10F3400039462A46F6F7A0FE0646002807D0039C59
:10F35000207DFBF717F926700020049908802846C5
:10F3600009B0F0BDF0B599B00446408E401C6086EF
:10F370004120275C2D20205C002808D0EDF798FF65
:10F380003846FBF7FFF83846FAF70CFFBDE21520C8
:10F39000000120180790C92040002018089020463E
:10F3A0002C300C90254680352046AC300690204607
:10F3B000E4300B90EC4E3068EEF7EAFF0A9000283C
:10F3C0000D953ED0264614363046EFF70CF8304601
:10F3D000EEF7FDFF2878800747D409972046EFF71E
:10F3E0000FF80746254628350C980078002108912B
:10F3F000032800D0A8E03046EFF702F80346AF42FA
:10F4000015D0397803200A460240032A0AD189061A
:10F4100000D40220385C062804D120460793F5F773
:10F4200049FD079B0D9A106840210143116018782F
:10F4300039780143C80676D40D980078C0067FD588
:10F4400082E009972046EEF7CEFF2046EEF7BFFF99
:10F450000EA8002181770176059141773068EEF79B
:10F460008BFF002814D0012518E08B2040002518C0
:10F47000EDF71EFF0C9E707DFBF784F800202870CE
:10F480003546132171700799887108990880F2E157
:10F490003068EEF72AFF0546401E85410EA8C57666
:10F4A0003068EEF780FF07460F90002D1ED0EDF775
:10F4B000FFFE0B9DE868002802D0C188491CC1806E
:10F4C000286900280D9E0AD00C98407DEFF7D2F9EC
:10F4D0004000296908189421425A521C42520EA831
:10F4E00001250576306800210591B9E00497306860
:10F4F000EEF737FF0D9F39784A09012529469143D8
:10F500000EAA917603900E903068EEF7CAFE00289E
:10F510006ED03878C0067BD4EEF789FE38681021AB
:10F520000143396078E0069840680790EDF77FFE68
:10F53000616C081A0799401802D4E16E884203D220
:10F54000EDF7B6FE012008902046F5F798FD022859
:10F550003DD10D9880680068C10615D4400636D5A7
:10F560000C98407DEFF7C1F80D9B98680168402228
:10F570009143016018680821884318601320FDF743
:10F5800063F8EDF7C3F822E0079700200F900E9084
:10F590000C9F787DEFF7BDF8787D0EA9EFF790FA14
:10F5A0003878032803D10C98407DEFF7ACFA0D9B17
:10F5B000986801681022914301601868082101438E
:10F5C00019601320FDF740F8EDF7A0F8079FAF4250
:10F5D0000B9901D0888AC88208980028099F0C9D41
:10F5E00000D045E1069801683046EFF74CF844E159
:10F5F0003068EEF76EFE002827D00398002824D04C
:10F60000EDF756FE0EA83D21059181770D9E23E072
:10F61000EDF74EFE0EA80576049F0B98C0680028F3
:10F6200002D04188491C41800B9E306900280AD0D5
:10F630000C98407DEFF71EF94000316908184A2107
:10F64000425A521C42520D9E07E00D9E3068102116
:10F650008843306000250595049F316820200843C9
:10F660007942794189013A464027B84340183060D1
:10F67000002D27D00EA8807F00286BD10EA8C07E59
:10F680000028099F0D9E00D0E9E0A06C00280B9D8A
:10F6900000D1C2E0354E3068D021415C01294AD109
:10F6A0000568F4F783FD012800D09FE00C980079ED
:10F6B0000E214143306894228058C06B8068401806
:10F6C000C07994E0154620461430EEF799FE11906B
:10F6D0000178032211400EAE0291717501788906FE
:10F6E00000D402220490805CF075F6F775FE307548
:10F6F000A16E61660123002D0D9A08D01168194092
:10F7000005D01626EDF7D4FD0EA8867722E0916885
:10F710004978C90703991AD0002918D0029A032AF8
:10F720000FD13D261228EDD81946814010480142DC
:10F7300003990CD1E6E7EDF7BBFD0EA80121017698
:10F740006AE004984078002801D03D26DAE7059861
:10F7500000280FD00C9D687DFAF714FF0EA8807F5B
:10F7600068700126099F89E0500B0020540B00208F
:10F77000120004001D46019720460F46EEF740FE9A
:10F7800006460EA80021017741761296039110914A
:10F79000002F00D155E10C980078022814D104986C
:10F7A000007831780143C80609D5276DEDF73FFD94
:10F7B000616C081AC01902D4E16E884204D2EDF7D8
:10F7C00077FD0EA80121017604984778002F00D11B
:10F7D00037E10D9800680826064000D1B0E0F4F744
:10F7E000E1FC012800D199E01C2098E00120666C22
:10F7F000EFF77FFA281A6064A16C891B0818069A33
:10F800005168814201D9081A50600020A0646063E9
:10F810002046F6F7AFFC0B9D0D9E0EA8807E0128BA
:10F8200002D1A06E606604E01220FCF70DFFECF739
:10F830006DFFE868002802D00188491C0180286912
:10F8400000280C9D08D0687DEFF714F840000B9954
:10F8500009690A5A521C0A522879F8F727FF0EA89C
:10F86000007E01280C9D08D130681021884330604B
:10F87000204600F088FA012600E000266D7D28462B
:10F88000EEF7E7FF0D990968002805D0480705D471
:10F890002846EEF72AFF04E00807F9D52846EEF7D8
:10F8A00038FF002E1FD00D9EF568002D17D009944B
:10F8B0000C9C607DEEF7A6FF02462946103101231D
:10F8C0002846FDF7D7F9607D099CEEF785FF0146D4
:10F8D000203508222846FDF73FF80020F060384622
:10F8E000FAF760FC01E0EEF7A2FC0A9800280CD1C0
:10F8F000EDF795FC7F2805D00546FAF751FB28184F
:10F900000B9908702046F8F7D2FE01242046FCF738
:10F91000C3FEECF7FBFE204619B0F0BDFC200499B5
:10F9200038420DD04878001F487002200B9988712A
:10F930001320FCF789FEECF7E9FE0EA8407D02904B
:10F940000298032810D10EA8C57D022D18D1119858
:10F950004078022814D10EA8012101770D9D286856
:10F9600002210143296043E00C980078032818D154
:10F970000B98007A002814D00220109901434FE020
:10F980002046F5F76AFB002821D00C98407DEFF760
:10F99000A1F9002E0D9D2BD00C98407D00F06BFA44
:10F9A00026E0119805904778F4F7FCFB012801D078
:10F9B0001F2600E0FF263E401FD003982067EFF788
:10F9C0006FFE00281DD0022010900B9D2CE00C989B
:10F9D0000078032808D1272D06D1119840780B28EC
:10F9E00002D10EA8012141770EA8012141760D9D7B
:10F9F000286880210143296001E0039810900B9D45
:10FA000016E0059800788006C00F3218618F2846EE
:10FA1000EFF71EFF2067002801D0294600E00221F1
:10FA20000B9D1091880703D50C98407DEFF752F994
:10FA300011980078A98AE982202101400EA88175D9
:10FA4000129E012120460491F5F7F6FA074620465A
:10FA500028300590A36F002B10D0187A00070DD521
:10FA6000D86900280AD0BE4208D00598864205D041
:10FA70000D990868019A9043086003E00F980028E8
:10FA80000C9D19D0BE421AD0059FBE4227D058699E
:10FA90009861197B039D1D731A8A511819828AB2C5
:10FAA0001E465B889A421CD2F2895118C9060296FA
:10FAB0001AD10068B06117E0EEF7B9FBDDE0029300
:10FAC00003212046F5F77CFD2046EEF778FCB87858
:10FAD000272802D10EA801214177059F07E0029354
:10FAE00005E0F669029604251098284310902046F8
:10FAF000F5F7BFFA05462046F5F7C1FA0EA90E7FC5
:10FB0000002E22D1012820D1012620463146F5F7CA
:10FB100093FA074620463946EEF7AFFC3878800660
:10FB20001FD4B87827280B990C9D47D002284BD1B9
:10FB30000D99086830430860687D1F210A46FAF76E
:10FB4000F7FCA06E079908603EE0EFF7B7FD0028CC
:10FB500014D0EEF76CFB0E98002807D00C9D04988B
:10FB600006E02046EEF781FC0C9D2DE011200C9D57
:10FB7000208520463946EEF780FC73E00298002885
:10FB8000E7D0012DE5D0012EE3D0EEF750FB7C4805
:10FB900000688C214058029D298AEA8951181F2249
:10FBA0000A401018871C20463946EEF766FC2046AE
:10FBB0002946F5F797F965670C9D53E0A87D7871A4
:10FBC000E87DB871002088820D9880680068010780
:10FBD00017D4800611D5687DEEF787FD0D9B9868D8
:10FBE000016820229143016018680421884318604D
:10FBF0001320FCF729FDECF789FDEEF718FB0D9DAE
:10FC000020E0002017901690687DEEF782FD687D59
:10FC100016A9EEF7C9FF2878022802D1687DEEF711
:10FC2000DFFFEEF704FB0D9DA868016808229143F1
:10FC3000016028680421014329601320FCF704FDBA
:10FC4000ECF764FD02212046F5F7BAFCA8680168CC
:10FC50004A070C9D06D50422914301600899088843
:10FC60003043088001212046F5F7ECF9012804D142
:10FC70007878002801D0001D7870109881070D99C0
:10FC800006D50978090703D5687D00F0F4F81098C7
:10FC9000410706D520467830FCF7F2FEEFF738FD35
:10FCA0001098C00726D011984578F4F77BFA012800
:10FCB00001D01F2200E0FF222A40206F42801199CC
:10FCC0000B789B0602D40023037302E00123037325
:10FCD000521C4068891CFAF7C1FF206F0025C561DE
:10FCE0001199097803220A40017A11430172EFF752
:10FCF000F3FC25670EA8407E012831D10021204663
:10FD0000F5F79AF9064611980178407800024018F4
:10FD10003080F7F7C9FA0546F7F7BCFA2843C0B2B6
:10FD2000FAF75AF90EA9897D202901D0022100E0B5
:10FD30000321119A5118001FC3B252789A4200D37E
:10FD40000246D2B2B01CEDF7A7F90D9840680168E1
:10FD500001220A4302601520FCF776FCECF7D6FC82
:10FD60000EAD2046294600F00DF8A87D202800D0D1
:10FD700080E41198807881092046F7F791FD79E4B5
:10FD8000540B00207047FEB50446F020205827464B
:10FD90004237002802D08188491C81802546803561
:10FDA0002046F7F71FFB606C01903E882046F5F770
:10FDB000DFF8024620463146F5F713FCE26C424379
:10FDC000616C8918616400903018029086B238889E
:10FDD000B04206D92046FE3000882146FC31F7F7B4
:10FDE00000FB286880218843286020463146F5F7CB
:10FDF00065FC064602983880002E1AD1606C019985
:10FE0000471A20463946F5F7EBFC0646002810D184
:10FE10001120000120183946F6F747FD0646002854
:10FE200007D120463946009AF6F72EF906460028F3
:10FE30000AD0C9204000251827462D37387DFAF70B
:10FE4000A1FB3E7000202880A06F002801D0C66969
:10FE500000E000267834002E0CD03546F669287A6A
:10FE60000007F8D520462946FCF7F4FD2846EFF7B1
:10FE700011FDF0E7FEBD1CB504466946EEF70BFD2B
:10FE80000098411E0091002802D10198401E019067
:10FE900069462046EEF714FE1CBD000070B584B024
:10FEA00015460A460446002B07D00A9882421FD105
:10FEB0000B98684000021BD11BE0099808990123A8
:10FEC000002902D006461E4004D1002911D102218A
:10FED00008400ED00848006894214158C868096954
:10FEE00003AE009301962B46FCF7DEFD002800D1FF
:10FEF000FF24204604B070BD540B0020F0B587B03D
:10FF0000CD1EFF21FD2425421CD1002A1AD00D9EB2
:10FF10000C990C68059406934B6882C8FF20000674
:10FF20003C46844312C603930598029006980190BC
:10FF3000684268410090C8B25207D30F3A46FFF7B3
:10FF4000ADFF0146084607B0F0BD000010B5012422
:10FF5000844008212046FAF705FD034909689422E8
:10FF600089584C74C86010BD540B0020704770470E
:10FF700070470000F8B5002846D00E4601256821DC
:10FF80002846FAF7EFFC214F396894240959886014
:10FF9000B540EEB208213046FAF7E4FC3968095959
:10FFA00089684D724860009675001126212E0FD089
:10FFB00008212846FAF7D6FC396809598968891951
:10FFC000491F086038680059806885550836EDE794
:10FFD00028210098FAF7C6FC396809598968086031
:10FFE0000B480225012629463246FAF7A9FC396852
:10FFF000095989688864064831462A46FAF7A0FC00
:020000041006E4
:10000000396809598968C864F8BDC046540B002096
:10001000640B0020002070470020704700207047CC
:1000200080B50A4A12683D23D25C0270012A05D0CD
:10003000002A08D10846F0F769FF02E00846F0F709
:100040006FFF002080BD862080BDC046A00B002031
:1000500070B50D4606460620F4F7E2FA044600287D
:1000600003D02846EFF716FC08E0308901F0DEF8EF
:1000700002460020024B0146FBF770FD204670BD92
:1000800030750000B0B51C461546002907D101891E
:1000900000200622EFF7DCFB0146002809D00220F1
:1000A000488048680572486844720620F4F7B8FA38
:1000B000B0BD8820B0BD80B5FBF7ACF880BDF0B511
:1000C00097B0044603AE002150223046ECF7F4FF0F
:1000D0005920205C71780143717030463E302146D2
:1000E0005A3106252A46ECF7D7FF207CF070E07DD8
:1000F000010716D411202056002804D503A8417802
:1001000080220A43427003AE301D21461E31022276
:10011000ECF7C2FFB01D214620310822ECF7BCFFEE
:1001200003E0FE21084003A9887003A80E30214691
:10013000283110263246ECF7AFFF607C81060CD5E3
:1001400003AF38461E30214638311022ECF7A4FFA9
:100150007878202101437970607C40060BD503AF8D
:1001600038462E30214648311022ECF795FF78783A
:10017000402101437970A07C052108420AD003AFD9
:100180003846443021461C310222ECF785FF78784E
:10019000304301E003A84078E17A2940014303A8F5
:1001A0004170A16EE26E15911692FBF737F8054685
:1001B00000280CD0A11C01AC06222046ECF76CFFF5
:1001C000A5714220052107222346FDF733FE28466C
:1001D00017B0F0BD70B594B00E4604464178801C4F
:1001E0006A46FBF73EF80546002E05D0002D03D1E8
:1001F0006846214600F004F8284614B070BD00009F
:10020000F8B50C46054601208873E878087408465E
:100210001C30294644310226194F3246B847204641
:100220001E30291D3246B84720462030A91D08221D
:10023000B8472046283029460E3110263246B847A6
:100240002046383029461E313246B84720464830CD
:1002500029462E313246B847A86CA066E86CE066A5
:10026000687806210140E172E0210140607C08438A
:100270006074A878010702D5FE210840E075F8BD3A
:1002800099D0041070B594B014460E464178801C85
:100290006A46FAF7E6FF0546002807D100203070CD
:1002A00069463E3106222046ECF7F6FE284614B099
:1002B00070BDB0B594B014466A46FBF74BF80546DE
:1002C000002803D168462146FFF79AFF284614B05C
:1002D000B0BD1F207047000070B50446807B03212D
:1002E0000140258903290AD12046FFF7E8FE0028AE
:1002F00005D008210022204600F026F870BD2846CF
:1003000000F094FF0246012000210E4BFBF726FC73
:10031000E07C032802D1002000F0E6FF20461830E0
:10032000002604223146ECF7C7FE2046314600F095
:100330003BF8F120A0720220294632463346FDF7F1
:10034000EDFD70BD30750000F8B516460C4605464B
:10035000008900F06BFF024601200027114B39464F
:10036000FBF7FCFB2889FBF7BDFB0221284600F0C8
:100370001BF82846183004223946ECF79DFEE87B2E
:100380002F210140E973002E04D06878A91C00F0E9
:1003900051FEFB27AF722989022002462346FDF752
:1003A000BDFDF8BD30750000BCB56022825CD2078F
:1003B000827A04D16032D2B2512A04D30FE0503293
:1003C000D2B2402A0BD8094A1268B123D35C002B61
:1003D00005D0B132047D0125A540AB4313706A46B8
:1003E00011710090104600F0B2FFBCBDA00B0020C0
:1003F000B0B50C466021615C01220A40A37A4068D6
:10040000417A02D19F2B02D8B0BDB02B14D3F02B70
:1004100015D9F12B0ED10F290CD1254659350F21B5
:1004200001222046FFF790FF29785A342046FAF738
:100430007FFFB0BD002AE7D0207E8007E4D00122F4
:100440002046FFF781FFB0BDF8B51F4613460C46A6
:100450000546052219462346FFF714FE0646002FDF
:1004600001D1882E04D0012228462146FFF76CFFD7
:100470003046F8BD10B50B490A68B121535CB13262
:100480000021032905D001248C401C4203D0491CC3
:10049000F7E7032103E0002801D023431370C8B21B
:1004A00010BDC046A00B00200001002900D008307C
:1004B000C0B270471CB5042107226C462346EFF7F3
:1004C00005FA62780A21042A13D86A469278012A2A
:1004D0000FD86A46D27892070BD4074909683422AC
:1004E0008A5C69460979914202D31129014600D3F9
:1004F000062108461CBDC046A00B002080B5127D19
:100500001201002900D00832D1B2044A12685318EF
:10051000B43304210722EFF7D9F980BDA00B0020E6
:10052000F0B524490968027D12010832D2B28B1855
:10053000B5241C5D0473B6241B5D012B03D1437BE2
:1005400002241C4344730B463633032515430C46E3
:10055000B434655D01262E40877B374387730426BC
:100560003540C77B2F43C7731643A55D057405252A
:100570001543645D6025455DED070ED11D782C4067
:1005800007252C408474062422438918B422895CF0
:100590005A780A402A404274F0BD5D78254045747F
:1005A000062422438918B422895C1A780A4082748E
:1005B000F0BDC046A00B0020F8B5017B427BD307FD
:1005C00001D0930705D4C37D08241C4003D09207B3
:1005D00001D0032219E0C37B0522134214D0424B01
:1005E0001B6840255D5D4A43404B9A18525DC274BA
:1005F00003461333002A0BD1002C3DD101296FD1C2
:10060000012D6DD101226CE00122C2740346133327
:100610006024055D0126354003D11A240457002CBF
:1006200026D404460F342478E40704D0012A02D1EA
:1006300003241C7052E0C37D1B0703D5022A01D19D
:100640000023C376022A11D1C27BEF231340C37368
:10065000254A12684023D25C0024022A274618D378
:10066000042A0BD0022A13D1374612E0002435E0C9
:100670001D4C24683134D6E7042232E00229374683
:1006800007D304292F4604D0022901D1274600E0D0
:10069000FF27174909684E22895C49071ED506893C
:1006A0001448006880690225462203232946EFF793
:1006B000B9FA002812D001468672042048720D72E1
:1006C0000024CC71052088710F73FF2048718220AF
:1006D0000871300AC8722846EFF741FB2046F8BD82
:1006E00002221A7094E7C046A00B0020982806103A
:1006F000540B0020040B00200B49096830228A5C4F
:100700000123134030314A78D207520FD218CB78E8
:10071000DB07DB0ED21889784B080B43D907090F8A
:10072000511801707047C046A00B002070B50546F7
:100730000089FBF7FAFD464246411B4909683C2205
:10074000895C022904D0002401292AD1002828D15B
:1007500008200143A975154800684E21405C01241A
:1007600080071ED52D8912480068806902214B221E
:100770000323EFF757FA002813D0014685720420AF
:1007800048720B2008720020C871052088710E7312
:10079000FF20487182200871280AC8720220EFF7F2
:1007A000DEFA204670BDC046A00B0020540B00208E
:1007B000040B002010B507244480446821720B49C3
:1007C00009684024095D4468617201211140426852
:1007D00091724168CB724168029A0A734168039A28
:1007E0004A7340680499817310BDC046A00B002075
:1007F000F8B50C46074601252846FFF73BFE0228C0
:1008000001D93820F8BD06463846FFF753FE0028C8
:1008100010D0014610480068B122825C002A03D043
:10082000B130B540AA430270002201232046FFF7F1
:100830000BFEF8BD2675012138462246FFF75EFE05
:100840002046FFF773FF002801D00020F8BD2046A6
:1008500000F004F8F8BDC046A00B0020F0B587B04A
:10086000044606A80026067021890B223046EEF7C2
:10087000EFFF00281BD00590B020A072E675E07B4A
:100880002F210140E173434F3D68207D01210491F8
:10089000FFF70AFE4019B721455C38683221405CF9
:1008A000022806D10820284003D1032151E08826E0
:1008B00061E0207EC00705D106AF3846FFF71CFF78
:1008C000387802E0607D06A90870054018202840AD
:1008D000E17D0143E175080701D4B42706E0204615
:1008E00000F031FD0146002833D1B227204600F048
:1008F000DFFC06984107C90FE173C007800FA073A2
:100900002046FFF70DFE2046FFF756FE0146002861
:100910001FD1E07C022804D1E07BC00601D44D2029
:10092000C7431C4800683521405C06A90B78627BF0
:10093000617CA57C0090019102950221059D2846CD
:10094000FFF738FF20462946FFF782FB01460028C3
:1009500014D010480068B122825C002A05D0B13062
:10096000237D049D9D40AA43027001232046059AE1
:10097000FFF76AFD0646304607B0F0BDE07AF82181
:100980000140E172059831462246FFF7B7FDA77294
:10099000F1E7C046A00B0020F0B589B00C46074631
:1009A0000989002515222846EEF752FF002813D0AA
:1009B0000646002F06D0234628330521102238464C
:1009C000EEF784FFE07D000708D42146483105AAF0
:1009D000204600F031F807E0882019E005A80290D1
:1009E000019401A800F061F9112070807068032162
:1009F00001720521102205AB3046EEF789FF204633
:100A00003146FFF725FB002802D1B620A072284608
:100A100009B0F0BD10B50446483010210022FCF7A3
:100A20003AF9E07D000702D4B520A07210BD20463F
:100A300000F03AF910BD0000F0B59BB014460691E5
:100A400007460FAE00252E2230462946ECF734FB30
:100A50003046103010220699ECF71EFB2036F87C49
:100A600003280DD0022812D144480068806B0FA9DA
:100A70000870020A4A70020C8A70000EC87006E004
:100A80003E48016844310FA81022ECF705FB387D81
:100A900001210591FFF708FD0290387D2946FFF7F7
:100AA00003FD01906120385CF07106960FAE304670
:100AB00028303946623106220092314B0490984723
:100AC00078780699087030462130B91C0390009A56
:100AD0002B4B98472948006801994118B4310BAF56
:100AE0003846093007220192254B98472348006871
:100AF00002994118B431B81C019A214B9847781CCF
:100B00000699C91D059A1E4B98471D4B38460699F4
:100B1000059A98471036102D07D0705D0BA9495DD6
:100B2000414007A841556D1CF5E70FA807A92246CB
:100B3000F3F7DEFA0BAE0025102230462946ECF71B
:100B4000BBFA0627304604993A46ECF7A5FAB01DE1
:100B500003993A46ECF7A0FA102D07D0605D0BA977
:100B6000495D414007A841556D1CF5E70FA807A94D
:100B70002246F3F7BDFA1BB0F0BDC046A00B002023
:100B800099D00410F0B58BB00D46064600240294AF
:100B9000098915222046EEF75BFE002820D0074683
:100BA0002B4638330521102230461E46EEF78EFEC6
:100BB000E87D000716D40094344603AE284621464B
:100BC0003246FFF739FF29462831102230462646A3
:100BD000009CECF781FA01A9BC220A7002900CE09B
:100BE00088245BE001A80A9002A8099003A8089055
:100BF000079507A800F05AF80298002806D00421AB
:100C0000012328463A46FFF71FFC1BE0112078809D
:100C10007868042101722B4648330521102238469A
:100C2000EEF776FE28463946FFF712FA002809D17A
:100C30000198A8721B4800683521405C297C8142DC
:100C400000D928740298002828D1E87D000725D40F
:100C500007A8002410222146ECF72EFAE87C03288E
:100C60000DD0022812D10F480068806B07A90870C8
:100C7000020A4A70020C8A70000EC87006E0094829
:100C80000168443107A81022ECF706FA29464831DA
:100C9000283507A832462B46FAF7A0FC20460BB0B1
:100CA000F0BDC046A00B002070477047704780B56C
:100CB000012911D1427C530705D0C37D1B071DD5E7
:100CC00006231A401AD16022835C01221A400029AF
:100CD00006D0002A19D103E0002900D080BD0022EF
:100CE000817CCB0704D0C37D1B0701D4D12109E04F
:100CF0008B0706D4490708D5D52103E0D02181729E
:100D000080BDD3218172002A02D000F004F880BD9A
:100D100000F016F880BD80B56021415CC90706D19E
:100D200011214156002902D5817E8A0602D4FFF79F
:100D3000D3FA80BD042211438176FFF7CAFA80BD41
:100D4000F0B589B0044608A800260680218915223E
:100D50003046EEF77DFD00282DD005466020205C52
:100D6000C0060BD42746603720461C3002210022E3
:100D7000FBF791FF3878102101433970A07AD13800
:100D8000042875D878440079400087440219384E09
:100D900060003C48006821461C31083008AA04AEB7
:100DA0003346FAF79DFB68680621017211206880BE
:100DB000227C052158E00E200021FBF757FC5FE064
:100DC00004AE08210291002230460196FBF763FF32
:100DD00020461C3008AF31463A46FAF74BFB0B2051
:100DE00068806868072606720521022228463B466D
:100DF000EEF78EFD28463146029A019B36E011201F
:100E0000688068680821017204A800211022ECF7AC
:100E100053F9EFF7A3FF002802D004A8FAF774FBF8
:100E20000521102204AB284620E003A8067004AE7A
:100E30003146FFF7F5F808206880686809210172DB
:100E4000686803994172062128460A460DE0112080
:100E5000688068680A21017220461C3004AE314661
:100E6000FAF7D4FB0521102228463346EEF750FD51
:100E700020462946FFF7ECF8002801D1DD20A072BA
:100E800009B0F0BD000B002080B5827ADD2A23D1A5
:100E90008A1F042A1ED8D2217A441279520097441C
:100EA000180211070A00817C8A0702D5D32110E0BD
:100EB000817C49070CD46021415CC90704D1FFF74C
:100EC0002AFF80BDD42104E00121FFF7F0FE80BDA0
:100ED000D5218172FFF734FF80BD0000F0B585B0E9
:100EE00007464068057AA81F042823D80C46887A4C
:100EF0008626D0281FD1204659300190208900F045
:100F000095F902460020444B02900146FAF726FE6E
:100F1000062D05D0092D11D0082D34D0072D3DD137
:100F2000E07D000707D4607CC00704D0062D44D1C3
:100F300028342CE08426304605B0F0BD607C800764
:100F4000F9D503AB00269E800396062138460A4653
:100F5000EEF7B3FC002845D07868407A019D2870F0
:100F600023465A33062138460A46EEF7AFFC287866
:100F7000012803D1A8798009032845D3617C20206A
:100F8000084360742FE0607C8007D4D53834052195
:100F9000102238462346EEF799FC33E0607C400788
:100FA000C9D523464833052110223846EEF78EFC7A
:100FB000607C40210143617417E07868407AA07733
:100FC0007868807AE0772346203307210822384664
:100FD000EEF77CFC607C8021014361744007800F48
:100FE00010D102E0607C4007A5D40198C079C00709
:100FF00005D1002620463146FFF759FE9BE72046E3
:10100000FFF76AF9029E96E7082100220123204695
:10101000FFF71AFA06468EE73075000080B5032008
:101020000821F9F79FFC02490968A822885080BD71
:10103000A00B0020FEB50191032002900027304A4A
:101040003D4616461068A8240059C019801C062287
:101050000199ECF741F8002831D002980328324674
:1010600009D110680059C05D8006800F01D00320AF
:1010700000E0E8B2029008376D1C032DE1D1106842
:101080004125415DA830022936D80299CF00006879
:10109000C019801C164606220199EBF7FDFF306847
:1010A00000591021C1550298C2B200200121154BF0
:1010B000FAF754FD3068415D491C4155FEBD30686A
:1010C0000059C35DCF211940103103221A40531C2F
:1010D000032A02D0DC2421401943C155032A00D140
:1010E000134609A0C05C7D21CB004343EAB2002037
:1010F0000121FAF733FDFEBD01210172FEBDC0469C
:10110000A00B0020B80B000003050A14F8B5294E07
:101110003168A8254959C4000A5DD3060ED4930648
:1011200046D50919930735D0FC231340521E0324DA
:101130001440E2180A7000F041F8F8BD00F03EF8E3
:10114000306840590019841C6520C643374665370E
:10115000194800683421405C7F1C874228D215481A
:101160000068A4254059801970366830062221464F
:10117000EBF7B2FF0028EBD10E4800684059815DC3
:10118000FB2915D1102181550E20FBF75DFAEBF7F5
:10119000BDFAF8BD35460024082208462146EBF783
:1011A0008BFF3068B02144544121425C521E4254AE
:1011B000F8BDC046A00B0020000B002010B504466F
:1011C00000200121074B2246FAF7C8FC06480068B8
:1011D000A8214058E100425CCF2313402033435400
:1011E00010BDC046204E0000A00B0020F8B50C46F4
:1011F0000720C0430C4E05460835182D10D0316825
:10120000A827C95908180A3006222146EBF764FFBF
:1012100000282846F0D13068C059405DC00601D48E
:101220000020F8BD0120F8BDA00B0020B0B50D498D
:1012300009683422895C002811D00B4A1268A43254
:101240000023DCB28C420AD270256543146864190D
:1012500024894440240501D05B1CF2E71946C8B23A
:10126000B0BDC046000B0020A00B0020F0B5014629
:101270000020002917D00C4A12683423D35C702256
:101280005A436F23DD43094B1B68A4332C4670344B
:10129000A24208D01E6875197827ED5B4D402D05D8
:1012A0002546F4D13019F0BD000B0020A00B002022
:1012B000B0B504460B480068AC2140584578801C06
:1012C000A11C0622EBF708FF01460020002900D0F0
:1012D000B0BD61788D42FBD1617B01200143617318
:1012E000B0BDC046A00B002080B528225043044961
:1012F0000968AC23C95808180021EBF7DDFE80BD52
:10130000A00B002070B50D4909683422895C702259
:101310004A430B490B68A43300210C46A2420AD071
:101320001D682D19EE7DF60702D02D89854201D169
:101330007034F3E70121084670BDC046000B002061
:10134000A00B002070471F2070471F207047704778
:1013500070470000002310B5040003604360836001
:1013600081814366C2810361436183611900082260
:101370005C3000F00DFA0B4B246263620A4BA362EF
:101380000A4BE3620A4B23630A4B9C4205D00A4B8B
:101390009C4202D0094B9C4203D12000583000F0FF
:1013A00053FA10BD9D150610C5150610FD15061043
:1013B00029160610AC0B0020140C00207C0C002019
:1013C00010B5034A0349044800F06CF810BDC0464C
:1013D000EC0E00206D1B0610FC0E002041680B4B2C
:1013E00010B50400994201D000F0C0FBA168084B81
:1013F000994202D0200000F0B9FBE168054B994208
:1014000002D0200000F0B2FB10BDC046AC0B0020A3
:10141000140C00207C0C002010B5094B094A042153
:101420001A6009480022FFF795FF012209210748A9
:10143000FFF790FF022212210548FFF78BFF10BD36
:10144000E40C0020C1130610AC0B0020140C00208B
:101450007C0C002010B5024800F0F7F910BDC04622
:10146000ED0C002010B5024800F0F0F910BDC046A8
:10147000ED0C002010B50400FFF7ECFF236A002BF1
:1014800002D0FFF7EFFF10BD044B2362044B1B6833
:10149000002BF6D1FFF7C0FFF3E7C046DD130610BF
:1014A000E40C0020F7B51400002600900191A56817
:1014B0006768013F04D52468002CF8D13000FEBDD8
:1014C000AB89012B08D90E22AB5E013304D0290071
:1014D0000098019B984706436835EAE7036A70B5B0
:1014E00005000E008468002B01D1FFF7C3FF636E77
:1014F000DB0705D4A3899B0502D4A06D00F0A5F9F4
:10150000A3891B0702D52369002B1FD121002800C6
:1015100000F0D2F8002819D001256D42636EDB0778
:1015200005D4A3899B0502D4A06D00F08FF9280093
:1015300070BD0136A360002B04DAA2699A4216DC62
:101540000A2914D023685A1C22601970A3683178C4
:10155000013B0029EDD1A360002B0FDA2200280007
:101560000A3100F067F80130D6D00A25D6E722000C
:10157000280000F05FF80130E8D1CDE723685A1C5D
:1015800022600A221A70F0E710B5034B01001868B8
:10159000FFF7A4FF10BDC046F80E002070B50C0088
:1015A0000E25495F00F022F9002803DB636D1B184C
:1015B000636570BDA389024A1340A381F9E7C04661
:1015C000FFEFFFFFF8B51F008B8905000C00160028
:1015D000DB0505D50E23C95E0022022300F0F2F8D8
:1015E000A389054A28001340A38132000E23E15E3F
:1015F0003B0000F00FF9F8BDFFEFFFFF70B50C00E6
:101600000E25495F00F0DEF8A389421C03D1054A8C
:101610001340A38170BD802252011343A3816065F2
:10162000F8E7C046FFEFFFFF10B50E23C95E00F0DC
:10163000B7F810BDF8B506000D001400002804D05E
:10164000036A002B01D1FFF715FFA369A360A389EB
:101650001B0702D52369002B09D12100300000F0BF
:101660002BF8002803D001256D422800F8BD23691E
:101670002068EFB2C01A6369EDB2834205DC210035
:10168000300000F073FA0028EDD1A3680130013B6F
:10169000A36023685A1C22601F706369834204D0D0
:1016A000A389DB07E1D50A2DDFD12100300000F04E
:1016B0005DFA0028D9D0D6E72D4B70B50500186823
:1016C0000C00002804D0036A002B01D1FFF7D2FEE2
:1016D0000C22A35E1A0723D4DA0607D409222A6053
:1016E000402201201343A38140423AE05B0713D517
:1016F000616B002908D023004433994202D02800AE
:1017000000F0B2F8002363632422A3899343A381EA
:1017100000236360236923600823A2891343A38104
:101720002369002B0BD1A0218022A389890092007C
:101730000B40934203D02100280000F06DFA0C22E8
:10174000A35E01211A000A400B420BD00022A260C6
:1017500062695242A26100202269824201D11A06C6
:10176000BED470BD990700D46269A260F3E7C04699
:10177000F80E002030B500240139A24201D100202A
:1017800005E0035D01340D5DAB42F6D0581B30BD62
:1017900003008218934200D1704719700133F9E7B2
:1017A000002370B5064D040008002B60E2F7A2FA92
:1017B000431C03D12B68002B00D0236070BDC046B2
:1017C000E80C002070B50400080011001A00002386
:1017D000054D2B60E2F7AFFA431C03D12B68002BB9
:1017E00000D0236070BDC046E80C002070B5040036
:1017F000080011001A000023054D2B60E2F741FAA2
:10180000431C03D12B68002B00D0236070BDC04661
:10181000E80C002070B50400080011001A00002335
:10182000054D2B60E2F74AFA431C03D12B68002BCD
:1018300000D0236070BDC046E80C0020014B186842
:101840007047C046F80E002070477047704710B5CB
:1018500000F001F810BD002310B59A4200D110BD70
:10186000CC5CC4540133F8E770B505000C1E10D0F1
:10187000043C2368002B00DAE418280000F0E0F8AC
:101880001D4A1368002B05D163601460280000F026
:10189000DFF870BDA34208D9206821188B42F3D12C
:1018A00019685B6809182160EEE71A005B68002B75
:1018B00001D0A342F9D911685018A0420BD1206879
:1018C0000918501811608342E0D118685B6841180C
:1018D00011605360DAE7A04202D90C232B60D5E7F0
:1018E000206821188B4203D119685B6809182160B0
:1018F00063605460CAE7C046F40C002070B50F4E18
:101900000D0031680400002902D100F0EBF93060CD
:101910002900200000F0E6F9431C03D101256D42A7
:10192000280070BD0323C51C9D43A842F8D0291A86
:10193000200000F0D7F90130F2D1EFE7F00C0020E1
:10194000F7B50322CB1C9343083305001F000C2B73
:1019500034D20C27B94233D8280000F071F8374E42
:1019600033681C00002C2FD139002800FFF7C6FF78
:101970000400431C5FD134680094009B002B4AD1C3
:10198000002C52D023682800E3180099019300F03E
:10199000A9F9019B834248D123682800FF1A390026
:1019A000FFF7ACFF013040D02368DB1923603368B8
:1019B0005A68002A33D1009B336019E0002BC9DA42
:1019C0000C232B600020FEBD2168C91B20D40B29ED
:1019D0000AD9E2192760A34204D13260636811601A
:1019E000536005E05A60F9E76268A3420ED13260A5
:1019F000280000F02DF8200007220B30231D904313
:101A0000C21A9842DFD01B1AA350DCE75A60EFE7F6
:101A100023006468A6E7009C63680093ADE71A00A2
:101A20005B68A342FBD10023DAE70C2328002B607C
:101A300000F00EF8C6E70760DAE7C046F40C0020B5
:101A400010B50248FFF701FF10BDC046EC0C0020A6
:101A500010B50248FFF7FAFE10BDC046EC0C00209E
:101A6000F7B50C228B5E05000C001A0756D44A68A5
:101A7000002A02DC0A6C002A4EDDE76A002F4BD0F8
:101A8000002280202E682A601A004001216A02404C
:101A9000034233D0626DA3895B0706D56368D21A0F
:101AA000636B002B01D0236CD21A00232800E76A55
:101AB000216AB847A289431C06D129681D2946D846
:101AC000294BCB40DB0742D50023636023692360A9
:101AD000D20405D5431C02D12B68002B00D16065D0
:101AE000616B2E60002917D023004433994202D045
:101AF0002800FFF7B9FE002363630DE001232800EF
:101B0000B8470200431CC6D12B68002BC3D01D2B45
:101B100001D0162B1AD12E6000201EE00E69002E77
:101B2000FAD00F680E60BA1B019200229B0700D109
:101B30004A69A260019B002BEEDDA36A32001F0000
:101B40002800019B216AB847002807DCA2894023AE
:101B5000012013431BB2A3814042FEBD019B3618F6
:101B60001B1A0193E6E7C046010040200B6970B5DF
:101B700005000C00002B02D10025280070BD0028B4
:101B800004D0036A002B01D1FFF774FC0C22A35E82
:101B9000002BF1D0626ED20704D49B0502D4A06D55
:101BA000FFF753FE28002100FFF75AFF636E050080
:101BB000DB07E2D4A3899B05DFD4A06DFFF746FEC7
:101BC000DBE7000070B50E001D000E23C95E140097
:101BD00096B000290CDAB2898023110019401A420C
:101BE00014D18023DB0000202960236016B070BD73
:101BF0006A4600F053F80028EDDBF02301991B0240
:101C00001940044BC9184B425941EAE700214023CF
:101C1000E9E7C04600E0FFFFF0B502268B8905002A
:101C20000C0085B0334207D0230047332360236183
:101C30000123636105B0F0BD03AB02AAFFF7C2FF49
:101C4000029F019039002800FFF77AFE002808D192
:101C50000C22A35E9A05EDD4032293431E43A68172
:101C6000E2E78023A28920601343A381039B2061C4
:101C70006761002B0CD028000E23E15E00F020F8F5
:101C8000002805D00323A2899A43023B1343A38172
:101C9000A389019A1343A381CCE70000002370B508
:101CA000064D0400080011002B60E2F72DF8431CDC
:101CB00003D12B68002B00D0236070BDE80C0020FE
:101CC000002370B5064D040008002B60E2F72AF8E7
:101CD000431C03D12B68002B00D0236070BDC0468D
:101CE000E80C0020002370B5064D040008002B60AE
:101CF000E2F72CF8431C03D12B68002B00D02360A3
:101D000070BDC046E80C0020F7B500258AB00E462D
:101D10000446002804D0002E06D10C98002803DDCC
:101D2000612040010DB0F0BD0C98002804DB1028A4
:101D300004DA2079800601D48C48F3E72079410742
:101D400001D4810702D58948401CEBE740210843B4
:101D500020712046143008901CE0002081004A19B0
:101D60009219537817781B023B4397785BBA1B0490
:101D70003F02D2783B4313430A195269401C534037
:101D800004AA53500428E9DBA26804A80899E7F7DD
:101D900067FF009D0C992846103000908842DCDBDC
:101DA000207980061ED400291CDD002081004A19FC
:101DB0009219537817781B023B4397785BBA1B0440
:101DC0003F02D2783B4313430A195269401C5340E7
:101DD00004AA53500428E9DBA26804A80899E7F78D
:101DE0003FFFC0E000200090019002900390694600
:101DF0000846A268E7F734FF00998722C80F5043CE
:101E0000019A4900D20F114300910199029A4900A9
:101E1000D20F114301910299039A4900D20F114345
:101E2000029103990C9A49004140284610300391D1
:101E300090421AD1002081004A1993195A781F78CC
:101E400012023A439F7852BA12043F023A43DB78B7
:101E50006F461A430B195B697F58401C7B405A4000
:101E600004AB5A500428E6DB74E0009A8723D00FB5
:101E70005843019B5200DB0F1A430092019A029BC8
:101E80005200DB0F1A430192029ACB0F52001A4301
:101E900002924A00424003920C9A0020531BDA1728
:101EA0009C46920F62449210964616E081004A19B1
:101EB00093195A781F7812023A439F7852BA120443
:101EC0003F023A43DB786F461A430B195B697F5830
:101ED0007B405A4004AB5A50401C8645E6DC8100EA
:101EE0000A196B4652695B5867465A4004AB5A5010
:101EF0007F1A00224B19BC469E460BE073469B1886
:101F0000F35CD7001825ED1BAB4004AD6F587B4048
:101F10006B50521C9445F1DC002A09D0D6001822DF
:101F200004AB961B5D588022B24055405D5005E0E1
:101F300004AA53580125ED076B40535004AB6A4681
:101F400005E081000D196D69565875405D50401CC3
:101F50000428F6DBA26818460899E7F781FE207985
:101F60000421084320710020DCE600001D0C000065
:101F7000F8B516460F46040009D0002E07D02546B6
:101F80008035E86D401E102804D31348F8BD612049
:101F90004001F8BD2079400604D4002211462046B5
:101FA000FFF7B2FE2079022108432071002018219A
:101FB0000CE0C217920F12189208920012198307B0
:101FC0005269DB0ECB1ADA403A54401CEA6D824269
:101FD000EFDC00203260F8BD1F0C000010B50400DB
:101FE00007D002230022A16800F01AF8010003D0F4
:101FF0000CE06120400110BD002010222261024649
:1020000083001B19401C5A610428F9DB606A102800
:1020100001D0024810BD084610BD00001D0C000094
:10202000F0B5002807D0002905D05B079C0F002AD7
:1020300004D1012C02D061204001F0BD436A102B75
:1020400003D0182B01D0202B05D1012C05D0056918
:102050006D1E102D01D31A48F0BD102B02D0184868
:10206000801EF0BDC2600379F9252B400371012C5D
:1020700020D000231C469D002D185B1C6C61042B96
:10208000F9DB002313E0DC17A40FE418A408A40074
:1020900025182E461436B4461C1BD65CE4001827BF
:1020A0006D693C1BA640354366465B1C3560046980
:1020B0009C42E8DC0279D20700D181600020F0BDAB
:0420C0001F0C0000F1
:0420C400F8B5C04665
:0420C800F8B5C04661
:1020CC005465726D696E616C00000000284E554CB1
:1020DC004C2900000D0A3D3D3D3D3D3D3D3D3D3D06
:1020EC003D3D3D3D3D3D3D3D3D3D3D3D3D3D3D0D44
:1020FC000A0000004D6F74696F6E2070726F70650E
:10210C0072746965733A20203078253032580D0A84
:10211C000000000057616B6575702070726F706500
:10212C0072746965733A20203078253032580D0A64
:10213C0000000000526177494D552070726F706538
:10214C0072746965733A20203078253032580D0A44
:10215C00000000004D6F74696F6E206465736372CC
:10216C005F636F756E743A2025640D0A00000000E1
:10217C0057616B6575702064657363725F636F750F
:10218C006E743A2025640D0A0000000052617749F4
:10219C004D552064657363725F636F756E743A207E
:1021AC0025640D0A000000003D3D3D3D3D3D3D3D9B
:1021BC003D3D3D3D3D3D3D3D3D3D3D3D3D3D3D3D43
:1021CC003D3D3D3D3D0D0A0D0A0000000D0A2D2D33
:1021DC002D20474154542048414E444C4520444501
:1021EC00425547202D2D2D0D0A00000053657276A7
:1021FC006963652048616E646C653A2030782530DF
:10220C0034580D0A000000004D6F74696F6E204544
:10221C0076656E74733A0D0A000000002020446548
:10222C00636C3A20203078253034580D0A000000B9
:10223C00202056616C75653A203078253034580D65
:10224C000A0000002020434343443A2020307825E4
:10225C003034580D0A00000057616B6575702053BF
:10226C006F757263653A0D0A0000000052617720A9
:10227C00494D552053616D706C653A0D0A00000094
:10228C00FB349B5F800000800010000002FF000008
:10229C0010000000FB349B5F8000008000100000E9
:1022AC0003FF000010000000FB349B5F80000080E7
:1022BC000010000004FF000010000000FB349B5FC6
:1022CC00800000800010000001FF000010000000E2
:1022DC0048616E646C653A203078253034580D0AAC
:1022EC0000000000454E41424C45440044495341D6
:1022FC00424C4544000000003E3E3E204D6F746948
:10230C006F6E204E6F74696669636174696F6E736A
:10231C002025730A0A0000003E3E3E2057616B6583
:10232C007570204E6F74696669636174696F6E7342
:10233C002025730A0A0000003E3E3E205261774978
:10234C004D55204E6F74696669636174696F6E7365
:10235C002025730A0A0000003E3E3E204E4F204DC1
:10236C0061746368202D20556E6B6E6F776E2048FC
:10237C00616E646C6521200A0A0000003E3E3E201E
:10238C0053656E64696E6720494D55206E6F746994
:10239C006669636174696F6E3A2061783D256420CB
:1023AC0061793D256420617A3D25642067783D255F
:1023BC00642067793D256420677A3D256420696433
:1023CC00783D25640D0A00004465627567204D65F3
:1023DC0073736167653A2053656E736F7220496E33
:1023EC00697469616C697A65640A000048616E649D
:1023FC006C6520706F737369626C79206E6F7420DA
:10240C0076616C696420616E796D6F7265210D0067
:10241C00480F00203E2100000700010200001E00B2
:10242C00F7000000A00F0000640002100802010376
:10243C00170001000001010101010100000100036E
:10244C0000040000436C69656E7420446973636F0B
:10245C006E6E65637465640A0A000000000000007B
:10246C000000545452205245474745530000000089
:10247C00981004107C1104107C1104107C110410B1
:10248C007C1104107C1104107C1104107C110410BC
:10249C007C1104107C1104107C1104100E1004101B
:1024AC003C1004107C1104107C1104107C110410DD
:1024BC007C1104107C1104107C1104107C1104108C
:1024CC007C1104107C1104107C1104107C1104107C
:1024DC00421104107C1104107C110410C61004105D
:1024EC007C1104106A1004107C1104107C1104106F
:1024FC009810041030313233343536373839414284
:10250C004344454601000000010000005007002034
:10251C000100000001000000540700200100000031
:10252C00010000005807002000F007100008000010
:10253C00AA02000000F80710F807010000000000D4
:10254C0053544D333257423000000000020000005B
:10255C00DC0900200000000008000000900D0020A5
:10256C000000000001000000980D00200000FFFF9B
:10257C000000000004000000782506100000000098
:10258C0002000000E0090020010000000000000033
:10259C00010000009425061001000000010000005D
:1025AC00E409002020000000FB349B5F80000080C9
:1025BC0000100000052A00001000000001000000BF
:1025CC00780E00207C2506100A000000FB349B5F6F
:1025DC008000008000100000292B0000100000007B
:1025EC00000000000000000088250610020000001A
:1025FC00FB349B5F80000080001000002A2B000041
:10260C0010000000000000000000000000000000AE
:10261C0002000000FB349B5F800000800010000073
:10262C003A2B000010000000000000000000000029
:10263C00982506101CC1041040C10410F8C00410E9
:10264C0066C104108CC1041053544D3332574230C0
:10265C0048CB04103ACB04105ACB04109ACB04107C
:10266C0060CB041078CB04100403020201010101B9
:10267C000000000000000000D1950410F19504103A
:10268C009B720510A37205109F7205104F960410D3
:10269C006F9604108F960410AF9604105502051017
:1026AC00EF9604100F9704102F970410CF96041078
:1026BC00590205105D020510610205106502051036
:1026CC002D0705103D1F0510D91F0510D32005102F
:1026DC00CB210510DD230510DD230510F324051097
:1026EC00CB210510CD260510CD260510CD260510C5
:1026FC00AD27051069280510AF280510F324051027
:10270C008300850007000700830085000500070093
:10271C00030003000F000500820081000500030088
:10272C00FFFFFFFFFFFFFFFFFFFFFFFFFFFF0100AA
:10273C0000000000FFFF01000000FFFFFB349B5F67
:10274C008000008000100000052A0000100000002E
:10275C00FB349B5F8000008000100000292B0000E0
:10276C001000000002000000030000000300000045
:10277C000600000003000000030000003C00000005
:10278C007000000070000000D0030000700000001A
:10279C00C3010000000C0002080004020001170332
:1027AC00010D0301010001010013020003090003E4
:1027BC0009000101000101000506001202000309D5
:1027CC00011418001418001203000801010801007C
:1027DC000609010609010703020703000705001497
:1027EC0003000A02020A010009230011020111026E
:1027FC00010E24020E09020E10000F04000B04023D
:10280C000B05000B0500100B02100B000C04010D46
:10281C000B00092B0000F401FA00960064004B0039
:10282C0032001E001400000069FE0410454505101E
:10283C00CFF105104F4505104D4505109595041029
:10284C004D13051095990410B3990410D1990410E7
:10285C00EF9904100D9A0410C9EA051051130610D3
:10286C003D9904105B990410C5720510A9750510EB
:10287C0011960410699804102D9804104B980410AC
:10288C00FB349B5F800000800010000001010201FE
:10289C000201000201000202020102010101010118
:0828AC0002000201000000001F
:0828B40044DDFD7F010000007E
:1028BC00FFFF00000100010001000000A70600203E
:1028CC000100010001000000A806002001000E001C
:1028DC000E000000AC06002003070000FB349B5FD9
:1028EC008000008000100000022900001000000091
:1028FC001025061003070000FB349B5F800000804E
:10290C000010000002290000100000001C25061019
:10291C0003070000FB349B5F800000800010000068
:10292C000229000010000000282506100024F400E5
:10293C000400000001000000020000000300000081
:10294C0032000000A8090020FFFFFFFF0000FFFF7E
:10295C000100000002070000FB349B5F8000008038
:10296C0000100000002A0000100000000000000011
:10297C0000000000840D002002070000FB349B5F68
:10298C008000008000100000012A000010000000F0
:10299C000000000000000000542506100207000093
:1029AC00FB349B5F8000008000100000042A0000B4
:1029BC001000000000000000000000006025061060
:1029CC0002070000FB349B5F8000008000100000B9
:1029DC00A62A00001000000000000000000000000B
:1029EC006C25061022070900FB349B5F80000080D9
:1029FC0000100000882B00001000000000000000F8
:102A0C000000000000000000FB349B5F8000008091
:102A1C000010000000180000100000000100000071
:102A2C000000000000000000020000009C0D0020CF
:102A3C0003070000FB349B5F800000800010000047
:102A4C000229000010000000A4250610FB349B5F37
:102A5C008000008000100000011800001000000031
:102A6C000100000000000000000000000000000059
:102A7C00000000000201060E094C414E44534C4923
:102A8C0044455F455753030301FF06FFFFFF00005A
:102A9C0000000000FFFFFFFFFFFFFFFF3FE60510F8
:102AAC0089F105100000000003000000AC0B0020B1
:102ABC00FC0E002000000000AC0B0020140C0020C9
:102ACC007C0C002000000000000000000000000052
:102ADC0000000000000000000000000000000000EA
:102AEC0000000000000000000000000000000000DA
:102AFC0000000000000000000000000000000000CA
:04000005100440E1C2
:00000001FF
